timestamp,x_m,y_m,z_m,roll_rad,pitch_rad,yaw_rad,j1_rad,j2_rad,j3_rad,j4_rad,j5_rad,j6_rad,temp_m1_C,temp_m2_C,temp_m3_C,temp_m4_C,temp_m5_C,temp_m6_C,temp_m7_C,temp_m8_C,rpi_temp_C,cpu_percent,mem_total_B,mem_used_B,mem_free_B,load1,load5,load15,disk_total_B,disk_used_B
2026-05-06T16:06:24.577967+02:00,-0.001967079371826869,0.17596113308600245,0.220999584653385,-2.6620548449301062,1.3803182050305807,-1.5010207043754398,1.5866411136147351,0.24035322706161694,-0.7188722258002581,-0.010645211925406795,-1.2825005922621888,0.42960727419777234,51.0,52.0,52.0,43.0,43.0,26.0,30.0,27.0,51.0,,,,,,,,,
2026-05-06T16:06:24.628564+02:00,-0.001967079371826869,0.17596113308600245,0.220999584653385,-2.6620548449301062,1.3803182050305807,-1.5010207043754398,1.5866411136147351,0.24035322706161694,-0.7188722258002581,-0.010645211925406795,-1.2825005922621888,0.42960727419777234,51.0,52.0,52.0,43.0,43.0,26.0,30.0,27.0,51.0,,,,,,,,,
2026-05-06T16:06:24.678684+02:00,-0.001967079371826869,0.17596113308600245,0.220999584653385,-2.6620548449301062,1.3803182050305807,-1.5010207043754398,1.5866411136147351,0.24035322706161694,-0.7188722258002581,-0.010645211925406795,-1.2825005922621888,0.42960727419777234,51.0,52.0,52.0,43.0,43.0,26.0,30.0,27.0,51.0,,,,,,,,,
2026-05-06T16:06:24.733031+02:00,-0.001967079371826869,0.17596113308600245,0.220999584653385,-2.6620548449301062,1.3803182050305807,-1.5010207043754398,1.5866411136147351,0.24035322706161694,-0.7188722258002581,-0.010645211925406795,-1.2825005922621888,0.42960727419777234,51.0,52.0,52.0,43.0,43.0,26.0,30.0,27.0,51.0,,,,,,,,,
2026-05-06T16:06:24.783933+02:00,-0.001967079371826869,0.17596113308600245,0.220999584653385,-2.6620548449301062,1.3803182050305807,-1.5010207043754398,1.5866411136147351,0.24035322706161694,-0.7188722258002581,-0.010645211925406795,-1.2825005922621888,0.42960727419777234,51.0,52.0,52.0,43.0,43.0,26.0,30.0,27.0,51.0,,,,,,,,,
2026-05-06T16:06:24.836778+02:00,-0.001967079371826869,0.17596113308600245,0.220999584653385,-2.6620548449301062,1.3803182050305807,-1.5010207043754398,1.5866411136147351,0.24035322706161694,-0.7188722258002581,-0.010645211925406795,-1.2825005922621888,0.42960727419777234,51.0,52.0,52.0,43.0,43.0,26.0,30.0,27.0,51.0,,,,,,,,,
2026-05-06T16:06:24.891483+02:00,-0.001967079371826869,0.17596113308600245,0.220999584653385,-2.6620548449301062,1.3803182050305807,-1.5010207043754398,1.5866411136147351,0.24035322706161694,-0.7188722258002581,-0.010645211925406795,-1.2825005922621888,0.42960727419777234,51.0,52.0,52.0,43.0,43.0,26.0,30.0,27.0,51.0,,,,,,,,,
2026-05-06T16:06:24.943525+02:00,-0.001967079371826869,0.17596113308600245,0.220999584653385,-2.6620548449301062,1.3803182050305807,-1.5010207043754398,1.5866411136147351,0.24035322706161694,-0.7188722258002581,-0.010645211925406795,-1.2825005922621888,0.42960727419777234,51.0,52.0,52.0,43.0,43.0,26.0,30.0,27.0,51.0,,,,,,,,,
2026-05-06T16:06:24.994974+02:00,-0.001967079371826869,0.17596113308600245,0.220999584653385,-2.6620548449301062,1.3803182050305807,-1.5010207043754398,1.5866411136147351,0.24035322706161694,-0.7188722258002581,-0.010645211925406795,-1.2825005922621888,0.42960727419777234,51.0,52.0,52.0,43.0,43.0,26.0,30.0,27.0,51.0,,,,,,,,,
2026-05-06T16:06:25.045495+02:00,-0.001967079371826869,0.17596113308600245,0.220999584653385,-2.6620548449301062,1.3803182050305807,-1.5010207043754398,1.5866411136147351,0.24035322706161694,-0.7188722258002581,-0.010645211925406795,-1.2825005922621888,0.42960727419777234,51.0,52.0,52.0,43.0,43.0,26.0,30.0,27.0,51.0,,,,,,,,,
2026-05-06T16:06:25.098666+02:00,-0.001967079371826869,0.17596113308600245,0.220999584653385,-2.6620548449301062,1.3803182050305807,-1.5010207043754398,1.5866411136147351,0.24035322706161694,-0.7188722258002581,-0.010645211925406795,-1.2825005922621888,0.42960727419777234,51.0,52.0,52.0,43.0,43.0,26.0,30.0,27.0,51.0,,,,,,,,,
2026-05-06T16:06:25.150116+02:00,-0.001967079371826869,0.17596113308600245,0.220999584653385,-2.6620548449301062,1.3803182050305807,-1.5010207043754398,1.5866411136147351,0.24035322706161694,-0.7188722258002581,-0.010645211925406795,-1.2825005922621888,0.42960727419777234,51.0,52.0,52.0,43.0,43.0,26.0,30.0,27.0,51.0,,,,,,,,,
2026-05-06T16:06:25.205138+02:00,-0.001967079371826869,0.17596113308600245,0.220999584653385,-2.6620548449301062,1.3803182050305807,-1.5010207043754398,1.5866411136147351,0.24035322706161694,-0.7188722258002581,-0.010645211925406795,-1.2825005922621888,0.42960727419777234,51.0,52.0,52.0,43.0,43.0,26.0,30.0,27.0,51.0,,,,,,,,,
2026-05-06T16:06:25.260237+02:00,-0.001967079371826869,0.17596113308600245,0.220999584653385,-2.6620548449301062,1.3803182050305807,-1.5010207043754398,1.5866411136147351,0.24035322706161694,-0.7188722258002581,-0.010645211925406795,-1.2825005922621888,0.42960727419777234,51.0,52.0,52.0,43.0,43.0,26.0,30.0,27.0,51.0,,,,,,,,,
2026-05-06T16:06:25.310827+02:00,-0.001967079371826869,0.17596113308600245,0.220999584653385,-2.6620548449301062,1.3803182050305807,-1.5010207043754398,1.5866411136147351,0.24035322706161694,-0.7188722258002581,-0.010645211925406795,-1.2825005922621888,0.42960727419777234,51.0,52.0,52.0,43.0,43.0,26.0,30.0,27.0,51.0,,,,,,,,,
2026-05-06T16:06:25.365678+02:00,-0.001967079371826869,0.17596113308600245,0.220999584653385,-2.6620548449301062,1.3803182050305807,-1.5010207043754398,1.5866411136147351,0.24035322706161694,-0.7188722258002581,-0.010645211925406795,-1.2825005922621888,0.42960727419777234,51.0,52.0,52.0,43.0,43.0,26.0,30.0,27.0,51.0,,,,,,,,,
2026-05-06T16:06:25.420694+02:00,-0.001967079371826869,0.17596113308600245,0.220999584653385,-2.6620548449301062,1.3803182050305807,-1.5010207043754398,1.5866411136147351,0.24035322706161694,-0.7188722258002581,-0.010645211925406795,-1.2825005922621888,0.42960727419777234,51.0,52.0,52.0,43.0,43.0,26.0,30.0,27.0,51.0,97.16,3975442432,1566035968,1580584960,8.87,8.8,9.12,25297891328,9401946112
2026-05-06T16:06:25.475705+02:00,-0.001967079371826869,0.17596113308600245,0.220999584653385,-2.6620548449301062,1.3803182050305807,-1.5010207043754398,1.5866411136147351,0.24035322706161694,-0.7188722258002581,-0.010645211925406795,-1.2825005922621888,0.42960727419777234,51.0,52.0,52.0,43.0,43.0,26.0,30.0,27.0,51.0,97.16,3975442432,1566035968,1580584960,8.87,8.8,9.12,25297891328,9401946112
2026-05-06T16:06:25.530738+02:00,-0.001967079371826869,0.17596113308600245,0.220999584653385,-2.6620548449301062,1.3803182050305807,-1.5010207043754398,1.5866411136147351,0.24035322706161694,-0.7188722258002581,-0.010645211925406795,-1.2825005922621888,0.42960727419777234,51.0,52.0,52.0,43.0,43.0,26.0,30.0,27.0,51.0,97.16,3975442432,1566035968,1580584960,8.87,8.8,9.12,25297891328,9401946112
2026-05-06T16:06:25.585752+02:00,-0.001967079371826869,0.17596113308600245,0.220999584653385,-2.6620548449301062,1.3803182050305807,-1.5010207043754398,1.5866411136147351,0.24035322706161694,-0.7188722258002581,-0.010645211925406795,-1.2825005922621888,0.42960727419777234,51.0,52.0,52.0,43.0,43.0,26.0,30.0,27.0,51.0,97.16,3975442432,1566035968,1580584960,8.87,8.8,9.12,25297891328,9401946112
2026-05-06T16:06:25.636049+02:00,-0.001967079371826869,0.17596113308600245,0.220999584653385,-2.6620548449301062,1.3803182050305807,-1.5010207043754398,1.5866411136147351,0.24035322706161694,-0.7188722258002581,-0.010645211925406795,-1.2825005922621888,0.42960727419777234,51.0,52.0,52.0,43.0,43.0,26.0,30.0,27.0,51.0,97.16,3975442432,1566035968,1580584960,8.87,8.8,9.12,25297891328,9401946112
2026-05-06T16:06:25.688347+02:00,-0.001967079371826869,0.17596113308600245,0.220999584653385,-2.6620548449301062,1.3803182050305807,-1.5010207043754398,1.5866411136147351,0.24035322706161694,-0.7188722258002581,-0.010645211925406795,-1.2825005922621888,0.42960727419777234,51.0,52.0,52.0,43.0,43.0,26.0,30.0,27.0,51.0,97.16,3975442432,1566035968,1580584960,8.87,8.8,9.12,25297891328,9401946112
2026-05-06T16:06:25.741353+02:00,-0.001967079371826869,0.17596113308600245,0.220999584653385,-2.6620548449301062,1.3803182050305807,-1.5010207043754398,1.5866411136147351,0.24035322706161694,-0.7188722258002581,-0.010645211925406795,-1.2825005922621888,0.42960727419777234,51.0,52.0,52.0,43.0,43.0,26.0,30.0,27.0,51.0,97.16,3975442432,1566035968,1580584960,8.87,8.8,9.12,25297891328,9401946112
2026-05-06T16:06:25.794152+02:00,-0.001967079371826869,0.17596113308600245,0.220999584653385,-2.6620548449301062,1.3803182050305807,-1.5010207043754398,1.5866411136147351,0.24035322706161694,-0.7188722258002581,-0.010645211925406795,-1.2825005922621888,0.42960727419777234,51.0,52.0,52.0,43.0,43.0,26.0,30.0,27.0,51.0,97.16,3975442432,1566035968,1580584960,8.87,8.8,9.12,25297891328,9401946112
2026-05-06T16:06:25.845306+02:00,-0.001967079371826869,0.17596113308600245,0.220999584653385,-2.6620548449301062,1.3803182050305807,-1.5010207043754398,1.5866411136147351,0.24035322706161694,-0.7188722258002581,-0.010645211925406795,-1.2825005922621888,0.42960727419777234,51.0,52.0,52.0,43.0,43.0,26.0,30.0,27.0,51.0,97.16,3975442432,1566035968,1580584960,8.87,8.8,9.12,25297891328,9401946112
2026-05-06T16:06:25.897611+02:00,-0.001967079371826869,0.17596113308600245,0.220999584653385,-2.6620548449301062,1.3803182050305807,-1.5010207043754398,1.5866411136147351,0.24035322706161694,-0.7188722258002581,-0.010645211925406795,-1.2825005922621888,0.42960727419777234,51.0,52.0,52.0,43.0,43.0,26.0,30.0,27.0,51.0,97.16,3975442432,1566035968,1580584960,8.87,8.8,9.12,25297891328,9401946112
2026-05-06T16:06:25.948673+02:00,-0.001967079371826869,0.17596113308600245,0.220999584653385,-2.6620548449301062,1.3803182050305807,-1.5010207043754398,1.5866411136147351,0.24035322706161694,-0.7188722258002581,-0.010645211925406795,-1.2825005922621888,0.42960727419777234,51.0,52.0,52.0,43.0,43.0,26.0,30.0,27.0,51.0,97.16,3975442432,1566035968,1580584960,8.87,8.8,9.12,25297891328,9401946112
2026-05-06T16:06:26.002803+02:00,-0.001967079371826869,0.17596113308600245,0.220999584653385,-2.6620548449301062,1.3803182050305807,-1.5010207043754398,1.5866411136147351,0.24035322706161694,-0.7188722258002581,-0.010645211925406795,-1.2825005922621888,0.42960727419777234,51.0,52.0,52.0,43.0,43.0,26.0,30.0,27.0,51.0,97.16,3975442432,1566035968,1580584960,8.87,8.8,9.12,25297891328,9401946112
2026-05-06T16:06:26.057862+02:00,-0.001967079371826869,0.17596113308600245,0.220999584653385,-2.6620548449301062,1.3803182050305807,-1.5010207043754398,1.5866411136147351,0.24035322706161694,-0.7188722258002581,-0.010645211925406795,-1.2825005922621888,0.42960727419777234,51.0,52.0,52.0,43.0,43.0,26.0,30.0,27.0,51.0,97.16,3975442432,1566035968,1580584960,8.87,8.8,9.12,25297891328,9401946112
2026-05-06T16:06:26.109815+02:00,-0.001967079371826869,0.17596113308600245,0.220999584653385,-2.6620548449301062,1.3803182050305807,-1.5010207043754398,1.5866411136147351,0.24035322706161694,-0.7188722258002581,-0.010645211925406795,-1.2825005922621888,0.42960727419777234,51.0,52.0,52.0,43.0,43.0,26.0,30.0,27.0,51.0,97.16,3975442432,1566035968,1580584960,8.87,8.8,9.12,25297891328,9401946112
2026-05-06T16:06:26.161773+02:00,-0.001967079371826869,0.17596113308600245,0.220999584653385,-2.6620548449301062,1.3803182050305807,-1.5010207043754398,1.5866411136147351,0.24035322706161694,-0.7188722258002581,-0.010645211925406795,-1.2825005922621888,0.42960727419777234,51.0,52.0,52.0,43.0,43.0,26.0,30.0,27.0,51.0,97.16,3975442432,1566035968,1580584960,8.87,8.8,9.12,25297891328,9401946112
2026-05-06T16:06:26.213047+02:00,-0.001967079371826869,0.17596113308600245,0.220999584653385,-2.6620548449301062,1.3803182050305807,-1.5010207043754398,1.5866411136147351,0.24035322706161694,-0.7188722258002581,-0.010645211925406795,-1.2825005922621888,0.42960727419777234,51.0,52.0,52.0,43.0,43.0,26.0,30.0,27.0,51.0,97.16,3975442432,1566035968,1580584960,8.87,8.8,9.12,25297891328,9401946112
2026-05-06T16:06:26.263466+02:00,-0.001967079371826869,0.17596113308600245,0.220999584653385,-2.6620548449301062,1.3803182050305807,-1.5010207043754398,1.5866411136147351,0.24035322706161694,-0.7188722258002581,-0.010645211925406795,-1.2825005922621888,0.42960727419777234,51.0,52.0,52.0,43.0,43.0,26.0,30.0,27.0,51.0,97.16,3975442432,1566035968,1580584960,8.87,8.8,9.12,25297891328,9401946112
2026-05-06T16:06:26.318318+02:00,-0.001967079371826869,0.17596113308600245,0.220999584653385,-2.6620548449301062,1.3803182050305807,-1.5010207043754398,1.5866411136147351,0.24035322706161694,-0.7188722258002581,-0.010645211925406795,-1.2825005922621888,0.42960727419777234,51.0,52.0,52.0,43.0,43.0,26.0,30.0,27.0,51.0,97.16,3975442432,1566035968,1580584960,8.87,8.8,9.12,25297891328,9401946112
2026-05-06T16:06:26.370102+02:00,-0.001967079371826869,0.17596113308600245,0.220999584653385,-2.6620548449301062,1.3803182050305807,-1.5010207043754398,1.5866411136147351,0.24035322706161694,-0.7188722258002581,-0.010645211925406795,-1.2825005922621888,0.42960727419777234,51.0,52.0,52.0,43.0,43.0,26.0,30.0,27.0,51.0,98.61,3975442432,1538445312,1608175616,8.87,8.8,9.12,25297891328,9401950208
2026-05-06T16:06:26.421121+02:00,-0.001967079371826869,0.17596113308600245,0.220999584653385,-2.6620548449301062,1.3803182050305807,-1.5010207043754398,1.5866411136147351,0.24035322706161694,-0.7188722258002581,-0.010645211925406795,-1.2825005922621888,0.42960727419777234,51.0,52.0,52.0,43.0,43.0,26.0,30.0,27.0,51.0,98.61,3975442432,1538445312,1608175616,8.87,8.8,9.12,25297891328,9401950208
2026-05-06T16:06:26.471605+02:00,-0.001967079371826869,0.17596113308600245,0.220999584653385,-2.6620548449301062,1.3803182050305807,-1.5010207043754398,1.5866411136147351,0.24035322706161694,-0.7188722258002581,-0.010645211925406795,-1.2825005922621888,0.42960727419777234,51.0,52.0,52.0,43.0,43.0,26.0,30.0,27.0,51.0,98.61,3975442432,1538445312,1608175616,8.87,8.8,9.12,25297891328,9401950208
2026-05-06T16:06:26.521862+02:00,-0.001967079371826869,0.17596113308600245,0.220999584653385,-2.6620548449301062,1.3803182050305807,-1.5010207043754398,1.5866411136147351,0.24035322706161694,-0.7188722258002581,-0.010645211925406795,-1.2825005922621888,0.42960727419777234,51.0,52.0,52.0,43.0,43.0,26.0,30.0,27.0,51.0,98.61,3975442432,1538445312,1608175616,8.87,8.8,9.12,25297891328,9401950208
2026-05-06T16:06:26.576631+02:00,-0.001967079371826869,0.17596113308600245,0.220999584653385,-2.6620548449301062,1.3803182050305807,-1.5010207043754398,1.5866411136147351,0.24035322706161694,-0.7188722258002581,-0.010645211925406795,-1.2825005922621888,0.42960727419777234,51.0,52.0,52.0,43.0,43.0,26.0,30.0,27.0,51.0,98.61,3975442432,1538445312,1608175616,8.87,8.8,9.12,25297891328,9401950208
2026-05-06T16:06:26.627343+02:00,-0.001967079371826869,0.17596113308600245,0.220999584653385,-2.6620548449301062,1.3803182050305807,-1.5010207043754398,1.5866411136147351,0.24035322706161694,-0.7188722258002581,-0.010645211925406795,-1.2825005922621888,0.42960727419777234,51.0,52.0,52.0,43.0,43.0,26.0,30.0,27.0,51.0,98.61,3975442432,1538445312,1608175616,8.87,8.8,9.12,25297891328,9401950208
2026-05-06T16:06:26.678298+02:00,-0.001967079371826869,0.17596113308600245,0.220999584653385,-2.6620548449301062,1.3803182050305807,-1.5010207043754398,1.5866411136147351,0.24035322706161694,-0.7188722258002581,-0.010645211925406795,-1.2825005922621888,0.42960727419777234,51.0,52.0,52.0,43.0,43.0,26.0,30.0,27.0,51.0,98.61,3975442432,1538445312,1608175616,8.87,8.8,9.12,25297891328,9401950208
2026-05-06T16:06:26.730481+02:00,-0.001967079371826869,0.17596113308600245,0.220999584653385,-2.6620548449301062,1.3803182050305807,-1.5010207043754398,1.5866411136147351,0.24035322706161694,-0.7188722258002581,-0.010645211925406795,-1.2825005922621888,0.42960727419777234,51.0,52.0,52.0,43.0,43.0,26.0,30.0,27.0,51.0,98.61,3975442432,1538445312,1608175616,8.87,8.8,9.12,25297891328,9401950208
2026-05-06T16:06:26.781176+02:00,-0.001967079371826869,0.17596113308600245,0.220999584653385,-2.6620548449301062,1.3803182050305807,-1.5010207043754398,1.5866411136147351,0.24035322706161694,-0.7188722258002581,-0.010645211925406795,-1.2825005922621888,0.42960727419777234,51.0,52.0,52.0,43.0,43.0,26.0,30.0,27.0,51.0,98.61,3975442432,1538445312,1608175616,8.87,8.8,9.12,25297891328,9401950208
2026-05-06T16:06:26.833304+02:00,-0.001967079371826869,0.17596113308600245,0.220999584653385,-2.6620548449301062,1.3803182050305807,-1.5010207043754398,1.5866411136147351,0.24035322706161694,-0.7188722258002581,-0.010645211925406795,-1.2825005922621888,0.42960727419777234,51.0,52.0,52.0,43.0,43.0,26.0,30.0,27.0,51.0,98.61,3975442432,1538445312,1608175616,8.87,8.8,9.12,25297891328,9401950208
2026-05-06T16:06:26.885074+02:00,-0.001967079371826869,0.17596113308600245,0.220999584653385,-2.6620548449301062,1.3803182050305807,-1.5010207043754398,1.5866411136147351,0.24035322706161694,-0.7188722258002581,-0.010645211925406795,-1.2825005922621888,0.42960727419777234,51.0,52.0,52.0,43.0,43.0,26.0,30.0,27.0,51.0,98.61,3975442432,1538445312,1608175616,8.87,8.8,9.12,25297891328,9401950208
2026-05-06T16:06:26.937279+02:00,-0.001967079371826869,0.17596113308600245,0.220999584653385,-2.6620548449301062,1.3803182050305807,-1.5010207043754398,1.5866411136147351,0.24035322706161694,-0.7188722258002581,-0.010645211925406795,-1.2825005922621888,0.42960727419777234,51.0,52.0,52.0,43.0,43.0,26.0,30.0,27.0,51.0,98.61,3975442432,1538445312,1608175616,8.87,8.8,9.12,25297891328,9401950208
2026-05-06T16:06:26.987308+02:00,-0.001967079371826869,0.17596113308600245,0.220999584653385,-2.6620548449301062,1.3803182050305807,-1.5010207043754398,1.5866411136147351,0.24035322706161694,-0.7188722258002581,-0.010645211925406795,-1.2825005922621888,0.42960727419777234,51.0,52.0,52.0,43.0,43.0,26.0,30.0,27.0,51.0,98.61,3975442432,1538445312,1608175616,8.87,8.8,9.12,25297891328,9401950208
2026-05-06T16:06:27.038377+02:00,-0.001967079371826869,0.17596113308600245,0.220999584653385,-2.6620548449301062,1.3803182050305807,-1.5010207043754398,1.5866411136147351,0.24035322706161694,-0.7188722258002581,-0.010645211925406795,-1.2825005922621888,0.42960727419777234,51.0,52.0,52.0,43.0,43.0,26.0,30.0,27.0,51.0,98.61,3975442432,1538445312,1608175616,8.87,8.8,9.12,25297891328,9401950208
2026-05-06T16:06:27.091332+02:00,-0.001967079371826869,0.17596113308600245,0.220999584653385,-2.6620548449301062,1.3803182050305807,-1.5010207043754398,1.5866411136147351,0.24035322706161694,-0.7188722258002581,-0.010645211925406795,-1.2825005922621888,0.42960727419777234,51.0,52.0,52.0,43.0,43.0,26.0,30.0,27.0,51.0,98.61,3975442432,1538445312,1608175616,8.87,8.8,9.12,25297891328,9401950208
2026-05-06T16:06:27.146360+02:00,-0.001967079371826869,0.17596113308600245,0.220999584653385,-2.6620548449301062,1.3803182050305807,-1.5010207043754398,1.5866411136147351,0.24035322706161694,-0.7188722258002581,-0.010645211925406795,-1.2825005922621888,0.42960727419777234,51.0,52.0,52.0,43.0,43.0,26.0,30.0,27.0,51.0,95.62,3975442432,1541685248,1604964352,8.87,8.8,9.12,25297891328,9401950208
2026-05-06T16:06:27.200483+02:00,-0.001967079371826869,0.17596113308600245,0.220999584653385,-2.6620548449301062,1.3803182050305807,-1.5010207043754398,1.5866411136147351,0.24035322706161694,-0.7188722258002581,-0.010645211925406795,-1.2825005922621888,0.42960727419777234,51.0,52.0,52.0,43.0,43.0,26.0,30.0,27.0,51.0,95.62,3975442432,1541685248,1604964352,8.87,8.8,9.12,25297891328,9401950208
2026-05-06T16:06:27.252463+02:00,-0.001967079371826869,0.17596113308600245,0.220999584653385,-2.6620548449301062,1.3803182050305807,-1.5010207043754398,1.5866411136147351,0.24035322706161694,-0.7188722258002581,-0.010645211925406795,-1.2825005922621888,0.42960727419777234,51.0,52.0,52.0,43.0,43.0,26.0,30.0,27.0,51.0,95.62,3975442432,1541685248,1604964352,8.87,8.8,9.12,25297891328,9401950208
2026-05-06T16:06:27.303519+02:00,-0.001967079371826869,0.17596113308600245,0.220999584653385,-2.6620548449301062,1.3803182050305807,-1.5010207043754398,1.5866411136147351,0.24035322706161694,-0.7188722258002581,-0.010645211925406795,-1.2825005922621888,0.42960727419777234,51.0,52.0,52.0,43.0,43.0,26.0,30.0,27.0,51.0,95.62,3975442432,1541685248,1604964352,8.87,8.8,9.12,25297891328,9401950208
2026-05-06T16:06:27.355306+02:00,-0.001967079371826869,0.17596113308600245,0.220999584653385,-2.6620548449301062,1.3803182050305807,-1.5010207043754398,1.5866411136147351,0.24035322706161694,-0.7188722258002581,-0.010645211925406795,-1.2825005922621888,0.42960727419777234,51.0,52.0,52.0,43.0,43.0,26.0,30.0,27.0,51.0,95.62,3975442432,1541685248,1604964352,8.87,8.8,9.12,25297891328,9401950208
2026-05-06T16:06:27.410282+02:00,-0.001967079371826869,0.17596113308600245,0.220999584653385,-2.6620548449301062,1.3803182050305807,-1.5010207043754398,1.5866411136147351,0.24035322706161694,-0.7188722258002581,-0.010645211925406795,-1.2825005922621888,0.42960727419777234,51.0,52.0,52.0,43.0,43.0,26.0,30.0,27.0,51.0,95.62,3975442432,1541685248,1604964352,8.87,8.8,9.12,25297891328,9401950208
2026-05-06T16:06:27.461747+02:00,-0.001967079371826869,0.17596113308600245,0.220999584653385,-2.6620548449301062,1.3803182050305807,-1.5010207043754398,1.5866411136147351,0.24035322706161694,-0.7188722258002581,-0.010645211925406795,-1.2825005922621888,0.42960727419777234,51.0,52.0,52.0,43.0,43.0,26.0,30.0,27.0,51.0,95.62,3975442432,1541685248,1604964352,8.87,8.8,9.12,25297891328,9401950208
2026-05-06T16:06:27.513251+02:00,-0.001967079371826869,0.17596113308600245,0.220999584653385,-2.6620548449301062,1.3803182050305807,-1.5010207043754398,1.5866411136147351,0.24035322706161694,-0.7188722258002581,-0.010645211925406795,-1.2825005922621888,0.42960727419777234,51.0,52.0,52.0,43.0,43.0,26.0,30.0,27.0,51.0,95.62,3975442432,1541685248,1604964352,8.87,8.8,9.12,25297891328,9401950208
2026-05-06T16:06:27.565467+02:00,-0.001967079371826869,0.17596113308600245,0.220999584653385,-2.6620548449301062,1.3803182050305807,-1.5010207043754398,1.5866411136147351,0.24035322706161694,-0.7188722258002581,-0.010645211925406795,-1.2825005922621888,0.42960727419777234,51.0,52.0,52.0,43.0,43.0,26.0,30.0,27.0,51.0,95.62,3975442432,1541685248,1604964352,8.87,8.8,9.12,25297891328,9401950208
2026-05-06T16:06:27.616707+02:00,-0.001967079371826869,0.17596113308600245,0.220999584653385,-2.6620548449301062,1.3803182050305807,-1.5010207043754398,1.5866411136147351,0.24035322706161694,-0.7188722258002581,-0.010645211925406795,-1.2825005922621888,0.42960727419777234,51.0,52.0,52.0,43.0,43.0,26.0,30.0,27.0,51.0,95.62,3975442432,1541685248,1604964352,8.87,8.8,9.12,25297891328,9401950208
2026-05-06T16:06:27.668506+02:00,-0.001967079371826869,0.17596113308600245,0.220999584653385,-2.6620548449301062,1.3803182050305807,-1.5010207043754398,1.5866411136147351,0.24035322706161694,-0.7188722258002581,-0.010645211925406795,-1.2825005922621888,0.42960727419777234,51.0,52.0,52.0,43.0,43.0,26.0,30.0,27.0,51.0,95.62,3975442432,1541685248,1604964352,8.87,8.8,9.12,25297891328,9401950208
2026-05-06T16:06:27.720068+02:00,-0.001967079371826869,0.17596113308600245,0.220999584653385,-2.6620548449301062,1.3803182050305807,-1.5010207043754398,1.5866411136147351,0.24035322706161694,-0.7188722258002581,-0.010645211925406795,-1.2825005922621888,0.42960727419777234,51.0,52.0,52.0,43.0,43.0,26.0,30.0,27.0,51.0,95.62,3975442432,1541685248,1604964352,8.87,8.8,9.12,25297891328,9401950208
2026-05-06T16:06:27.774251+02:00,-0.001967079371826869,0.17596113308600245,0.220999584653385,-2.6620548449301062,1.3803182050305807,-1.5010207043754398,1.5866411136147351,0.24035322706161694,-0.7188722258002581,-0.010645211925406795,-1.2825005922621888,0.42960727419777234,51.0,52.0,52.0,43.0,43.0,26.0,30.0,27.0,51.0,95.62,3975442432,1541685248,1604964352,8.87,8.8,9.12,25297891328,9401950208
2026-05-06T16:06:27.826421+02:00,-0.001967079371826869,0.17596113308600245,0.220999584653385,-2.6620548449301062,1.3803182050305807,-1.5010207043754398,1.5866411136147351,0.24035322706161694,-0.7188722258002581,-0.010645211925406795,-1.2825005922621888,0.42960727419777234,51.0,52.0,52.0,43.0,43.0,26.0,30.0,27.0,51.0,95.62,3975442432,1541685248,1604964352,8.87,8.8,9.12,25297891328,9401950208
2026-05-06T16:06:27.877066+02:00,-0.001967079371826869,0.17596113308600245,0.220999584653385,-2.6620548449301062,1.3803182050305807,-1.5010207043754398,1.5866411136147351,0.24035322706161694,-0.7188722258002581,-0.010645211925406795,-1.2825005922621888,0.42960727419777234,51.0,52.0,52.0,43.0,43.0,26.0,30.0,27.0,51.0,95.62,3975442432,1541685248,1604964352,8.87,8.8,9.12,25297891328,9401950208
2026-05-06T16:06:27.928048+02:00,-0.001967079371826869,0.17596113308600245,0.220999584653385,-2.6620548449301062,1.3803182050305807,-1.5010207043754398,1.5866411136147351,0.24035322706161694,-0.7188722258002581,-0.010645211925406795,-1.2825005922621888,0.42960727419777234,51.0,52.0,52.0,43.0,43.0,26.0,30.0,27.0,51.0,95.62,3975442432,1541685248,1604964352,8.87,8.8,9.12,25297891328,9401950208
2026-05-06T16:06:27.979803+02:00,-0.001967079371826869,0.17596113308600245,0.220999584653385,-2.6620548449301062,1.3803182050305807,-1.5010207043754398,1.5866411136147351,0.24035322706161694,-0.7188722258002581,-0.010645211925406795,-1.2825005922621888,0.42960727419777234,51.0,52.0,52.0,43.0,43.0,26.0,30.0,27.0,51.0,95.62,3975442432,1541685248,1604964352,8.87,8.8,9.12,25297891328,9401950208
2026-05-06T16:06:28.033257+02:00,-0.001967079371826869,0.17596113308600245,0.220999584653385,-2.6620548449301062,1.3803182050305807,-1.5010207043754398,1.5866411136147351,0.24035322706161694,-0.7188722258002581,-0.010645211925406795,-1.2825005922621888,0.42960727419777234,51.0,52.0,52.0,43.0,43.0,26.0,30.0,27.0,51.0,95.62,3975442432,1541685248,1604964352,8.87,8.8,9.12,25297891328,9401950208
2026-05-06T16:06:28.088337+02:00,-0.001967079371826869,0.17596113308600245,0.220999584653385,-2.6620548449301062,1.3803182050305807,-1.5010207043754398,1.5866411136147351,0.24035322706161694,-0.7188722258002581,-0.010645211925406795,-1.2825005922621888,0.42960727419777234,51.0,52.0,52.0,43.0,43.0,26.0,30.0,27.0,51.0,95.62,3975442432,1541685248,1604964352,8.87,8.8,9.12,25297891328,9401950208
2026-05-06T16:06:28.142414+02:00,-0.001967079371826869,0.17596113308600245,0.220999584653385,-2.6620548449301062,1.3803182050305807,-1.5010207043754398,1.5866411136147351,0.24035322706161694,-0.7188722258002581,-0.010645211925406795,-1.2825005922621888,0.42960727419777234,51.0,52.0,52.0,43.0,43.0,26.0,30.0,27.0,51.0,95.35,3975442432,1543348224,1603325952,8.87,8.8,9.12,25297891328,9401954304
2026-05-06T16:06:28.197457+02:00,-0.001967079371826869,0.17596113308600245,0.220999584653385,-2.6620548449301062,1.3803182050305807,-1.5010207043754398,1.5866411136147351,0.24035322706161694,-0.7188722258002581,-0.010645211925406795,-1.2825005922621888,0.42960727419777234,51.0,52.0,52.0,43.0,43.0,26.0,30.0,27.0,51.0,95.35,3975442432,1543348224,1603325952,8.87,8.8,9.12,25297891328,9401954304
2026-05-06T16:06:28.249746+02:00,-0.001967079371826869,0.17596113308600245,0.220999584653385,-2.6620548449301062,1.3803182050305807,-1.5010207043754398,1.5866411136147351,0.24035322706161694,-0.7188722258002581,-0.010645211925406795,-1.2825005922621888,0.42960727419777234,51.0,52.0,52.0,43.0,43.0,26.0,30.0,27.0,51.0,95.35,3975442432,1543348224,1603325952,8.87,8.8,9.12,25297891328,9401954304
2026-05-06T16:06:28.301219+02:00,-0.001967079371826869,0.17596113308600245,0.220999584653385,-2.6620548449301062,1.3803182050305807,-1.5010207043754398,1.5866411136147351,0.24035322706161694,-0.7188722258002581,-0.010645211925406795,-1.2825005922621888,0.42960727419777234,51.0,52.0,52.0,43.0,43.0,26.0,30.0,27.0,52.0,95.35,3975442432,1543348224,1603325952,8.87,8.8,9.12,25297891328,9401954304
2026-05-06T16:06:28.356259+02:00,-0.001967079371826869,0.17596113308600245,0.220999584653385,-2.6620548449301062,1.3803182050305807,-1.5010207043754398,1.5866411136147351,0.24035322706161694,-0.7188722258002581,-0.010645211925406795,-1.2825005922621888,0.42960727419777234,51.0,52.0,52.0,43.0,43.0,26.0,30.0,27.0,52.0,95.35,3975442432,1543348224,1603325952,8.87,8.8,9.12,25297891328,9401954304
2026-05-06T16:06:28.411305+02:00,-0.001967079371826869,0.17596113308600245,0.220999584653385,-2.6620548449301062,1.3803182050305807,-1.5010207043754398,1.5866411136147351,0.24035322706161694,-0.7188722258002581,-0.010645211925406795,-1.2825005922621888,0.42960727419777234,51.0,52.0,52.0,43.0,43.0,26.0,30.0,27.0,52.0,95.35,3975442432,1543348224,1603325952,8.87,8.8,9.12,25297891328,9401954304
2026-05-06T16:06:28.466327+02:00,-0.001967079371826869,0.17596113308600245,0.220999584653385,-2.6620548449301062,1.3803182050305807,-1.5010207043754398,1.5866411136147351,0.24035322706161694,-0.7188722258002581,-0.010645211925406795,-1.2825005922621888,0.42960727419777234,51.0,52.0,52.0,43.0,43.0,26.0,30.0,27.0,52.0,95.35,3975442432,1543348224,1603325952,8.87,8.8,9.12,25297891328,9401954304
2026-05-06T16:06:28.519200+02:00,-0.001967079371826869,0.17596113308600245,0.220999584653385,-2.6620548449301062,1.3803182050305807,-1.5010207043754398,1.5866411136147351,0.24035322706161694,-0.7188722258002581,-0.010645211925406795,-1.2825005922621888,0.42960727419777234,51.0,52.0,52.0,43.0,43.0,26.0,30.0,27.0,52.0,95.35,3975442432,1543348224,1603325952,8.87,8.8,9.12,25297891328,9401954304
2026-05-06T16:06:28.574217+02:00,-0.001967079371826869,0.17596113308600245,0.220999584653385,-2.6620548449301062,1.3803182050305807,-1.5010207043754398,1.5866411136147351,0.24035322706161694,-0.7188722258002581,-0.010645211925406795,-1.2825005922621888,0.42960727419777234,51.0,52.0,52.0,43.0,43.0,26.0,30.0,27.0,52.0,95.35,3975442432,1543348224,1603325952,8.87,8.8,9.12,25297891328,9401954304
2026-05-06T16:06:28.629256+02:00,-0.001967079371826869,0.17596113308600245,0.220999584653385,-2.6620548449301062,1.3803182050305807,-1.5010207043754398,1.5866411136147351,0.24035322706161694,-0.7188722258002581,-0.010645211925406795,-1.2825005922621888,0.42960727419777234,51.0,52.0,52.0,43.0,43.0,26.0,30.0,27.0,52.0,95.35,3975442432,1543348224,1603325952,8.87,8.8,9.12,25297891328,9401954304
2026-05-06T16:06:28.679979+02:00,-0.001967079371826869,0.17596113308600245,0.220999584653385,-2.6620548449301062,1.3803182050305807,-1.5010207043754398,1.5866411136147351,0.24035322706161694,-0.7188722258002581,-0.010645211925406795,-1.2825005922621888,0.42960727419777234,51.0,52.0,52.0,43.0,43.0,26.0,30.0,27.0,52.0,95.35,3975442432,1543348224,1603325952,8.87,8.8,9.12,25297891328,9401954304
2026-05-06T16:06:28.735035+02:00,-0.001967079371826869,0.17596113308600245,0.220999584653385,-2.6620548449301062,1.3803182050305807,-1.5010207043754398,1.5866411136147351,0.24035322706161694,-0.7188722258002581,-0.010645211925406795,-1.2825005922621888,0.42960727419777234,51.0,52.0,52.0,43.0,43.0,26.0,30.0,27.0,52.0,95.35,3975442432,1543348224,1603325952,8.87,8.8,9.12,25297891328,9401954304
2026-05-06T16:06:28.787560+02:00,-0.001967079371826869,0.17596113308600245,0.220999584653385,-2.6620548449301062,1.3803182050305807,-1.5010207043754398,1.5866411136147351,0.24035322706161694,-0.7188722258002581,-0.010645211925406795,-1.2825005922621888,0.42960727419777234,51.0,52.0,52.0,43.0,43.0,26.0,30.0,27.0,52.0,95.35,3975442432,1543348224,1603325952,8.87,8.8,9.12,25297891328,9401954304
2026-05-06T16:06:28.842596+02:00,-0.001967079371826869,0.17596113308600245,0.220999584653385,-2.6620548449301062,1.3803182050305807,-1.5010207043754398,1.5866411136147351,0.24035322706161694,-0.7188722258002581,-0.010645211925406795,-1.2825005922621888,0.42960727419777234,51.0,52.0,52.0,43.0,43.0,26.0,30.0,27.0,52.0,95.35,3975442432,1543348224,1603325952,8.87,8.8,9.12,25297891328,9401954304
2026-05-06T16:06:28.897678+02:00,-0.001967079371826869,0.17596113308600245,0.220999584653385,-2.6620548449301062,1.3803182050305807,-1.5010207043754398,1.5866411136147351,0.24035322706161694,-0.7188722258002581,-0.010645211925406795,-1.2825005922621888,0.42960727419777234,51.0,52.0,52.0,43.0,43.0,26.0,30.0,27.0,52.0,95.35,3975442432,1543348224,1603325952,8.87,8.8,9.12,25297891328,9401954304
2026-05-06T16:06:28.952670+02:00,-0.001967079371826869,0.17596113308600245,0.220999584653385,-2.6620548449301062,1.3803182050305807,-1.5010207043754398,1.5866411136147351,0.24035322706161694,-0.7188722258002581,-0.010645211925406795,-1.2825005922621888,0.42960727419777234,51.0,52.0,52.0,43.0,43.0,26.0,30.0,27.0,52.0,95.35,3975442432,1543348224,1603325952,8.87,8.8,9.12,25297891328,9401954304
2026-05-06T16:06:29.004553+02:00,-0.001967079371826869,0.17596113308600245,0.220999584653385,-2.6620548449301062,1.3803182050305807,-1.5010207043754398,1.5866411136147351,0.24035322706161694,-0.7188722258002581,-0.010645211925406795,-1.2825005922621888,0.42960727419777234,51.0,52.0,52.0,43.0,43.0,26.0,30.0,27.0,52.0,95.35,3975442432,1543348224,1603325952,8.87,8.8,9.12,25297891328,9401954304
2026-05-06T16:06:29.057407+02:00,-0.001967079371826869,0.17596113308600245,0.220999584653385,-2.6620548449301062,1.3803182050305807,-1.5010207043754398,1.5866411136147351,0.24035322706161694,-0.7188722258002581,-0.010645211925406795,-1.2825005922621888,0.42960727419777234,51.0,52.0,52.0,43.0,43.0,26.0,30.0,27.0,52.0,95.35,3975442432,1543348224,1603325952,8.87,8.8,9.12,25297891328,9401954304
2026-05-06T16:06:29.111675+02:00,-0.001967079371826869,0.17596113308600245,0.220999584653385,-2.6620548449301062,1.3803182050305807,-1.5010207043754398,1.5866411136147351,0.24035322706161694,-0.7188722258002581,-0.010645211925406795,-1.2825005922621888,0.42960727419777234,51.0,52.0,52.0,43.0,43.0,26.0,30.0,27.0,52.0,95.35,3975442432,1543348224,1603325952,8.87,8.8,9.12,25297891328,9401954304
2026-05-06T16:06:29.161958+02:00,-0.001967079371826869,0.17596113308600245,0.220999584653385,-2.6620548449301062,1.3803182050305807,-1.5010207043754398,1.5866411136147351,0.24035322706161694,-0.7188722258002581,-0.010645211925406795,-1.2825005922621888,0.42960727419777234,51.0,52.0,52.0,43.0,43.0,26.0,30.0,27.0,52.0,95.35,3975442432,1543348224,1603325952,8.87,8.8,9.12,25297891328,9401954304
2026-05-06T16:06:29.212581+02:00,-0.001967079371826869,0.17596113308600245,0.220999584653385,-2.6620548449301062,1.3803182050305807,-1.5010207043754398,1.5866411136147351,0.24035322706161694,-0.7188722258002581,-0.010645211925406795,-1.2825005922621888,0.42960727419777234,51.0,52.0,52.0,43.0,43.0,26.0,30.0,27.0,52.0,98.43,3975442432,1544392704,1602199552,9.12,8.86,9.13,25297891328,9401958400
2026-05-06T16:06:29.262861+02:00,-0.001967079371826869,0.17596113308600245,0.220999584653385,-2.6620548449301062,1.3803182050305807,-1.5010207043754398,1.5866411136147351,0.24035322706161694,-0.7188722258002581,-0.010645211925406795,-1.2825005922621888,0.42960727419777234,51.0,52.0,52.0,43.0,43.0,26.0,30.0,27.0,52.0,98.43,3975442432,1544392704,1602199552,9.12,8.86,9.13,25297891328,9401958400
2026-05-06T16:06:29.313232+02:00,-0.001967079371826869,0.17596113308600245,0.220999584653385,-2.6620548449301062,1.3803182050305807,-1.5010207043754398,1.5866411136147351,0.24035322706161694,-0.7188722258002581,-0.010645211925406795,-1.2825005922621888,0.42960727419777234,51.0,52.0,52.0,43.0,43.0,26.0,30.0,27.0,52.0,98.43,3975442432,1544392704,1602199552,9.12,8.86,9.13,25297891328,9401958400
2026-05-06T16:06:29.368254+02:00,-0.001967079371826869,0.17596113308600245,0.220999584653385,-2.6620548449301062,1.3803182050305807,-1.5010207043754398,1.5866411136147351,0.24035322706161694,-0.7188722258002581,-0.010645211925406795,-1.2825005922621888,0.42960727419777234,51.0,52.0,52.0,43.0,43.0,26.0,30.0,27.0,52.0,98.43,3975442432,1544392704,1602199552,9.12,8.86,9.13,25297891328,9401958400
2026-05-06T16:06:29.422840+02:00,-0.001967079371826869,0.17596113308600245,0.220999584653385,-2.6620548449301062,1.3803182050305807,-1.5010207043754398,1.5866411136147351,0.24035322706161694,-0.7188722258002581,-0.010645211925406795,-1.2825005922621888,0.42960727419777234,51.0,52.0,52.0,43.0,43.0,26.0,30.0,27.0,52.0,98.43,3975442432,1544392704,1602199552,9.12,8.86,9.13,25297891328,9401958400
2026-05-06T16:06:29.476762+02:00,-0.001967079371826869,0.17596113308600245,0.220999584653385,-2.6620548449301062,1.3803182050305807,-1.5010207043754398,1.5866411136147351,0.24035322706161694,-0.7188722258002581,-0.010645211925406795,-1.2825005922621888,0.42960727419777234,51.0,52.0,52.0,43.0,43.0,26.0,30.0,27.0,52.0,98.43,3975442432,1544392704,1602199552,9.12,8.86,9.13,25297891328,9401958400
2026-05-06T16:06:29.526803+02:00,-0.001967079371826869,0.17596113308600245,0.220999584653385,-2.6620548449301062,1.3803182050305807,-1.5010207043754398,1.5866411136147351,0.24035322706161694,-0.7188722258002581,-0.010645211925406795,-1.2825005922621888,0.42960727419777234,51.0,52.0,52.0,43.0,43.0,26.0,30.0,27.0,52.0,98.43,3975442432,1544392704,1602199552,9.12,8.86,9.13,25297891328,9401958400
2026-05-06T16:06:29.577298+02:00,-0.001967079371826869,0.17596113308600245,0.220999584653385,-2.6620548449301062,1.3803182050305807,-1.5010207043754398,1.5866411136147351,0.24035322706161694,-0.7188722258002581,-0.010645211925406795,-1.2825005922621888,0.42960727419777234,51.0,52.0,52.0,43.0,43.0,26.0,30.0,27.0,52.0,98.43,3975442432,1544392704,1602199552,9.12,8.86,9.13,25297891328,9401958400
2026-05-06T16:06:29.632382+02:00,-0.001967079371826869,0.17596113308600245,0.220999584653385,-2.6620548449301062,1.3803182050305807,-1.5010207043754398,1.5866411136147351,0.24035322706161694,-0.7188722258002581,-0.010645211925406795,-1.2825005922621888,0.42960727419777234,51.0,52.0,52.0,43.0,43.0,26.0,30.0,27.0,52.0,98.43,3975442432,1544392704,1602199552,9.12,8.86,9.13,25297891328,9401958400
2026-05-06T16:06:29.684874+02:00,-0.001967079371826869,0.17596113308600245,0.220999584653385,-2.6620548449301062,1.3803182050305807,-1.5010207043754398,1.5866411136147351,0.23883828127088585,-0.7188722258002581,-0.010645211925406795,-1.2825005922621888,0.43114125498565814,51.0,52.0,52.0,43.0,43.0,26.0,30.0,27.0,52.0,98.43,3975442432,1544392704,1602199552,9.12,8.86,9.13,25297891328,9401958400
2026-05-06T16:06:29.735283+02:00,-0.001967079371826869,0.17596113308600245,0.220999584653385,-2.6620548449301062,1.3803182050305807,-1.5010207043754398,1.5866411136147351,0.23883828127088585,-0.7188722258002581,-0.010645211925406795,-1.2825005922621888,0.43114125498565814,51.0,52.0,52.0,43.0,43.0,26.0,30.0,27.0,52.0,98.43,3975442432,1544392704,1602199552,9.12,8.86,9.13,25297891328,9401958400
2026-05-06T16:06:29.788860+02:00,-0.001968389125416063,0.17604378765210538,0.22073293665391505,-2.660948835077381,1.3788054446854472,-1.5014408736664806,1.5866411136147351,0.23883828127088585,-0.7188722258002581,-0.010645211925406795,-1.2825005922621888,0.43114125498565814,51.0,52.0,52.0,43.0,43.0,26.0,30.0,27.0,52.0,98.43,3975442432,1544392704,1602199552,9.12,8.86,9.13,25297891328,9401958400
2026-05-06T16:06:29.838850+02:00,-0.001968389125416063,0.17604378765210538,0.22073293665391505,-2.660948835077381,1.3788054446854472,-1.5014408736664806,1.5866411136147351,0.23883828127088585,-0.7188722258002581,-0.010645211925406795,-1.2825005922621888,0.43114125498565814,51.0,52.0,52.0,43.0,43.0,26.0,30.0,27.0,52.0,98.43,3975442432,1544392704,1602199552,9.12,8.86,9.13,25297891328,9401958400
2026-05-06T16:06:29.889024+02:00,-0.001968389125416063,0.17604378765210538,0.22073293665391505,-2.660948835077381,1.3788054446854472,-1.5014408736664806,1.5866411136147351,0.23883828127088585,-0.7188722258002581,-0.010645211925406795,-1.2825005922621888,0.43114125498565814,51.0,52.0,52.0,43.0,43.0,26.0,30.0,27.0,52.0,98.43,3975442432,1544392704,1602199552,9.12,8.86,9.13,25297891328,9401958400
2026-05-06T16:06:29.940714+02:00,-0.001968389125416063,0.17604378765210538,0.22073293665391505,-2.660948835077381,1.3788054446854472,-1.5014408736664806,1.5866411136147351,0.23883828127088585,-0.7188722258002581,-0.010645211925406795,-1.2825005922621888,0.43114125498565814,51.0,52.0,52.0,43.0,43.0,26.0,30.0,27.0,52.0,98.43,3975442432,1544392704,1602199552,9.12,8.86,9.13,25297891328,9401958400
2026-05-06T16:06:29.991157+02:00,-0.001968389125416063,0.17604378765210538,0.22073293665391505,-2.660948835077381,1.3788054446854472,-1.5014408736664806,1.5866411136147351,0.23883828127088585,-0.7188722258002581,-0.010645211925406795,-1.2825005922621888,0.43114125498565814,51.0,52.0,52.0,43.0,43.0,26.0,30.0,27.0,52.0,98.43,3975442432,1544392704,1602199552,9.12,8.86,9.13,25297891328,9401958400
2026-05-06T16:06:30.042554+02:00,-0.001968389125416063,0.17604378765210538,0.22073293665391505,-2.660948835077381,1.3788054446854472,-1.5014408736664806,1.5866411136147351,0.23883828127088585,-0.7188722258002581,-0.010645211925406795,-1.2825005922621888,0.43114125498565814,51.0,52.0,52.0,43.0,43.0,26.0,30.0,27.0,52.0,98.43,3975442432,1544392704,1602199552,9.12,8.86,9.13,25297891328,9401958400
2026-05-06T16:06:30.095283+02:00,-0.001968389125416063,0.17604378765210538,0.22073293665391505,-2.660948835077381,1.3788054446854472,-1.5014408736664806,1.5866411136147351,0.23883828127088585,-0.7188722258002581,-0.010645211925406795,-1.2825005922621888,0.43114125498565814,51.0,52.0,52.0,43.0,43.0,26.0,30.0,27.0,52.0,98.43,3975442432,1544392704,1602199552,9.12,8.86,9.13,25297891328,9401958400
2026-05-06T16:06:30.147092+02:00,-0.001968389125416063,0.17604378765210538,0.22073293665391505,-2.660948835077381,1.3788054446854472,-1.5014408736664806,1.5866411136147351,0.23883828127088585,-0.7188722258002581,-0.010645211925406795,-1.2825005922621888,0.43114125498565814,51.0,52.0,52.0,43.0,43.0,26.0,30.0,27.0,52.0,95.65,3975442432,1545580544,1600995328,9.12,8.86,9.13,25297891328,9401978880
2026-05-06T16:06:30.197185+02:00,-0.001968389125416063,0.17604378765210538,0.22073293665391505,-2.660948835077381,1.3788054446854472,-1.5014408736664806,1.5866411136147351,0.23883828127088585,-0.7188722258002581,-0.010645211925406795,-1.2825005922621888,0.43114125498565814,51.0,52.0,52.0,43.0,43.0,26.0,30.0,27.0,52.0,95.65,3975442432,1545580544,1600995328,9.12,8.86,9.13,25297891328,9401978880
2026-05-06T16:06:30.250113+02:00,-0.001968389125416063,0.17604378765210538,0.22073293665391505,-2.660948835077381,1.3788054446854472,-1.5014408736664806,1.5866411136147351,0.23883828127088585,-0.7188722258002581,-0.010645211925406795,-1.2825005922621888,0.43114125498565814,51.0,52.0,52.0,43.0,43.0,26.0,30.0,27.0,52.0,95.65,3975442432,1545580544,1600995328,9.12,8.86,9.13,25297891328,9401978880
2026-05-06T16:06:30.300178+02:00,-0.001968389125416063,0.17604378765210538,0.22073293665391505,-2.660948835077381,1.3788054446854472,-1.5014408736664806,1.5866411136147351,0.23883828127088585,-0.7188722258002581,-0.010645211925406795,-1.2825005922621888,0.43114125498565814,51.0,52.0,52.0,43.0,43.0,26.0,30.0,0.0,52.0,95.65,3975442432,1545580544,1600995328,9.12,8.86,9.13,25297891328,9401978880
2026-05-06T16:06:30.355250+02:00,-0.001968389125416063,0.17604378765210538,0.22073293665391505,-2.660948835077381,1.3788054446854472,-1.5014408736664806,1.5866411136147351,0.23883828127088585,-0.7188722258002581,-0.010645211925406795,-1.2825005922621888,0.43114125498565814,51.0,52.0,52.0,43.0,43.0,26.0,30.0,0.0,52.0,95.65,3975442432,1545580544,1600995328,9.12,8.86,9.13,25297891328,9401978880
2026-05-06T16:06:30.410473+02:00,-0.001968389125416063,0.17604378765210538,0.22073293665391505,-2.660948835077381,1.3788054446854472,-1.5014408736664806,1.5866411136147351,0.23883828127088585,-0.7188722258002581,-0.010645211925406795,-1.2825005922621888,0.43114125498565814,51.0,52.0,52.0,43.0,43.0,26.0,30.0,0.0,52.0,95.65,3975442432,1545580544,1600995328,9.12,8.86,9.13,25297891328,9401978880
2026-05-06T16:06:30.463446+02:00,-0.001968389125416063,0.17604378765210538,0.22073293665391505,-2.660948835077381,1.3788054446854472,-1.5014408736664806,1.5866411136147351,0.23883828127088585,-0.7188722258002581,-0.010645211925406795,-1.2825005922621888,0.43114125498565814,51.0,52.0,52.0,43.0,43.0,26.0,30.0,0.0,52.0,95.65,3975442432,1545580544,1600995328,9.12,8.86,9.13,25297891328,9401978880
2026-05-06T16:06:30.518532+02:00,-0.001968389125416063,0.17604378765210538,0.22073293665391505,-2.660948835077381,1.3788054446854472,-1.5014408736664806,1.5866411136147351,0.23883828127088585,-0.7188722258002581,-0.010645211925406795,-1.2825005922621888,0.43114125498565814,51.0,52.0,52.0,43.0,43.0,26.0,30.0,0.0,52.0,95.65,3975442432,1545580544,1600995328,9.12,8.86,9.13,25297891328,9401978880
2026-05-06T16:06:30.573523+02:00,-0.001968389125416063,0.17604378765210538,0.22073293665391505,-2.660948835077381,1.3788054446854472,-1.5014408736664806,1.5866411136147351,0.23883828127088585,-0.7188722258002581,-0.010645211925406795,-1.2825005922621888,0.43114125498565814,51.0,52.0,52.0,43.0,43.0,26.0,30.0,0.0,52.0,95.65,3975442432,1545580544,1600995328,9.12,8.86,9.13,25297891328,9401978880
2026-05-06T16:06:30.625158+02:00,-0.001968389125416063,0.17604378765210538,0.22073293665391505,-2.660948835077381,1.3788054446854472,-1.5014408736664806,1.5866411136147351,0.23883828127088585,-0.7188722258002581,-0.010645211925406795,-1.2825005922621888,0.43114125498565814,51.0,52.0,52.0,43.0,43.0,26.0,30.0,0.0,52.0,95.65,3975442432,1545580544,1600995328,9.12,8.86,9.13,25297891328,9401978880
2026-05-06T16:06:30.679980+02:00,-0.001968389125416063,0.17604378765210538,0.22073293665391505,-2.660948835077381,1.3788054446854472,-1.5014408736664806,1.5866411136147351,0.23883828127088585,-0.7188722258002581,-0.010645211925406795,-1.2825005922621888,0.43114125498565814,51.0,52.0,52.0,43.0,43.0,26.0,30.0,0.0,52.0,95.65,3975442432,1545580544,1600995328,9.12,8.86,9.13,25297891328,9401978880
2026-05-06T16:06:30.735052+02:00,-0.001968389125416063,0.17604378765210538,0.22073293665391505,-2.660948835077381,1.3788054446854472,-1.5014408736664806,1.5866411136147351,0.23883828127088585,-0.7188722258002581,-0.010645211925406795,-1.2825005922621888,0.43114125498565814,51.0,52.0,52.0,43.0,43.0,26.0,30.0,0.0,52.0,95.65,3975442432,1545580544,1600995328,9.12,8.86,9.13,25297891328,9401978880
2026-05-06T16:06:30.790126+02:00,-0.001968389125416063,0.17604378765210538,0.22073293665391505,-2.660948835077381,1.3788054446854472,-1.5014408736664806,1.5866411136147351,0.23883828127088585,-0.7188722258002581,-0.010645211925406795,-1.2825005922621888,0.43114125498565814,51.0,52.0,52.0,43.0,43.0,26.0,30.0,0.0,52.0,95.65,3975442432,1545580544,1600995328,9.12,8.86,9.13,25297891328,9401978880
2026-05-06T16:06:30.841419+02:00,-0.001968389125416063,0.17604378765210538,0.22073293665391505,-2.660948835077381,1.3788054446854472,-1.5014408736664806,1.5866411136147351,0.23883828127088585,-0.7188722258002581,-0.010645211925406795,-1.2825005922621888,0.43114125498565814,51.0,52.0,52.0,43.0,43.0,26.0,30.0,0.0,52.0,95.65,3975442432,1545580544,1600995328,9.12,8.86,9.13,25297891328,9401978880
2026-05-06T16:06:30.896537+02:00,-0.001968389125416063,0.17604378765210538,0.22073293665391505,-2.660948835077381,1.3788054446854472,-1.5014408736664806,1.5866411136147351,0.23883828127088585,-0.7188722258002581,-0.010645211925406795,-1.2825005922621888,0.43114125498565814,51.0,52.0,52.0,43.0,43.0,26.0,30.0,0.0,52.0,95.65,3975442432,1545580544,1600995328,9.12,8.86,9.13,25297891328,9401978880
2026-05-06T16:06:30.951497+02:00,-0.001968389125416063,0.17604378765210538,0.22073293665391505,-2.660948835077381,1.3788054446854472,-1.5014408736664806,1.5866411136147351,0.23883828127088585,-0.7188722258002581,-0.010645211925406795,-1.2825005922621888,0.43114125498565814,51.0,52.0,52.0,43.0,43.0,26.0,30.0,0.0,52.0,95.65,3975442432,1545580544,1600995328,9.12,8.86,9.13,25297891328,9401978880
2026-05-06T16:06:31.004203+02:00,-0.001968389125416063,0.17604378765210538,0.22073293665391505,-2.660948835077381,1.3788054446854472,-1.5014408736664806,1.5866411136147351,0.23883828127088585,-0.7188722258002581,-0.010645211925406795,-1.2825005922621888,0.43114125498565814,51.0,52.0,52.0,43.0,43.0,26.0,30.0,0.0,52.0,95.65,3975442432,1545580544,1600995328,9.12,8.86,9.13,25297891328,9401978880
2026-05-06T16:06:31.055253+02:00,-0.001968389125416063,0.17604378765210538,0.22073293665391505,-2.660948835077381,1.3788054446854472,-1.5014408736664806,1.5866411136147351,0.23883828127088585,-0.7188722258002581,-0.010645211925406795,-1.2840345730500746,0.43114125498565814,51.0,52.0,52.0,43.0,43.0,26.0,30.0,0.0,52.0,95.65,3975442432,1545580544,1600995328,9.12,8.86,9.13,25297891328,9401978880
2026-05-06T16:06:31.110346+02:00,-0.001968389125416063,0.17604378765210538,0.22073293665391505,-2.660948835077381,1.3788054446854472,-1.5014408736664806,1.5866411136147351,0.23883828127088585,-0.7188722258002581,-0.010645211925406795,-1.2825005922621888,0.43114125498565814,51.0,52.0,52.0,43.0,43.0,26.0,30.0,0.0,52.0,95.65,3975442432,1545580544,1600995328,9.12,8.86,9.13,25297891328,9401978880
2026-05-06T16:06:31.163113+02:00,-0.001968389125416063,0.17604378765210538,0.22073293665391505,-2.660948835077381,1.3788054446854472,-1.5014408736664806,1.5866411136147351,0.23883828127088585,-0.7188722258002581,-0.010645211925406795,-1.2825005922621888,0.43114125498565814,51.0,52.0,52.0,43.0,43.0,26.0,30.0,0.0,52.0,97.87,3975442432,1550024704,1596542976,9.12,8.86,9.13,25297891328,9401978880
2026-05-06T16:06:31.214553+02:00,-0.001968389125416063,0.17604378765210538,0.22073293665391505,-2.660948835077381,1.3788054446854472,-1.5014408736664806,1.5866411136147351,0.23883828127088585,-0.7188722258002581,-0.010645211925406795,-1.2840345730500746,0.43114125498565814,51.0,52.0,52.0,43.0,43.0,26.0,30.0,0.0,52.0,97.87,3975442432,1550024704,1596542976,9.12,8.86,9.13,25297891328,9401978880
2026-05-06T16:06:31.265473+02:00,-0.001968389125416063,0.17604378765210538,0.22073293665391505,-2.660948835077381,1.3788054446854472,-1.5014408736664806,1.5866411136147351,0.23883828127088585,-0.7188722258002581,-0.010645211925406795,-1.2840345730500746,0.43114125498565814,51.0,52.0,52.0,43.0,43.0,26.0,30.0,0.0,52.0,97.87,3975442432,1550024704,1596542976,9.12,8.86,9.13,25297891328,9401978880
2026-05-06T16:06:31.320566+02:00,-0.001968389125416063,0.17604378765210538,0.22073293665391505,-2.660948835077381,1.3788054446854472,-1.5014408736664806,1.5866411136147351,0.23883828127088585,-0.7188722258002581,-0.010645211925406795,-1.2840345730500746,0.43114125498565814,51.0,52.0,52.0,43.0,43.0,26.0,30.0,0.0,52.0,97.87,3975442432,1550024704,1596542976,9.12,8.86,9.13,25297891328,9401978880
2026-05-06T16:06:31.375578+02:00,-0.0019658312939392765,0.17591582907846615,0.22074342937233313,-2.661336211498802,1.3772733283240233,-1.5018355596246544,1.5866411136147351,0.23883828127088585,-0.7188722258002581,-0.010645211925406795,-1.2840345730500746,0.43114125498565814,51.0,52.0,52.0,43.0,43.0,26.0,30.0,0.0,52.0,97.87,3975442432,1550024704,1596542976,9.12,8.86,9.13,25297891328,9401978880
2026-05-06T16:06:31.430604+02:00,-0.0019658312939392765,0.17591582907846615,0.22074342937233313,-2.661336211498802,1.3772733283240233,-1.5018355596246544,1.5866411136147351,0.23883828127088585,-0.7188722258002581,-0.010645211925406795,-1.2840345730500746,0.43114125498565814,51.0,52.0,52.0,43.0,43.0,26.0,30.0,0.0,52.0,97.87,3975442432,1550024704,1596542976,9.12,8.86,9.13,25297891328,9401978880
2026-05-06T16:06:31.485611+02:00,-0.0019658312939392765,0.17591582907846615,0.22074342937233313,-2.661336211498802,1.3772733283240233,-1.5018355596246544,1.5866411136147351,0.23883828127088585,-0.7188722258002581,-0.010645211925406795,-1.2840345730500746,0.43114125498565814,51.0,52.0,52.0,43.0,43.0,26.0,30.0,0.0,52.0,97.87,3975442432,1550024704,1596542976,9.12,8.86,9.13,25297891328,9401978880
2026-05-06T16:06:31.537920+02:00,-0.0019658312939392765,0.17591582907846615,0.22074342937233313,-2.661336211498802,1.3772733283240233,-1.5018355596246544,1.5866411136147351,0.23883828127088585,-0.7188722258002581,-0.010645211925406795,-1.2840345730500746,0.43114125498565814,51.0,52.0,52.0,43.0,43.0,26.0,30.0,0.0,52.0,97.87,3975442432,1550024704,1596542976,9.12,8.86,9.13,25297891328,9401978880
2026-05-06T16:06:31.588131+02:00,-0.0019658312939392765,0.17591582907846615,0.22074342937233313,-2.661336211498802,1.3772733283240233,-1.5018355596246544,1.5866411136147351,0.23883828127088585,-0.7188722258002581,-0.010645211925406795,-1.2840345730500746,0.43114125498565814,51.0,52.0,52.0,43.0,43.0,26.0,30.0,0.0,52.0,97.87,3975442432,1550024704,1596542976,9.12,8.86,9.13,25297891328,9401978880
2026-05-06T16:06:31.638314+02:00,-0.0019658312939392765,0.17591582907846615,0.22074342937233313,-2.661336211498802,1.3772733283240233,-1.5018355596246544,1.5866411136147351,0.23883828127088585,-0.7188722258002581,-0.010645211925406795,-1.2840345730500746,0.43114125498565814,51.0,52.0,52.0,43.0,43.0,26.0,30.0,0.0,52.0,97.87,3975442432,1550024704,1596542976,9.12,8.86,9.13,25297891328,9401978880
2026-05-06T16:06:31.690322+02:00,-0.0019658312939392765,0.17591582907846615,0.22074342937233313,-2.661336211498802,1.3772733283240233,-1.5018355596246544,1.5866411136147351,0.23883828127088585,-0.7188722258002581,-0.010645211925406795,-1.2840345730500746,0.43114125498565814,51.0,52.0,52.0,43.0,43.0,26.0,30.0,0.0,52.0,97.87,3975442432,1550024704,1596542976,9.12,8.86,9.13,25297891328,9401978880
2026-05-06T16:06:31.741243+02:00,-0.0019658312939392765,0.17591582907846615,0.22074342937233313,-2.661336211498802,1.3772733283240233,-1.5018355596246544,1.5866411136147351,0.23883828127088585,-0.7188722258002581,-0.010645211925406795,-1.2840345730500746,0.43114125498565814,51.0,52.0,52.0,43.0,43.0,26.0,30.0,0.0,52.0,97.87,3975442432,1550024704,1596542976,9.12,8.86,9.13,25297891328,9401978880
2026-05-06T16:06:31.792987+02:00,-0.0019658312939392765,0.17591582907846615,0.22074342937233313,-2.661336211498802,1.3772733283240233,-1.5018355596246544,1.5866411136147351,0.23883828127088585,-0.7188722258002581,-0.010645211925406795,-1.2840345730500746,0.43114125498565814,51.0,52.0,52.0,43.0,43.0,26.0,30.0,0.0,52.0,97.87,3975442432,1550024704,1596542976,9.12,8.86,9.13,25297891328,9401978880
2026-05-06T16:06:31.843158+02:00,-0.0019658312939392765,0.17591582907846615,0.22074342937233313,-2.661336211498802,1.3772733283240233,-1.5018355596246544,1.5866411136147351,0.23883828127088585,-0.7188722258002581,-0.010645211925406795,-1.2840345730500746,0.43114125498565814,51.0,52.0,52.0,43.0,43.0,26.0,30.0,0.0,52.0,97.87,3975442432,1550024704,1596542976,9.12,8.86,9.13,25297891328,9401978880
2026-05-06T16:06:31.898204+02:00,-0.0019658312939392765,0.17591582907846615,0.22074342937233313,-2.661336211498802,1.3772733283240233,-1.5018355596246544,1.5866411136147351,0.23883828127088585,-0.7188722258002581,-0.010645211925406795,-1.2840345730500746,0.43114125498565814,51.0,52.0,52.0,43.0,43.0,26.0,30.0,0.0,52.0,97.87,3975442432,1550024704,1596542976,9.12,8.86,9.13,25297891328,9401978880
2026-05-06T16:06:31.953234+02:00,-0.0019658312939392765,0.17591582907846615,0.22074342937233313,-2.661336211498802,1.3772733283240233,-1.5018355596246544,1.5866411136147351,0.23883828127088585,-0.7188722258002581,-0.010645211925406795,-1.2840345730500746,0.43114125498565814,51.0,52.0,52.0,43.0,43.0,26.0,30.0,0.0,52.0,97.87,3975442432,1550024704,1596542976,9.12,8.86,9.13,25297891328,9401978880
2026-05-06T16:06:32.005831+02:00,-0.0019658312939392765,0.17591582907846615,0.22074342937233313,-2.661336211498802,1.3772733283240233,-1.5018355596246544,1.5866411136147351,0.23883828127088585,-0.7188722258002581,-0.010645211925406795,-1.2840345730500746,0.43114125498565814,51.0,52.0,52.0,43.0,43.0,26.0,30.0,0.0,52.0,97.87,3975442432,1550024704,1596542976,9.12,8.86,9.13,25297891328,9401978880
2026-05-06T16:06:32.060352+02:00,-0.0019658312939392765,0.17591582907846615,0.22074342937233313,-2.661336211498802,1.3772733283240233,-1.5018355596246544,1.5866411136147351,0.23883828127088585,-0.7188722258002581,-0.010645211925406795,-1.2840345730500746,0.43114125498565814,51.0,52.0,52.0,43.0,43.0,26.0,30.0,0.0,52.0,97.87,3975442432,1550024704,1596542976,9.12,8.86,9.13,25297891328,9401978880
2026-05-06T16:06:32.113693+02:00,-0.0019658312939392765,0.17591582907846615,0.22074342937233313,-2.661336211498802,1.3772733283240233,-1.5018355596246544,1.5866411136147351,0.23883828127088585,-0.7188722258002581,-0.010645211925406795,-1.2840345730500746,0.43114125498565814,51.0,52.0,52.0,43.0,43.0,26.0,30.0,0.0,52.0,97.87,3975442432,1550024704,1596542976,9.12,8.86,9.13,25297891328,9401978880
2026-05-06T16:06:32.166127+02:00,-0.0019658312939392765,0.17591582907846615,0.22074342937233313,-2.661336211498802,1.3772733283240233,-1.5018355596246544,1.5866411136147351,0.23883828127088585,-0.7188722258002581,-0.010645211925406795,-1.2855685538379604,0.43114125498565814,51.0,52.0,52.0,43.0,43.0,26.0,30.0,0.0,52.0,97.87,3975442432,1550024704,1596542976,9.12,8.86,9.13,25297891328,9401978880
2026-05-06T16:06:32.221160+02:00,-0.0019658312939392765,0.17591582907846615,0.22074342937233313,-2.661336211498802,1.3772733283240233,-1.5018355596246544,1.5866411136147351,0.23883828127088585,-0.7188722258002581,-0.010645211925406795,-1.2855685538379604,0.43114125498565814,51.0,52.0,52.0,43.0,43.0,26.0,30.0,0.0,52.0,98.66,3975442432,1577431040,1569136640,9.12,8.86,9.13,25297891328,9401978880
2026-05-06T16:06:32.273125+02:00,-0.0019658312939392765,0.17591582907846615,0.22074342937233313,-2.661336211498802,1.3772733283240233,-1.5018355596246544,1.5866411136147351,0.23883828127088585,-0.7188722258002581,-0.010645211925406795,-1.2871025346258453,0.43114125498565814,51.0,52.0,52.0,43.0,43.0,26.0,30.0,0.0,52.0,98.66,3975442432,1577431040,1569136640,9.12,8.86,9.13,25297891328,9401978880
2026-05-06T16:06:32.328127+02:00,-0.0019658312939392765,0.17591582907846615,0.22074342937233313,-2.661336211498802,1.3772733283240233,-1.5018355596246544,1.5866411136147351,0.23883828127088585,-0.7188722258002581,-0.010645211925406795,-1.2871025346258453,0.43114125498565814,51.0,52.0,52.0,43.0,43.0,26.0,30.0,0.0,52.0,98.66,3975442432,1577431040,1569136640,9.12,8.86,9.13,25297891328,9401978880
2026-05-06T16:06:32.378169+02:00,-0.001960722208332226,0.1756599608470649,0.22076500369593738,-2.6620927339061065,1.3742090094482309,-1.5026067043756846,1.5866411136147351,0.23883828127088585,-0.7188722258002581,-0.010645211925406795,-1.2871025346258453,0.43114125498565814,51.0,52.0,52.0,43.0,43.0,26.0,30.0,27.0,52.0,98.66,3975442432,1577431040,1569136640,9.12,8.86,9.13,25297891328,9401978880
2026-05-06T16:06:32.429363+02:00,-0.001960722208332226,0.1756599608470649,0.22076500369593738,-2.6620927339061065,1.3742090094482309,-1.5026067043756846,1.5866411136147351,0.23883828127088585,-0.7188722258002581,-0.010645211925406795,-1.2871025346258453,0.43114125498565814,51.0,52.0,52.0,43.0,43.0,26.0,30.0,27.0,52.0,98.66,3975442432,1577431040,1569136640,9.12,8.86,9.13,25297891328,9401978880
2026-05-06T16:06:32.482694+02:00,-0.001960722208332226,0.1756599608470649,0.22076500369593738,-2.6620927339061065,1.3742090094482309,-1.5026067043756846,1.5866411136147351,0.23883828127088585,-0.7188722258002581,-0.010645211925406795,-1.2871025346258453,0.43114125498565814,51.0,52.0,52.0,43.0,43.0,26.0,30.0,27.0,52.0,98.66,3975442432,1577431040,1569136640,9.12,8.86,9.13,25297891328,9401978880
2026-05-06T16:06:32.537546+02:00,-0.001960722208332226,0.1756599608470649,0.22076500369593738,-2.6620927339061065,1.3742090094482309,-1.5026067043756846,1.5866411136147351,0.23883828127088585,-0.7188722258002581,-0.010645211925406795,-1.2871025346258453,0.43114125498565814,51.0,52.0,52.0,43.0,43.0,26.0,30.0,27.0,52.0,98.66,3975442432,1577431040,1569136640,9.12,8.86,9.13,25297891328,9401978880
2026-05-06T16:06:32.587864+02:00,-0.001960722208332226,0.1756599608470649,0.22076500369593738,-2.6620927339061065,1.3742090094482309,-1.5026067043756846,1.5866411136147351,0.23883828127088585,-0.7188722258002581,-0.010645211925406795,-1.2871025346258453,0.43114125498565814,51.0,52.0,52.0,43.0,43.0,26.0,30.0,27.0,52.0,98.66,3975442432,1577431040,1569136640,9.12,8.86,9.13,25297891328,9401978880
2026-05-06T16:06:32.638481+02:00,-0.001960722208332226,0.1756599608470649,0.22076500369593738,-2.6620927339061065,1.3742090094482309,-1.5026067043756846,1.5866411136147351,0.23883828127088585,-0.7188722258002581,-0.010645211925406795,-1.2871025346258453,0.43114125498565814,51.0,52.0,52.0,43.0,43.0,26.0,30.0,27.0,52.0,98.66,3975442432,1577431040,1569136640,9.12,8.86,9.13,25297891328,9401978880
2026-05-06T16:06:32.693539+02:00,-0.001960722208332226,0.1756599608470649,0.22076500369593738,-2.6620927339061065,1.3742090094482309,-1.5026067043756846,1.5866411136147351,0.23883828127088585,-0.7188722258002581,-0.010645211925406795,-1.2871025346258453,0.43114125498565814,51.0,52.0,52.0,43.0,43.0,26.0,30.0,27.0,52.0,98.66,3975442432,1577431040,1569136640,9.12,8.86,9.13,25297891328,9401978880
2026-05-06T16:06:32.745109+02:00,-0.001960722208332226,0.1756599608470649,0.22076500369593738,-2.6620927339061065,1.3742090094482309,-1.5026067043756846,1.5866411136147351,0.23883828127088585,-0.7188722258002581,-0.010645211925406795,-1.2871025346258453,0.43114125498565814,51.0,52.0,52.0,43.0,43.0,26.0,30.0,27.0,52.0,98.66,3975442432,1577431040,1569136640,9.12,8.86,9.13,25297891328,9401978880
2026-05-06T16:06:32.796336+02:00,-0.001960722208332226,0.1756599608470649,0.22076500369593738,-2.6620927339061065,1.3742090094482309,-1.5026067043756846,1.5866411136147351,0.23883828127088585,-0.7188722258002581,-0.010645211925406795,-1.2871025346258453,0.43114125498565814,51.0,52.0,52.0,43.0,43.0,26.0,30.0,27.0,52.0,98.66,3975442432,1577431040,1569136640,9.12,8.86,9.13,25297891328,9401978880
2026-05-06T16:06:32.851433+02:00,-0.001960722208332226,0.1756599608470649,0.22076500369593738,-2.6620927339061065,1.3742090094482309,-1.5026067043756846,1.5866411136147351,0.23883828127088585,-0.7188722258002581,-0.010645211925406795,-1.2871025346258453,0.43114125498565814,51.0,52.0,52.0,43.0,43.0,26.0,30.0,27.0,52.0,98.66,3975442432,1577431040,1569136640,9.12,8.86,9.13,25297891328,9401978880
2026-05-06T16:06:32.906173+02:00,-0.001960722208332226,0.1756599608470649,0.22076500369593738,-2.6620927339061065,1.3742090094482309,-1.5026067043756846,1.5866411136147351,0.23883828127088585,-0.7188722258002581,-0.010645211925406795,-1.2871025346258453,0.43114125498565814,51.0,52.0,52.0,43.0,43.0,26.0,30.0,27.0,52.0,98.66,3975442432,1577431040,1569136640,9.12,8.86,9.13,25297891328,9401978880
2026-05-06T16:06:32.961179+02:00,-0.001960722208332226,0.1756599608470649,0.22076500369593738,-2.6620927339061065,1.3742090094482309,-1.5026067043756846,1.5866411136147351,0.23883828127088585,-0.7188722258002581,-0.010645211925406795,-1.2871025346258453,0.43114125498565814,51.0,52.0,52.0,43.0,43.0,26.0,30.0,27.0,52.0,98.66,3975442432,1577431040,1569136640,9.12,8.86,9.13,25297891328,9401978880
2026-05-06T16:06:33.014570+02:00,-0.001960722208332226,0.1756599608470649,0.22076500369593738,-2.6620927339061065,1.3742090094482309,-1.5026067043756846,1.5866411136147351,0.23883828127088585,-0.7188722258002581,-0.010645211925406795,-1.2871025346258453,0.43114125498565814,51.0,52.0,52.0,43.0,43.0,26.0,30.0,27.0,52.0,98.66,3975442432,1577431040,1569136640,9.12,8.86,9.13,25297891328,9401978880
2026-05-06T16:06:33.068045+02:00,-0.001960722208332226,0.1756599608470649,0.22076500369593738,-2.6620927339061065,1.3742090094482309,-1.5026067043756846,1.5866411136147351,0.23883828127088585,-0.7188722258002581,-0.010645211925406795,-1.2871025346258453,0.43114125498565814,51.0,52.0,52.0,43.0,43.0,26.0,30.0,27.0,52.0,98.66,3975442432,1577431040,1569136640,9.12,8.86,9.13,25297891328,9401978880
2026-05-06T16:06:33.123134+02:00,-0.001960722208332226,0.1756599608470649,0.22076500369593738,-2.6620927339061065,1.3742090094482309,-1.5026067043756846,1.5866411136147351,0.23883828127088585,-0.7188722258002581,-0.010645211925406795,-1.2871025346258453,0.43114125498565814,51.0,52.0,52.0,43.0,43.0,26.0,30.0,27.0,52.0,98.66,3975442432,1577431040,1569136640,9.12,8.86,9.13,25297891328,9401978880
2026-05-06T16:06:33.175438+02:00,-0.001960722208332226,0.1756599608470649,0.22076500369593738,-2.6620927339061065,1.3742090094482309,-1.5026067043756846,1.5866411136147351,0.23883828127088585,-0.7188722258002581,-0.010645211925406795,-1.2871025346258453,0.43114125498565814,51.0,52.0,52.0,43.0,43.0,26.0,30.0,27.0,52.0,98.66,3975442432,1577431040,1569136640,9.12,8.86,9.13,25297891328,9401978880
2026-05-06T16:06:33.227388+02:00,-0.001960722208332226,0.1756599608470649,0.22076500369593738,-2.6620927339061065,1.3742090094482309,-1.5026067043756846,1.5866411136147351,0.23883828127088585,-0.7188722258002581,-0.010645211925406795,-1.2871025346258453,0.43114125498565814,51.0,52.0,52.0,43.0,43.0,26.0,30.0,27.0,52.0,98.66,3975442432,1577431040,1569136640,9.12,8.86,9.13,25297891328,9401978880
2026-05-06T16:06:33.282397+02:00,-0.001960722208332226,0.1756599608470649,0.22076500369593738,-2.6620927339061065,1.3742090094482309,-1.5026067043756846,1.5866411136147351,0.23883828127088585,-0.7188722258002581,-0.010645211925406795,-1.2871025346258453,0.43114125498565814,51.0,52.0,52.0,43.0,43.0,26.0,30.0,27.0,52.0,97.6,3975442432,1582170112,1564119040,9.12,8.86,9.13,25297891328,9401978880
2026-05-06T16:06:33.335675+02:00,-0.001960722208332226,0.1756599608470649,0.22076500369593738,-2.6620927339061065,1.3742090094482309,-1.5026067043756846,1.5866411136147351,0.23883828127088585,-0.7188722258002581,-0.010645211925406795,-1.2871025346258453,0.43114125498565814,51.0,52.0,52.0,43.0,43.0,26.0,30.0,27.0,52.0,97.6,3975442432,1582170112,1564119040,9.12,8.86,9.13,25297891328,9401978880
2026-05-06T16:06:33.390768+02:00,-0.001960722208332226,0.1756599608470649,0.22076500369593738,-2.6620927339061065,1.3742090094482309,-1.5026067043756846,1.5866411136147351,0.23883828127088585,-0.7188722258002581,-0.010645211925406795,-1.2871025346258453,0.43114125498565814,51.0,52.0,52.0,43.0,43.0,26.0,30.0,27.0,52.0,97.6,3975442432,1582170112,1564119040,9.12,8.86,9.13,25297891328,9401978880
2026-05-06T16:06:33.442180+02:00,-0.001960722208332226,0.1756599608470649,0.22076500369593738,-2.6620927339061065,1.3742090094482309,-1.5026067043756846,1.5866411136147351,0.23883828127088585,-0.7188722258002581,-0.010645211925406795,-1.2871025346258453,0.43114125498565814,51.0,52.0,52.0,43.0,43.0,26.0,30.0,27.0,52.0,97.6,3975442432,1582170112,1564119040,9.12,8.86,9.13,25297891328,9401978880
2026-05-06T16:06:33.493153+02:00,-0.001960722208332226,0.1756599608470649,0.22076500369593738,-2.6620927339061065,1.3742090094482309,-1.5026067043756846,1.5866411136147351,0.23883828127088585,-0.7188722258002581,-0.010645211925406795,-1.2871025346258453,0.43114125498565814,51.0,52.0,52.0,43.0,43.0,26.0,30.0,27.0,52.0,97.6,3975442432,1582170112,1564119040,9.12,8.86,9.13,25297891328,9401978880
2026-05-06T16:06:33.546037+02:00,-0.001960722208332226,0.1756599608470649,0.22076500369593738,-2.6620927339061065,1.3742090094482309,-1.5026067043756846,1.5866411136147351,0.23883828127088585,-0.7188722258002581,-0.010645211925406795,-1.2871025346258453,0.43114125498565814,51.0,52.0,52.0,43.0,43.0,26.0,30.0,27.0,52.0,97.6,3975442432,1582170112,1564119040,9.12,8.86,9.13,25297891328,9401978880
2026-05-06T16:06:33.597961+02:00,-0.001960722208332226,0.1756599608470649,0.22076500369593738,-2.6620927339061065,1.3742090094482309,-1.5026067043756846,1.5866411136147351,0.23883828127088585,-0.7188722258002581,-0.010645211925406795,-1.2871025346258453,0.43114125498565814,51.0,52.0,52.0,43.0,43.0,26.0,30.0,27.0,52.0,97.6,3975442432,1582170112,1564119040,9.12,8.86,9.13,25297891328,9401978880
2026-05-06T16:06:33.652970+02:00,-0.001960722208332226,0.1756599608470649,0.22076500369593738,-2.6620927339061065,1.3742090094482309,-1.5026067043756846,1.5866411136147351,0.23883828127088585,-0.7188722258002581,-0.010645211925406795,-1.2871025346258453,0.43114125498565814,51.0,52.0,52.0,43.0,43.0,26.0,30.0,27.0,52.0,97.6,3975442432,1582170112,1564119040,9.12,8.86,9.13,25297891328,9401978880
2026-05-06T16:06:33.704392+02:00,-0.001960722208332226,0.1756599608470649,0.22076500369593738,-2.6620927339061065,1.3742090094482309,-1.5026067043756846,1.5866411136147351,0.23883828127088585,-0.7188722258002581,-0.010645211925406795,-1.2871025346258453,0.43114125498565814,51.0,52.0,52.0,43.0,43.0,26.0,30.0,27.0,52.0,97.6,3975442432,1582170112,1564119040,9.12,8.86,9.13,25297891328,9401978880
2026-05-06T16:06:33.759469+02:00,-0.001960722208332226,0.1756599608470649,0.22076500369593738,-2.6620927339061065,1.3742090094482309,-1.5026067043756846,1.5866411136147351,0.23883828127088585,-0.7188722258002581,-0.010645211925406795,-1.2871025346258453,0.43114125498565814,51.0,52.0,52.0,43.0,43.0,26.0,30.0,27.0,52.0,97.6,3975442432,1582170112,1564119040,9.12,8.86,9.13,25297891328,9401978880
2026-05-06T16:06:33.814479+02:00,-0.001960722208332226,0.1756599608470649,0.22076500369593738,-2.6620927339061065,1.3742090094482309,-1.5026067043756846,1.5866411136147351,0.23883828127088585,-0.7188722258002581,-0.010645211925406795,-1.2871025346258453,0.43114125498565814,51.0,52.0,52.0,43.0,43.0,26.0,30.0,27.0,52.0,97.6,3975442432,1582170112,1564119040,9.12,8.86,9.13,25297891328,9401978880
2026-05-06T16:06:33.864626+02:00,-0.001960722208332226,0.1756599608470649,0.22076500369593738,-2.6620927339061065,1.3742090094482309,-1.5026067043756846,1.5866411136147351,0.23883828127088585,-0.7188722258002581,-0.010645211925406795,-1.2871025346258453,0.43114125498565814,51.0,52.0,52.0,43.0,43.0,26.0,30.0,27.0,52.0,97.6,3975442432,1582170112,1564119040,9.12,8.86,9.13,25297891328,9401978880
2026-05-06T16:06:33.919676+02:00,-0.001960722208332226,0.1756599608470649,0.22076500369593738,-2.6620927339061065,1.3742090094482309,-1.5026067043756846,1.5866411136147351,0.23883828127088585,-0.7188722258002581,-0.010645211925406795,-1.2871025346258453,0.43114125498565814,51.0,52.0,52.0,43.0,43.0,26.0,30.0,27.0,52.0,97.6,3975442432,1582170112,1564119040,9.12,8.86,9.13,25297891328,9401978880
2026-05-06T16:06:33.974764+02:00,-0.001960722208332226,0.1756599608470649,0.22076500369593738,-2.6620927339061065,1.3742090094482309,-1.5026067043756846,1.5866411136147351,0.23883828127088585,-0.7188722258002581,-0.010645211925406795,-1.2871025346258453,0.43114125498565814,51.0,52.0,52.0,43.0,43.0,26.0,30.0,27.0,52.0,97.6,3975442432,1582170112,1564119040,9.12,8.86,9.13,25297891328,9401978880
2026-05-06T16:06:34.029764+02:00,-0.001960722208332226,0.1756599608470649,0.22076500369593738,-2.6620927339061065,1.3742090094482309,-1.5026067043756846,1.5866411136147351,0.23883828127088585,-0.7188722258002581,-0.010645211925406795,-1.2871025346258453,0.43114125498565814,51.0,52.0,52.0,43.0,43.0,26.0,30.0,27.0,52.0,97.6,3975442432,1582170112,1564119040,9.12,8.86,9.13,25297891328,9401978880
2026-05-06T16:06:34.083457+02:00,-0.001960722208332226,0.1756599608470649,0.22076500369593738,-2.6620927339061065,1.3742090094482309,-1.5026067043756846,1.5866411136147351,0.23883828127088585,-0.7188722258002581,-0.010645211925406795,-1.2871025346258453,0.43114125498565814,51.0,52.0,52.0,43.0,43.0,26.0,30.0,27.0,52.0,97.6,3975442432,1582170112,1564119040,9.12,8.86,9.13,25297891328,9401978880
2026-05-06T16:06:34.136189+02:00,-0.001960722208332226,0.1756599608470649,0.22076500369593738,-2.6620927339061065,1.3742090094482309,-1.5026067043756846,1.5866411136147351,0.23883828127088585,-0.7188722258002581,-0.010645211925406795,-1.2871025346258453,0.43114125498565814,51.0,52.0,52.0,43.0,43.0,26.0,30.0,27.0,52.0,97.6,3975442432,1582170112,1564119040,9.12,8.86,9.13,25297891328,9401978880
2026-05-06T16:06:34.189604+02:00,-0.001960722208332226,0.1756599608470649,0.22076500369593738,-2.6620927339061065,1.3742090094482309,-1.5026067043756846,1.5866411136147351,0.23883828127088585,-0.7188722258002581,-0.010645211925406795,-1.2871025346258453,0.43114125498565814,51.0,52.0,52.0,43.0,43.0,26.0,30.0,27.0,52.0,97.6,3975442432,1582170112,1564119040,9.12,8.86,9.13,25297891328,9401978880
2026-05-06T16:06:34.244658+02:00,-0.001960722208332226,0.1756599608470649,0.22076500369593738,-2.6620927339061065,1.3742090094482309,-1.5026067043756846,1.5866411136147351,0.23883828127088585,-0.7188722258002581,-0.010645211925406795,-1.2871025346258453,0.43114125498565814,51.0,52.0,52.0,43.0,43.0,26.0,30.0,27.0,52.0,94.44,3975442432,1588391936,1557905408,9.19,8.88,9.14,25297891328,9401987072
2026-05-06T16:06:34.299747+02:00,-0.001960722208332226,0.1756599608470649,0.22076500369593738,-2.6620927339061065,1.3742090094482309,-1.5026067043756846,1.5866411136147351,0.23883828127088585,-0.7188722258002581,-0.010645211925406795,-1.2871025346258453,0.43114125498565814,51.0,52.0,52.0,43.0,43.0,26.0,30.0,27.0,52.0,94.44,3975442432,1588391936,1557905408,9.19,8.88,9.14,25297891328,9401987072
2026-05-06T16:06:34.352782+02:00,-0.001960722208332226,0.1756599608470649,0.22076500369593738,-2.6620927339061065,1.3742090094482309,-1.5026067043756846,1.5866411136147351,0.23883828127088585,-0.7188722258002581,-0.010645211925406795,-1.2871025346258453,0.43114125498565814,51.0,52.0,52.0,43.0,43.0,26.0,30.0,27.0,52.0,94.44,3975442432,1588391936,1557905408,9.19,8.88,9.14,25297891328,9401987072
2026-05-06T16:06:34.407813+02:00,-0.001960722208332226,0.1756599608470649,0.22076500369593738,-2.6620927339061065,1.3742090094482309,-1.5026067043756846,1.5866411136147351,0.23883828127088585,-0.7188722258002581,-0.010645211925406795,-1.2871025346258453,0.43114125498565814,51.0,52.0,52.0,43.0,43.0,26.0,30.0,27.0,52.0,94.44,3975442432,1588391936,1557905408,9.19,8.88,9.14,25297891328,9401987072
2026-05-06T16:06:34.462833+02:00,-0.001960722208332226,0.1756599608470649,0.22076500369593738,-2.6620927339061065,1.3742090094482309,-1.5026067043756846,1.5866411136147351,0.23883828127088585,-0.7188722258002581,-0.010645211925406795,-1.2871025346258453,0.43114125498565814,51.0,52.0,52.0,43.0,43.0,26.0,30.0,27.0,52.0,94.44,3975442432,1588391936,1557905408,9.19,8.88,9.14,25297891328,9401987072
2026-05-06T16:06:34.517863+02:00,-0.001960722208332226,0.1756599608470649,0.22076500369593738,-2.6620927339061065,1.3742090094482309,-1.5026067043756846,1.5866411136147351,0.23883828127088585,-0.7188722258002581,-0.010645211925406795,-1.2871025346258453,0.43114125498565814,51.0,52.0,52.0,43.0,43.0,26.0,30.0,27.0,52.0,94.44,3975442432,1588391936,1557905408,9.19,8.88,9.14,25297891328,9401987072
2026-05-06T16:06:34.572901+02:00,-0.001960722208332226,0.1756599608470649,0.22076500369593738,-2.6620927339061065,1.3742090094482309,-1.5026067043756846,1.5866411136147351,0.23883828127088585,-0.7188722258002581,-0.010645211925406795,-1.2871025346258453,0.43114125498565814,51.0,52.0,52.0,43.0,43.0,26.0,30.0,27.0,52.0,94.44,3975442432,1588391936,1557905408,9.19,8.88,9.14,25297891328,9401987072
2026-05-06T16:06:34.624123+02:00,-0.001960722208332226,0.1756599608470649,0.22076500369593738,-2.6620927339061065,1.3742090094482309,-1.5026067043756846,1.5866411136147351,0.23883828127088585,-0.7188722258002581,-0.010645211925406795,-1.2871025346258453,0.43114125498565814,51.0,52.0,52.0,43.0,43.0,26.0,30.0,27.0,52.0,94.44,3975442432,1588391936,1557905408,9.19,8.88,9.14,25297891328,9401987072
2026-05-06T16:06:34.679173+02:00,-0.001960722208332226,0.1756599608470649,0.22076500369593738,-2.6620927339061065,1.3742090094482309,-1.5026067043756846,1.5866411136147351,0.23883828127088585,-0.7188722258002581,-0.010645211925406795,-1.2871025346258453,0.43114125498565814,51.0,52.0,52.0,43.0,43.0,26.0,30.0,27.0,52.0,94.44,3975442432,1588391936,1557905408,9.19,8.88,9.14,25297891328,9401987072
2026-05-06T16:06:34.734205+02:00,-0.001960722208332226,0.1756599608470649,0.22076500369593738,-2.6620927339061065,1.3742090094482309,-1.5026067043756846,1.5866411136147351,0.23883828127088585,-0.7188722258002581,-0.010645211925406795,-1.2871025346258453,0.43114125498565814,51.0,52.0,52.0,43.0,43.0,26.0,30.0,27.0,52.0,94.44,3975442432,1588391936,1557905408,9.19,8.88,9.14,25297891328,9401987072
2026-05-06T16:06:34.785783+02:00,-0.001960722208332226,0.1756599608470649,0.22076500369593738,-2.6620927339061065,1.3742090094482309,-1.5026067043756846,1.5866411136147351,0.23883828127088585,-0.7188722258002581,-0.010645211925406795,-1.2871025346258453,0.43114125498565814,51.0,52.0,52.0,43.0,43.0,26.0,30.0,27.0,52.0,94.44,3975442432,1588391936,1557905408,9.19,8.88,9.14,25297891328,9401987072
2026-05-06T16:06:34.840868+02:00,-0.001960722208332226,0.1756599608470649,0.22076500369593738,-2.6620927339061065,1.3742090094482309,-1.5026067043756846,1.5866411136147351,0.23883828127088585,-0.7188722258002581,-0.010645211925406795,-1.2871025346258453,0.43114125498565814,51.0,52.0,52.0,43.0,43.0,26.0,30.0,27.0,52.0,94.44,3975442432,1588391936,1557905408,9.19,8.88,9.14,25297891328,9401987072
2026-05-06T16:06:34.891152+02:00,-0.001960722208332226,0.1756599608470649,0.22076500369593738,-2.6620927339061065,1.3742090094482309,-1.5026067043756846,1.5866411136147351,0.23883828127088585,-0.7188722258002581,-0.010645211925406795,-1.2871025346258453,0.43114125498565814,51.0,52.0,52.0,43.0,43.0,26.0,30.0,27.0,52.0,94.44,3975442432,1588391936,1557905408,9.19,8.88,9.14,25297891328,9401987072
2026-05-06T16:06:34.942780+02:00,-0.001960722208332226,0.1756599608470649,0.22076500369593738,-2.6620927339061065,1.3742090094482309,-1.5026067043756846,1.5866411136147351,0.23883828127088585,-0.7188722258002581,-0.010645211925406795,-1.2871025346258453,0.43114125498565814,51.0,52.0,52.0,43.0,43.0,26.0,30.0,27.0,52.0,94.44,3975442432,1588391936,1557905408,9.19,8.88,9.14,25297891328,9401987072
2026-05-06T16:06:34.993019+02:00,-0.001960722208332226,0.1756599608470649,0.22076500369593738,-2.6620927339061065,1.3742090094482309,-1.5026067043756846,1.5866411136147351,0.23883828127088585,-0.7188722258002581,-0.010645211925406795,-1.2871025346258453,0.43114125498565814,51.0,52.0,52.0,43.0,43.0,26.0,30.0,27.0,52.0,94.44,3975442432,1588391936,1557905408,9.19,8.88,9.14,25297891328,9401987072
2026-05-06T16:06:35.048073+02:00,-0.001960722208332226,0.1756599608470649,0.22076500369593738,-2.6620927339061065,1.3742090094482309,-1.5026067043756846,1.5866411136147351,0.23883828127088585,-0.7188722258002581,-0.010645211925406795,-1.2871025346258453,0.43114125498565814,51.0,52.0,52.0,43.0,43.0,26.0,30.0,27.0,52.0,94.44,3975442432,1588391936,1557905408,9.19,8.88,9.14,25297891328,9401987072
2026-05-06T16:06:35.102613+02:00,-0.001960722208332226,0.1756599608470649,0.22076500369593738,-2.6620927339061065,1.3742090094482309,-1.5026067043756846,1.5866411136147351,0.23883828127088585,-0.7188722258002581,-0.010645211925406795,-1.2871025346258453,0.43114125498565814,51.0,52.0,52.0,43.0,43.0,26.0,30.0,27.0,52.0,91.73,3975442432,1552744448,1593544704,9.19,8.88,9.14,25297891328,9401987072
2026-05-06T16:06:35.154347+02:00,-0.001960722208332226,0.1756599608470649,0.22076500369593738,-2.6620927339061065,1.3742090094482309,-1.5026067043756846,1.5866411136147351,0.23883828127088585,-0.7188722258002581,-0.010645211925406795,-1.2871025346258453,0.43114125498565814,51.0,52.0,52.0,43.0,43.0,26.0,30.0,27.0,52.0,91.73,3975442432,1552744448,1593544704,9.19,8.88,9.14,25297891328,9401987072
2026-05-06T16:06:35.204622+02:00,-0.001960722208332226,0.1756599608470649,0.22076500369593738,-2.6620927339061065,1.3742090094482309,-1.5026067043756846,1.5866411136147351,0.23883828127088585,-0.7188722258002581,-0.010645211925406795,-1.2871025346258453,0.43114125498565814,51.0,52.0,52.0,43.0,43.0,26.0,30.0,27.0,52.0,91.73,3975442432,1552744448,1593544704,9.19,8.88,9.14,25297891328,9401987072
2026-05-06T16:06:35.259697+02:00,-0.001960722208332226,0.1756599608470649,0.22076500369593738,-2.6620927339061065,1.3742090094482309,-1.5026067043756846,1.5866411136147351,0.23883828127088585,-0.7188722258002581,-0.010645211925406795,-1.2871025346258453,0.43114125498565814,51.0,52.0,52.0,43.0,43.0,26.0,30.0,27.0,52.0,91.73,3975442432,1552744448,1593544704,9.19,8.88,9.14,25297891328,9401987072
2026-05-06T16:06:35.309815+02:00,-0.001960722208332226,0.1756599608470649,0.22076500369593738,-2.6620927339061065,1.3742090094482309,-1.5026067043756846,1.5866411136147351,0.23883828127088585,-0.7188722258002581,-0.010645211925406795,-1.2871025346258453,0.43114125498565814,51.0,52.0,52.0,43.0,43.0,26.0,30.0,27.0,52.0,91.73,3975442432,1552744448,1593544704,9.19,8.88,9.14,25297891328,9401987072
2026-05-06T16:06:35.363838+02:00,-0.001960722208332226,0.1756599608470649,0.22076500369593738,-2.6620927339061065,1.3742090094482309,-1.5026067043756846,1.5866411136147351,0.23883828127088585,-0.7188722258002581,-0.010645211925406795,-1.2871025346258453,0.43114125498565814,51.0,52.0,52.0,43.0,43.0,26.0,30.0,27.0,52.0,91.73,3975442432,1552744448,1593544704,9.19,8.88,9.14,25297891328,9401987072
2026-05-06T16:06:35.414371+02:00,-0.001960722208332226,0.1756599608470649,0.22076500369593738,-2.6620927339061065,1.3742090094482309,-1.5026067043756846,1.5866411136147351,0.23883828127088585,-0.7188722258002581,-0.010645211925406795,-1.2871025346258453,0.43114125498565814,51.0,52.0,52.0,43.0,43.0,26.0,30.0,27.0,52.0,91.73,3975442432,1552744448,1593544704,9.19,8.88,9.14,25297891328,9401987072
2026-05-06T16:06:35.465696+02:00,-0.001960722208332226,0.1756599608470649,0.22076500369593738,-2.6620927339061065,1.3742090094482309,-1.5026067043756846,1.5866411136147351,0.23883828127088585,-0.7188722258002581,-0.010645211925406795,-1.2871025346258453,0.43114125498565814,51.0,52.0,52.0,43.0,43.0,26.0,30.0,27.0,52.0,91.73,3975442432,1552744448,1593544704,9.19,8.88,9.14,25297891328,9401987072
2026-05-06T16:06:35.520745+02:00,-0.001960722208332226,0.1756599608470649,0.22076500369593738,-2.6620927339061065,1.3742090094482309,-1.5026067043756846,1.5866411136147351,0.23883828127088585,-0.7188722258002581,-0.010645211925406795,-1.2871025346258453,0.43114125498565814,51.0,52.0,52.0,43.0,43.0,26.0,30.0,27.0,52.0,91.73,3975442432,1552744448,1593544704,9.19,8.88,9.14,25297891328,9401987072
2026-05-06T16:06:35.575749+02:00,-0.001960722208332226,0.1756599608470649,0.22076500369593738,-2.6620927339061065,1.3742090094482309,-1.5026067043756846,1.5866411136147351,0.23883828127088585,-0.7188722258002581,-0.010645211925406795,-1.2871025346258453,0.43114125498565814,51.0,52.0,52.0,43.0,43.0,26.0,30.0,27.0,52.0,91.73,3975442432,1552744448,1593544704,9.19,8.88,9.14,25297891328,9401987072
2026-05-06T16:06:35.630843+02:00,-0.001960722208332226,0.1756599608470649,0.22076500369593738,-2.6620927339061065,1.3742090094482309,-1.5026067043756846,1.5866411136147351,0.23883828127088585,-0.7188722258002581,-0.010645211925406795,-1.2871025346258453,0.43114125498565814,51.0,52.0,52.0,43.0,43.0,26.0,30.0,27.0,52.0,91.73,3975442432,1552744448,1593544704,9.19,8.88,9.14,25297891328,9401987072
2026-05-06T16:06:35.682609+02:00,-0.001960722208332226,0.1756599608470649,0.22076500369593738,-2.6620927339061065,1.3742090094482309,-1.5026067043756846,1.5866411136147351,0.23883828127088585,-0.7188722258002581,-0.010645211925406795,-1.2871025346258453,0.43114125498565814,51.0,52.0,52.0,43.0,43.0,26.0,30.0,27.0,52.0,91.73,3975442432,1552744448,1593544704,9.19,8.88,9.14,25297891328,9401987072
2026-05-06T16:06:35.733588+02:00,-0.001960722208332226,0.1756599608470649,0.22076500369593738,-2.6620927339061065,1.3742090094482309,-1.5026067043756846,1.5881630407224745,0.23732333548015483,-0.7188722258002581,-0.010645211925406795,-1.2871025346258453,0.43114125498565814,51.0,52.0,52.0,43.0,43.0,26.0,30.0,27.0,52.0,91.73,3975442432,1552744448,1593544704,9.19,8.88,9.14,25297891328,9401987072
2026-05-06T16:06:35.785195+02:00,-0.0022294908713371845,0.1757390708336654,0.22049881232041568,-2.6624954804198078,1.3726961229930912,-1.5014797069205184,1.5912068949379523,0.23277849810796158,-0.7188722258002581,-0.010645211925406795,-1.2855685538379604,0.43114125498565814,51.0,52.0,52.0,43.0,43.0,26.0,30.0,27.0,52.0,91.73,3975442432,1552744448,1593544704,9.19,8.88,9.14,25297891328,9401987072
2026-05-06T16:06:35.840229+02:00,-0.0022294908713371845,0.1757390708336654,0.22049881232041568,-2.6624954804198078,1.3726961229930912,-1.5014797069205184,1.5972946033689088,0.22217387757284401,-0.7188722258002581,-0.010645211925406795,-1.2671607843833326,0.43114125498565814,51.0,52.0,52.0,43.0,43.0,26.0,30.0,27.0,52.0,91.73,3975442432,1552744448,1593544704,9.19,8.88,9.14,25297891328,9401987072
2026-05-06T16:06:35.895306+02:00,-0.0022294908713371845,0.1757390708336654,0.22049881232041568,-2.6624954804198078,1.3726961229930912,-1.5014797069205184,1.5988165304766473,0.22065893178211293,-0.7203871715909892,-0.010645211925406795,-1.2594908804439044,0.43114125498565814,51.0,52.0,52.0,43.0,43.0,26.0,30.0,27.0,52.0,91.73,3975442432,1552744448,1593544704,9.19,8.88,9.14,25297891328,9401987072
2026-05-06T16:06:35.948222+02:00,-0.0022294908713371845,0.1757390708336654,0.22049881232041568,-2.6624954804198078,1.3726961229930912,-1.5014797069205184,1.6049042389076038,0.20550947387480217,-0.7203871715909892,-0.010645211925406795,-1.2334132070498485,0.42960727419777234,51.0,52.0,52.0,43.0,43.0,26.0,30.0,27.0,52.0,91.73,3975442432,1552744448,1593544704,9.19,8.88,9.14,25297891328,9401987072
2026-05-06T16:06:36.002632+02:00,-0.00508297871927342,0.18067277401942305,0.21500901684147933,-2.6603287498445836,1.3899164724733222,-1.4821949952806774,1.609470020230821,0.19641979913041568,-0.7203871715909892,-0.010645211925406795,-1.2196073799588771,0.4265393126220012,51.0,52.0,52.0,43.0,43.0,26.0,30.0,27.0,52.0,91.73,3975442432,1552744448,1593544704,9.19,8.88,9.14,25297891328,9401987072
2026-05-06T16:06:36.052943+02:00,-0.00508297871927342,0.18067277401942305,0.21500901684147933,-2.6603287498445836,1.3899164724733222,-1.4821949952806774,1.6140358015540381,0.1843002328045671,-0.7188722258002581,-0.010645211925406795,-1.2011996105042502,0.42347135104623,51.0,52.0,52.0,43.0,43.0,26.0,30.0,27.0,52.0,91.73,3975442432,1552744448,1593544704,9.19,8.88,9.14,25297891328,9401987072
2026-05-06T16:06:36.103957+02:00,-0.00508297871927342,0.18067277401942305,0.21500901684147933,-2.6603287498445836,1.3899164724733222,-1.4821949952806774,1.6186015828772553,0.17369561226944952,-0.7188722258002581,-0.010645211925406795,-1.1904617449890504,0.41886940868257305,51.0,52.0,52.0,43.0,43.0,26.0,30.0,27.0,52.0,91.73,3975442432,1552744448,1593544704,9.19,8.88,9.14,25297891328,9401987072
2026-05-06T16:06:36.154055+02:00,-0.008467182947627059,0.18739892134945438,0.20750853772918962,-2.666940132406258,1.4072702786510944,-1.4608669590840697,1.6262112184159503,0.1540013169899455,-0.717357280009527,-0.010645211925406795,-1.1628500908071087,0.41580144710680145,51.0,52.0,52.0,43.0,43.0,26.0,30.0,27.0,52.0,91.73,3975442432,1552744448,1593544704,9.19,8.88,9.14,25297891328,9401987072
2026-05-06T16:06:36.209120+02:00,-0.008467182947627059,0.18739892134945438,0.20750853772918962,-2.666940132406258,1.4072702786510944,-1.4608669590840697,1.6277331455236896,0.14945647961775227,-0.717357280009527,-0.010645211925406795,-1.1551801868676805,0.41580144710680145,51.0,52.0,52.0,43.0,43.0,26.0,30.0,27.0,52.0,91.73,3975442432,1552744448,1593544704,9.19,8.88,9.14,25297891328,9401987072
2026-05-06T16:06:36.259207+02:00,-0.008467182947627059,0.18739892134945438,0.20750853772918962,-2.666940132406258,1.4072702786510944,-1.4608669590840697,1.6277331455236896,0.14945647961775227,-0.717357280009527,-0.010645211925406795,-1.1551801868676805,0.41580144710680145,51.0,52.0,52.0,43.0,43.0,26.0,30.0,27.0,52.0,91.73,3975442432,1552744448,1593544704,9.19,8.88,9.14,25297891328,9401987072
2026-05-06T16:06:36.311407+02:00,-0.008467182947627059,0.18739892134945438,0.20750853772918962,-2.666940132406258,1.4072702786510944,-1.4608669590840697,1.6399085623856018,0.11612767222166859,-0.7128124426373338,-0.010645211925406795,-1.1106947440189967,0.4004616392279452,51.0,52.0,52.0,43.0,43.0,26.0,30.0,27.0,52.0,91.73,3975442432,1552744448,1593544704,9.19,8.88,9.14,25297891328,9401987072
2026-05-06T16:06:36.366432+02:00,-0.013828878988092824,0.19749980297261022,0.19626839513522026,-2.6805733992735052,1.4294491074960525,-1.4295696034770398,1.6459962708165583,0.09794832273289567,-0.7112974968466027,-0.009111231137520992,-1.0938209553522547,0.39585969686428824,51.0,52.0,52.0,43.0,43.0,26.0,30.0,27.0,52.0,93.06,3975442432,1553059840,1593253888,9.19,8.88,9.14,25297891328,9401995264
2026-05-06T16:06:36.418927+02:00,-0.013828878988092824,0.19749980297261022,0.19626839513522026,-2.6805733992735052,1.4294491074960525,-1.4295696034770398,1.6490401250320361,0.08431381061631593,-0.7082676052651405,-0.009111231137520992,-1.0784811474733984,0.3927917352885171,51.0,52.0,52.0,43.0,43.0,26.0,30.0,27.0,52.0,93.06,3975442432,1553059840,1593253888,9.19,8.88,9.14,25297891328,9401995264
2026-05-06T16:06:36.470160+02:00,-0.013828878988092824,0.19749980297261022,0.19626839513522026,-2.6805733992735052,1.4294491074960525,-1.4295696034770398,1.656649760570732,0.06310456954608079,-0.7037227678929473,-0.006043269561749831,-1.0493355125035717,0.3866558121369743,51.0,52.0,52.0,43.0,43.0,26.0,30.0,27.0,52.0,93.06,3975442432,1553059840,1593253888,9.19,8.88,9.14,25297891328,9401995264
2026-05-06T16:06:36.523409+02:00,-0.013828878988092824,0.19749980297261022,0.19626839513522026,-2.6805733992735052,1.4294491074960525,-1.4295696034770398,1.664259396109427,0.035835545312921435,-0.697662984730023,-0.0075772503496351895,-1.0247918198974015,0.3789859081975462,51.0,52.0,52.0,43.0,43.0,26.0,30.0,27.0,52.0,93.06,3975442432,1553059840,1593253888,9.19,8.88,9.14,25297891328,9401995264
2026-05-06T16:06:36.573954+02:00,-0.019005772765220034,0.20814101646930494,0.18509482894570733,-2.7109342888075054,1.4548060435708121,-1.421350667334955,1.6688251774326441,0.02068608740561062,-0.6946330931485608,-0.006043269561749831,-1.003316088867002,0.3743839658338892,51.0,52.0,52.0,43.0,43.0,26.0,30.0,27.0,52.0,93.06,3975442432,1553059840,1593253888,9.19,8.88,9.14,25297891328,9401995264
2026-05-06T16:06:36.627803+02:00,-0.019005772765220034,0.20814101646930494,0.18509482894570733,-2.7109342888075054,1.4548060435708121,-1.421350667334955,1.6749128858636007,-0.002038099455355491,-0.6885733099856366,-0.006043269561749831,-0.9787723962608319,0.36364610031868994,51.0,52.0,52.0,43.0,43.0,26.0,30.0,27.0,52.0,93.06,3975442432,1553059840,1593253888,9.19,8.88,9.14,25297891328,9401995264
2026-05-06T16:06:36.678596+02:00,-0.019005772765220034,0.20814101646930494,0.18509482894570733,-2.7109342888075054,1.4548060435708121,-1.421350667334955,1.6794786671868178,-0.017187557362666306,-0.6840284726134434,-0.006043269561749831,-0.960364626806204,0.35904415795503297,51.0,52.0,52.0,43.0,43.0,26.0,30.0,27.0,52.0,93.06,3975442432,1553059840,1593253888,9.19,8.88,9.14,25297891328,9401995264
2026-05-06T16:06:36.730900+02:00,-0.019005772765220034,0.20814101646930494,0.18509482894570733,-2.7109342888075054,1.4548060435708121,-1.421350667334955,1.6855663756177734,-0.0414266900143635,-0.6764537436597879,-0.006043269561749831,-0.9358209342000339,0.34984027322771905,51.0,52.0,52.0,43.0,43.0,26.0,30.0,27.0,52.0,93.06,3975442432,1553059840,1593253888,9.19,8.88,9.14,25297891328,9401995264
2026-05-06T16:06:36.781073+02:00,-0.024547184621193194,0.21914018904882426,0.17388241957234282,-2.735555376514379,1.4846362097128716,-1.4006613759479578,1.69165408404873,-0.06718076845679188,-0.6688790147061325,-0.006043269561749831,-0.9112772415938637,0.3421703692882909,51.0,52.0,52.0,43.0,43.0,26.0,30.0,27.0,52.0,93.06,3975442432,1553059840,1593253888,9.19,8.88,9.14,25297891328,9401995264
2026-05-06T16:06:36.832018+02:00,-0.024547184621193194,0.21914018904882426,0.17388241957234282,-2.735555376514379,1.4846362097128716,-1.4006613759479578,1.699263719587425,-0.09596473848068232,-0.658274394171015,-0.006043269561749831,-0.89133549135135,0.3345004653488628,51.0,52.0,52.0,43.0,43.0,26.0,30.0,27.0,52.0,93.06,3975442432,1553059840,1593253888,9.19,8.88,9.14,25297891328,9401995264
2026-05-06T16:06:36.884696+02:00,-0.024547184621193194,0.21914018904882426,0.17388241957234282,-2.735555376514379,1.4846362097128716,-1.4006613759479578,1.7023075738029037,-0.11262914217872422,-0.6537295567988217,-0.002975307985978226,-0.8652578179572941,0.32529658062154887,51.0,52.0,52.0,43.0,43.0,26.0,30.0,27.0,52.0,93.06,3975442432,1553059840,1593253888,9.19,8.88,9.14,25297891328,9401995264
2026-05-06T16:06:36.936271+02:00,-0.024547184621193194,0.21914018904882426,0.17388241957234282,-2.735555376514379,1.4846362097128716,-1.4006613759479578,1.7083952822338593,-0.1368682748304214,-0.6431249362637043,-0.004509288773864029,-0.8422481061390097,0.31762667668212075,51.0,52.0,52.0,43.0,43.0,26.0,30.0,27.0,52.0,93.06,3975442432,1553059840,1593253888,9.19,8.88,9.14,25297891328,9401995264
2026-05-06T16:06:36.986468+02:00,-0.03171697250788474,0.23351522157481122,0.1590278429131951,-2.7619336965116816,1.5161263655845698,-1.3726861936347345,1.7129610635570764,-0.1550476243191944,-0.6370651531007799,-0.004509288773864029,-0.8284422790480392,0.311490753530578,51.0,52.0,52.0,43.0,43.0,26.0,30.0,27.0,52.0,93.06,3975442432,1553059840,1593253888,9.19,8.88,9.14,25297891328,9401995264
2026-05-06T16:06:37.039430+02:00,-0.03171697250788474,0.23351522157481122,0.1590278429131951,-2.7619336965116816,1.5161263655845698,-1.3726861936347345,1.7205706990957723,-0.19595116066893348,-0.620400749402738,-0.004509288773864029,-0.8069665480176402,0.3007528880153787,51.0,52.0,52.0,43.0,43.0,26.0,30.0,27.0,52.0,93.06,3975442432,1553059840,1593253888,9.19,8.88,9.14,25297891328,9401995264
2026-05-06T16:06:37.091477+02:00,-0.03171697250788474,0.23351522157481122,0.1590278429131951,-2.7619336965116816,1.5161263655845698,-1.3726861936347345,1.726658407526728,-0.22322018490209294,-0.6097961288676205,-0.002975307985978226,-0.7747529514720415,0.29001502250017897,51.0,52.0,52.0,43.0,43.0,26.0,30.0,27.0,52.0,93.06,3975442432,1553059840,1593253888,9.19,8.88,9.14,25297891328,9401995264
2026-05-06T16:06:37.145228+02:00,-0.0390783110940671,0.24721729752473157,0.14226904971788323,-2.796882271715807,1.535356308541705,-1.3550075170423148,1.7312241888499451,-0.2565489922981766,-0.5946466709603098,-0.002975307985978226,-0.7578791628052994,0.28234511856075084,51.0,52.0,52.0,43.0,43.0,26.0,30.0,27.0,52.0,92.86,3975442432,1553006592,1593303040,9.19,8.88,9.14,25297891328,9401999360
2026-05-06T16:06:37.198106+02:00,-0.0390783110940671,0.24721729752473157,0.14226904971788323,-2.796882271715807,1.535356308541705,-1.3550075170423148,1.7312241888499451,-0.2565489922981766,-0.5946466709603098,-0.002975307985978226,-0.7532772204416425,0.2792771569849797,51.0,52.0,52.0,43.0,43.0,26.0,30.0,27.0,52.0,92.86,3975442432,1553006592,1593303040,9.19,8.88,9.14,25297891328,9401999360
2026-05-06T16:06:37.249471+02:00,-0.0390783110940671,0.24721729752473157,0.14226904971788323,-2.796882271715807,1.535356308541705,-1.3550075170423148,1.7357899701731623,-0.2823030707406049,-0.5840420504251922,-0.0014413271980928677,-0.7348694509870151,0.2746752146213227,51.0,52.0,52.0,43.0,43.0,26.0,30.0,27.0,52.0,92.86,3975442432,1553006592,1593303040,9.19,8.88,9.14,25297891328,9401999360
2026-05-06T16:06:37.302082+02:00,-0.0390783110940671,0.24721729752473157,0.14226904971788323,-2.796882271715807,1.535356308541705,-1.3550075170423148,1.7357899701731623,-0.2823030707406049,-0.5840420504251922,-0.0014413271980928677,-0.7348694509870151,0.2746752146213227,51.0,52.0,52.0,43.0,43.0,26.0,30.0,27.0,52.0,92.86,3975442432,1553006592,1593303040,9.19,8.88,9.14,25297891328,9401999360
2026-05-06T16:06:37.352185+02:00,-0.046412099029820866,0.2614875207022257,0.12240799276137446,-2.8925049779401917,1.5484857141175645,-1.3977990257429302,1.7479653870350753,-0.3565354144864278,-0.5476833514476463,0.0016266343776782932,-0.6888500273504459,0.24859754122726674,51.0,52.0,52.0,43.0,43.0,26.0,30.0,27.0,52.0,92.86,3975442432,1553006592,1593303040,9.19,8.88,9.14,25297891328,9401999360
2026-05-06T16:06:37.404040+02:00,-0.046412099029820866,0.2614875207022257,0.12240799276137446,-2.8925049779401917,1.5484857141175645,-1.3977990257429302,1.7494873141428138,-0.37319981818446957,-0.5385936767032599,0.0016266343776782932,-0.6796461426231319,0.24399559886360978,51.0,52.0,52.0,43.0,43.0,26.0,30.0,27.0,52.0,92.86,3975442432,1553006592,1593303040,9.19,8.88,9.14,25297891328,9401999360
2026-05-06T16:06:37.455877+02:00,-0.046412099029820866,0.2614875207022257,0.12240799276137446,-2.8925049779401917,1.5484857141175645,-1.3977990257429302,1.7510092412505531,-0.38380443871958714,-0.5340488393310666,0.0016266343776782932,-0.6735102194715892,0.23632569492418165,51.0,52.0,52.0,43.0,43.0,26.0,30.0,27.0,52.0,92.86,3975442432,1553006592,1593303040,9.19,8.88,9.14,25297891328,9401999360
2026-05-06T16:06:37.507777+02:00,-0.046412099029820866,0.2614875207022257,0.12240799276137446,-2.8925049779401917,1.5484857141175645,-1.3977990257429302,1.7555750225737703,-0.4125884087434776,-0.5173844356330247,0.0031606151655640957,-0.6612383731685041,0.22865579098475353,51.0,52.0,52.0,43.0,43.0,26.0,30.0,27.0,52.0,92.86,3975442432,1553006592,1593303040,9.19,8.88,9.14,25297891328,9401999360
2026-05-06T16:06:37.559872+02:00,-0.046412099029820866,0.2614875207022257,0.12240799276137446,-2.8925049779401917,1.5484857141175645,-1.3977990257429302,1.7570969496815096,-0.420163137697133,-0.5128395982608315,0.0031606151655640957,-0.6566364308048471,0.22251986783321076,51.0,52.0,52.0,43.0,43.0,26.0,30.0,27.0,52.0,92.86,3975442432,1553006592,1593303040,9.19,8.88,9.14,25297891328,9401999360
2026-05-06T16:06:37.611691+02:00,-0.05020450240252707,0.2678424257872403,0.11245488555270919,-2.990259423332414,1.5472159169380144,-1.4689165987968764,1.7601408038969875,-0.4519769993024857,-0.4946602487720586,0.004694595953449898,-0.644364584501762,0.21331598310589683,51.0,52.0,52.0,43.0,43.0,26.0,30.0,27.0,52.0,92.86,3975442432,1553006592,1593303040,9.19,8.88,9.14,25297891328,9401999360
2026-05-06T16:06:37.664495+02:00,-0.05020450240252707,0.2678424257872403,0.11245488555270919,-2.990259423332414,1.5472159169380144,-1.4689165987968764,1.7616627310047268,-0.46258161983760326,-0.4886004656091343,0.004694595953449898,-0.6351606997744481,0.21024802153012567,51.0,52.0,52.0,43.0,43.0,26.0,30.0,27.0,52.0,92.86,3975442432,1553006592,1593303040,9.19,8.88,9.14,25297891328,9401999360
2026-05-06T16:06:37.719635+02:00,-0.05020450240252707,0.2678424257872403,0.11245488555270919,-2.990259423332414,1.5472159169380144,-1.4689165987968764,1.7631846581124653,-0.47924602353564516,-0.48254068244620996,0.004694595953449898,-0.6213548726834777,0.2071800599543545,51.0,52.0,52.0,43.0,43.0,26.0,30.0,27.0,52.0,92.86,3975442432,1553006592,1593303040,9.19,8.88,9.14,25297891328,9401999360
2026-05-06T16:06:37.771331+02:00,-0.05419829044611892,0.27723793088005694,0.09801335983809194,3.0672423026079754,1.5611929381918865,-1.6637888522765623,1.7631846581124653,-0.5034851561873422,-0.4810257366554789,0.004694595953449898,-0.5983451608651928,0.2056460791664687,51.0,52.0,52.0,43.0,43.0,26.0,30.0,27.0,52.0,92.86,3975442432,1553006592,1593303040,9.19,8.88,9.14,25297891328,9401999360
2026-05-06T16:06:37.823751+02:00,-0.05419829044611892,0.27723793088005694,0.09801335983809194,3.0672423026079754,1.5611929381918865,-1.6637888522765623,1.7631846581124653,-0.5156047225131909,-0.48405562823694104,0.004694595953449898,-0.5876072953499936,0.2056460791664687,51.0,52.0,52.0,43.0,43.0,26.0,30.0,27.0,52.0,92.86,3975442432,1553006592,1593303040,9.19,8.88,9.14,25297891328,9401999360
2026-05-06T16:06:37.876530+02:00,-0.05419829044611892,0.27723793088005694,0.09801335983809194,3.0672423026079754,1.5611929381918865,-1.6637888522765623,1.7631846581124653,-0.5337840720019639,-0.4870855198184032,0.007762557529221059,-0.5599956411680518,0.2056460791664687,51.0,52.0,52.0,43.0,43.0,26.0,30.0,27.0,52.0,92.86,3975442432,1553006592,1593303040,9.19,8.88,9.14,25297891328,9401999360
2026-05-06T16:06:37.929446+02:00,-0.05419829044611892,0.27723793088005694,0.09801335983809194,3.0672423026079754,1.5611929381918865,-1.6637888522765623,1.7631846581124653,-0.5459036383278125,-0.4870855198184032,0.006228576741335257,-0.5538597180165095,0.2056460791664687,51.0,52.0,52.0,43.0,43.0,26.0,30.0,27.0,52.0,92.86,3975442432,1553006592,1593303040,9.19,8.88,9.14,25297891328,9401999360
2026-05-06T16:06:37.980681+02:00,-0.05398644000466187,0.2759718698040144,0.08043408883555239,-3.1320563974307443,1.5544214242959848,-1.5798415275114288,1.7631846581124653,-0.5686278251887787,-0.4870855198184032,0.006228576741335257,-0.5293160254103388,0.2056460791664687,51.0,52.0,52.0,43.0,43.0,26.0,30.0,27.0,52.0,92.86,3975442432,1553006592,1593303040,9.19,8.88,9.14,25297891328,9401999360
2026-05-06T16:06:38.035628+02:00,-0.05398644000466187,0.2759718698040144,0.08043408883555239,-3.1320563974307443,1.5544214242959848,-1.5798415275114288,1.7631846581124653,-0.5852922288868206,-0.4855705740276721,0.006228576741335257,-0.5185781598951396,0.2056460791664687,51.0,52.0,52.0,43.0,43.0,26.0,30.0,27.0,52.0,92.86,3975442432,1553006592,1593303040,9.19,8.88,9.14,25297891328,9401999360
2026-05-06T16:06:38.088707+02:00,-0.05398644000466187,0.2759718698040144,0.08043408883555239,-3.1320563974307443,1.5544214242959848,-1.5798415275114288,1.7631846581124653,-0.5989267410034002,-0.4855705740276721,0.006228576741335257,-0.5063063135920545,0.2056460791664687,51.0,52.0,52.0,43.0,43.0,26.0,30.0,27.0,52.0,92.37,3975442432,1552793600,1593511936,9.19,8.88,9.14,25297891328,9401999360
2026-05-06T16:06:38.139003+02:00,-0.05398644000466187,0.2759718698040144,0.08043408883555239,-3.1320563974307443,1.5544214242959848,-1.5798415275114288,1.7631846581124653,-0.6080164157477866,-0.4855705740276721,0.006228576741335257,-0.5017043712283975,0.2056460791664687,51.0,52.0,52.0,43.0,43.0,26.0,30.0,27.0,52.0,92.37,3975442432,1552793600,1593511936,9.19,8.88,9.14,25297891328,9401999360
2026-05-06T16:06:38.189976+02:00,-0.053739242566880334,0.2748020336656161,0.06607708706089033,-3.040719970728511,1.5429585301232929,-1.4886475985889234,1.7631846581124653,-0.6216509278643664,-0.48405562823694104,0.006228576741335257,-0.4909665057131982,0.2056460791664687,51.0,52.0,52.0,43.0,43.0,26.0,30.0,27.0,52.0,92.37,3975442432,1552793600,1593511936,9.19,8.88,9.14,25297891328,9401999360
2026-05-06T16:06:38.242583+02:00,-0.053739242566880334,0.2748020336656161,0.06607708706089033,-3.040719970728511,1.5429585301232929,-1.4886475985889234,1.7631846581124653,-0.633770494190215,-0.48405562823694104,0.006228576741335257,-0.4817626209858843,0.2056460791664687,51.0,52.0,52.0,43.0,43.0,26.0,30.0,27.0,52.0,92.37,3975442432,1552793600,1593511936,9.19,8.88,9.14,25297891328,9401999360
2026-05-06T16:06:38.295768+02:00,-0.053739242566880334,0.2748020336656161,0.06607708706089033,-3.040719970728511,1.5429585301232929,-1.4886475985889234,1.7631846581124653,-0.6458900605160637,-0.48254068244620996,0.006228576741335257,-0.4756266978343415,0.2056460791664687,51.0,52.0,52.0,43.0,43.0,26.0,30.0,27.0,52.0,92.37,3975442432,1552793600,1593511936,9.19,8.88,9.14,25297891328,9401999360
2026-05-06T16:06:38.349470+02:00,-0.053739242566880334,0.2748020336656161,0.06607708706089033,-3.040719970728511,1.5429585301232929,-1.4886475985889234,1.7631846581124653,-0.6458900605160637,-0.48254068244620996,0.006228576741335257,-0.4756266978343415,0.2056460791664687,51.0,52.0,52.0,43.0,43.0,26.0,30.0,27.0,52.0,92.37,3975442432,1552793600,1593511936,9.19,8.88,9.14,25297891328,9401999360
2026-05-06T16:06:38.402976+02:00,-0.05353868191557414,0.2738694021026271,0.05363175604312741,-3.0159352932527685,1.5374210734753786,-1.4639813948899791,1.7631846581124653,-0.6595245726326434,-0.4810257366554789,0.009296538317106862,-0.46488883231914224,0.2056460791664687,51.0,52.0,52.0,43.0,43.0,26.0,30.0,27.0,52.0,92.37,3975442432,1552793600,1593511936,9.19,8.88,9.14,25297891328,9401999360
2026-05-06T16:06:38.457994+02:00,-0.05353868191557414,0.2738694021026271,0.05363175604312741,-3.0159352932527685,1.5374210734753786,-1.4639813948899791,1.7631846581124653,-0.6686142473770299,-0.4810257366554789,0.007762557529221059,-0.4587529091675995,0.2056460791664687,51.0,52.0,52.0,43.0,43.0,26.0,30.0,27.0,52.0,92.37,3975442432,1552793600,1593511936,9.19,8.88,9.14,25297891328,9401999360
2026-05-06T16:06:38.511592+02:00,-0.05353868191557414,0.2738694021026271,0.05363175604312741,-3.0159352932527685,1.5374210734753786,-1.4639813948899791,1.7631846581124653,-0.6716441389584921,-0.4795107908647478,0.009296538317106862,-0.4572189283797141,0.2056460791664687,51.0,52.0,52.0,43.0,43.0,26.0,30.0,27.0,52.0,92.37,3975442432,1552793600,1593511936,9.19,8.88,9.14,25297891328,9401999360
2026-05-06T16:06:38.566950+02:00,-0.05335586683664808,0.2727646178430397,0.044894621011363316,-3.0124651594653704,1.5301160475746622,-1.4619763371550076,1.7631846581124653,-0.6822487594936096,-0.4779958450740167,0.007762557529221059,-0.45108300522817135,0.2056460791664687,51.0,52.0,52.0,43.0,43.0,26.0,30.0,27.0,52.0,92.37,3975442432,1552793600,1593511936,9.19,8.88,9.14,25297891328,9401999360
2026-05-06T16:06:38.617958+02:00,-0.05335586683664808,0.2727646178430397,0.044894621011363316,-3.0124651594653704,1.5301160475746622,-1.4619763371550076,1.7631846581124653,-0.6852786510750716,-0.4779958450740167,0.007762557529221059,-0.45108300522817135,0.2056460791664687,51.0,52.0,52.0,43.0,43.0,26.0,30.0,27.0,52.0,92.37,3975442432,1552793600,1593511936,9.19,8.88,9.14,25297891328,9401999360
2026-05-06T16:06:38.668750+02:00,-0.05335586683664808,0.2727646178430397,0.044894621011363316,-3.0124651594653704,1.5301160475746622,-1.4619763371550076,1.7631846581124653,-0.6852786510750716,-0.4779958450740167,0.007762557529221059,-0.44954902444028555,0.2056460791664687,51.0,52.0,52.0,43.0,43.0,26.0,30.0,27.0,52.0,92.37,3975442432,1552793600,1593511936,9.19,8.88,9.14,25297891328,9401999360
2026-05-06T16:06:38.719813+02:00,-0.05335586683664808,0.2727646178430397,0.044894621011363316,-3.0124651594653704,1.5301160475746622,-1.4619763371550076,1.7631846581124653,-0.6852786510750716,-0.4779958450740167,0.007762557529221059,-0.44954902444028555,0.2056460791664687,51.0,52.0,52.0,43.0,43.0,26.0,30.0,27.0,52.0,92.37,3975442432,1552793600,1593511936,9.19,8.88,9.14,25297891328,9401999360
2026-05-06T16:06:38.772531+02:00,-0.05334436444516718,0.27271539846821663,0.04342416671342574,-3.009022704010734,1.5286458081672523,-1.458546321035333,1.7631846581124653,-0.6852786510750716,-0.4779958450740167,0.007762557529221059,-0.44954902444028555,0.2056460791664687,51.0,52.0,52.0,43.0,43.0,26.0,30.0,27.0,52.0,92.37,3975442432,1552793600,1593511936,9.19,8.88,9.14,25297891328,9401999360
2026-05-06T16:06:38.822936+02:00,-0.05334436444516718,0.27271539846821663,0.04342416671342574,-3.009022704010734,1.5286458081672523,-1.458546321035333,1.7631846581124653,-0.6852786510750716,-0.4779958450740167,0.007762557529221059,-0.44954902444028555,0.2056460791664687,51.0,52.0,52.0,43.0,43.0,26.0,30.0,27.0,52.0,92.37,3975442432,1552793600,1593511936,9.19,8.88,9.14,25297891328,9401999360
2026-05-06T16:06:38.874006+02:00,-0.05334436444516718,0.27271539846821663,0.04342416671342574,-3.009022704010734,1.5286458081672523,-1.458546321035333,1.7631846581124653,-0.6852786510750716,-0.4779958450740167,0.007762557529221059,-0.44954902444028555,0.2056460791664687,51.0,52.0,52.0,43.0,43.0,26.0,30.0,27.0,52.0,92.37,3975442432,1552793600,1593511936,9.19,8.88,9.14,25297891328,9401999360
2026-05-06T16:06:38.924762+02:00,-0.05334436444516718,0.27271539846821663,0.04342416671342574,-3.009022704010734,1.5286458081672523,-1.458546321035333,1.7631846581124653,-0.6852786510750716,-0.4779958450740167,0.007762557529221059,-0.44954902444028555,0.2056460791664687,51.0,52.0,52.0,43.0,43.0,26.0,30.0,27.0,52.0,92.37,3975442432,1552793600,1593511936,9.19,8.88,9.14,25297891328,9401999360
2026-05-06T16:06:38.980667+02:00,-0.05334436444516718,0.27271539846821663,0.04342416671342574,-3.009022704010734,1.5286458081672523,-1.458546321035333,1.7631846581124653,-0.6852786510750716,-0.4779958450740167,0.007762557529221059,-0.44954902444028555,0.2056460791664687,51.0,52.0,52.0,43.0,43.0,26.0,30.0,27.0,52.0,92.37,3975442432,1552793600,1593511936,9.19,8.88,9.14,25297891328,9401999360
2026-05-06T16:06:39.035714+02:00,-0.05334436444516718,0.27271539846821663,0.04342416671342574,-3.009022704010734,1.5286458081672523,-1.458546321035333,1.7631846581124653,-0.6852786510750716,-0.4779958450740167,0.007762557529221059,-0.44954902444028555,0.2056460791664687,51.0,52.0,52.0,43.0,43.0,26.0,30.0,27.0,52.0,92.37,3975442432,1552793600,1593511936,9.19,8.88,9.14,25297891328,9401999360
2026-05-06T16:06:39.086212+02:00,-0.05334436444516718,0.27271539846821663,0.04342416671342574,-3.009022704010734,1.5286458081672523,-1.458546321035333,1.7631846581124653,-0.6852786510750716,-0.4779958450740167,0.007762557529221059,-0.44954902444028555,0.2056460791664687,51.0,52.0,52.0,43.0,43.0,26.0,30.0,27.0,52.0,92.37,3975442432,1552793600,1593511936,9.19,8.88,9.14,25297891328,9401999360
2026-05-06T16:06:39.136956+02:00,-0.05334436444516718,0.27271539846821663,0.04342416671342574,-3.009022704010734,1.5286458081672523,-1.458546321035333,1.7631846581124653,-0.6852786510750716,-0.4779958450740167,0.007762557529221059,-0.44954902444028555,0.2056460791664687,51.0,52.0,52.0,43.0,43.0,26.0,30.0,27.0,52.0,92.37,3975442432,1552793600,1593511936,9.19,8.88,9.14,25297891328,9401999360
2026-05-06T16:06:39.191984+02:00,-0.05334436444516718,0.27271539846821663,0.04342416671342574,-3.009022704010734,1.5286458081672523,-1.458546321035333,1.7631846581124653,-0.6852786510750716,-0.4779958450740167,0.007762557529221059,-0.44954902444028555,0.2056460791664687,51.0,52.0,52.0,43.0,43.0,26.0,30.0,27.0,52.0,93.28,3975442432,1553494016,1592811520,9.25,8.9,9.14,25297891328,9402003456
2026-05-06T16:06:39.246225+02:00,-0.05334436444516718,0.27271539846821663,0.04342416671342574,-3.009022704010734,1.5286458081672523,-1.458546321035333,1.7631846581124653,-0.6852786510750716,-0.4779958450740167,0.007762557529221059,-0.44954902444028555,0.2056460791664687,51.0,52.0,52.0,43.0,43.0,26.0,30.0,27.0,52.0,93.28,3975442432,1553494016,1592811520,9.25,8.9,9.14,25297891328,9402003456
2026-05-06T16:06:39.301252+02:00,-0.05334436444516718,0.27271539846821663,0.04342416671342574,-3.009022704010734,1.5286458081672523,-1.458546321035333,1.7631846581124653,-0.6852786510750716,-0.4779958450740167,0.009296538317106862,-0.44954902444028555,0.2056460791664687,51.0,52.0,52.0,43.0,43.0,26.0,30.0,27.0,52.0,93.28,3975442432,1553494016,1592811520,9.25,8.9,9.14,25297891328,9402003456
2026-05-06T16:06:39.354977+02:00,-0.053386321441974666,0.2727075658669166,0.043424311001061325,-3.023385948570301,1.5285923636484218,-1.4743051491467662,1.7631846581124653,-0.6852786510750716,-0.4779958450740167,0.007762557529221059,-0.44954902444028555,0.2056460791664687,51.0,52.0,52.0,43.0,43.0,26.0,30.0,27.0,52.0,93.28,3975442432,1553494016,1592811520,9.25,8.9,9.14,25297891328,9402003456
2026-05-06T16:06:39.405069+02:00,-0.053386321441974666,0.2727075658669166,0.043424311001061325,-3.023385948570301,1.5285923636484218,-1.4743051491467662,1.7631846581124653,-0.6852786510750716,-0.4779958450740167,0.007762557529221059,-0.44954902444028555,0.2056460791664687,51.0,52.0,52.0,43.0,43.0,26.0,30.0,27.0,52.0,93.28,3975442432,1553494016,1592811520,9.25,8.9,9.14,25297891328,9402003456
2026-05-06T16:06:39.457958+02:00,-0.053386321441974666,0.2727075658669166,0.043424311001061325,-3.023385948570301,1.5285923636484218,-1.4743051491467662,1.7631846581124653,-0.6852786510750716,-0.4779958450740167,0.009296538317106862,-0.44954902444028555,0.2056460791664687,51.0,52.0,52.0,43.0,43.0,26.0,30.0,27.0,52.0,93.28,3975442432,1553494016,1592811520,9.25,8.9,9.14,25297891328,9402003456
2026-05-06T16:06:39.512981+02:00,-0.053386321441974666,0.2727075658669166,0.043424311001061325,-3.023385948570301,1.5285923636484218,-1.4743051491467662,1.7631846581124653,-0.6852786510750716,-0.4779958450740167,0.009296538317106862,-0.44954902444028555,0.2056460791664687,51.0,52.0,52.0,43.0,43.0,26.0,30.0,27.0,52.0,93.28,3975442432,1553494016,1592811520,9.25,8.9,9.14,25297891328,9402003456
2026-05-06T16:06:39.567773+02:00,-0.053386321441974666,0.2727075658669166,0.043424311001061325,-3.023385948570301,1.5285923636484218,-1.4743051491467662,1.7631846581124653,-0.6852786510750716,-0.4779958450740167,0.007762557529221059,-0.44954902444028555,0.2056460791664687,51.0,52.0,52.0,43.0,43.0,26.0,30.0,27.0,52.0,93.28,3975442432,1553494016,1592811520,9.25,8.9,9.14,25297891328,9402003456
2026-05-06T16:06:39.619365+02:00,-0.053386321441974666,0.2727075658669166,0.043424311001061325,-3.023385948570301,1.5285923636484218,-1.4743051491467662,1.7631846581124653,-0.6852786510750716,-0.4779958450740167,0.007762557529221059,-0.44954902444028555,0.2056460791664687,51.0,52.0,52.0,43.0,43.0,26.0,30.0,27.0,52.0,93.28,3975442432,1553494016,1592811520,9.25,8.9,9.14,25297891328,9402003456
2026-05-06T16:06:39.672551+02:00,-0.053386321441974666,0.2727075658669166,0.043424311001061325,-3.023385948570301,1.5285923636484218,-1.4743051491467662,1.7631846581124653,-0.6852786510750716,-0.4779958450740167,0.009296538317106862,-0.44954902444028555,0.2056460791664687,51.0,52.0,52.0,43.0,43.0,26.0,30.0,27.0,52.0,93.28,3975442432,1553494016,1592811520,9.25,8.9,9.14,25297891328,9402003456
2026-05-06T16:06:39.727583+02:00,-0.053386321441974666,0.2727075658669166,0.043424311001061325,-3.023385948570301,1.5285923636484218,-1.4743051491467662,1.7631846581124653,-0.6852786510750716,-0.4779958450740167,0.009296538317106862,-0.44954902444028555,0.2056460791664687,51.0,52.0,52.0,43.0,43.0,26.0,30.0,27.0,52.0,93.28,3975442432,1553494016,1592811520,9.25,8.9,9.14,25297891328,9402003456
2026-05-06T16:06:39.779591+02:00,-0.053386321441974666,0.2727075658669166,0.043424311001061325,-3.023385948570301,1.5285923636484218,-1.4743051491467662,1.7631846581124653,-0.6852786510750716,-0.4779958450740167,0.007762557529221059,-0.44954902444028555,0.2056460791664687,51.0,52.0,52.0,43.0,43.0,26.0,30.0,27.0,52.0,93.28,3975442432,1553494016,1592811520,9.25,8.9,9.14,25297891328,9402003456
2026-05-06T16:06:39.834269+02:00,-0.053386321441974666,0.2727075658669166,0.043424311001061325,-3.023385948570301,1.5285923636484218,-1.4743051491467662,1.7631846581124653,-0.6852786510750716,-0.4779958450740167,0.009296538317106862,-0.44954902444028555,0.2056460791664687,51.0,52.0,52.0,43.0,43.0,26.0,30.0,27.0,52.0,93.28,3975442432,1553494016,1592811520,9.25,8.9,9.14,25297891328,9402003456
2026-05-06T16:06:39.886217+02:00,-0.053386321441974666,0.2727075658669166,0.043424311001061325,-3.023385948570301,1.5285923636484218,-1.4743051491467662,1.7631846581124653,-0.6852786510750716,-0.4779958450740167,0.009296538317106862,-0.44954902444028555,0.2056460791664687,51.0,52.0,52.0,43.0,43.0,26.0,30.0,27.0,52.0,93.28,3975442432,1553494016,1592811520,9.25,8.9,9.14,25297891328,9402003456
2026-05-06T16:06:39.937999+02:00,-0.053386321441974666,0.2727075658669166,0.043424311001061325,-3.023385948570301,1.5285923636484218,-1.4743051491467662,1.7631846581124653,-0.6852786510750716,-0.4779958450740167,0.009296538317106862,-0.44954902444028555,0.2056460791664687,51.0,52.0,52.0,43.0,43.0,26.0,30.0,27.0,52.0,93.28,3975442432,1553494016,1592811520,9.25,8.9,9.14,25297891328,9402003456
2026-05-06T16:06:39.988962+02:00,-0.053386321441974666,0.2727075658669166,0.043424311001061325,-3.023385948570301,1.5285923636484218,-1.4743051491467662,1.7631846581124653,-0.6852786510750716,-0.4779958450740167,0.009296538317106862,-0.44954902444028555,0.2056460791664687,51.0,52.0,52.0,43.0,43.0,26.0,30.0,27.0,52.0,93.28,3975442432,1553494016,1592811520,9.25,8.9,9.14,25297891328,9402003456
2026-05-06T16:06:40.040392+02:00,-0.053386321441974666,0.2727075658669166,0.043424311001061325,-3.023385948570301,1.5285923636484218,-1.4743051491467662,1.7631846581124653,-0.6852786510750716,-0.4779958450740167,0.009296538317106862,-0.44954902444028555,0.2056460791664687,51.0,52.0,52.0,43.0,43.0,26.0,30.0,27.0,52.0,93.28,3975442432,1553494016,1592811520,9.25,8.9,9.14,25297891328,9402003456
2026-05-06T16:06:40.091557+02:00,-0.053386321441974666,0.2727075658669166,0.043424311001061325,-3.023385948570301,1.5285923636484218,-1.4743051491467662,1.7631846581124653,-0.6852786510750716,-0.4779958450740167,0.009296538317106862,-0.44954902444028555,0.2056460791664687,51.0,52.0,52.0,43.0,43.0,26.0,30.0,27.0,52.0,93.28,3975442432,1553494016,1592811520,9.25,8.9,9.14,25297891328,9402003456
2026-05-06T16:06:40.145007+02:00,-0.053386321441974666,0.2727075658669166,0.043424311001061325,-3.023385948570301,1.5285923636484218,-1.4743051491467662,1.7631846581124653,-0.6852786510750716,-0.4779958450740167,0.009296538317106862,-0.44954902444028555,0.2056460791664687,51.0,52.0,52.0,43.0,43.0,26.0,30.0,27.0,52.0,93.28,3975442432,1553494016,1592811520,9.25,8.9,9.14,25297891328,9402003456
2026-05-06T16:06:40.198163+02:00,-0.053386321441974666,0.2727075658669166,0.043424311001061325,-3.023385948570301,1.5285923636484218,-1.4743051491467662,1.7631846581124653,-0.6852786510750716,-0.4779958450740167,0.009296538317106862,-0.44954902444028555,0.2056460791664687,51.0,52.0,52.0,43.0,43.0,26.0,30.0,27.0,52.0,97.69,3975442432,1552449536,1593860096,9.25,8.9,9.14,25297891328,9402003456
2026-05-06T16:06:40.253214+02:00,-0.053386321441974666,0.2727075658669166,0.043424311001061325,-3.023385948570301,1.5285923636484218,-1.4743051491467662,1.7631846581124653,-0.6852786510750716,-0.4779958450740167,0.009296538317106862,-0.44954902444028555,0.2056460791664687,51.0,52.0,52.0,43.0,43.0,26.0,30.0,27.0,52.0,97.69,3975442432,1552449536,1593860096,9.25,8.9,9.14,25297891328,9402003456
2026-05-06T16:06:40.308232+02:00,-0.053386321441974666,0.2727075658669166,0.043424311001061325,-3.023385948570301,1.5285923636484218,-1.4743051491467662,1.7631846581124653,-0.6852786510750716,-0.4779958450740167,0.009296538317106862,-0.44954902444028555,0.2056460791664687,51.0,52.0,52.0,43.0,43.0,26.0,30.0,27.0,52.0,97.69,3975442432,1552449536,1593860096,9.25,8.9,9.14,25297891328,9402003456
2026-05-06T16:06:40.358460+02:00,-0.053386321441974666,0.2727075658669166,0.043424311001061325,-3.023385948570301,1.5285923636484218,-1.4743051491467662,1.7631846581124653,-0.6852786510750716,-0.4779958450740167,0.009296538317106862,-0.44954902444028555,0.2056460791664687,51.0,52.0,52.0,43.0,43.0,26.0,30.0,27.0,52.0,97.69,3975442432,1552449536,1593860096,9.25,8.9,9.14,25297891328,9402003456
2026-05-06T16:06:40.413841+02:00,-0.053386321441974666,0.2727075658669166,0.043424311001061325,-3.023385948570301,1.5285923636484218,-1.4743051491467662,1.7631846581124653,-0.6852786510750716,-0.4779958450740167,0.009296538317106862,-0.44954902444028555,0.2056460791664687,51.0,52.0,52.0,43.0,43.0,26.0,30.0,27.0,52.0,97.69,3975442432,1552449536,1593860096,9.25,8.9,9.14,25297891328,9402003456
2026-05-06T16:06:40.464045+02:00,-0.053386321441974666,0.2727075658669166,0.043424311001061325,-3.023385948570301,1.5285923636484218,-1.4743051491467662,1.7631846581124653,-0.6852786510750716,-0.4779958450740167,0.009296538317106862,-0.44954902444028555,0.2056460791664687,51.0,52.0,52.0,43.0,43.0,26.0,30.0,27.0,52.0,97.69,3975442432,1552449536,1593860096,9.25,8.9,9.14,25297891328,9402003456
2026-05-06T16:06:40.514904+02:00,-0.053386321441974666,0.2727075658669166,0.043424311001061325,-3.023385948570301,1.5285923636484218,-1.4743051491467662,1.7631846581124653,-0.6852786510750716,-0.4779958450740167,0.009296538317106862,-0.44954902444028555,0.2056460791664687,51.0,52.0,52.0,43.0,43.0,26.0,30.0,27.0,52.0,97.69,3975442432,1552449536,1593860096,9.25,8.9,9.14,25297891328,9402003456
2026-05-06T16:06:40.565008+02:00,-0.053386321441974666,0.2727075658669166,0.043424311001061325,-3.023385948570301,1.5285923636484218,-1.4743051491467662,1.7631846581124653,-0.6852786510750716,-0.4779958450740167,0.009296538317106862,-0.44954902444028555,0.2056460791664687,51.0,52.0,52.0,43.0,43.0,26.0,30.0,27.0,52.0,97.69,3975442432,1552449536,1593860096,9.25,8.9,9.14,25297891328,9402003456
2026-05-06T16:06:40.617972+02:00,-0.053386321441974666,0.2727075658669166,0.043424311001061325,-3.023385948570301,1.5285923636484218,-1.4743051491467662,1.7631846581124653,-0.6852786510750716,-0.4779958450740167,0.009296538317106862,-0.44954902444028555,0.2056460791664687,51.0,52.0,52.0,43.0,43.0,26.0,30.0,27.0,52.0,97.69,3975442432,1552449536,1593860096,9.25,8.9,9.14,25297891328,9402003456
2026-05-06T16:06:40.668241+02:00,-0.053386321441974666,0.2727075658669166,0.043424311001061325,-3.023385948570301,1.5285923636484218,-1.4743051491467662,1.7631846581124653,-0.6852786510750716,-0.4779958450740167,0.009296538317106862,-0.44954902444028555,0.2056460791664687,51.0,52.0,52.0,43.0,43.0,26.0,30.0,27.0,52.0,97.69,3975442432,1552449536,1593860096,9.25,8.9,9.14,25297891328,9402003456
2026-05-06T16:06:40.719976+02:00,-0.053386321441974666,0.2727075658669166,0.043424311001061325,-3.023385948570301,1.5285923636484218,-1.4743051491467662,1.7631846581124653,-0.6852786510750716,-0.4779958450740167,0.009296538317106862,-0.44954902444028555,0.2056460791664687,51.0,52.0,52.0,43.0,43.0,26.0,30.0,27.0,52.0,97.69,3975442432,1552449536,1593860096,9.25,8.9,9.14,25297891328,9402003456
2026-05-06T16:06:40.770902+02:00,-0.053386321441974666,0.2727075658669166,0.043424311001061325,-3.023385948570301,1.5285923636484218,-1.4743051491467662,1.7631846581124653,-0.6852786510750716,-0.4779958450740167,0.009296538317106862,-0.44954902444028555,0.2056460791664687,51.0,52.0,52.0,43.0,43.0,26.0,30.0,27.0,52.0,97.69,3975442432,1552449536,1593860096,9.25,8.9,9.14,25297891328,9402003456
2026-05-06T16:06:40.821054+02:00,-0.053386321441974666,0.2727075658669166,0.043424311001061325,-3.023385948570301,1.5285923636484218,-1.4743051491467662,1.7631846581124653,-0.6852786510750716,-0.4779958450740167,0.009296538317106862,-0.44954902444028555,0.2056460791664687,51.0,52.0,52.0,43.0,43.0,26.0,30.0,27.0,52.0,97.69,3975442432,1552449536,1593860096,9.25,8.9,9.14,25297891328,9402003456
2026-05-06T16:06:40.874037+02:00,-0.053386321441974666,0.2727075658669166,0.043424311001061325,-3.023385948570301,1.5285923636484218,-1.4743051491467662,1.7631846581124653,-0.6852786510750716,-0.4779958450740167,0.009296538317106862,-0.44954902444028555,0.2056460791664687,51.0,52.0,52.0,43.0,43.0,26.0,30.0,27.0,52.0,97.69,3975442432,1552449536,1593860096,9.25,8.9,9.14,25297891328,9402003456
2026-05-06T16:06:40.925277+02:00,-0.053386321441974666,0.2727075658669166,0.043424311001061325,-3.023385948570301,1.5285923636484218,-1.4743051491467662,1.7631846581124653,-0.6852786510750716,-0.4779958450740167,0.009296538317106862,-0.44954902444028555,0.2056460791664687,51.0,52.0,52.0,43.0,43.0,26.0,30.0,27.0,52.0,97.69,3975442432,1552449536,1593860096,9.25,8.9,9.14,25297891328,9402003456
2026-05-06T16:06:40.975695+02:00,-0.053386321441974666,0.2727075658669166,0.043424311001061325,-3.023385948570301,1.5285923636484218,-1.4743051491467662,1.7631846581124653,-0.6852786510750716,-0.4779958450740167,0.009296538317106862,-0.44954902444028555,0.2056460791664687,51.0,52.0,52.0,43.0,43.0,26.0,30.0,27.0,52.0,97.69,3975442432,1552449536,1593860096,9.25,8.9,9.14,25297891328,9402003456
2026-05-06T16:06:41.026920+02:00,-0.053386321441974666,0.2727075658669166,0.043424311001061325,-3.023385948570301,1.5285923636484218,-1.4743051491467662,1.7631846581124653,-0.6852786510750716,-0.4779958450740167,0.009296538317106862,-0.44954902444028555,0.2056460791664687,51.0,52.0,52.0,43.0,43.0,26.0,30.0,27.0,52.0,97.69,3975442432,1552449536,1593860096,9.25,8.9,9.14,25297891328,9402003456
2026-05-06T16:06:41.081996+02:00,-0.053386321441974666,0.2727075658669166,0.043424311001061325,-3.023385948570301,1.5285923636484218,-1.4743051491467662,1.7631846581124653,-0.6852786510750716,-0.4779958450740167,0.009296538317106862,-0.44954902444028555,0.2056460791664687,51.0,52.0,52.0,43.0,43.0,26.0,30.0,27.0,52.0,97.69,3975442432,1552449536,1593860096,9.25,8.9,9.14,25297891328,9402003456
2026-05-06T16:06:41.133064+02:00,-0.053386321441974666,0.2727075658669166,0.043424311001061325,-3.023385948570301,1.5285923636484218,-1.4743051491467662,1.7631846581124653,-0.6852786510750716,-0.4779958450740167,0.009296538317106862,-0.44954902444028555,0.2056460791664687,51.0,52.0,52.0,43.0,43.0,26.0,30.0,27.0,52.0,97.69,3975442432,1552449536,1593860096,9.25,8.9,9.14,25297891328,9402003456
2026-05-06T16:06:41.184165+02:00,-0.053386321441974666,0.2727075658669166,0.043424311001061325,-3.023385948570301,1.5285923636484218,-1.4743051491467662,1.7631846581124653,-0.6822487594936096,-0.4779958450740167,0.009296538317106862,-0.44954902444028555,0.2056460791664687,51.0,52.0,52.0,43.0,43.0,26.0,30.0,27.0,52.0,97.69,3975442432,1552449536,1593860096,9.25,8.9,9.14,25297891328,9402003456
2026-05-06T16:06:41.237171+02:00,-0.053386321441974666,0.2727075658669166,0.043424311001061325,-3.023385948570301,1.5285923636484218,-1.4743051491467662,1.7631846581124653,-0.6807338137028786,-0.4779958450740167,0.009296538317106862,-0.44954902444028555,0.2056460791664687,51.0,52.0,52.0,43.0,43.0,26.0,30.0,27.0,52.0,98.45,3975442432,1585192960,1561100288,9.25,8.9,9.14,25297891328,9402015744
2026-05-06T16:06:41.287899+02:00,-0.053386321441974666,0.2727075658669166,0.043424311001061325,-3.023385948570301,1.5285923636484218,-1.4743051491467662,1.7631846581124653,-0.6746740305399542,-0.4779958450740167,0.009296538317106862,-0.45261698601605715,0.2056460791664687,51.0,52.0,52.0,43.0,43.0,26.0,30.0,27.0,52.0,98.45,3975442432,1585192960,1561100288,9.25,8.9,9.14,25297891328,9402015744
2026-05-06T16:06:41.342949+02:00,-0.053386321441974666,0.2727075658669166,0.043424311001061325,-3.023385948570301,1.5285923636484218,-1.4743051491467662,1.7631846581124653,-0.6670993015862988,-0.4795107908647478,0.01083051910499222,-0.46335485153125644,0.2056460791664687,51.0,52.0,52.0,43.0,43.0,26.0,30.0,27.0,52.0,98.45,3975442432,1585192960,1561100288,9.25,8.9,9.14,25297891328,9402015744
2026-05-06T16:06:41.398003+02:00,-0.05357365659484686,0.2736457283232477,0.04676119817482226,-3.040624918141339,1.5345384021461483,-1.4915080064623412,1.7631846581124653,-0.6610395184233745,-0.4795107908647478,0.009296538317106862,-0.47409271704645617,0.2071800599543545,51.0,52.0,52.0,43.0,43.0,26.0,30.0,27.0,52.0,98.45,3975442432,1585192960,1561100288,9.25,8.9,9.14,25297891328,9402015744
2026-05-06T16:06:41.457604+02:00,-0.05357365659484686,0.2736457283232477,0.04676119817482226,-3.040624918141339,1.5345384021461483,-1.4915080064623412,1.7631846581124653,-0.6534647894697191,-0.4795107908647478,0.007762557529221059,-0.4802286401979985,0.2071800599543545,51.0,52.0,52.0,43.0,43.0,26.0,30.0,27.0,52.0,98.45,3975442432,1585192960,1561100288,9.25,8.9,9.14,25297891328,9402015744
2026-05-06T16:06:41.508116+02:00,-0.05357365659484686,0.2736457283232477,0.04676119817482226,-3.040624918141339,1.5345384021461483,-1.4915080064623412,1.7631846581124653,-0.6534647894697191,-0.4795107908647478,0.007762557529221059,-0.4802286401979985,0.2071800599543545,51.0,52.0,52.0,43.0,43.0,26.0,30.0,27.0,52.0,98.45,3975442432,1585192960,1561100288,9.25,8.9,9.14,25297891328,9402015744
2026-05-06T16:06:41.561915+02:00,-0.05352005594208606,0.2734807266092839,0.054366976059512545,-3.0078733364378127,1.525071368960483,-1.458792429451708,1.7631846581124653,-0.6383153315624083,-0.4795107908647478,0.007762557529221059,-0.49863640965262634,0.2071800599543545,51.0,52.0,52.0,43.0,43.0,26.0,30.0,27.0,52.0,98.45,3975442432,1585192960,1561100288,9.25,8.9,9.14,25297891328,9402015744
2026-05-06T16:06:41.614418+02:00,-0.05352005594208606,0.2734807266092839,0.054366976059512545,-3.0078733364378127,1.525071368960483,-1.458792429451708,1.7631846581124653,-0.6261957652365596,-0.4795107908647478,0.007762557529221059,-0.5139762175314826,0.2071800599543545,51.0,52.0,52.0,43.0,43.0,26.0,30.0,27.0,52.0,98.45,3975442432,1585192960,1561100288,9.25,8.9,9.14,25297891328,9402015744
2026-05-06T16:06:41.669464+02:00,-0.05352005594208606,0.2734807266092839,0.054366976059512545,-3.0078733364378127,1.525071368960483,-1.458792429451708,1.7631846581124653,-0.614076198910711,-0.4810257366554789,0.006228576741335257,-0.5231801022587965,0.2071800599543545,51.0,52.0,52.0,43.0,43.0,26.0,30.0,27.0,52.0,98.45,3975442432,1585192960,1561100288,9.25,8.9,9.14,25297891328,9402015744
2026-05-06T16:06:41.724521+02:00,-0.05352005594208606,0.2734807266092839,0.054366976059512545,-3.0078733364378127,1.525071368960483,-1.458792429451708,1.7631846581124653,-0.6049865241663245,-0.4810257366554789,0.006228576741335257,-0.5369859293497674,0.2071800599543545,51.0,52.0,52.0,43.0,43.0,26.0,30.0,27.0,52.0,98.45,3975442432,1585192960,1561100288,9.25,8.9,9.14,25297891328,9402015744
2026-05-06T16:06:41.779558+02:00,-0.05350584359274439,0.27354644701131003,0.06490394324223739,-2.989975816501385,1.518505915472324,-1.4394063368347256,1.7631846581124653,-0.5928669578404758,-0.4810257366554789,0.006228576741335257,-0.5492577756528525,0.2071800599543545,51.0,52.0,52.0,43.0,43.0,26.0,30.0,27.0,52.0,98.45,3975442432,1585192960,1561100288,9.25,8.9,9.14,25297891328,9402015744
2026-05-06T16:06:41.829867+02:00,-0.05350584359274439,0.27354644701131003,0.06490394324223739,-2.989975816501385,1.518505915472324,-1.4394063368347256,1.7631846581124653,-0.5807473915146274,-0.48254068244620996,0.006228576741335257,-0.5615296219559376,0.2071800599543545,51.0,52.0,52.0,43.0,43.0,26.0,30.0,27.0,52.0,98.45,3975442432,1585192960,1561100288,9.25,8.9,9.14,25297891328,9402015744
2026-05-06T16:06:41.880905+02:00,-0.05350584359274439,0.27354644701131003,0.06490394324223739,-2.989975816501385,1.518505915472324,-1.4394063368347256,1.7631846581124653,-0.5701427709795098,-0.48254068244620996,0.006228576741335257,-0.5722674874711369,0.2071800599543545,51.0,52.0,52.0,43.0,43.0,26.0,30.0,27.0,52.0,98.45,3975442432,1585192960,1561100288,9.25,8.9,9.14,25297891328,9402015744
2026-05-06T16:06:41.930903+02:00,-0.05350584359274439,0.27354644701131003,0.06490394324223739,-2.989975816501385,1.518505915472324,-1.4394063368347256,1.7631846581124653,-0.5610530962351233,-0.48254068244620996,0.006228576741335257,-0.5768694298347938,0.2071800599543545,51.0,52.0,52.0,43.0,43.0,26.0,30.0,27.0,52.0,98.45,3975442432,1585192960,1561100288,9.25,8.9,9.14,25297891328,9402015744
2026-05-06T16:06:41.985960+02:00,-0.05357912832800699,0.27383202990554617,0.07548557513111305,-2.995147802318139,1.5195498548343969,-1.4444607171708,1.7631846581124653,-0.5504484757000058,-0.48254068244620996,0.006228576741335257,-0.5860733145621078,0.2071800599543545,51.0,52.0,52.0,43.0,43.0,26.0,30.0,27.0,52.0,98.45,3975442432,1585192960,1561100288,9.25,8.9,9.14,25297891328,9402015744
2026-05-06T16:06:42.037112+02:00,-0.05357912832800699,0.27383202990554617,0.07548557513111305,-2.995147802318139,1.5195498548343969,-1.4444607171708,1.7616627310047268,-0.536813963583426,-0.48254068244620996,0.006228576741335257,-0.5952771992894217,0.2071800599543545,51.0,52.0,52.0,43.0,43.0,26.0,30.0,27.0,52.0,98.45,3975442432,1585192960,1561100288,9.25,8.9,9.14,25297891328,9402015744
2026-05-06T16:06:42.090816+02:00,-0.05357912832800699,0.27383202990554617,0.07548557513111305,-2.995147802318139,1.5195498548343969,-1.4444607171708,1.7616627310047268,-0.5307541804205017,-0.48254068244620996,0.006228576741335257,-0.5983451608651928,0.2071800599543545,51.0,52.0,52.0,43.0,43.0,26.0,30.0,27.0,52.0,98.45,3975442432,1585192960,1561100288,9.25,8.9,9.14,25297891328,9402015744
2026-05-06T16:06:42.144318+02:00,-0.05357912832800699,0.27383202990554617,0.07548557513111305,-2.995147802318139,1.5195498548343969,-1.4444607171708,1.7616627310047268,-0.5246943972575774,-0.48254068244620996,0.006228576741335257,-0.6029471032288498,0.2071800599543545,51.0,52.0,52.0,43.0,43.0,26.0,30.0,27.0,52.0,90.55,3975442432,1589940224,1556361216,9.25,8.9,9.14,25297891328,9402015744
2026-05-06T16:06:42.194866+02:00,-0.05335308488602523,0.27484061197705034,0.08509241340041764,-3.0149250210193856,1.5298113032209055,-1.4656604922291994,1.7616627310047268,-0.517119668303922,-0.48405562823694104,0.006228576741335257,-0.6106170071682779,0.2071800599543545,51.0,52.0,52.0,43.0,43.0,26.0,30.0,27.0,52.0,90.55,3975442432,1589940224,1556361216,9.25,8.9,9.14,25297891328,9402015744
2026-05-06T16:06:42.249951+02:00,-0.05335308488602523,0.27484061197705034,0.08509241340041764,-3.0149250210193856,1.5298113032209055,-1.4656604922291994,1.7616627310047268,-0.5125748309317287,-0.48405562823694104,0.006228576741335257,-0.6121509879561637,0.2071800599543545,51.0,52.0,52.0,43.0,43.0,26.0,30.0,27.0,52.0,90.55,3975442432,1589940224,1556361216,9.25,8.9,9.14,25297891328,9402015744
2026-05-06T16:06:42.302929+02:00,-0.05335308488602523,0.27484061197705034,0.08509241340041764,-3.0149250210193856,1.5298113032209055,-1.4656604922291994,1.7616627310047268,-0.5034851561873422,-0.48405562823694104,0.006228576741335257,-0.6198208918955919,0.2071800599543545,51.0,52.0,52.0,43.0,43.0,26.0,30.0,27.0,52.0,90.55,3975442432,1589940224,1556361216,9.25,8.9,9.14,25297891328,9402015744
2026-05-06T16:06:42.353863+02:00,-0.05335308488602523,0.27484061197705034,0.08509241340041764,-3.0149250210193856,1.5298113032209055,-1.4656604922291994,1.7616627310047268,-0.5004552646058801,-0.48405562823694104,0.006228576741335257,-0.6198208918955919,0.2071800599543545,51.0,52.0,52.0,43.0,43.0,26.0,30.0,27.0,52.0,90.55,3975442432,1589940224,1556361216,9.25,8.9,9.14,25297891328,9402015744
2026-05-06T16:06:42.404885+02:00,-0.05339034619588499,0.27498161289717543,0.09320258538723712,-3.036804630395526,1.5370754491290355,-1.4874525904605782,1.7616627310047268,-0.5004552646058801,-0.48405562823694104,0.006228576741335257,-0.6213548726834777,0.2071800599543545,51.0,52.0,52.0,43.0,43.0,26.0,30.0,27.0,52.0,90.55,3975442432,1589940224,1556361216,9.25,8.9,9.14,25297891328,9402015744
2026-05-06T16:06:42.459898+02:00,-0.05339034619588499,0.27498161289717543,0.09320258538723712,-3.036804630395526,1.5370754491290355,-1.4874525904605782,1.7616627310047268,-0.5004552646058801,-0.48405562823694104,0.006228576741335257,-0.6198208918955919,0.2071800599543545,51.0,52.0,52.0,43.0,43.0,26.0,30.0,27.0,52.0,90.55,3975442432,1589940224,1556361216,9.25,8.9,9.14,25297891328,9402015744
2026-05-06T16:06:42.511371+02:00,-0.05339034619588499,0.27498161289717543,0.09320258538723712,-3.036804630395526,1.5370754491290355,-1.4874525904605782,1.7616627310047268,-0.5004552646058801,-0.48405562823694104,0.006228576741335257,-0.6213548726834777,0.2071800599543545,51.0,52.0,52.0,43.0,43.0,26.0,30.0,27.0,52.0,90.55,3975442432,1589940224,1556361216,9.25,8.9,9.14,25297891328,9402015744
2026-05-06T16:06:42.561916+02:00,-0.05339034619588499,0.27498161289717543,0.09320258538723712,-3.036804630395526,1.5370754491290355,-1.4874525904605782,1.7616627310047268,-0.5004552646058801,-0.48405562823694104,0.006228576741335257,-0.6213548726834777,0.2071800599543545,51.0,52.0,52.0,43.0,43.0,26.0,30.0,27.0,52.0,90.55,3975442432,1589940224,1556361216,9.25,8.9,9.14,25297891328,9402015744
2026-05-06T16:06:42.614020+02:00,-0.05336674177747164,0.2748557686496748,0.09319278268292497,-3.032357951906571,1.535549153936708,-1.483003268085949,1.7616627310047268,-0.5004552646058801,-0.48405562823694104,0.006228576741335257,-0.6213548726834777,0.2071800599543545,51.0,52.0,52.0,43.0,43.0,26.0,30.0,27.0,52.0,90.55,3975442432,1589940224,1556361216,9.25,8.9,9.14,25297891328,9402015744
2026-05-06T16:06:42.664841+02:00,-0.05336674177747164,0.2748557686496748,0.09319278268292497,-3.032357951906571,1.535549153936708,-1.483003268085949,1.7616627310047268,-0.5004552646058801,-0.48405562823694104,0.006228576741335257,-0.6213548726834777,0.2071800599543545,51.0,52.0,52.0,43.0,43.0,26.0,30.0,27.0,52.0,90.55,3975442432,1589940224,1556361216,9.25,8.9,9.14,25297891328,9402015744
2026-05-06T16:06:42.716839+02:00,-0.05336674177747164,0.2748557686496748,0.09319278268292497,-3.032357951906571,1.535549153936708,-1.483003268085949,1.7601408038969875,-0.5004552646058801,-0.48254068244620996,0.006228576741335257,-0.6213548726834777,0.2071800599543545,51.0,52.0,52.0,43.0,43.0,26.0,30.0,27.0,52.0,90.55,3975442432,1589940224,1556361216,9.25,8.9,9.14,25297891328,9402015744
2026-05-06T16:06:42.771365+02:00,-0.05336674177747164,0.2748557686496748,0.09319278268292497,-3.032357951906571,1.535549153936708,-1.483003268085949,1.7525311683582925,-0.5004552646058801,-0.4810257366554789,0.006228576741335257,-0.6244228342592488,0.2071800599543545,51.0,52.0,52.0,43.0,43.0,26.0,30.0,27.0,52.0,90.55,3975442432,1589940224,1556361216,9.25,8.9,9.14,25297891328,9402015744
2026-05-06T16:06:42.826692+02:00,-0.05336674177747164,0.2748557686496748,0.09319278268292497,-3.032357951906571,1.535549153936708,-1.483003268085949,1.7433996057118581,-0.498940318815149,-0.4779958450740167,0.006228576741335257,-0.6290247766229058,0.21178200231801148,51.0,52.0,52.0,43.0,43.0,26.0,30.0,27.0,52.0,90.55,3975442432,1589940224,1556361216,9.25,8.9,9.14,25297891328,9402015744
2026-05-06T16:06:42.878380+02:00,-0.05336674177747164,0.2748557686496748,0.09319278268292497,-3.032357951906571,1.535549153936708,-1.483003268085949,1.7357899701731623,-0.498940318815149,-0.47648089928328563,0.006228576741335257,-0.6305587574107911,0.21484996389378264,51.0,52.0,52.0,43.0,43.0,26.0,30.0,27.0,52.0,90.55,3975442432,1589940224,1556361216,9.25,8.9,9.14,25297891328,9402015744
2026-05-06T16:06:42.933427+02:00,-0.05336674177747164,0.2748557686496748,0.09319278268292497,-3.032357951906571,1.535549153936708,-1.483003268085949,1.7175268448802936,-0.498940318815149,-0.47345100770182347,0.007762557529221059,-0.6366946805623339,0.2194519062574396,51.0,52.0,52.0,43.0,43.0,26.0,30.0,27.0,52.0,90.55,3975442432,1589940224,1556361216,9.25,8.9,9.14,25297891328,9402015744
2026-05-06T16:06:42.988464+02:00,-0.04149072613834125,0.2785045587790122,0.09526638151787495,-3.0358386049620694,1.5322439487014325,-1.5440936473672684,1.7038295009106421,-0.4974253730244179,-0.4689061703296302,0.009296538317106862,-0.6428306037138767,0.22251986783321076,51.0,52.0,52.0,43.0,43.0,26.0,30.0,27.0,52.0,90.55,3975442432,1589940224,1556361216,9.25,8.9,9.14,25297891328,9402015744
2026-05-06T16:06:43.038528+02:00,-0.04149072613834125,0.2785045587790122,0.09526638151787495,-3.0358386049620694,1.5322439487014325,-1.5440936473672684,1.699263719587425,-0.4974253730244179,-0.46739122453889914,0.009296538317106862,-0.644364584501762,0.22405384862109656,51.0,52.0,52.0,43.0,43.0,26.0,30.0,27.0,52.0,90.55,3975442432,1589940224,1556361216,9.25,8.9,9.14,25297891328,9402015744
2026-05-06T16:06:43.088745+02:00,-0.04149072613834125,0.2785045587790122,0.09526638151787495,-3.0358386049620694,1.5322439487014325,-1.5440936473672684,1.671869031648122,-0.49591042723368683,-0.45981649558524373,0.009296538317106862,-0.6566364308048471,0.2317237525605247,51.0,52.0,52.0,43.0,43.0,26.0,30.0,27.0,52.0,90.55,3975442432,1589940224,1556361216,9.25,8.9,9.14,25297891328,9402015744
2026-05-06T16:06:43.138779+02:00,-0.04149072613834125,0.2785045587790122,0.09526638151787495,-3.0358386049620694,1.5322439487014325,-1.5440936473672684,1.656649760570732,-0.49439548144295575,-0.45678660400378157,0.012364499892878023,-0.6673742963200469,0.23632569492418165,51.0,52.0,52.0,43.0,43.0,26.0,30.0,27.0,52.0,90.55,3975442432,1589940224,1556361216,9.25,8.9,9.14,25297891328,9402015744
2026-05-06T16:06:43.190049+02:00,-0.026932142247264593,0.28221124544555054,0.09891826727335232,-3.0417690405606335,1.5241378662273828,-1.6209830332465944,1.644474343708819,-0.49439548144295575,-0.45224176663158844,0.012364499892878023,-0.6719762386837038,0.24399559886360978,51.0,52.0,52.0,43.0,43.0,26.0,30.0,27.0,52.0,90.55,3975442432,1589940224,1556361216,9.25,8.9,9.14,25297891328,9402015744
2026-05-06T16:06:43.244344+02:00,-0.026932142247264593,0.28221124544555054,0.09891826727335232,-3.0417690405606335,1.5241378662273828,-1.6209830332465944,1.6003384575843866,-0.4913655898614938,-0.44163714609647087,0.015432461468649183,-0.6888500273504459,0.2531994835909237,51.0,52.0,52.0,43.0,43.0,26.0,30.0,27.0,52.0,97.69,3975442432,1590575104,1555689472,9.25,8.9,9.14,25297891328,9402040320
2026-05-06T16:06:43.295095+02:00,-0.026932142247264593,0.28221124544555054,0.09891826727335232,-3.0417690405606335,1.5241378662273828,-1.6209830332465944,1.5866411136147351,-0.48985064407076273,-0.4370923087242776,0.018500423044420344,-0.701121873653531,0.259335406742466,51.0,52.0,52.0,43.0,43.0,26.0,30.0,27.0,52.0,97.69,3975442432,1590575104,1555689472,9.25,8.9,9.14,25297891328,9402040320
2026-05-06T16:06:43.345494+02:00,-0.026932142247264593,0.28221124544555054,0.09891826727335232,-3.0417690405606335,1.5241378662273828,-1.6209830332465944,1.5683779883218665,-0.48985064407076273,-0.4325474713520844,0.018500423044420344,-0.7103257583808449,0.263937349106123,51.0,52.0,52.0,43.0,43.0,26.0,30.0,27.0,52.0,97.69,3975442432,1590575104,1555689472,9.25,8.9,9.14,25297891328,9402040320
2026-05-06T16:06:43.395914+02:00,0.0023607255943702285,0.28669089787375723,0.1050602404220919,-3.0679937043638343,1.5075579297771724,-1.7913080505973364,1.5379394461670857,-0.48682075248930057,-0.4219428508169668,0.023102365408077308,-0.7302675086233581,0.2746752146213227,51.0,52.0,52.0,43.0,43.0,26.0,30.0,27.0,52.0,97.69,3975442432,1590575104,1555689472,9.25,8.9,9.14,25297891328,9402040320
2026-05-06T16:06:43.445916+02:00,0.0023607255943702285,0.28669089787375723,0.1050602404220919,-3.0679937043638343,1.5075579297771724,-1.7913080505973364,1.5059789769045655,-0.4853058066985695,-0.4158830676540425,0.023102365408077308,-0.7333354701991293,0.2792771569849797,51.0,52.0,52.0,43.0,43.0,26.0,30.0,27.0,52.0,97.69,3975442432,1590575104,1555689472,9.25,8.9,9.14,25297891328,9402040320
2026-05-06T16:06:43.498028+02:00,0.0023607255943702285,0.28669089787375723,0.1050602404220919,-3.0679937043638343,1.5075579297771724,-1.7913080505973364,1.4572773094569151,-0.4822759151171073,-0.40376350132819394,0.02770430777173427,-0.7640150859568422,0.29461696486383593,51.0,52.0,52.0,43.0,43.0,26.0,30.0,27.0,52.0,97.69,3975442432,1590575104,1555689472,9.25,8.9,9.14,25297891328,9402040320
2026-05-06T16:06:43.548240+02:00,0.0023607255943702285,0.28669089787375723,0.1050602404220919,-3.0679937043638343,1.5075579297771724,-1.7913080505973364,1.4572773094569151,-0.4822759151171073,-0.40376350132819394,0.02770430777173427,-0.7640150859568422,0.29461696486383593,51.0,52.0,52.0,43.0,43.0,26.0,30.0,27.0,52.0,97.69,3975442432,1590575104,1555689472,9.25,8.9,9.14,25297891328,9402040320
2026-05-06T16:06:43.601933+02:00,0.0023607255943702285,0.28669089787375723,0.1050602404220919,-3.0679937043638343,1.5075579297771724,-1.7913080505973364,1.4572773094569151,-0.4822759151171073,-0.40376350132819394,0.02770430777173427,-0.7640150859568422,0.29461696486383593,51.0,52.0,52.0,43.0,43.0,26.0,30.0,27.0,52.0,97.69,3975442432,1590575104,1555689472,9.25,8.9,9.14,25297891328,9402040320
2026-05-06T16:06:43.652017+02:00,0.0314026615142666,0.28788237737628725,0.11139985384005925,-3.0642856431930547,1.4894449572267805,-1.9223901179775007,1.382702881177702,-0.47924602353564516,-0.38558415183942096,0.032306250135391235,-0.7946947017145551,0.31609269589423494,51.0,52.0,52.0,43.0,43.0,26.0,30.0,27.0,52.0,97.69,3975442432,1590575104,1555689472,9.25,8.9,9.14,25297891328,9402040320
2026-05-06T16:06:43.704480+02:00,0.0314026615142666,0.28788237737628725,0.11139985384005925,-3.0642856431930547,1.4894449572267805,-1.9223901179775007,1.3476985576997031,-0.4777310777449141,-0.37800942288576556,0.035374211711162395,-0.8054325672297544,0.3222286190457777,51.0,52.0,52.0,43.0,43.0,26.0,30.0,27.0,52.0,97.69,3975442432,1590575104,1555689472,9.25,8.9,9.14,25297891328,9402040320
2026-05-06T16:06:43.754949+02:00,0.0314026615142666,0.28788237737628725,0.11139985384005925,-3.0642856431930547,1.4894449572267805,-1.9223901179775007,1.3340012137300516,-0.4777310777449141,-0.3749795313043034,0.0369081924990482,-0.8115684903812972,0.32989852298520583,51.0,52.0,52.0,43.0,43.0,26.0,30.0,27.0,52.0,97.69,3975442432,1590575104,1555689472,9.25,8.9,9.14,25297891328,9402040320
2026-05-06T16:06:43.806022+02:00,0.05903863765478598,0.2860585368010618,0.1159861462925447,-3.0562861654894506,1.4793276056651252,-2.0361046976035686,1.2579048583430992,-0.47167129458198975,-0.3568001818155305,0.04151013486270516,-0.8437820869268955,0.3437043500761763,51.0,52.0,52.0,43.0,43.0,26.0,30.0,27.0,52.0,97.69,3975442432,1590575104,1555689472,9.25,8.9,9.14,25297891328,9402040320
2026-05-06T16:06:43.857023+02:00,0.05903863765478598,0.2860585368010618,0.1159861462925447,-3.0562861654894506,1.4793276056651252,-2.0361046976035686,1.2031154824644932,-0.47015634879125867,-0.3446806154896819,0.04457809643847632,-0.8683257795330657,0.36211211953080413,51.0,52.0,52.0,43.0,43.0,26.0,30.0,27.0,52.0,97.69,3975442432,1590575104,1555689472,9.25,8.9,9.14,25297891328,9402040320
2026-05-06T16:06:43.907457+02:00,0.05903863765478598,0.2860585368010618,0.1159861462925447,-3.0562861654894506,1.4793276056651252,-2.0361046976035686,1.163545377663278,-0.4671264572097965,-0.33710588653602636,0.046112077226362125,-0.8775296642603796,0.3667140618944611,51.0,52.0,52.0,43.0,43.0,26.0,30.0,27.0,52.0,97.69,3975442432,1590575104,1555689472,9.25,8.9,9.14,25297891328,9402040320
2026-05-06T16:06:43.960826+02:00,0.1193178200558745,0.2719839013714351,0.12838968644561358,-3.0473896955124458,1.4532827277198808,-2.301692574265835,1.116365637323367,-0.4656115114190654,-0.326501266000909,0.046112077226362125,-0.89133549135135,0.375917946621775,51.0,52.0,52.0,43.0,43.0,26.0,30.0,27.0,52.0,97.69,3975442432,1590575104,1555689472,9.25,8.9,9.14,25297891328,9402040320
2026-05-06T16:06:44.013958+02:00,0.1193178200558745,0.2719839013714351,0.12838968644561358,-3.0473896955124458,1.4532827277198808,-2.301692574265835,1.0859270951685862,-0.46409656562833435,-0.3204414828379847,0.05071401959001909,-0.9082092800180921,0.3866558121369743,51.0,52.0,52.0,43.0,43.0,26.0,30.0,27.0,52.0,97.69,3975442432,1590575104,1555689472,9.25,8.9,9.14,25297891328,9402040320
2026-05-06T16:06:44.068993+02:00,0.1193178200558745,0.2719839013714351,0.12838968644561358,-3.0473896955124458,1.4532827277198808,-2.301692574265835,1.061576261444761,-0.46409656562833435,-0.31589664546579144,0.05071401959001909,-0.917413164745406,0.39125775450063127,51.0,52.0,52.0,43.0,43.0,26.0,30.0,27.0,52.0,97.69,3975442432,1590575104,1555689472,9.25,8.9,9.14,25297891328,9402040320
2026-05-06T16:06:44.122297+02:00,0.1193178200558745,0.2719839013714351,0.12838968644561358,-3.0473896955124458,1.4532827277198808,-2.301692574265835,1.0159184482125894,-0.4610666740468722,-0.30680697072140495,0.05224800037790445,-0.9296850110484915,0.4004616392279452,51.0,52.0,52.0,43.0,43.0,26.0,30.0,27.0,52.0,97.69,3975442432,1590575104,1555689472,9.25,8.9,9.14,25297891328,9402040320
2026-05-06T16:06:44.173316+02:00,0.1550305772764536,0.2561764542420246,0.1353896428590337,-3.028729575401765,1.4379556966607459,-2.4471835846738803,1.0037430313506772,-0.4610666740468722,-0.30529202493067387,0.05378198116579025,-0.9342869534121481,0.40352960080371636,51.0,52.0,52.0,43.0,43.0,26.0,30.0,27.0,52.0,97.69,3975442432,1590575104,1555689472,9.25,8.9,9.14,25297891328,9402040320
2026-05-06T16:06:44.228276+02:00,0.1550305772764536,0.2561764542420246,0.1353896428590337,-3.028729575401765,1.4379556966607459,-2.4471835846738803,0.945909801256593,-0.4610666740468722,-0.2946874043955563,0.05531596195367605,-0.9496267612910043,0.4096655239552591,51.0,52.0,52.0,43.0,43.0,26.0,30.0,27.0,52.0,93.18,3975442432,1575862272,1570373632,9.55,8.96,9.17,25297891328,9402044416
2026-05-06T16:06:44.279555+02:00,0.1550305772764536,0.2561764542420246,0.1353896428590337,-3.028729575401765,1.4379556966607459,-2.4471835846738803,0.9337343843946804,-0.4595517282561411,-0.2931724586048252,0.05531596195367605,-0.9511607420788901,0.4127334855310303,51.0,52.0,52.0,43.0,43.0,26.0,30.0,27.0,52.0,93.18,3975442432,1575862272,1570373632,9.55,8.96,9.17,25297891328,9402044416
2026-05-06T16:06:44.330672+02:00,0.1550305772764536,0.2561764542420246,0.1353896428590337,-3.028729575401765,1.4379556966607459,-2.4471835846738803,0.8941642795934652,-0.45803678246541,-0.28862762123263197,0.05684994274156141,-0.960364626806204,0.41733542789468725,51.0,52.0,52.0,43.0,43.0,26.0,30.0,27.0,52.0,93.18,3975442432,1575862272,1570373632,9.55,8.96,9.17,25297891328,9402044416
2026-05-06T16:06:44.381150+02:00,0.17958714032604178,0.24098943186228977,0.13880106812641338,-3.0166504199450346,1.4262239454962085,-2.5514125254246656,0.8941642795934652,-0.45803678246541,-0.28862762123263197,0.05684994274156141,-0.9634325883819757,0.41733542789468725,51.0,52.0,52.0,43.0,43.0,26.0,30.0,27.0,52.0,93.18,3975442432,1575862272,1570373632,9.55,8.96,9.17,25297891328,9402044416
2026-05-06T16:06:44.436185+02:00,0.17958714032604178,0.24098943186228977,0.13880106812641338,-3.0166504199450346,1.4262239454962085,-2.5514125254246656,0.8606818832232057,-0.45803678246541,-0.2840827838604387,0.05838392352944721,-0.969568511533518,0.42347135104623,51.0,52.0,52.0,43.0,43.0,26.0,30.0,27.0,52.0,93.18,3975442432,1575862272,1570373632,9.55,8.96,9.17,25297891328,9402044416
2026-05-06T16:06:44.491224+02:00,0.17958714032604178,0.24098943186228977,0.13880106812641338,-3.0166504199450346,1.4262239454962085,-2.5514125254246656,0.8545941747922496,-0.45652183667467894,-0.2840827838604387,0.05838392352944721,-0.9711024923214038,0.4250053318341154,51.0,52.0,52.0,43.0,43.0,26.0,30.0,27.0,52.0,93.18,3975442432,1575862272,1570373632,9.55,8.96,9.17,25297891328,9402044416
2026-05-06T16:06:44.546257+02:00,0.17958714032604178,0.24098943186228977,0.13880106812641338,-3.0166504199450346,1.4262239454962085,-2.5514125254246656,0.8317652681761638,-0.45652183667467894,-0.28105289227897656,0.059917904317333015,-0.9726364731092896,0.4265393126220012,51.0,52.0,52.0,43.0,43.0,26.0,30.0,27.0,52.0,93.18,3975442432,1575862272,1570373632,9.55,8.96,9.17,25297891328,9402044416
2026-05-06T16:06:44.600476+02:00,0.1971138111136666,0.22792770652671834,0.14150385292376944,-3.0130672626529016,1.422641773946131,-2.6288989790263466,0.8287214139606855,-0.45652183667467894,-0.28105289227897656,0.059917904317333015,-0.9726364731092896,0.42807329340988653,51.0,52.0,52.0,43.0,43.0,26.0,30.0,27.0,52.0,93.18,3975442432,1575862272,1570373632,9.55,8.96,9.17,25297891328,9402044416
2026-05-06T16:06:44.653877+02:00,0.1971138111136666,0.22792770652671834,0.14150385292376944,-3.0130672626529016,1.422641773946131,-2.6288989790263466,0.8287214139606855,-0.45652183667467894,-0.28105289227897656,0.059917904317333015,-0.9726364731092896,0.42807329340988653,51.0,52.0,52.0,43.0,43.0,26.0,30.0,27.0,52.0,93.18,3975442432,1575862272,1570373632,9.55,8.96,9.17,25297891328,9402044416
2026-05-06T16:06:44.707384+02:00,0.1971138111136666,0.22792770652671834,0.14150385292376944,-3.0130672626529016,1.422641773946131,-2.6288989790263466,0.8226337055297295,-0.45652183667467894,-0.28105289227897656,0.059917904317333015,-0.9787723962608319,0.42960727419777234,51.0,52.0,52.0,43.0,43.0,26.0,30.0,27.0,52.0,93.18,3975442432,1575862272,1570373632,9.55,8.96,9.17,25297891328,9402044416
2026-05-06T16:06:44.762461+02:00,0.2020574370859977,0.22331718873399567,0.1418176893986617,-3.0071211859711466,1.4178340267064748,-2.651163129620695,0.8226337055297295,-0.45652183667467894,-0.28105289227897656,0.059917904317333015,-0.9787723962608319,0.42960727419777234,51.0,52.0,52.0,43.0,43.0,26.0,30.0,27.0,52.0,93.18,3975442432,1575862272,1570373632,9.55,8.96,9.17,25297891328,9402044416
2026-05-06T16:06:44.816615+02:00,0.2020574370859977,0.22331718873399567,0.1418176893986617,-3.0071211859711466,1.4178340267064748,-2.651163129620695,0.8226337055297295,-0.45652183667467894,-0.28105289227897656,0.059917904317333015,-0.9787723962608319,0.42960727419777234,51.0,52.0,52.0,43.0,43.0,26.0,30.0,27.0,52.0,93.18,3975442432,1575862272,1570373632,9.55,8.96,9.17,25297891328,9402044416
2026-05-06T16:06:44.867839+02:00,0.2020574370859977,0.22331718873399567,0.1418176893986617,-3.0071211859711466,1.4178340267064748,-2.651163129620695,0.8226337055297295,-0.45652183667467894,-0.28105289227897656,0.059917904317333015,-0.9787723962608319,0.43114125498565814,51.0,52.0,52.0,43.0,43.0,26.0,30.0,27.0,52.0,93.18,3975442432,1575862272,1570373632,9.55,8.96,9.17,25297891328,9402044416
2026-05-06T16:06:44.922858+02:00,0.2020574370859977,0.22331718873399567,0.1418176893986617,-3.0071211859711466,1.4178340267064748,-2.651163129620695,0.8226337055297295,-0.45652183667467894,-0.28105289227897656,0.059917904317333015,-0.9787723962608319,0.43114125498565814,51.0,52.0,52.0,43.0,43.0,26.0,30.0,27.0,52.0,93.18,3975442432,1575862272,1570373632,9.55,8.96,9.17,25297891328,9402044416
2026-05-06T16:06:44.974134+02:00,0.2020319703621242,0.22328975117971728,0.14136151231740196,-3.003908427355957,1.4164011250377213,-2.647988233634254,0.8226337055297295,-0.4595517282561411,-0.28105289227897656,0.059917904317333015,-0.9787723962608319,0.43114125498565814,51.0,52.0,52.0,43.0,43.0,26.0,30.0,27.0,52.0,93.18,3975442432,1575862272,1570373632,9.55,8.96,9.17,25297891328,9402044416
2026-05-06T16:06:45.029190+02:00,0.2020319703621242,0.22328975117971728,0.14136151231740196,-3.003908427355957,1.4164011250377213,-2.647988233634254,0.8226337055297295,-0.46258161983760326,-0.28105289227897656,0.059917904317333015,-0.9757044346850603,0.42960727419777234,51.0,52.0,52.0,43.0,43.0,26.0,30.0,27.0,52.0,93.18,3975442432,1575862272,1570373632,9.55,8.96,9.17,25297891328,9402044416
2026-05-06T16:06:45.084220+02:00,0.2020319703621242,0.22328975117971728,0.14136151231740196,-3.003908427355957,1.4164011250377213,-2.647988233634254,0.8226337055297295,-0.4686414030005276,-0.2840827838604387,0.059917904317333015,-0.9680345307456322,0.42960727419777234,51.0,52.0,52.0,43.0,43.0,26.0,30.0,27.0,52.0,93.18,3975442432,1575862272,1570373632,9.55,8.96,9.17,25297891328,9402044416
2026-05-06T16:06:45.134248+02:00,0.2020319703621242,0.22328975117971728,0.14136151231740196,-3.003908427355957,1.4164011250377213,-2.647988233634254,0.8226337055297295,-0.47167129458198975,-0.2840827838604387,0.059917904317333015,-0.9634325883819757,0.42960727419777234,51.0,52.0,52.0,43.0,43.0,26.0,30.0,27.0,52.0,93.18,3975442432,1575862272,1570373632,9.55,8.96,9.17,25297891328,9402044416
2026-05-06T16:06:45.189307+02:00,0.20223535626503902,0.22343516201221075,0.1366257996203445,-2.997268616967897,1.4153202672111131,-2.642101676758053,0.8226337055297295,-0.47924602353564516,-0.2871126754419009,0.06145188510521837,-0.9511607420788901,0.42960727419777234,51.0,52.0,52.0,43.0,43.0,26.0,30.0,27.0,52.0,93.18,3975442432,1575862272,1570373632,9.55,8.96,9.17,25297891328,9402044416
2026-05-06T16:06:45.244302+02:00,0.20223535626503902,0.22343516201221075,0.1366257996203445,-2.997268616967897,1.4153202672111131,-2.642101676758053,0.8226337055297295,-0.4853058066985695,-0.28862762123263197,0.06145188510521837,-0.9419568573515762,0.42807329340988653,51.0,52.0,52.0,43.0,43.0,26.0,30.0,27.0,52.0,93.18,3975442432,1575862272,1570373632,9.55,8.96,9.17,25297891328,9402044416
2026-05-06T16:06:45.299397+02:00,0.20223535626503902,0.22343516201221075,0.1366257996203445,-2.997268616967897,1.4153202672111131,-2.642101676758053,0.8226337055297295,-0.48985064407076273,-0.29014256702336305,0.06145188510521837,-0.9358209342000339,0.42807329340988653,51.0,52.0,52.0,43.0,43.0,26.0,30.0,27.0,52.0,90.84,3975442432,1552695296,1593552896,9.55,8.96,9.17,25297891328,9402060800
2026-05-06T16:06:45.354295+02:00,0.20223535626503902,0.22343516201221075,0.1366257996203445,-2.997268616967897,1.4153202672111131,-2.642101676758053,0.8226337055297295,-0.4974253730244179,-0.29165751281409413,0.06298586589310418,-0.92661704947272,0.4265393126220012,51.0,52.0,52.0,43.0,43.0,26.0,30.0,27.0,52.0,90.84,3975442432,1552695296,1593552896,9.55,8.96,9.17,25297891328,9402060800
2026-05-06T16:06:45.408562+02:00,0.20247743816496888,0.22369842503135237,0.1299196079853655,-3.0054052581214648,1.4184846099034576,-2.650896367628979,0.8226337055297295,-0.5050001019780733,-0.2946874043955563,0.06298586589310418,-0.9158791839575202,0.4250053318341154,51.0,52.0,52.0,43.0,43.0,26.0,30.0,27.0,52.0,90.84,3975442432,1552695296,1593552896,9.55,8.96,9.17,25297891328,9402060800
2026-05-06T16:06:45.459941+02:00,0.20247743816496888,0.22369842503135237,0.1299196079853655,-3.0054052581214648,1.4184846099034576,-2.650896367628979,0.8226337055297295,-0.5186346140946531,-0.29771729597701846,0.06451984668098998,-0.89133549135135,0.42347135104623,51.0,52.0,52.0,43.0,43.0,26.0,30.0,27.0,52.0,90.84,3975442432,1552695296,1593552896,9.55,8.96,9.17,25297891328,9402060800
2026-05-06T16:06:45.514966+02:00,0.20247743816496888,0.22369842503135237,0.1299196079853655,-3.0054052581214648,1.4184846099034576,-2.650896367628979,0.8226337055297295,-0.5292392346297706,-0.3007471875584806,0.06451984668098998,-0.8790636450482654,0.4219373702583442,51.0,52.0,52.0,43.0,43.0,26.0,30.0,27.0,52.0,90.84,3975442432,1552695296,1593552896,9.55,8.96,9.17,25297891328,9402060800
2026-05-06T16:06:45.570002+02:00,0.20290460523820425,0.2241206868196278,0.11592964478783857,-3.0236341324654115,1.4249049342361844,-2.6675416737975426,0.8226337055297295,-0.5398438551648882,-0.3037770791399428,0.06758780825676114,-0.8652578179572941,0.4219373702583442,51.0,52.0,52.0,43.0,43.0,26.0,30.0,27.0,52.0,90.84,3975442432,1552695296,1593552896,9.55,8.96,9.17,25297891328,9402060800
2026-05-06T16:06:45.621387+02:00,0.20290460523820425,0.2241206868196278,0.11592964478783857,-3.0236341324654115,1.4249049342361844,-2.6675416737975426,0.8226337055297295,-0.5534783672814679,-0.30529202493067387,0.06605382746887534,-0.8514519908663236,0.4204033894704584,51.0,52.0,52.0,43.0,43.0,26.0,30.0,27.0,52.0,90.84,3975442432,1552695296,1593552896,9.55,8.96,9.17,25297891328,9402060800
2026-05-06T16:06:45.672138+02:00,0.20290460523820425,0.2241206868196278,0.11592964478783857,-3.0236341324654115,1.4249049342361844,-2.6675416737975426,0.8226337055297295,-0.5534783672814679,-0.30529202493067387,0.06605382746887534,-0.8514519908663236,0.4204033894704584,51.0,52.0,52.0,43.0,43.0,26.0,30.0,27.0,52.0,90.84,3975442432,1552695296,1593552896,9.55,8.96,9.17,25297891328,9402060800
2026-05-06T16:06:45.730107+02:00,0.20290460523820425,0.2241206868196278,0.11592964478783857,-3.0236341324654115,1.4249049342361844,-2.6675416737975426,0.8226337055297295,-0.5686278251887787,-0.30832191651213603,0.06758780825676114,-0.8407141253511243,0.41886940868257305,51.0,52.0,52.0,43.0,43.0,26.0,30.0,27.0,52.0,90.84,3975442432,1552695296,1593552896,9.55,8.96,9.17,25297891328,9402060800
2026-05-06T16:06:45.780585+02:00,0.20263970338415307,0.2238826818938089,0.10470260196701091,-3.0172864335364054,1.4208759689803334,-2.663587374292134,0.8226337055297295,-0.573172662560972,-0.30832191651213603,0.06758780825676114,-0.8330442214116962,0.41733542789468725,51.0,52.0,52.0,43.0,43.0,26.0,30.0,27.0,52.0,90.84,3975442432,1552695296,1593552896,9.55,8.96,9.17,25297891328,9402060800
2026-05-06T16:06:45.830855+02:00,0.20263970338415307,0.2238826818938089,0.10470260196701091,-3.0172864335364054,1.4208759689803334,-2.663587374292134,0.8226337055297295,-0.5837772830960896,-0.3113518080935982,0.06758780825676114,-0.8223063558964965,0.41733542789468725,51.0,52.0,52.0,43.0,43.0,26.0,30.0,27.0,52.0,90.84,3975442432,1552695296,1593552896,9.55,8.96,9.17,25297891328,9402060800
2026-05-06T16:06:45.881834+02:00,0.20263970338415307,0.2238826818938089,0.10470260196701091,-3.0172864335364054,1.4208759689803334,-2.663587374292134,0.8226337055297295,-0.5913520120497447,-0.3113518080935982,0.06758780825676114,-0.8146364519570684,0.41580144710680145,51.0,52.0,52.0,43.0,43.0,26.0,30.0,27.0,52.0,90.84,3975442432,1552695296,1593552896,9.55,8.96,9.17,25297891328,9402060800
2026-05-06T16:06:45.933334+02:00,0.20263970338415307,0.2238826818938089,0.10470260196701091,-3.0172864335364054,1.4208759689803334,-2.663587374292134,0.8226337055297295,-0.5943819036312069,-0.3113518080935982,0.06758780825676114,-0.8115684903812972,0.41580144710680145,51.0,52.0,52.0,43.0,43.0,26.0,30.0,27.0,52.0,90.84,3975442432,1552695296,1593552896,9.55,8.96,9.17,25297891328,9402060800
2026-05-06T16:06:45.985169+02:00,0.20207010893029287,0.22317868069370783,0.09352281127998169,-3.004312707717705,1.4157506310128334,-2.6488589261837205,0.8226337055297295,-0.5974117952126691,-0.3128667538843293,0.0691217890446465,-0.8100345095934114,0.41580144710680145,51.0,52.0,52.0,43.0,43.0,26.0,30.0,27.0,52.0,90.84,3975442432,1552695296,1593552896,9.55,8.96,9.17,25297891328,9402060800
2026-05-06T16:06:46.036009+02:00,0.20207010893029287,0.22317868069370783,0.09352281127998169,-3.004312707717705,1.4157506310128334,-2.6488589261837205,0.8226337055297295,-0.6004416867941312,-0.3128667538843293,0.0691217890446465,-0.8085005288055256,0.41580144710680145,51.0,52.0,52.0,43.0,43.0,26.0,30.0,27.0,52.0,90.84,3975442432,1552695296,1593552896,9.55,8.96,9.17,25297891328,9402060800
2026-05-06T16:06:46.086551+02:00,0.20207010893029287,0.22317868069370783,0.09352281127998169,-3.004312707717705,1.4157506310128334,-2.6488589261837205,0.8226337055297295,-0.6004416867941312,-0.3128667538843293,0.0691217890446465,-0.8085005288055256,0.41580144710680145,51.0,52.0,52.0,43.0,43.0,26.0,30.0,27.0,52.0,90.84,3975442432,1552695296,1593552896,9.55,8.96,9.17,25297891328,9402060800
2026-05-06T16:06:46.159742+02:00,0.20207010893029287,0.22317868069370783,0.09352281127998169,-3.004312707717705,1.4157506310128334,-2.6488589261837205,0.8226337055297295,-0.6004416867941312,-0.3128667538843293,0.0691217890446465,-0.8085005288055256,0.41580144710680145,51.0,52.0,52.0,43.0,43.0,26.0,30.0,27.0,52.0,90.84,3975442432,1552695296,1593552896,9.55,8.96,9.17,25297891328,9402060800
2026-05-06T16:06:46.213246+02:00,0.20193511724592955,0.22302325860908165,0.09214995953840477,-2.997596944710618,1.4129223206847132,-2.642290126216564,0.8226337055297295,-0.6004416867941312,-0.3128667538843293,0.0691217890446465,-0.8085005288055256,0.41580144710680145,51.0,52.0,52.0,43.0,43.0,26.0,30.0,27.0,52.0,90.7,3975442432,1552650240,1593581568,9.55,8.96,9.17,25297891328,9402073088
2026-05-06T16:06:46.266794+02:00,0.20193511724592955,0.22302325860908165,0.09214995953840477,-2.997596944710618,1.4129223206847132,-2.642290126216564,0.8226337055297295,-0.6004416867941312,-0.3128667538843293,0.0691217890446465,-0.8069665480176402,0.41580144710680145,51.0,52.0,52.0,43.0,43.0,26.0,30.0,27.0,52.0,90.7,3975442432,1552650240,1593581568,9.55,8.96,9.17,25297891328,9402073088
2026-05-06T16:06:46.317718+02:00,0.20193511724592955,0.22302325860908165,0.09214995953840477,-2.997596944710618,1.4129223206847132,-2.642290126216564,0.8226337055297295,-0.6004416867941312,-0.3128667538843293,0.0691217890446465,-0.8085005288055256,0.41580144710680145,51.0,52.0,52.0,43.0,43.0,26.0,30.0,27.0,52.0,90.7,3975442432,1552650240,1593581568,9.55,8.96,9.17,25297891328,9402073088
2026-05-06T16:06:46.368576+02:00,0.20193511724592955,0.22302325860908165,0.09214995953840477,-2.997596944710618,1.4129223206847132,-2.642290126216564,0.8226337055297295,-0.6004416867941312,-0.3128667538843293,0.0691217890446465,-0.8085005288055256,0.41580144710680145,51.0,52.0,52.0,43.0,43.0,26.0,30.0,27.0,52.0,90.7,3975442432,1552650240,1593581568,9.55,8.96,9.17,25297891328,9402073088
2026-05-06T16:06:46.419497+02:00,0.20193511724592955,0.22302325860908165,0.09214995953840477,-2.997596944710618,1.4129223206847132,-2.642290126216564,0.8226337055297295,-0.6004416867941312,-0.3128667538843293,0.0691217890446465,-0.8085005288055256,0.41580144710680145,51.0,52.0,52.0,43.0,43.0,26.0,30.0,27.0,52.0,90.7,3975442432,1552650240,1593581568,9.55,8.96,9.17,25297891328,9402073088
2026-05-06T16:06:46.474556+02:00,0.20193511724592955,0.22302325860908165,0.09214995953840477,-2.997596944710618,1.4129223206847132,-2.642290126216564,0.8226337055297295,-0.6004416867941312,-0.3128667538843293,0.0691217890446465,-0.8085005288055256,0.41580144710680145,51.0,52.0,52.0,43.0,43.0,26.0,30.0,27.0,52.0,90.7,3975442432,1552650240,1593581568,9.55,8.96,9.17,25297891328,9402073088
2026-05-06T16:06:46.525439+02:00,0.20193511724592955,0.22302325860908165,0.09214995953840477,-2.997596944710618,1.4129223206847132,-2.642290126216564,0.8226337055297295,-0.6004416867941312,-0.3128667538843293,0.0691217890446465,-0.8085005288055256,0.41580144710680145,51.0,52.0,52.0,43.0,43.0,26.0,30.0,27.0,52.0,90.7,3975442432,1552650240,1593581568,9.55,8.96,9.17,25297891328,9402073088
2026-05-06T16:06:46.577960+02:00,0.20193511724592955,0.22302325860908165,0.09214995953840477,-2.997596944710618,1.4129223206847132,-2.642290126216564,0.8226337055297295,-0.6004416867941312,-0.3128667538843293,0.0691217890446465,-0.8085005288055256,0.41580144710680145,51.0,52.0,52.0,43.0,43.0,26.0,30.0,27.0,52.0,90.7,3975442432,1552650240,1593581568,9.55,8.96,9.17,25297891328,9402073088
2026-05-06T16:06:46.628652+02:00,0.20193511724592955,0.22302325860908165,0.09214995953840477,-2.997596944710618,1.4129223206847132,-2.642290126216564,0.8226337055297295,-0.6004416867941312,-0.3128667538843293,0.0691217890446465,-0.8085005288055256,0.41580144710680145,51.0,52.0,52.0,43.0,43.0,26.0,30.0,27.0,52.0,90.7,3975442432,1552650240,1593581568,9.55,8.96,9.17,25297891328,9402073088
2026-05-06T16:06:46.683694+02:00,0.20193511724592955,0.22302325860908165,0.09214995953840477,-2.997596944710618,1.4129223206847132,-2.642290126216564,0.8226337055297295,-0.6004416867941312,-0.3128667538843293,0.0691217890446465,-0.8085005288055256,0.41580144710680145,51.0,52.0,52.0,43.0,43.0,26.0,30.0,27.0,52.0,90.7,3975442432,1552650240,1593581568,9.55,8.96,9.17,25297891328,9402073088
2026-05-06T16:06:46.733757+02:00,0.20193511724592955,0.22302325860908165,0.09214995953840477,-2.997596944710618,1.4129223206847132,-2.642290126216564,0.8226337055297295,-0.6004416867941312,-0.3128667538843293,0.0691217890446465,-0.8085005288055256,0.41580144710680145,51.0,52.0,52.0,43.0,43.0,26.0,30.0,27.0,52.0,90.7,3975442432,1552650240,1593581568,9.55,8.96,9.17,25297891328,9402073088
2026-05-06T16:06:46.784925+02:00,0.20193511724592955,0.22302325860908165,0.09214995953840477,-2.997596944710618,1.4129223206847132,-2.642290126216564,0.8226337055297295,-0.6004416867941312,-0.3128667538843293,0.0691217890446465,-0.8085005288055256,0.41580144710680145,51.0,52.0,52.0,43.0,43.0,26.0,30.0,27.0,52.0,90.7,3975442432,1552650240,1593581568,9.55,8.96,9.17,25297891328,9402073088
2026-05-06T16:06:46.835331+02:00,0.20193511724592955,0.22302325860908165,0.09214995953840477,-2.997596944710618,1.4129223206847132,-2.642290126216564,0.8226337055297295,-0.6004416867941312,-0.3128667538843293,0.0691217890446465,-0.8085005288055256,0.41580144710680145,51.0,52.0,52.0,43.0,43.0,26.0,30.0,27.0,52.0,90.7,3975442432,1552650240,1593581568,9.55,8.96,9.17,25297891328,9402073088
2026-05-06T16:06:46.886030+02:00,0.20193511724592955,0.22302325860908165,0.09214995953840477,-2.997596944710618,1.4129223206847132,-2.642290126216564,0.8226337055297295,-0.6004416867941312,-0.3128667538843293,0.0691217890446465,-0.8085005288055256,0.41580144710680145,51.0,52.0,52.0,43.0,43.0,26.0,30.0,27.0,52.0,90.7,3975442432,1552650240,1593581568,9.55,8.96,9.17,25297891328,9402073088
2026-05-06T16:06:46.937650+02:00,0.20193511724592955,0.22302325860908165,0.09214995953840477,-2.997596944710618,1.4129223206847132,-2.642290126216564,0.8226337055297295,-0.6004416867941312,-0.3128667538843293,0.0691217890446465,-0.8069665480176402,0.41580144710680145,51.0,52.0,52.0,43.0,43.0,26.0,30.0,27.0,52.0,90.7,3975442432,1552650240,1593581568,9.55,8.96,9.17,25297891328,9402073088
2026-05-06T16:06:46.992666+02:00,0.2020272656481167,0.22311254178174542,0.09214474194673108,-3.000208373577776,1.4143994477648685,-2.644934129489773,0.8226337055297295,-0.6004416867941312,-0.3128667538843293,0.0691217890446465,-0.8085005288055256,0.41580144710680145,51.0,52.0,52.0,43.0,43.0,26.0,30.0,27.0,52.0,90.7,3975442432,1552650240,1593581568,9.55,8.96,9.17,25297891328,9402073088
2026-05-06T16:06:47.043997+02:00,0.2020272656481167,0.22311254178174542,0.09214474194673108,-3.000208373577776,1.4143994477648685,-2.644934129489773,0.8226337055297295,-0.6004416867941312,-0.3128667538843293,0.0691217890446465,-0.8069665480176402,0.41580144710680145,51.0,52.0,52.0,43.0,43.0,26.0,30.0,27.0,52.0,90.7,3975442432,1552650240,1593581568,9.55,8.96,9.17,25297891328,9402073088
2026-05-06T16:06:47.094815+02:00,0.2020272656481167,0.22311254178174542,0.09214474194673108,-3.000208373577776,1.4143994477648685,-2.644934129489773,0.8226337055297295,-0.6004416867941312,-0.3128667538843293,0.0691217890446465,-0.8069665480176402,0.41580144710680145,51.0,52.0,52.0,43.0,43.0,26.0,30.0,27.0,52.0,90.7,3975442432,1552650240,1593581568,9.55,8.96,9.17,25297891328,9402073088
2026-05-06T16:06:47.149826+02:00,0.2020272656481167,0.22311254178174542,0.09214474194673108,-3.000208373577776,1.4143994477648685,-2.644934129489773,0.8226337055297295,-0.6004416867941312,-0.3128667538843293,0.0691217890446465,-0.8069665480176402,0.41580144710680145,51.0,52.0,52.0,43.0,43.0,26.0,30.0,27.0,52.0,90.7,3975442432,1552650240,1593581568,9.55,8.96,9.17,25297891328,9402073088
2026-05-06T16:06:47.201794+02:00,0.2020272656481167,0.22311254178174542,0.09214474194673108,-3.000208373577776,1.4143994477648685,-2.644934129489773,0.8226337055297295,-0.6004416867941312,-0.3128667538843293,0.0691217890446465,-0.8069665480176402,0.41580144710680145,51.0,52.0,52.0,43.0,43.0,26.0,30.0,27.0,52.0,90.7,3975442432,1552650240,1593581568,9.55,8.96,9.17,25297891328,9402073088
2026-05-06T16:06:47.253759+02:00,0.2020272656481167,0.22311254178174542,0.09214474194673108,-3.000208373577776,1.4143994477648685,-2.644934129489773,0.8226337055297295,-0.6004416867941312,-0.3128667538843293,0.0691217890446465,-0.8069665480176402,0.41580144710680145,51.0,52.0,52.0,43.0,43.0,26.0,30.0,27.0,52.0,90.7,3975442432,1552650240,1593581568,9.55,8.96,9.17,25297891328,9402073088
2026-05-06T16:06:47.304258+02:00,0.2020272656481167,0.22311254178174542,0.09214474194673108,-3.000208373577776,1.4143994477648685,-2.644934129489773,0.8226337055297295,-0.6004416867941312,-0.3128667538843293,0.0691217890446465,-0.8069665480176402,0.41580144710680145,51.0,52.0,52.0,43.0,43.0,26.0,30.0,27.0,52.0,91.3,3975442432,1552883712,1593327616,9.55,8.96,9.17,25297891328,9402073088
2026-05-06T16:06:47.354643+02:00,0.2020272656481167,0.22311254178174542,0.09214474194673108,-3.000208373577776,1.4143994477648685,-2.644934129489773,0.8226337055297295,-0.6004416867941312,-0.3128667538843293,0.0691217890446465,-0.8069665480176402,0.41580144710680145,51.0,52.0,52.0,43.0,43.0,26.0,30.0,27.0,52.0,91.3,3975442432,1552883712,1593327616,9.55,8.96,9.17,25297891328,9402073088
2026-05-06T16:06:47.405853+02:00,0.2020272656481167,0.22311254178174542,0.09214474194673108,-3.000208373577776,1.4143994477648685,-2.644934129489773,0.8226337055297295,-0.6004416867941312,-0.3128667538843293,0.0691217890446465,-0.8069665480176402,0.41580144710680145,51.0,52.0,52.0,43.0,43.0,26.0,30.0,27.0,52.0,91.3,3975442432,1552883712,1593327616,9.55,8.96,9.17,25297891328,9402073088
2026-05-06T16:06:47.460890+02:00,0.2020272656481167,0.22311254178174542,0.09214474194673108,-3.000208373577776,1.4143994477648685,-2.644934129489773,0.8226337055297295,-0.6004416867941312,-0.3128667538843293,0.0691217890446465,-0.8069665480176402,0.41580144710680145,51.0,52.0,52.0,43.0,43.0,26.0,30.0,27.0,52.0,91.3,3975442432,1552883712,1593327616,9.55,8.96,9.17,25297891328,9402073088
2026-05-06T16:06:47.516266+02:00,0.2020272656481167,0.22311254178174542,0.09214474194673108,-3.000208373577776,1.4143994477648685,-2.644934129489773,0.8226337055297295,-0.6004416867941312,-0.3128667538843293,0.0691217890446465,-0.8069665480176402,0.41580144710680145,51.0,52.0,52.0,43.0,43.0,26.0,30.0,27.0,52.0,91.3,3975442432,1552883712,1593327616,9.55,8.96,9.17,25297891328,9402073088
2026-05-06T16:06:47.571334+02:00,0.2020272656481167,0.22311254178174542,0.09214474194673108,-3.000208373577776,1.4143994477648685,-2.644934129489773,0.8226337055297295,-0.6004416867941312,-0.3128667538843293,0.0691217890446465,-0.8069665480176402,0.41580144710680145,51.0,52.0,52.0,43.0,43.0,26.0,30.0,27.0,52.0,91.3,3975442432,1552883712,1593327616,9.55,8.96,9.17,25297891328,9402073088
2026-05-06T16:06:47.623528+02:00,0.2020272656481167,0.22311254178174542,0.09214474194673108,-3.000208373577776,1.4143994477648685,-2.644934129489773,0.8226337055297295,-0.6004416867941312,-0.3128667538843293,0.0691217890446465,-0.8069665480176402,0.41580144710680145,51.0,52.0,52.0,43.0,43.0,26.0,30.0,27.0,52.0,91.3,3975442432,1552883712,1593327616,9.55,8.96,9.17,25297891328,9402073088
2026-05-06T16:06:47.673759+02:00,0.2020272656481167,0.22311254178174542,0.09214474194673108,-3.000208373577776,1.4143994477648685,-2.644934129489773,0.8226337055297295,-0.6004416867941312,-0.3128667538843293,0.0691217890446465,-0.8069665480176402,0.41580144710680145,51.0,52.0,52.0,43.0,43.0,26.0,30.0,27.0,52.0,91.3,3975442432,1552883712,1593327616,9.55,8.96,9.17,25297891328,9402073088
2026-05-06T16:06:47.724020+02:00,0.2020272656481167,0.22311254178174542,0.09214474194673108,-3.000208373577776,1.4143994477648685,-2.644934129489773,0.8226337055297295,-0.6004416867941312,-0.3128667538843293,0.0691217890446465,-0.8069665480176402,0.41580144710680145,51.0,52.0,52.0,43.0,43.0,26.0,30.0,27.0,52.0,91.3,3975442432,1552883712,1593327616,9.55,8.96,9.17,25297891328,9402073088
2026-05-06T16:06:47.778950+02:00,0.2020272656481167,0.22311254178174542,0.09214474194673108,-3.000208373577776,1.4143994477648685,-2.644934129489773,0.8226337055297295,-0.6004416867941312,-0.3128667538843293,0.0691217890446465,-0.8069665480176402,0.41580144710680145,51.0,52.0,52.0,43.0,43.0,26.0,30.0,27.0,52.0,91.3,3975442432,1552883712,1593327616,9.55,8.96,9.17,25297891328,9402073088
2026-05-06T16:06:47.833957+02:00,0.2020272656481167,0.22311254178174542,0.09214474194673108,-3.000208373577776,1.4143994477648685,-2.644934129489773,0.8226337055297295,-0.6004416867941312,-0.3128667538843293,0.0691217890446465,-0.8069665480176402,0.41580144710680145,51.0,52.0,52.0,43.0,43.0,26.0,30.0,27.0,52.0,91.3,3975442432,1552883712,1593327616,9.55,8.96,9.17,25297891328,9402073088
2026-05-06T16:06:47.885762+02:00,0.2020272656481167,0.22311254178174542,0.09214474194673108,-3.000208373577776,1.4143994477648685,-2.644934129489773,0.8226337055297295,-0.6004416867941312,-0.3128667538843293,0.0691217890446465,-0.8069665480176402,0.41580144710680145,51.0,52.0,52.0,43.0,43.0,26.0,30.0,27.0,52.0,91.3,3975442432,1552883712,1593327616,9.55,8.96,9.17,25297891328,9402073088
2026-05-06T16:06:47.936239+02:00,0.20193511724592955,0.22302325860908165,0.09214995953840477,-2.997596944710618,1.4129223206847132,-2.642290126216564,0.8226337055297295,-0.6004416867941312,-0.3128667538843293,0.0691217890446465,-0.8069665480176402,0.41580144710680145,51.0,52.0,52.0,43.0,43.0,26.0,30.0,27.0,52.0,91.3,3975442432,1552883712,1593327616,9.55,8.96,9.17,25297891328,9402073088
2026-05-06T16:06:47.988272+02:00,0.2020272656481167,0.22311254178174542,0.09214474194673108,-3.000208373577776,1.4143994477648685,-2.644934129489773,0.8226337055297295,-0.6004416867941312,-0.3128667538843293,0.0691217890446465,-0.8085005288055256,0.41580144710680145,51.0,52.0,52.0,43.0,43.0,26.0,30.0,27.0,52.0,91.3,3975442432,1552883712,1593327616,9.55,8.96,9.17,25297891328,9402073088
2026-05-06T16:06:48.041106+02:00,0.2020272656481167,0.22311254178174542,0.09214474194673108,-3.000208373577776,1.4143994477648685,-2.644934129489773,0.8226337055297295,-0.6004416867941312,-0.3128667538843293,0.0691217890446465,-0.8085005288055256,0.41580144710680145,51.0,52.0,52.0,43.0,43.0,26.0,30.0,27.0,52.0,91.3,3975442432,1552883712,1593327616,9.55,8.96,9.17,25297891328,9402073088
2026-05-06T16:06:48.096113+02:00,0.2020272656481167,0.22311254178174542,0.09214474194673108,-3.000208373577776,1.4143994477648685,-2.644934129489773,0.8226337055297295,-0.6004416867941312,-0.3128667538843293,0.0691217890446465,-0.8085005288055256,0.41580144710680145,51.0,52.0,52.0,43.0,43.0,26.0,30.0,27.0,52.0,91.3,3975442432,1552883712,1593327616,9.55,8.96,9.17,25297891328,9402073088
2026-05-06T16:06:48.148107+02:00,0.2020272656481167,0.22311254178174542,0.09214474194673108,-3.000208373577776,1.4143994477648685,-2.644934129489773,0.8226337055297295,-0.6004416867941312,-0.3128667538843293,0.0691217890446465,-0.8085005288055256,0.41580144710680145,51.0,52.0,52.0,43.0,43.0,26.0,30.0,27.0,52.0,91.3,3975442432,1552883712,1593327616,9.55,8.96,9.17,25297891328,9402073088
2026-05-06T16:06:48.203676+02:00,0.20193511724592955,0.22302325860908165,0.09214995953840477,-2.997596944710618,1.4129223206847132,-2.642290126216564,0.8226337055297295,-0.6004416867941312,-0.3128667538843293,0.0691217890446465,-0.8085005288055256,0.41580144710680145,51.0,52.0,52.0,43.0,43.0,26.0,30.0,27.0,52.0,91.3,3975442432,1552883712,1593327616,9.55,8.96,9.17,25297891328,9402073088
2026-05-06T16:06:48.258338+02:00,0.20193511724592955,0.22302325860908165,0.09214995953840477,-2.997596944710618,1.4129223206847132,-2.642290126216564,0.8226337055297295,-0.6004416867941312,-0.3128667538843293,0.0691217890446465,-0.8085005288055256,0.41580144710680145,51.0,52.0,52.0,43.0,43.0,26.0,30.0,27.0,52.0,91.3,3975442432,1552883712,1593327616,9.55,8.96,9.17,25297891328,9402073088
2026-05-06T16:06:48.308783+02:00,0.20193511724592955,0.22302325860908165,0.09214995953840477,-2.997596944710618,1.4129223206847132,-2.642290126216564,0.8226337055297295,-0.5974117952126691,-0.3128667538843293,0.0691217890446465,-0.8100345095934114,0.41580144710680145,51.0,52.0,52.0,43.0,43.0,26.0,30.0,27.0,52.0,91.3,3975442432,1552883712,1593327616,9.55,8.96,9.17,25297891328,9402073088
2026-05-06T16:06:48.363784+02:00,0.20207010893029287,0.22317868069370783,0.09352281127998169,-3.004312707717705,1.4157506310128334,-2.6488589261837205,0.8226337055297295,-0.5928669578404758,-0.3113518080935982,0.06758780825676114,-0.8146364519570684,0.41580144710680145,51.0,52.0,52.0,43.0,43.0,26.0,30.0,27.0,52.0,91.3,3975442432,1552883712,1593327616,9.55,8.96,9.17,25297891328,9402073088
2026-05-06T16:06:48.417347+02:00,0.20207010893029287,0.22317868069370783,0.09352281127998169,-3.004312707717705,1.4157506310128334,-2.6488589261837205,0.8226337055297295,-0.5883221204682828,-0.3098368623028671,0.06758780825676114,-0.8192383943207253,0.41580144710680145,51.0,52.0,52.0,43.0,43.0,26.0,30.0,27.0,52.0,91.3,3975442432,1552883712,1593327616,9.55,8.96,9.17,25297891328,9402073088
2026-05-06T16:06:48.468535+02:00,0.20207010893029287,0.22317868069370783,0.09352281127998169,-3.004312707717705,1.4157506310128334,-2.6488589261837205,0.8226337055297295,-0.5837772830960896,-0.30832191651213603,0.06758780825676114,-0.8299762598359246,0.41580144710680145,51.0,52.0,52.0,43.0,43.0,26.0,30.0,27.0,52.0,91.3,3975442432,1552883712,1593327616,9.55,8.96,9.17,25297891328,9402073088
2026-05-06T16:06:48.520107+02:00,0.20207010893029287,0.22317868069370783,0.09352281127998169,-3.004312707717705,1.4157506310128334,-2.6488589261837205,0.8226337055297295,-0.5762025541424342,-0.30680697072140495,0.06758780825676114,-0.8376461637753527,0.41580144710680145,51.0,52.0,52.0,43.0,43.0,26.0,30.0,27.0,52.0,91.3,3975442432,1552883712,1593327616,9.55,8.96,9.17,25297891328,9402073088
2026-05-06T16:06:48.573583+02:00,0.20256716558924806,0.2238045305110544,0.1026782023949274,-3.007146657878364,1.4151591300318527,-2.6505334229833846,0.8226337055297295,-0.5671128793980477,-0.30529202493067387,0.06758780825676114,-0.8499180100784383,0.41733542789468725,51.0,52.0,52.0,43.0,43.0,26.0,30.0,27.0,52.0,97.79,3975442432,1552805888,1593479168,9.27,8.91,9.15,25297891328,9402085376
2026-05-06T16:06:48.625728+02:00,0.20256716558924806,0.2238045305110544,0.1026782023949274,-3.007146657878364,1.4151591300318527,-2.6505334229833846,0.8226337055297295,-0.5655979336073166,-0.3037770791399428,0.06758780825676114,-0.8545199524420948,0.41886940868257305,51.0,52.0,52.0,43.0,43.0,26.0,30.0,27.0,52.0,97.79,3975442432,1552805888,1593479168,9.27,8.91,9.15,25297891328,9402085376
2026-05-06T16:06:48.680160+02:00,0.20256716558924806,0.2238045305110544,0.1026782023949274,-3.007146657878364,1.4151591300318527,-2.6505334229833846,0.8226337055297295,-0.5580232046536612,-0.3022621333492117,0.06758780825676114,-0.8621898563815233,0.41886940868257305,51.0,52.0,52.0,43.0,43.0,26.0,30.0,27.0,52.0,97.79,3975442432,1552805888,1593479168,9.27,8.91,9.15,25297891328,9402085376
2026-05-06T16:06:48.731993+02:00,0.20256716558924806,0.2238045305110544,0.1026782023949274,-3.007146657878364,1.4151591300318527,-2.6505334229833846,0.8226337055297295,-0.5474185841185436,-0.29771729597701846,0.06605382746887534,-0.8821316066240361,0.41886940868257305,51.0,52.0,52.0,43.0,43.0,26.0,30.0,27.0,52.0,97.79,3975442432,1552805888,1593479168,9.27,8.91,9.15,25297891328,9402085376
2026-05-06T16:06:48.786517+02:00,0.20240270110872904,0.22391462470387416,0.11358736586677283,-3.003646557782834,1.4067517001578644,-2.646486823028047,0.8226337055297295,-0.536813963583426,-0.2946874043955563,0.06758780825676114,-0.8959374337150074,0.4204033894704584,51.0,52.0,52.0,43.0,43.0,26.0,30.0,27.0,52.0,97.79,3975442432,1552805888,1593479168,9.27,8.91,9.15,25297891328,9402085376
2026-05-06T16:06:48.836747+02:00,0.20240270110872904,0.22391462470387416,0.11358736586677283,-3.003646557782834,1.4067517001578644,-2.646486823028047,0.8226337055297295,-0.536813963583426,-0.2946874043955563,0.06758780825676114,-0.8959374337150074,0.4204033894704584,51.0,52.0,52.0,43.0,43.0,26.0,30.0,27.0,52.0,97.79,3975442432,1552805888,1593479168,9.27,8.91,9.15,25297891328,9402085376
2026-05-06T16:06:48.887561+02:00,0.20240270110872904,0.22391462470387416,0.11358736586677283,-3.003646557782834,1.4067517001578644,-2.646486823028047,0.8226337055297295,-0.5110598851409976,-0.28862762123263197,0.06605382746887534,-0.9204811263211776,0.4250053318341154,51.0,52.0,52.0,43.0,43.0,26.0,30.0,27.0,52.0,97.79,3975442432,1552805888,1593479168,9.27,8.91,9.15,25297891328,9402085376
2026-05-06T16:06:48.937608+02:00,0.20240270110872904,0.22391462470387416,0.11358736586677283,-3.003646557782834,1.4067517001578644,-2.646486823028047,0.8226337055297295,-0.5019702103966112,-0.28862762123263197,0.06605382746887534,-0.9404228765636913,0.4265393126220012,51.0,52.0,52.0,43.0,43.0,26.0,30.0,27.0,52.0,97.79,3975442432,1552805888,1593479168,9.27,8.91,9.15,25297891328,9402085376
2026-05-06T16:06:48.989987+02:00,0.20207397415384287,0.22367889389398454,0.12518786109699268,-2.9956036089268365,1.4030964981786753,-2.642966414581301,0.8226337055297295,-0.5019702103966112,-0.28862762123263197,0.06605382746887534,-0.9404228765636913,0.4265393126220012,51.0,52.0,52.0,43.0,43.0,26.0,30.0,27.0,52.0,97.79,3975442432,1552805888,1593479168,9.27,8.91,9.15,25297891328,9402085376
2026-05-06T16:06:49.041190+02:00,0.20207397415384287,0.22367889389398454,0.12518786109699268,-2.9956036089268365,1.4030964981786753,-2.642966414581301,0.8226337055297295,-0.48682075248930057,-0.2855977296511698,0.06605382746887534,-0.9465587997152336,0.42807329340988653,51.0,52.0,52.0,43.0,43.0,26.0,30.0,27.0,52.0,97.79,3975442432,1552805888,1593479168,9.27,8.91,9.15,25297891328,9402085376
2026-05-06T16:06:49.091740+02:00,0.20207397415384287,0.22367889389398454,0.12518786109699268,-2.9956036089268365,1.4030964981786753,-2.642966414581301,0.8226337055297295,-0.48682075248930057,-0.2855977296511698,0.06605382746887534,-0.9496267612910043,0.42807329340988653,51.0,52.0,52.0,43.0,43.0,26.0,30.0,27.0,52.0,97.79,3975442432,1552805888,1593479168,9.27,8.91,9.15,25297891328,9402085376
2026-05-06T16:06:49.146756+02:00,0.20207397415384287,0.22367889389398454,0.12518786109699268,-2.9956036089268365,1.4030964981786753,-2.642966414581301,0.8226337055297295,-0.4747011861634519,-0.2840827838604387,0.06298586589310418,-0.9618986075940898,0.42807329340988653,51.0,52.0,52.0,43.0,43.0,26.0,30.0,27.0,52.0,97.79,3975442432,1552805888,1593479168,9.27,8.91,9.15,25297891328,9402085376
2026-05-06T16:06:49.198694+02:00,0.20237006989655262,0.2238326856161487,0.13524457003155926,-3.0141890823979076,1.4161719829410364,-2.659686422749466,0.8226337055297295,-0.4656115114190654,-0.28256783806970764,0.06298586589310418,-0.969568511533518,0.42807329340988653,51.0,52.0,52.0,43.0,43.0,26.0,30.0,27.0,52.0,97.79,3975442432,1552805888,1593479168,9.27,8.91,9.15,25297891328,9402085376
2026-05-06T16:06:49.252321+02:00,0.20237006989655262,0.2238326856161487,0.13524457003155926,-3.0141890823979076,1.4161719829410364,-2.659686422749466,0.8226337055297295,-0.4610666740468722,-0.28256783806970764,0.06298586589310418,-0.9711024923214038,0.42960727419777234,51.0,52.0,52.0,43.0,43.0,26.0,30.0,27.0,52.0,97.79,3975442432,1552805888,1593479168,9.27,8.91,9.15,25297891328,9402085376
2026-05-06T16:06:49.307213+02:00,0.20237006989655262,0.2238326856161487,0.13524457003155926,-3.0141890823979076,1.4161719829410364,-2.659686422749466,0.8226337055297295,-0.45652183667467894,-0.28105289227897656,0.06298586589310418,-0.9757044346850603,0.42960727419777234,51.0,52.0,52.0,43.0,43.0,26.0,30.0,27.0,52.0,97.79,3975442432,1552805888,1593479168,9.27,8.91,9.15,25297891328,9402085376
2026-05-06T16:06:49.362287+02:00,0.20212671309891142,0.22366397301130309,0.14227443782940533,-3.0308085689403277,1.421416017113854,-2.676781442277578,0.8226337055297295,-0.45652183667467894,-0.28105289227897656,0.06298586589310418,-0.9787723962608319,0.42960727419777234,51.0,52.0,52.0,43.0,43.0,26.0,30.0,27.0,52.0,96.53,3975442432,1552805888,1593479168,9.27,8.91,9.15,25297891328,9402089472
2026-05-06T16:06:49.413599+02:00,0.20212671309891142,0.22366397301130309,0.14227443782940533,-3.0308085689403277,1.421416017113854,-2.676781442277578,0.8226337055297295,-0.45652183667467894,-0.28105289227897656,0.06298586589310418,-0.9787723962608319,0.42960727419777234,51.0,52.0,52.0,43.0,43.0,26.0,30.0,27.0,52.0,96.53,3975442432,1552805888,1593479168,9.27,8.91,9.15,25297891328,9402089472
2026-05-06T16:06:49.466816+02:00,0.20212671309891142,0.22366397301130309,0.14227443782940533,-3.0308085689403277,1.421416017113854,-2.676781442277578,0.8226337055297295,-0.45652183667467894,-0.28105289227897656,0.06298586589310418,-0.9787723962608319,0.42960727419777234,51.0,52.0,52.0,43.0,43.0,26.0,30.0,27.0,52.0,96.53,3975442432,1552805888,1593479168,9.27,8.91,9.15,25297891328,9402089472
2026-05-06T16:06:49.521850+02:00,0.20212671309891142,0.22366397301130309,0.14227443782940533,-3.0308085689403277,1.421416017113854,-2.676781442277578,0.8226337055297295,-0.45652183667467894,-0.28105289227897656,0.06298586589310418,-0.9787723962608319,0.42960727419777234,51.0,52.0,52.0,43.0,43.0,26.0,30.0,27.0,52.0,96.53,3975442432,1552805888,1593479168,9.27,8.91,9.15,25297891328,9402089472
2026-05-06T16:06:49.573827+02:00,0.20191957511812325,0.2234561911258845,0.141826596944216,-3.0211352300567023,1.4170764476485642,-2.6670759325673177,0.8226337055297295,-0.45652183667467894,-0.28105289227897656,0.06298586589310418,-0.9787723962608319,0.42960727419777234,51.0,52.0,52.0,43.0,43.0,26.0,30.0,27.0,52.0,96.53,3975442432,1552805888,1593479168,9.27,8.91,9.15,25297891328,9402089472
2026-05-06T16:06:49.629879+02:00,0.20191957511812325,0.2234561911258845,0.141826596944216,-3.0211352300567023,1.4170764476485642,-2.6670759325673177,0.8226337055297295,-0.45652183667467894,-0.28105289227897656,0.06298586589310418,-0.9772384154729461,0.42960727419777234,51.0,52.0,52.0,43.0,43.0,26.0,30.0,27.0,52.0,96.53,3975442432,1552805888,1593479168,9.27,8.91,9.15,25297891328,9402089472
2026-05-06T16:06:49.680780+02:00,0.20191957511812325,0.2234561911258845,0.141826596944216,-3.0211352300567023,1.4170764476485642,-2.6670759325673177,0.8226337055297295,-0.45652183667467894,-0.28105289227897656,0.06298586589310418,-0.9787723962608319,0.42960727419777234,51.0,52.0,52.0,43.0,43.0,26.0,30.0,27.0,52.0,96.53,3975442432,1552805888,1593479168,9.27,8.91,9.15,25297891328,9402089472
2026-05-06T16:06:49.731739+02:00,0.20191957511812325,0.2234561911258845,0.141826596944216,-3.0211352300567023,1.4170764476485642,-2.6670759325673177,0.8226337055297295,-0.45652183667467894,-0.28105289227897656,0.06298586589310418,-0.9787723962608319,0.42960727419777234,51.0,52.0,52.0,43.0,43.0,26.0,30.0,27.0,52.0,96.53,3975442432,1552805888,1593479168,9.27,8.91,9.15,25297891328,9402089472
2026-05-06T16:06:49.782821+02:00,0.20191957511812325,0.2234561911258845,0.141826596944216,-3.0211352300567023,1.4170764476485642,-2.6670759325673177,0.8256775597452077,-0.4534919450932168,-0.28105289227897656,0.06298586589310418,-0.9787723962608319,0.42960727419777234,51.0,52.0,52.0,43.0,43.0,26.0,30.0,27.0,52.0,96.53,3975442432,1552805888,1593479168,9.27,8.91,9.15,25297891328,9402089472
2026-05-06T16:06:49.833687+02:00,0.20191957511812325,0.2234561911258845,0.141826596944216,-3.0211352300567023,1.4170764476485642,-2.6670759325673177,0.8271994868529466,-0.4519769993024857,-0.28105289227897656,0.06298586589310418,-0.9787723962608319,0.42960727419777234,51.0,52.0,52.0,43.0,43.0,26.0,30.0,27.0,52.0,96.53,3975442432,1552805888,1593479168,9.27,8.91,9.15,25297891328,9402089472
2026-05-06T16:06:49.886118+02:00,0.20191957511812325,0.2234561911258845,0.141826596944216,-3.0211352300567023,1.4170764476485642,-2.6670759325673177,0.8271994868529466,-0.4519769993024857,-0.28105289227897656,0.06298586589310418,-0.9787723962608319,0.42960727419777234,51.0,52.0,52.0,43.0,43.0,26.0,30.0,27.0,52.0,96.53,3975442432,1552805888,1593479168,9.27,8.91,9.15,25297891328,9402089472
2026-05-06T16:06:49.940962+02:00,0.20191957511812325,0.2234561911258845,0.141826596944216,-3.0211352300567023,1.4170764476485642,-2.6670759325673177,0.8408968308225981,-0.4413723787673681,-0.28105289227897656,0.06605382746887534,-0.9787723962608319,0.42960727419777234,51.0,52.0,52.0,43.0,43.0,26.0,30.0,27.0,52.0,96.53,3975442432,1552805888,1593479168,9.27,8.91,9.15,25297891328,9402089472
2026-05-06T16:06:49.995445+02:00,0.1978891133105345,0.22749357567404013,0.1464008862007645,-3.073521306717813,1.4303398788632893,-2.702680603944323,0.8500283934690325,-0.4353125956044438,-0.28105289227897656,0.06758780825676114,-0.9833743386244884,0.42960727419777234,51.0,52.0,52.0,43.0,43.0,26.0,30.0,27.0,52.0,96.53,3975442432,1552805888,1593479168,9.27,8.91,9.15,25297891328,9402089472
2026-05-06T16:06:50.046676+02:00,0.1978891133105345,0.22749357567404013,0.1464008862007645,-3.073521306717813,1.4303398788632893,-2.702680603944323,0.8576380290077279,-0.42925281244151947,-0.28105289227897656,0.0706557698325323,-0.98644230020026,0.42960727419777234,51.0,52.0,52.0,43.0,43.0,26.0,30.0,27.0,52.0,96.53,3975442432,1552805888,1593479168,9.27,8.91,9.15,25297891328,9402089472
2026-05-06T16:06:50.101835+02:00,0.1978891133105345,0.22749357567404013,0.1464008862007645,-3.073521306717813,1.4303398788632893,-2.702680603944323,0.8622038103309451,-0.4247079750693262,-0.2795379464882455,0.0721897506204181,-0.9879762809881458,0.42960727419777234,51.0,52.0,52.0,43.0,43.0,26.0,30.0,27.0,52.0,96.53,3975442432,1552805888,1593479168,9.27,8.91,9.15,25297891328,9402089472
2026-05-06T16:06:50.156869+02:00,0.1907167731071208,0.23333678869480587,0.15404597124438565,3.1189207095077838,1.4411625280942781,-2.768111586736492,0.8743792271928572,-0.41561830032493974,-0.2795379464882455,0.07525771219618926,-0.9925782233518023,0.42960727419777234,51.0,52.0,52.0,43.0,43.0,26.0,30.0,27.0,52.0,96.53,3975442432,1552805888,1593479168,9.27,8.91,9.15,25297891328,9402089472
2026-05-06T16:06:50.208444+02:00,0.1907167731071208,0.23333678869480587,0.15404597124438565,3.1189207095077838,1.4411625280942781,-2.768111586736492,0.8835107898392915,-0.40804357137128433,-0.2795379464882455,0.07679169298407507,-0.995646184927574,0.42960727419777234,51.0,52.0,52.0,43.0,43.0,26.0,30.0,27.0,52.0,96.53,3975442432,1552805888,1593479168,9.27,8.91,9.15,25297891328,9402089472
2026-05-06T16:06:50.258635+02:00,0.1907167731071208,0.23333678869480587,0.15404597124438565,3.1189207095077838,1.4411625280942781,-2.768111586736492,0.8987300609166824,-0.3959240050454359,-0.2795379464882455,0.08139363534773203,-0.9987141465033456,0.42960727419777234,51.0,52.0,52.0,43.0,43.0,26.0,30.0,27.0,52.0,99.25,3975442432,1583841280,1562402816,9.27,8.91,9.15,25297891328,9402105856
2026-05-06T16:06:50.312799+02:00,0.1907167731071208,0.23333678869480587,0.15404597124438565,3.1189207095077838,1.4411625280942781,-2.768111586736492,0.9093835506708556,-0.3868343303010493,-0.2795379464882455,0.08446159692350319,-1.0048500696548879,0.43114125498565814,51.0,52.0,52.0,43.0,43.0,26.0,30.0,27.0,52.0,99.25,3975442432,1583841280,1562402816,9.27,8.91,9.15,25297891328,9402105856
2026-05-06T16:06:50.362916+02:00,0.1907167731071208,0.23333678869480587,0.15404597124438565,3.1189207095077838,1.4411625280942781,-2.768111586736492,0.9215589675327682,-0.3777446555566628,-0.2780230006975144,0.08599557771138855,-1.0109859928064302,0.43114125498565814,51.0,52.0,52.0,43.0,43.0,26.0,30.0,27.0,52.0,99.25,3975442432,1583841280,1562402816,9.27,8.91,9.15,25297891328,9402105856
2026-05-06T16:06:50.413703+02:00,0.18011453991651627,0.24036342491993148,0.1632021914410631,2.9951861975819747,1.4490354781561334,-2.858648524474071,0.9398220928256369,-0.3625951976493521,-0.2780230006975144,0.09519946243870248,-1.0201898775337441,0.43114125498565814,51.0,52.0,52.0,43.0,43.0,26.0,30.0,27.0,52.0,99.25,3975442432,1583841280,1562402816,9.27,8.91,9.15,25297891328,9402105856
2026-05-06T16:06:50.467731+02:00,0.18011453991651627,0.24036342491993148,0.1632021914410631,2.9951861975819747,1.4490354781561334,-2.858648524474071,0.951997509687549,-0.3535055229049656,-0.2780230006975144,0.09826742401447408,-1.02172385832163,0.43114125498565814,51.0,52.0,52.0,43.0,43.0,26.0,30.0,27.0,52.0,99.25,3975442432,1583841280,1562402816,9.27,8.91,9.15,25297891328,9402105856
2026-05-06T16:06:50.519545+02:00,0.18011453991651627,0.24036342491993148,0.1632021914410631,2.9951861975819747,1.4490354781561334,-2.858648524474071,0.9641729265494616,-0.34290090236984805,-0.2780230006975144,0.1028693663781306,-1.0263258006852864,0.43114125498565814,51.0,52.0,52.0,43.0,43.0,26.0,30.0,27.0,52.0,99.25,3975442432,1583841280,1562402816,9.27,8.91,9.15,25297891328,9402105856
2026-05-06T16:06:50.569593+02:00,0.1629929077923933,0.25006315877597274,0.17808370729421358,2.7459609268441705,1.4566634005608308,-3.0544587678443316,0.9930895415965035,-0.3171468239274198,-0.2765080549067833,0.10900528952967337,-1.038597646988372,0.43114125498565814,51.0,52.0,52.0,43.0,43.0,26.0,30.0,27.0,52.0,99.25,3975442432,1583841280,1562402816,9.27,8.91,9.15,25297891328,9402105856
2026-05-06T16:06:50.619842+02:00,0.1629929077923933,0.25006315877597274,0.17808370729421358,2.7459609268441705,1.4566634005608308,-3.0544587678443316,0.99917725002746,-0.31260198655522653,-0.2765080549067833,0.10900528952967337,-1.0401316277762578,0.43114125498565814,51.0,52.0,52.0,43.0,43.0,26.0,30.0,27.0,52.0,99.25,3975442432,1583841280,1562402816,9.27,8.91,9.15,25297891328,9402105856
2026-05-06T16:06:50.670676+02:00,0.1629929077923933,0.25006315877597274,0.17808370729421358,2.7459609268441705,1.4566634005608308,-3.0544587678443316,1.028093865074502,-0.28684790811279814,-0.2765080549067833,0.11820917425698729,-1.0493355125035717,0.43114125498565814,51.0,52.0,52.0,43.0,43.0,26.0,30.0,27.0,52.0,99.25,3975442432,1583841280,1562402816,9.27,8.91,9.15,25297891328,9402105856
2026-05-06T16:06:50.725682+02:00,0.1629929077923933,0.25006315877597274,0.17808370729421358,2.7459609268441705,1.4566634005608308,-3.0544587678443316,1.0402692819364145,-0.2762432875776807,-0.2765080549067833,0.12281111662064426,-1.0539374548672282,0.43114125498565814,51.0,52.0,52.0,43.0,43.0,26.0,30.0,27.0,52.0,99.25,3975442432,1583841280,1562402816,9.27,8.91,9.15,25297891328,9402105856
2026-05-06T16:06:50.777156+02:00,0.1423169496598174,0.2590082207714138,0.1968822453647305,2.3603289618532175,1.4592312040385618,2.9067950596272114,1.0722297511989347,-0.24897426334452122,-0.27499310911605224,0.12741305898430122,-1.0616073588066564,0.43114125498565814,51.0,52.0,52.0,43.0,43.0,26.0,30.0,27.0,52.0,99.25,3975442432,1583841280,1562402816,9.27,8.91,9.15,25297891328,9402105856
2026-05-06T16:06:50.827755+02:00,0.1423169496598174,0.2590082207714138,0.1968822453647305,2.3603289618532175,1.4592312040385618,2.9067950596272114,1.0783174596298908,-0.2429144801815969,-0.27499310911605224,0.12894703977218658,-1.064675320382428,0.43114125498565814,51.0,52.0,52.0,43.0,43.0,26.0,30.0,27.0,52.0,99.25,3975442432,1583841280,1562402816,9.27,8.91,9.15,25297891328,9402105856
2026-05-06T16:06:50.880627+02:00,0.1423169496598174,0.2590082207714138,0.1968822453647305,2.3603289618532175,1.4592312040385618,2.9067950596272114,1.0950586578150205,-0.22927996806501727,-0.27499310911605224,0.13354898213584354,-1.0692772627460845,0.43114125498565814,51.0,52.0,52.0,43.0,43.0,26.0,30.0,27.0,52.0,99.25,3975442432,1583841280,1562402816,9.27,8.91,9.15,25297891328,9402105856
2026-05-06T16:06:50.933841+02:00,0.1423169496598174,0.2590082207714138,0.1968822453647305,2.3603289618532175,1.4592312040385618,2.9067950596272114,1.0950586578150205,-0.22927996806501727,-0.27499310911605224,0.13354898213584354,-1.0692772627460845,0.43114125498565814,51.0,52.0,52.0,43.0,43.0,26.0,30.0,27.0,52.0,99.25,3975442432,1583841280,1562402816,9.27,8.91,9.15,25297891328,9402105856
2026-05-06T16:06:50.986641+02:00,0.12193166113546339,0.2653160790268051,0.2141162982171337,2.0087903258512623,1.4478771820341862,2.618408647872907,1.123975272862062,-0.20352588962258888,-0.27499310911605224,0.1396849052873863,-1.0784811474733984,0.43114125498565814,51.0,52.0,52.0,43.0,43.0,26.0,30.0,27.0,52.0,99.25,3975442432,1583841280,1562402816,9.27,8.91,9.15,25297891328,9402105856
2026-05-06T16:06:51.036830+02:00,0.12193166113546339,0.2653160790268051,0.2141162982171337,2.0087903258512623,1.4478771820341862,2.618408647872907,1.136150689723975,-0.19140632329674023,-0.27499310911605224,0.14428684765104327,-1.08154910904917,0.43114125498565814,51.0,52.0,52.0,43.0,43.0,26.0,30.0,27.0,52.0,99.25,3975442432,1583841280,1562402816,9.27,8.91,9.15,25297891328,9402105856
2026-05-06T16:06:51.088044+02:00,0.12193166113546339,0.2653160790268051,0.2141162982171337,2.0087903258512623,1.4478771820341862,2.618408647872907,1.14376032526267,-0.18383159434308483,-0.27347816332532116,0.14582082843892863,-1.0846170706249407,0.43114125498565814,51.0,52.0,52.0,43.0,43.0,26.0,30.0,27.0,52.0,99.25,3975442432,1583841280,1562402816,9.27,8.91,9.15,25297891328,9402105856
2026-05-06T16:06:51.142362+02:00,0.12193166113546339,0.2653160790268051,0.2141162982171337,2.0087903258512623,1.4478771820341862,2.618408647872907,1.1574576692323215,-0.1701970822265052,-0.27347816332532116,0.14888879001470023,-1.0861510514128265,0.4326752357735435,51.0,52.0,52.0,43.0,43.0,26.0,30.0,27.0,52.0,99.25,3975442432,1583841280,1562402816,9.27,8.91,9.15,25297891328,9402105856
2026-05-06T16:06:51.194123+02:00,0.11069296347395167,0.26755106695694403,0.22454314795180616,1.816804173302643,1.4377640711652293,2.4630560693771897,1.163545377663278,-0.16413729906358088,-0.27347816332532116,0.1504227708025856,-1.0876850322007123,0.4326752357735435,51.0,52.0,52.0,43.0,43.0,26.0,30.0,27.0,52.0,94.53,3975442432,1589424128,1556819968,9.27,8.91,9.15,25297891328,9402105856
2026-05-06T16:06:51.245197+02:00,0.11069296347395167,0.26755106695694403,0.22454314795180616,1.816804173302643,1.4377640711652293,2.4630560693771897,1.171155013201973,-0.15656257010992547,-0.27347816332532116,0.1504227708025856,-1.0938209553522547,0.4326752357735435,51.0,52.0,52.0,43.0,43.0,26.0,30.0,27.0,52.0,94.53,3975442432,1589424128,1556819968,9.27,8.91,9.15,25297891328,9402105856
2026-05-06T16:06:51.298621+02:00,0.11069296347395167,0.26755106695694403,0.22454314795180616,1.816804173302643,1.4377640711652293,2.4630560693771897,1.1772427216329295,-0.14898784115627006,-0.27347816332532116,0.1519567515904714,-1.0938209553522547,0.4326752357735435,51.0,52.0,52.0,43.0,43.0,26.0,30.0,27.0,52.0,94.53,3975442432,1589424128,1556819968,9.27,8.91,9.15,25297891328,9402105856
2026-05-06T16:06:51.349570+02:00,0.11069296347395167,0.26755106695694403,0.22454314795180616,1.816804173302643,1.4377640711652293,2.4630560693771897,1.1802865758484073,-0.14444300378407682,-0.27347816332532116,0.1534907323783572,-1.0938209553522547,0.4326752357735435,51.0,52.0,52.0,43.0,43.0,26.0,30.0,27.0,52.0,94.53,3975442432,1589424128,1556819968,9.27,8.91,9.15,25297891328,9402105856
2026-05-06T16:06:51.400772+02:00,0.09906796402295277,0.2686413707423364,0.23583623099321616,1.6341511501417338,1.420396820325591,2.3152170644533636,1.1818085029561467,-0.14141311220261465,-0.27347816332532116,0.1534907323783572,-1.0938209553522547,0.4326752357735435,51.0,52.0,52.0,43.0,43.0,26.0,30.0,27.0,52.0,94.53,3975442432,1589424128,1556819968,9.27,8.91,9.15,25297891328,9402105856
2026-05-06T16:06:51.452009+02:00,0.09906796402295277,0.2686413707423364,0.23583623099321616,1.6341511501417338,1.420396820325591,2.3152170644533636,1.1833304300638852,-0.13989816641188357,-0.27347816332532116,0.1534907323783572,-1.0938209553522547,0.4326752357735435,51.0,52.0,52.0,43.0,43.0,26.0,30.0,27.0,52.0,94.53,3975442432,1589424128,1556819968,9.27,8.91,9.15,25297891328,9402105856
2026-05-06T16:06:51.502534+02:00,0.09906796402295277,0.2686413707423364,0.23583623099321616,1.6341511501417338,1.420396820325591,2.3152170644533636,1.1833304300638852,-0.13989816641188357,-0.27347816332532116,0.1534907323783572,-1.098422897715912,0.4326752357735435,51.0,52.0,52.0,43.0,43.0,26.0,30.0,27.0,52.0,94.53,3975442432,1589424128,1556819968,9.27,8.91,9.15,25297891328,9402105856
2026-05-06T16:06:51.557551+02:00,0.09795611156086159,0.26830814504665224,0.23707226182913854,1.634967897617428,1.420140464524607,2.3197121080331056,1.1833304300638852,-0.13989816641188357,-0.27347816332532116,0.1534907323783572,-1.098422897715912,0.4326752357735435,51.0,52.0,52.0,43.0,43.0,26.0,30.0,27.0,52.0,94.53,3975442432,1589424128,1556819968,9.27,8.91,9.15,25297891328,9402105856
2026-05-06T16:06:51.608208+02:00,0.09795611156086159,0.26830814504665224,0.23707226182913854,1.634967897617428,1.420140464524607,2.3197121080331056,1.1833304300638852,-0.13989816641188357,-0.27347816332532116,0.1534907323783572,-1.098422897715912,0.4326752357735435,51.0,52.0,52.0,43.0,43.0,26.0,30.0,27.0,52.0,94.53,3975442432,1589424128,1556819968,9.27,8.91,9.15,25297891328,9402105856
2026-05-06T16:06:51.659454+02:00,0.09795611156086159,0.26830814504665224,0.23707226182913854,1.634967897617428,1.420140464524607,2.3197121080331056,1.1833304300638852,-0.13989816641188357,-0.27347816332532116,0.1534907323783572,-1.098422897715912,0.4326752357735435,51.0,52.0,52.0,43.0,43.0,26.0,30.0,27.0,52.0,94.53,3975442432,1589424128,1556819968,9.27,8.91,9.15,25297891328,9402105856
2026-05-06T16:06:51.710701+02:00,0.09795611156086159,0.26830814504665224,0.23707226182913854,1.634967897617428,1.420140464524607,2.3197121080331056,1.1833304300638852,-0.13989816641188357,-0.27347816332532116,0.1534907323783572,-1.098422897715912,0.4326752357735435,51.0,52.0,52.0,43.0,43.0,26.0,30.0,27.0,52.0,94.53,3975442432,1589424128,1556819968,9.27,8.91,9.15,25297891328,9402105856
2026-05-06T16:06:51.761432+02:00,0.09795611156086159,0.26830814504665224,0.23707226182913854,1.634967897617428,1.420140464524607,2.3197121080331056,1.1833304300638852,-0.13989816641188357,-0.27347816332532116,0.1534907323783572,-1.098422897715912,0.4326752357735435,51.0,52.0,52.0,43.0,43.0,26.0,30.0,27.0,52.0,94.53,3975442432,1589424128,1556819968,9.27,8.91,9.15,25297891328,9402105856
2026-05-06T16:06:51.814721+02:00,0.09795611156086159,0.26830814504665224,0.23707226182913854,1.634967897617428,1.420140464524607,2.3197121080331056,1.1833304300638852,-0.13989816641188357,-0.27347816332532116,0.1534907323783572,-1.098422897715912,0.4326752357735435,51.0,52.0,52.0,43.0,43.0,26.0,30.0,27.0,52.0,94.53,3975442432,1589424128,1556819968,9.27,8.91,9.15,25297891328,9402105856
2026-05-06T16:06:51.869733+02:00,0.09795611156086159,0.26830814504665224,0.23707226182913854,1.634967897617428,1.420140464524607,2.3197121080331056,1.1833304300638852,-0.13989816641188357,-0.27347816332532116,0.1534907323783572,-1.098422897715912,0.4326752357735435,51.0,52.0,52.0,43.0,43.0,26.0,30.0,27.0,52.0,94.53,3975442432,1589424128,1556819968,9.27,8.91,9.15,25297891328,9402105856
2026-05-06T16:06:51.920894+02:00,0.09795611156086159,0.26830814504665224,0.23707226182913854,1.634967897617428,1.420140464524607,2.3197121080331056,1.1833304300638852,-0.13989816641188357,-0.27347816332532116,0.1534907323783572,-1.098422897715912,0.4326752357735435,51.0,52.0,52.0,43.0,43.0,26.0,30.0,27.0,52.0,94.53,3975442432,1589424128,1556819968,9.27,8.91,9.15,25297891328,9402105856
2026-05-06T16:06:51.972134+02:00,0.09795611156086159,0.26830814504665224,0.23707226182913854,1.634967897617428,1.420140464524607,2.3197121080331056,1.1833304300638852,-0.13989816641188357,-0.27347816332532116,0.1534907323783572,-1.098422897715912,0.4326752357735435,51.0,52.0,52.0,43.0,43.0,26.0,30.0,27.0,52.0,94.53,3975442432,1589424128,1556819968,9.27,8.91,9.15,25297891328,9402105856
2026-05-06T16:06:52.026631+02:00,0.09795611156086159,0.26830814504665224,0.23707226182913854,1.634967897617428,1.420140464524607,2.3197121080331056,1.1833304300638852,-0.13989816641188357,-0.27347816332532116,0.1534907323783572,-1.098422897715912,0.4326752357735435,51.0,52.0,52.0,43.0,43.0,26.0,30.0,27.0,52.0,94.53,3975442432,1589424128,1556819968,9.27,8.91,9.15,25297891328,9402105856
2026-05-06T16:06:52.078807+02:00,0.09795611156086159,0.26830814504665224,0.23707226182913854,1.634967897617428,1.420140464524607,2.3197121080331056,1.1833304300638852,-0.13989816641188357,-0.27347816332532116,0.1534907323783572,-1.098422897715912,0.4326752357735435,51.0,52.0,52.0,43.0,43.0,26.0,30.0,27.0,52.0,94.53,3975442432,1589424128,1556819968,9.27,8.91,9.15,25297891328,9402105856
2026-05-06T16:06:52.129609+02:00,0.09795611156086159,0.26830814504665224,0.23707226182913854,1.634967897617428,1.420140464524607,2.3197121080331056,1.1833304300638852,-0.13989816641188357,-0.27347816332532116,0.1534907323783572,-1.098422897715912,0.4326752357735435,51.0,52.0,52.0,43.0,43.0,26.0,30.0,27.0,52.0,92.91,3975442432,1590075392,1556172800,9.27,8.91,9.15,25297891328,9402118144
2026-05-06T16:06:52.183504+02:00,0.09795611156086159,0.26830814504665224,0.23707226182913854,1.634967897617428,1.420140464524607,2.3197121080331056,1.1833304300638852,-0.13989816641188357,-0.27347816332532116,0.1534907323783572,-1.098422897715912,0.4326752357735435,51.0,52.0,52.0,43.0,43.0,26.0,30.0,27.0,52.0,92.91,3975442432,1590075392,1556172800,9.27,8.91,9.15,25297891328,9402118144
2026-05-06T16:06:52.233612+02:00,0.09795611156086159,0.26830814504665224,0.23707226182913854,1.634967897617428,1.420140464524607,2.3197121080331056,1.1833304300638852,-0.13989816641188357,-0.27347816332532116,0.1534907323783572,-1.098422897715912,0.4326752357735435,51.0,52.0,52.0,43.0,43.0,26.0,30.0,27.0,52.0,92.91,3975442432,1590075392,1556172800,9.27,8.91,9.15,25297891328,9402118144
2026-05-06T16:06:52.284596+02:00,0.09795611156086159,0.26830814504665224,0.23707226182913854,1.634967897617428,1.420140464524607,2.3197121080331056,1.1833304300638852,-0.13989816641188357,-0.27347816332532116,0.1534907323783572,-1.098422897715912,0.4326752357735435,51.0,52.0,52.0,43.0,43.0,26.0,30.0,27.0,52.0,92.91,3975442432,1590075392,1556172800,9.27,8.91,9.15,25297891328,9402118144
2026-05-06T16:06:52.335630+02:00,0.09795611156086159,0.26830814504665224,0.23707226182913854,1.634967897617428,1.420140464524607,2.3197121080331056,1.1833304300638852,-0.13989816641188357,-0.27347816332532116,0.1534907323783572,-1.098422897715912,0.4326752357735435,51.0,52.0,52.0,43.0,43.0,26.0,30.0,27.0,52.0,92.91,3975442432,1590075392,1556172800,9.27,8.91,9.15,25297891328,9402118144
2026-05-06T16:06:52.386428+02:00,0.09795611156086159,0.26830814504665224,0.23707226182913854,1.634967897617428,1.420140464524607,2.3197121080331056,1.1833304300638852,-0.13989816641188357,-0.27347816332532116,0.1534907323783572,-1.098422897715912,0.4326752357735435,51.0,52.0,52.0,43.0,43.0,26.0,30.0,27.0,52.0,92.91,3975442432,1590075392,1556172800,9.27,8.91,9.15,25297891328,9402118144
2026-05-06T16:06:52.437945+02:00,0.09795611156086159,0.26830814504665224,0.23707226182913854,1.634967897617428,1.420140464524607,2.3197121080331056,1.1833304300638852,-0.13989816641188357,-0.27347816332532116,0.1534907323783572,-1.098422897715912,0.4326752357735435,51.0,52.0,52.0,43.0,43.0,26.0,30.0,27.0,52.0,92.91,3975442432,1590075392,1556172800,9.27,8.91,9.15,25297891328,9402118144
2026-05-06T16:06:52.492726+02:00,0.09795611156086159,0.26830814504665224,0.23707226182913854,1.634967897617428,1.420140464524607,2.3197121080331056,1.1833304300638852,-0.13989816641188357,-0.27347816332532116,0.1534907323783572,-1.098422897715912,0.4326752357735435,51.0,52.0,52.0,43.0,43.0,26.0,30.0,27.0,52.0,92.91,3975442432,1590075392,1556172800,9.27,8.91,9.15,25297891328,9402118144
2026-05-06T16:06:52.547766+02:00,0.09795611156086159,0.26830814504665224,0.23707226182913854,1.634967897617428,1.420140464524607,2.3197121080331056,1.1833304300638852,-0.13989816641188357,-0.27347816332532116,0.1534907323783572,-1.098422897715912,0.4326752357735435,51.0,52.0,52.0,43.0,43.0,26.0,30.0,27.0,52.0,92.91,3975442432,1590075392,1556172800,9.27,8.91,9.15,25297891328,9402118144
2026-05-06T16:06:52.600434+02:00,0.09795611156086159,0.26830814504665224,0.23707226182913854,1.634967897617428,1.420140464524607,2.3197121080331056,1.1833304300638852,-0.13989816641188357,-0.27347816332532116,0.1534907323783572,-1.098422897715912,0.4326752357735435,51.0,52.0,52.0,43.0,43.0,26.0,30.0,27.0,52.0,92.91,3975442432,1590075392,1556172800,9.27,8.91,9.15,25297891328,9402118144
2026-05-06T16:06:52.655458+02:00,0.09795611156086159,0.26830814504665224,0.23707226182913854,1.634967897617428,1.420140464524607,2.3197121080331056,1.1833304300638852,-0.13989816641188357,-0.27347816332532116,0.1534907323783572,-1.098422897715912,0.4326752357735435,51.0,52.0,52.0,43.0,43.0,26.0,30.0,27.0,52.0,92.91,3975442432,1590075392,1556172800,9.27,8.91,9.15,25297891328,9402118144
2026-05-06T16:06:52.706568+02:00,0.09795611156086159,0.26830814504665224,0.23707226182913854,1.634967897617428,1.420140464524607,2.3197121080331056,1.1833304300638852,-0.13989816641188357,-0.27347816332532116,0.1534907323783572,-1.098422897715912,0.4326752357735435,51.0,52.0,52.0,43.0,43.0,26.0,30.0,27.0,52.0,92.91,3975442432,1590075392,1556172800,9.27,8.91,9.15,25297891328,9402118144
2026-05-06T16:06:52.759633+02:00,0.09795611156086159,0.26830814504665224,0.23707226182913854,1.634967897617428,1.420140464524607,2.3197121080331056,1.1833304300638852,-0.13989816641188357,-0.27347816332532116,0.1534907323783572,-1.098422897715912,0.4326752357735435,51.0,52.0,52.0,43.0,43.0,26.0,30.0,27.0,52.0,92.91,3975442432,1590075392,1556172800,9.27,8.91,9.15,25297891328,9402118144
2026-05-06T16:06:52.814251+02:00,0.09795611156086159,0.26830814504665224,0.23707226182913854,1.634967897617428,1.420140464524607,2.3197121080331056,1.1848523571716245,-0.13989816641188357,-0.27347816332532116,0.1534907323783572,-1.098422897715912,0.4326752357735435,51.0,52.0,52.0,43.0,43.0,26.0,30.0,27.0,52.0,92.91,3975442432,1590075392,1556172800,9.27,8.91,9.15,25297891328,9402118144
2026-05-06T16:06:52.866235+02:00,0.09795611156086159,0.26830814504665224,0.23707226182913854,1.634967897617428,1.420140464524607,2.3197121080331056,1.1894181384948417,-0.13535332903969033,-0.2795379464882455,0.1519567515904714,-1.098422897715912,0.4326752357735435,51.0,52.0,52.0,43.0,43.0,26.0,30.0,27.0,52.0,92.91,3975442432,1590075392,1556172800,9.27,8.91,9.15,25297891328,9402118144
2026-05-06T16:06:52.921293+02:00,0.09795611156086159,0.26830814504665224,0.23707226182913854,1.634967897617428,1.420140464524607,2.3197121080331056,1.190940065602581,-0.13383838324895925,-0.28256783806970764,0.1504227708025856,-1.098422897715912,0.4326752357735435,51.0,52.0,52.0,43.0,43.0,26.0,30.0,27.0,52.0,92.91,3975442432,1590075392,1556172800,9.27,8.91,9.15,25297891328,9402118144
2026-05-06T16:06:52.972688+02:00,0.09795611156086159,0.26830814504665224,0.23707226182913854,1.634967897617428,1.420140464524607,2.3197121080331056,1.1939839198180588,-0.1308084916674972,-0.2855977296511698,0.1504227708025856,-1.098422897715912,0.4326752357735435,51.0,52.0,52.0,43.0,43.0,26.0,30.0,27.0,52.0,92.91,3975442432,1590075392,1556172800,9.27,8.91,9.15,25297891328,9402118144
2026-05-06T16:06:53.023048+02:00,0.09596664156857873,0.2677313735923828,0.23688160052565466,1.6402566155902225,1.4220496522583606,2.3316466560649234,1.1939839198180588,-0.1308084916674972,-0.2855977296511698,0.1504227708025856,-1.098422897715912,0.4326752357735435,51.0,52.0,52.0,43.0,43.0,26.0,30.0,27.0,52.0,92.91,3975442432,1590075392,1556172800,9.27,8.91,9.15,25297891328,9402118144
2026-05-06T16:06:53.077224+02:00,0.09596664156857873,0.2677313735923828,0.23688160052565466,1.6402566155902225,1.4220496522583606,2.3316466560649234,1.2092031908954497,-0.11868892534164854,-0.3022621333492117,0.14888879001470023,-1.1060928016553402,0.4326752357735435,51.0,52.0,52.0,43.0,43.0,26.0,30.0,27.0,52.0,92.91,3975442432,1590075392,1556172800,9.27,8.91,9.15,25297891328,9402118144
2026-05-06T16:06:53.129141+02:00,0.09596664156857873,0.2677313735923828,0.23688160052565466,1.6402566155902225,1.4220496522583606,2.3316466560649234,1.2152908993264053,-0.11262914217872422,-0.30832191651213603,0.14428684765104327,-1.1091607632311118,0.4326752357735435,51.0,52.0,52.0,43.0,43.0,26.0,30.0,27.0,52.0,92.91,3975442432,1590075392,1556172800,9.27,8.91,9.15,25297891328,9402118144
2026-05-06T16:06:53.183080+02:00,0.0889726289598597,0.2646879021609066,0.23595269243724462,1.721553142835921,1.429371605714409,2.4341712303351346,1.225944389080579,-0.10353946743433773,-0.3189265370472536,0.1396849052873863,-1.1106947440189967,0.4326752357735435,51.0,52.0,52.0,43.0,43.0,26.0,30.0,27.0,52.0,92.91,3975442432,1590075392,1556172800,9.27,8.91,9.15,25297891328,9402118144
2026-05-06T16:06:53.235421+02:00,0.0889726289598597,0.2646879021609066,0.23595269243724462,1.721553142835921,1.429371605714409,2.4341712303351346,1.2305101704037962,-0.10050957585287557,-0.32347137441944684,0.1366169437116147,-1.11683066717054,0.4326752357735435,51.0,52.0,52.0,43.0,43.0,26.0,30.0,27.0,52.0,96.99,3975442432,1590607872,1555619840,9.27,8.91,9.15,25297891328,9402134528
2026-05-06T16:06:53.288076+02:00,0.0889726289598597,0.2646879021609066,0.23595269243724462,1.721553142835921,1.429371605714409,2.4341712303351346,1.233554024619274,-0.0974796842714134,-0.3280162117916401,0.13508296292372934,-1.1183646479584248,0.4326752357735435,51.0,52.0,52.0,43.0,43.0,26.0,30.0,27.0,52.0,96.99,3975442432,1590607872,1555619840,9.27,8.91,9.15,25297891328,9402134528
2026-05-06T16:06:53.340196+02:00,0.0889726289598597,0.2646879021609066,0.23595269243724462,1.721553142835921,1.429371605714409,2.4341712303351346,1.2518171499121427,-0.08081528057337162,-0.34771050707114404,0.12434509740852961,-1.1275685326857388,0.4326752357735435,51.0,52.0,52.0,43.0,43.0,26.0,30.0,27.0,52.0,96.99,3975442432,1590607872,1555619840,9.27,8.91,9.15,25297891328,9402134528
2026-05-06T16:06:53.390474+02:00,0.0755838447592565,0.257020246091594,0.2349666311655202,1.9002175411901567,1.457137231310434,2.6668032186671766,1.2655144938817942,-0.07021066003825405,-0.36285996497845474,0.11974315504487265,-1.133704455837282,0.4326752357735435,51.0,52.0,52.0,43.0,43.0,26.0,30.0,27.0,52.0,96.99,3975442432,1590607872,1555619840,9.27,8.91,9.15,25297891328,9402134528
2026-05-06T16:06:53.443185+02:00,0.0755838447592565,0.257020246091594,0.2349666311655202,1.9002175411901567,1.457137231310434,2.6668032186671766,1.2792118378514457,-0.058091093712405395,-0.37800942288576556,0.11207325110544453,-1.14137435977671,0.4326752357735435,51.0,52.0,52.0,43.0,43.0,26.0,30.0,27.0,52.0,96.99,3975442432,1590607872,1555619840,9.27,8.91,9.15,25297891328,9402134528
2026-05-06T16:06:53.493304+02:00,0.0755838447592565,0.257020246091594,0.2349666311655202,1.9002175411901567,1.457137231310434,2.6668032186671766,1.2792118378514457,-0.058091093712405395,-0.37800942288576556,0.11207325110544453,-1.14137435977671,0.4326752357735435,51.0,52.0,52.0,43.0,43.0,26.0,30.0,27.0,52.0,96.99,3975442432,1590607872,1555619840,9.27,8.91,9.15,25297891328,9402134528
2026-05-06T16:06:53.546627+02:00,0.0755838447592565,0.257020246091594,0.2349666311655202,1.9002175411901567,1.457137231310434,2.6668032186671766,1.3126942342217052,-0.029307123688514958,-0.4143681218633114,0.09980140480235944,-1.1567141676555663,0.4326752357735435,51.0,52.0,52.0,43.0,43.0,26.0,30.0,27.0,52.0,96.99,3975442432,1590607872,1555619840,9.27,8.91,9.15,25297891328,9402134528
2026-05-06T16:06:53.598617+02:00,0.06181521172519348,0.2483730811870595,0.2330824646333874,2.2217408412556963,1.474026806044239,3.043014156156702,1.327913505299096,-0.015672611571935224,-0.4310325255613533,0.09059752007504551,-1.168986013958651,0.4326752357735435,51.0,52.0,52.0,43.0,43.0,26.0,30.0,27.0,52.0,96.99,3975442432,1590607872,1555619840,9.27,8.91,9.15,25297891328,9402134528
2026-05-06T16:06:53.648954+02:00,0.06181521172519348,0.2483730811870595,0.2330824646333874,2.2217408412556963,1.474026806044239,3.043014156156702,1.3385669950532688,-0.0065829368275487354,-0.44315209188720195,0.08599557771138855,-1.1751219371101942,0.4326752357735435,51.0,52.0,52.0,43.0,43.0,26.0,30.0,27.0,52.0,96.99,3975442432,1590607872,1555619840,9.27,8.91,9.15,25297891328,9402134528
2026-05-06T16:06:53.701804+02:00,0.06181521172519348,0.2483730811870595,0.2330824646333874,2.2217408412556963,1.474026806044239,3.043014156156702,1.3598739745616162,0.014626304242686294,-0.46739122453889914,0.07525771219618926,-1.185859802625393,0.4326752357735435,51.0,52.0,52.0,43.0,43.0,26.0,30.0,27.0,52.0,96.99,3975442432,1590607872,1555619840,9.27,8.91,9.15,25297891328,9402134528
2026-05-06T16:06:53.751819+02:00,0.044411331304241713,0.2338711709529424,0.23042744043629537,2.7970929898882244,1.4742339249182967,-2.5895313789580108,1.3857467353931798,0.03735049110365252,-0.4931453029813275,0.06298586589310418,-1.1965976681405928,0.4342092165614293,51.0,52.0,52.0,43.0,43.0,26.0,30.0,27.0,52.0,96.99,3975442432,1590607872,1555619840,9.27,8.91,9.15,25297891328,9402134528
2026-05-06T16:06:53.803727+02:00,0.044411331304241713,0.2338711709529424,0.23042744043629537,2.7970929898882244,1.4742339249182967,-2.5895313789580108,1.3857467353931798,0.03735049110365252,-0.4931453029813275,0.06298586589310418,-1.1965976681405928,0.4326752357735435,51.0,52.0,52.0,43.0,43.0,26.0,30.0,27.0,52.0,96.99,3975442432,1590607872,1555619840,9.27,8.91,9.15,25297891328,9402134528
2026-05-06T16:06:53.857827+02:00,0.044411331304241713,0.2338711709529424,0.23042744043629537,2.7970929898882244,1.4742339249182967,-2.5895313789580108,1.4177072046557,0.06916435270900512,-0.5295040019588734,0.05071401959001909,-1.2134714568073348,0.4342092165614293,51.0,52.0,52.0,43.0,43.0,26.0,30.0,27.0,52.0,96.99,3975442432,1590607872,1555619840,9.27,8.91,9.15,25297891328,9402134528
2026-05-06T16:06:53.910669+02:00,0.044411331304241713,0.2338711709529424,0.23042744043629537,2.7970929898882244,1.4742339249182967,-2.5895313789580108,1.4359703299485687,0.08582875640704701,-0.5491982972383773,0.043044115650590964,-1.221141360746763,0.4342092165614293,51.0,52.0,52.0,43.0,43.0,26.0,30.0,27.0,52.0,96.99,3975442432,1590607872,1555619840,9.27,8.91,9.15,25297891328,9402134528
2026-05-06T16:06:53.963193+02:00,0.0260430494384616,0.21599712705615082,0.2279012516509671,-3.0336799540639707,1.4504158465153554,-2.0489686054469107,1.4557553823491767,0.10552305168655107,-0.5719224840993435,0.035374211711162395,-1.2303452454740769,0.4342092165614293,51.0,52.0,52.0,43.0,43.0,26.0,30.0,27.0,52.0,96.99,3975442432,1590607872,1555619840,9.27,8.91,9.15,25297891328,9402134528
2026-05-06T16:06:54.014050+02:00,0.0260430494384616,0.21599712705615082,0.2279012516509671,-3.0336799540639707,1.4504158465153554,-2.0489686054469107,1.4770623618575232,0.12370240117532394,-0.5946466709603098,0.030772269347505876,-1.238015149413505,0.4342092165614293,51.0,52.0,52.0,43.0,43.0,26.0,30.0,27.0,52.0,96.99,3975442432,1590607872,1555619840,9.27,8.91,9.15,25297891328,9402134528
2026-05-06T16:06:54.068302+02:00,0.0260430494384616,0.21599712705615082,0.2279012516509671,-3.0336799540639707,1.4504158465153554,-2.0489686054469107,1.4770623618575232,0.12370240117532394,-0.5946466709603098,0.030772269347505876,-1.238015149413505,0.4342092165614293,51.0,52.0,52.0,43.0,43.0,26.0,30.0,27.0,52.0,96.99,3975442432,1590607872,1555619840,9.27,8.91,9.15,25297891328,9402134528
2026-05-06T16:06:54.120888+02:00,0.0260430494384616,0.21599712705615082,0.2279012516509671,-3.0336799540639707,1.4504158465153554,-2.0489686054469107,1.4831500702884797,0.12976218433824827,-0.600706454123234,0.02770430777173427,-1.2410831109892766,0.4342092165614293,51.0,52.0,52.0,43.0,43.0,26.0,30.0,27.0,52.0,96.99,3975442432,1590607872,1555619840,9.27,8.91,9.15,25297891328,9402134528
2026-05-06T16:06:54.171163+02:00,0.012117804080243282,0.19904056900337627,0.22435368002211367,-2.8135011513523347,1.4148838817724785,-1.751967297363095,1.5135886124432605,0.15703120857140768,-0.6355502073100489,0.015432461468649183,-1.2564229188681328,0.4342092165614293,51.0,52.0,52.0,43.0,43.0,26.0,30.0,27.0,52.0,96.99,3975442432,1590607872,1555619840,9.27,8.91,9.15,25297891328,9402134528
2026-05-06T16:06:54.222623+02:00,0.012117804080243282,0.19904056900337627,0.22435368002211367,-2.8135011513523347,1.4148838817724785,-1.751967297363095,1.5333736648438685,0.17672550385091168,-0.6567594483802839,0.01083051910499222,-1.2610248612317903,0.4342092165614293,51.0,52.0,52.0,43.0,43.0,26.0,30.0,27.0,52.0,96.99,3975442432,1590607872,1555619840,9.27,8.91,9.15,25297891328,9402134528
2026-05-06T16:06:54.275254+02:00,0.012117804080243282,0.19904056900337627,0.22435368002211367,-2.8135011513523347,1.4148838817724785,-1.751967297363095,1.5379394461670857,0.18127034122310492,-0.6628192315432082,0.006228576741335257,-1.2656268035954468,0.4342092165614293,51.0,52.0,52.0,43.0,43.0,26.0,30.0,27.0,52.0,93.71,3975442432,1553158144,1593028608,9.41,8.95,9.16,25297891328,9402134528
2026-05-06T16:06:54.327994+02:00,0.012117804080243282,0.19904056900337627,0.22435368002211367,-2.8135011513523347,1.4148838817724785,-1.751967297363095,1.5516367901367372,0.1949048533396846,-0.677968689450519,0.0016266343776782932,-1.271762726746989,0.4342092165614293,51.0,52.0,52.0,43.0,43.0,26.0,30.0,27.0,52.0,93.71,3975442432,1553158144,1593028608,9.41,8.95,9.16,25297891328,9402134528
2026-05-06T16:06:54.378585+02:00,0.0042010198627367755,0.18725186200866728,0.22169756446458044,-2.7229339028352175,1.3898105901088478,-1.611286253255854,1.5607683527831715,0.20550947387480217,-0.6885733099856366,9.265358979293481e-05,-1.2748306883227607,0.4342092165614293,51.0,52.0,52.0,43.0,43.0,26.0,30.0,27.0,52.0,93.71,3975442432,1553158144,1593028608,9.41,8.95,9.16,25297891328,9402134528
2026-05-06T16:06:54.429567+02:00,0.0042010198627367755,0.18725186200866728,0.22169756446458044,-2.7229339028352175,1.3898105901088478,-1.611286253255854,1.5683779883218665,0.21308420282845758,-0.697662984730023,-0.002975307985978226,-1.2778986498985323,0.4342092165614293,51.0,52.0,52.0,43.0,43.0,26.0,30.0,27.0,52.0,93.71,3975442432,1553158144,1593028608,9.41,8.95,9.16,25297891328,9402134528
2026-05-06T16:06:54.480272+02:00,0.0042010198627367755,0.18725186200866728,0.22169756446458044,-2.7229339028352175,1.3898105901088478,-1.611286253255854,1.5759876238605615,0.22217387757284401,-0.7052377136836784,-0.004509288773864029,-1.2778986498985323,0.4342092165614293,51.0,52.0,52.0,43.0,43.0,26.0,30.0,27.0,52.0,93.71,3975442432,1553158144,1593028608,9.41,8.95,9.16,25297891328,9402134528
2026-05-06T16:06:54.533595+02:00,0.0042010198627367755,0.18725186200866728,0.22169756446458044,-2.7229339028352175,1.3898105901088478,-1.611286253255854,1.5790314780760402,0.22671871494503726,-0.7097825510558716,-0.006043269561749831,-1.2794326306864172,0.4342092165614293,51.0,52.0,52.0,43.0,43.0,26.0,30.0,27.0,52.0,93.71,3975442432,1553158144,1593028608,9.41,8.95,9.16,25297891328,9402134528
2026-05-06T16:06:54.585611+02:00,-0.001004029734440746,0.17844968656768231,0.22052973778556928,-2.679302526480876,1.3790149061385146,-1.53218773749073,1.5851191865069958,0.23429344389869267,-0.715842334218796,-0.009111231137520992,-1.2825005922621888,0.4342092165614293,51.0,52.0,52.0,43.0,43.0,26.0,30.0,27.0,52.0,93.71,3975442432,1553158144,1593028608,9.41,8.95,9.16,25297891328,9402134528
2026-05-06T16:06:54.636572+02:00,-0.001004029734440746,0.17844968656768231,0.22052973778556928,-2.679302526480876,1.3790149061385146,-1.53218773749073,1.5851191865069958,0.23732333548015483,-0.717357280009527,-0.009111231137520992,-1.2825005922621888,0.4342092165614293,51.0,52.0,52.0,43.0,43.0,26.0,30.0,27.0,52.0,93.71,3975442432,1553158144,1593028608,9.41,8.95,9.16,25297891328,9402134528
2026-05-06T16:06:54.688607+02:00,-0.001004029734440746,0.17844968656768231,0.22052973778556928,-2.679302526480876,1.3790149061385146,-1.53218773749073,1.5866411136147351,0.24035322706161694,-0.7188722258002581,-0.010645211925406795,-1.2855685538379604,0.4342092165614293,51.0,52.0,52.0,43.0,43.0,26.0,30.0,27.0,52.0,93.71,3975442432,1553158144,1593028608,9.41,8.95,9.16,25297891328,9402134528
2026-05-06T16:06:54.739091+02:00,-0.001004029734440746,0.17844968656768231,0.22052973778556928,-2.679302526480876,1.3790149061385146,-1.53218773749073,1.5881630407224745,0.24035322706161694,-0.7188722258002581,-0.010645211925406795,-1.2855685538379604,0.4342092165614293,51.0,52.0,52.0,43.0,43.0,26.0,30.0,27.0,52.0,93.71,3975442432,1553158144,1593028608,9.41,8.95,9.16,25297891328,9402134528
2026-05-06T16:06:54.790146+02:00,-0.001961965395546334,0.17570520035218717,0.22102037861990578,-2.65823438439696,1.3772540071271888,-1.5018168157417455,1.5881630407224745,0.24035322706161694,-0.7188722258002581,-0.010645211925406795,-1.2855685538379604,0.4342092165614293,51.0,52.0,52.0,43.0,43.0,26.0,30.0,27.0,52.0,93.71,3975442432,1553158144,1593028608,9.41,8.95,9.16,25297891328,9402134528
2026-05-06T16:06:54.841509+02:00,-0.001961965395546334,0.17570520035218717,0.22102037861990578,-2.65823438439696,1.3772540071271888,-1.5018168157417455,1.5881630407224745,0.24035322706161694,-0.7188722258002581,-0.010645211925406795,-1.2855685538379604,0.4342092165614293,51.0,52.0,52.0,43.0,43.0,26.0,30.0,27.0,52.0,93.71,3975442432,1553158144,1593028608,9.41,8.95,9.16,25297891328,9402134528
2026-05-06T16:06:54.896553+02:00,-0.001961965395546334,0.17570520035218717,0.22102037861990578,-2.65823438439696,1.3772540071271888,-1.5018168157417455,1.5881630407224745,0.24035322706161694,-0.7188722258002581,-0.010645211925406795,-1.2855685538379604,0.4342092165614293,51.0,52.0,52.0,43.0,43.0,26.0,30.0,27.0,52.0,93.71,3975442432,1553158144,1593028608,9.41,8.95,9.16,25297891328,9402134528
2026-05-06T16:06:54.948032+02:00,-0.00222937352748832,0.1757020108954092,0.22102037861990576,-2.658234384396959,1.3772540071271888,-1.5002948886340053,1.5881630407224745,0.24035322706161694,-0.7188722258002581,-0.010645211925406795,-1.2855685538379604,0.4342092165614293,51.0,52.0,52.0,43.0,43.0,26.0,30.0,27.0,52.0,93.71,3975442432,1553158144,1593028608,9.41,8.95,9.16,25297891328,9402134528
2026-05-06T16:06:55.002595+02:00,-0.00222937352748832,0.1757020108954092,0.22102037861990576,-2.658234384396959,1.3772540071271888,-1.5002948886340053,1.5881630407224745,0.24035322706161694,-0.7188722258002581,-0.010645211925406795,-1.2855685538379604,0.4342092165614293,51.0,52.0,52.0,43.0,43.0,26.0,30.0,27.0,52.0,93.71,3975442432,1553158144,1593028608,9.41,8.95,9.16,25297891328,9402134528
2026-05-06T16:06:55.055257+02:00,-0.00222937352748832,0.1757020108954092,0.22102037861990576,-2.658234384396959,1.3772540071271888,-1.5002948886340053,1.5881630407224745,0.24035322706161694,-0.7188722258002581,-0.010645211925406795,-1.2855685538379604,0.4342092165614293,51.0,52.0,52.0,43.0,43.0,26.0,30.0,27.0,52.0,93.71,3975442432,1553158144,1593028608,9.41,8.95,9.16,25297891328,9402134528
2026-05-06T16:06:55.105771+02:00,-0.00222937352748832,0.1757020108954092,0.22102037861990576,-2.658234384396959,1.3772540071271888,-1.5002948886340053,1.5881630407224745,0.24035322706161694,-0.7188722258002581,-0.010645211925406795,-1.2855685538379604,0.4342092165614293,51.0,52.0,52.0,43.0,43.0,26.0,30.0,27.0,52.0,93.71,3975442432,1553158144,1593028608,9.41,8.95,9.16,25297891328,9402134528
2026-05-06T16:06:55.157648+02:00,-0.00222937352748832,0.1757020108954092,0.22102037861990576,-2.658234384396959,1.3772540071271888,-1.5002948886340053,1.5881630407224745,0.24035322706161694,-0.7188722258002581,-0.010645211925406795,-1.2855685538379604,0.4342092165614293,51.0,52.0,52.0,43.0,43.0,26.0,30.0,27.0,52.0,93.71,3975442432,1553158144,1593028608,9.41,8.95,9.16,25297891328,9402134528
2026-05-06T16:06:55.208979+02:00,-0.00222937352748832,0.1757020108954092,0.22102037861990576,-2.658234384396959,1.3772540071271888,-1.5002948886340053,1.5881630407224745,0.24035322706161694,-0.7188722258002581,-0.010645211925406795,-1.2855685538379604,0.4342092165614293,51.0,52.0,52.0,43.0,43.0,26.0,30.0,27.0,52.0,93.71,3975442432,1553158144,1593028608,9.41,8.95,9.16,25297891328,9402134528
2026-05-06T16:06:55.260430+02:00,-0.00222937352748832,0.1757020108954092,0.22102037861990576,-2.658234384396959,1.3772540071271888,-1.5002948886340053,1.5881630407224745,0.24035322706161694,-0.7188722258002581,-0.010645211925406795,-1.2855685538379604,0.4342092165614293,51.0,52.0,52.0,43.0,43.0,26.0,30.0,27.0,52.0,93.71,3975442432,1553158144,1593028608,9.41,8.95,9.16,25297891328,9402134528
2026-05-06T16:06:55.314008+02:00,-0.00222937352748832,0.1757020108954092,0.22102037861990576,-2.658234384396959,1.3772540071271888,-1.5002948886340053,1.5881630407224745,0.24035322706161694,-0.7188722258002581,-0.010645211925406795,-1.2855685538379604,0.4342092165614293,51.0,52.0,52.0,43.0,43.0,26.0,30.0,27.0,52.0,92.68,3975442432,1553207296,1592979456,9.41,8.95,9.16,25297891328,9402150912
2026-05-06T16:06:55.369042+02:00,-0.00222937352748832,0.1757020108954092,0.22102037861990576,-2.658234384396959,1.3772540071271888,-1.5002948886340053,1.5881630407224745,0.24035322706161694,-0.7188722258002581,-0.010645211925406795,-1.2855685538379604,0.4342092165614293,51.0,52.0,52.0,43.0,43.0,26.0,30.0,27.0,52.0,92.68,3975442432,1553207296,1592979456,9.41,8.95,9.16,25297891328,9402150912
2026-05-06T16:06:55.422264+02:00,-0.00222937352748832,0.1757020108954092,0.22102037861990576,-2.658234384396959,1.3772540071271888,-1.5002948886340053,1.5881630407224745,0.24035322706161694,-0.7188722258002581,-0.010645211925406795,-1.2855685538379604,0.4342092165614293,51.0,52.0,52.0,43.0,43.0,26.0,30.0,27.0,52.0,92.68,3975442432,1553207296,1592979456,9.41,8.95,9.16,25297891328,9402150912
2026-05-06T16:06:55.473122+02:00,-0.00222937352748832,0.1757020108954092,0.22102037861990576,-2.658234384396959,1.3772540071271888,-1.5002948886340053,1.5881630407224745,0.24035322706161694,-0.7188722258002581,-0.010645211925406795,-1.2855685538379604,0.4342092165614293,51.0,52.0,52.0,43.0,43.0,26.0,30.0,27.0,52.0,92.68,3975442432,1553207296,1592979456,9.41,8.95,9.16,25297891328,9402150912
2026-05-06T16:06:55.523935+02:00,-0.00222937352748832,0.1757020108954092,0.22102037861990576,-2.658234384396959,1.3772540071271888,-1.5002948886340053,1.5881630407224745,0.24035322706161694,-0.7188722258002581,-0.010645211925406795,-1.2855685538379604,0.4342092165614293,51.0,52.0,52.0,43.0,43.0,26.0,30.0,27.0,52.0,92.68,3975442432,1553207296,1592979456,9.41,8.95,9.16,25297891328,9402150912
2026-05-06T16:06:55.578963+02:00,-0.00222937352748832,0.1757020108954092,0.22102037861990576,-2.658234384396959,1.3772540071271888,-1.5002948886340053,1.5881630407224745,0.24035322706161694,-0.7188722258002581,-0.010645211925406795,-1.2855685538379604,0.4342092165614293,51.0,52.0,52.0,43.0,43.0,26.0,30.0,27.0,52.0,92.68,3975442432,1553207296,1592979456,9.41,8.95,9.16,25297891328,9402150912
2026-05-06T16:06:55.634318+02:00,-0.00222937352748832,0.1757020108954092,0.22102037861990576,-2.658234384396959,1.3772540071271888,-1.5002948886340053,1.5881630407224745,0.24035322706161694,-0.7188722258002581,-0.010645211925406795,-1.2855685538379604,0.4342092165614293,51.0,52.0,52.0,43.0,43.0,26.0,30.0,27.0,52.0,92.68,3975442432,1553207296,1592979456,9.41,8.95,9.16,25297891328,9402150912
2026-05-06T16:06:55.685012+02:00,-0.00222937352748832,0.1757020108954092,0.22102037861990576,-2.658234384396959,1.3772540071271888,-1.5002948886340053,1.5881630407224745,0.24035322706161694,-0.7188722258002581,-0.010645211925406795,-1.2855685538379604,0.4342092165614293,51.0,52.0,52.0,43.0,43.0,26.0,30.0,27.0,52.0,92.68,3975442432,1553207296,1592979456,9.41,8.95,9.16,25297891328,9402150912
2026-05-06T16:06:55.740068+02:00,-0.00222937352748832,0.1757020108954092,0.22102037861990576,-2.658234384396959,1.3772540071271888,-1.5002948886340053,1.5881630407224745,0.24035322706161694,-0.7188722258002581,-0.010645211925406795,-1.2855685538379604,0.4342092165614293,51.0,52.0,52.0,43.0,43.0,26.0,30.0,27.0,52.0,92.68,3975442432,1553207296,1592979456,9.41,8.95,9.16,25297891328,9402150912
2026-05-06T16:06:55.790684+02:00,-0.00222937352748832,0.1757020108954092,0.22102037861990576,-2.658234384396959,1.3772540071271888,-1.5002948886340053,1.5881630407224745,0.24035322706161694,-0.7188722258002581,-0.010645211925406795,-1.2855685538379604,0.4342092165614293,51.0,52.0,52.0,43.0,43.0,26.0,30.0,27.0,52.0,92.68,3975442432,1553207296,1592979456,9.41,8.95,9.16,25297891328,9402150912
2026-05-06T16:06:55.841473+02:00,-0.00222937352748832,0.1757020108954092,0.22102037861990576,-2.658234384396959,1.3772540071271888,-1.5002948886340053,1.5881630407224745,0.24035322706161694,-0.7188722258002581,-0.010645211925406795,-1.2855685538379604,0.4342092165614293,51.0,52.0,52.0,43.0,43.0,26.0,30.0,27.0,52.0,92.68,3975442432,1553207296,1592979456,9.41,8.95,9.16,25297891328,9402150912
2026-05-06T16:06:55.891541+02:00,-0.00222937352748832,0.1757020108954092,0.22102037861990576,-2.658234384396959,1.3772540071271888,-1.5002948886340053,1.5881630407224745,0.24035322706161694,-0.7188722258002581,-0.010645211925406795,-1.2855685538379604,0.4342092165614293,51.0,52.0,52.0,43.0,43.0,26.0,30.0,27.0,52.0,92.68,3975442432,1553207296,1592979456,9.41,8.95,9.16,25297891328,9402150912
2026-05-06T16:06:55.942582+02:00,-0.00222937352748832,0.1757020108954092,0.22102037861990576,-2.658234384396959,1.3772540071271888,-1.5002948886340053,1.5881630407224745,0.24035322706161694,-0.7188722258002581,-0.010645211925406795,-1.2855685538379604,0.4342092165614293,51.0,52.0,52.0,43.0,43.0,26.0,30.0,27.0,52.0,92.68,3975442432,1553207296,1592979456,9.41,8.95,9.16,25297891328,9402150912
2026-05-06T16:06:55.997590+02:00,-0.00222937352748832,0.1757020108954092,0.22102037861990576,-2.658234384396959,1.3772540071271888,-1.5002948886340053,1.5881630407224745,0.24035322706161694,-0.7188722258002581,-0.010645211925406795,-1.2855685538379604,0.4342092165614293,51.0,52.0,52.0,43.0,43.0,26.0,30.0,27.0,52.0,92.68,3975442432,1553207296,1592979456,9.41,8.95,9.16,25297891328,9402150912
2026-05-06T16:06:56.048076+02:00,-0.00222937352748832,0.1757020108954092,0.22102037861990576,-2.658234384396959,1.3772540071271888,-1.5002948886340053,1.5881630407224745,0.24035322706161694,-0.7188722258002581,-0.010645211925406795,-1.2855685538379604,0.4342092165614293,51.0,52.0,52.0,43.0,43.0,26.0,30.0,27.0,52.0,92.68,3975442432,1553207296,1592979456,9.41,8.95,9.16,25297891328,9402150912
2026-05-06T16:06:56.101323+02:00,-0.00222937352748832,0.1757020108954092,0.22102037861990576,-2.658234384396959,1.3772540071271888,-1.5002948886340053,1.5881630407224745,0.24035322706161694,-0.7188722258002581,-0.010645211925406795,-1.2855685538379604,0.4342092165614293,51.0,52.0,52.0,43.0,43.0,26.0,30.0,27.0,52.0,92.68,3975442432,1553207296,1592979456,9.41,8.95,9.16,25297891328,9402150912
2026-05-06T16:06:56.151387+02:00,-0.00222937352748832,0.1757020108954092,0.22102037861990576,-2.658234384396959,1.3772540071271888,-1.5002948886340053,1.5881630407224745,0.24035322706161694,-0.7188722258002581,-0.010645211925406795,-1.2855685538379604,0.4342092165614293,51.0,52.0,52.0,43.0,43.0,26.0,30.0,27.0,52.0,92.68,3975442432,1553207296,1592979456,9.41,8.95,9.16,25297891328,9402150912
2026-05-06T16:06:56.205381+02:00,-0.00222937352748832,0.1757020108954092,0.22102037861990576,-2.658234384396959,1.3772540071271888,-1.5002948886340053,1.5881630407224745,0.24035322706161694,-0.7188722258002581,-0.010645211925406795,-1.2855685538379604,0.4342092165614293,51.0,52.0,52.0,43.0,43.0,26.0,30.0,27.0,52.0,92.68,3975442432,1553207296,1592979456,9.41,8.95,9.16,25297891328,9402150912
2026-05-06T16:06:56.255554+02:00,-0.00222937352748832,0.1757020108954092,0.22102037861990576,-2.658234384396959,1.3772540071271888,-1.5002948886340053,1.5881630407224745,0.24035322706161694,-0.7188722258002581,-0.010645211925406795,-1.2855685538379604,0.4342092165614293,51.0,52.0,52.0,43.0,43.0,26.0,30.0,27.0,52.0,92.91,3975442432,1553272832,1592897536,9.41,8.95,9.16,25297891328,9402150912
2026-05-06T16:06:56.310571+02:00,-0.00222937352748832,0.1757020108954092,0.22102037861990576,-2.658234384396959,1.3772540071271888,-1.5002948886340053,1.5881630407224745,0.24035322706161694,-0.7188722258002581,-0.010645211925406795,-1.2855685538379604,0.4342092165614293,51.0,52.0,52.0,43.0,43.0,26.0,30.0,27.0,52.0,92.91,3975442432,1553272832,1592897536,9.41,8.95,9.16,25297891328,9402150912
2026-05-06T16:06:56.362380+02:00,-0.00222937352748832,0.1757020108954092,0.22102037861990576,-2.658234384396959,1.3772540071271888,-1.5002948886340053,1.5881630407224745,0.24035322706161694,-0.7188722258002581,-0.010645211925406795,-1.2855685538379604,0.4342092165614293,51.0,52.0,52.0,43.0,43.0,26.0,30.0,27.0,52.0,92.91,3975442432,1553272832,1592897536,9.41,8.95,9.16,25297891328,9402150912
2026-05-06T16:06:56.414571+02:00,-0.00222937352748832,0.1757020108954092,0.22102037861990576,-2.658234384396959,1.3772540071271888,-1.5002948886340053,1.5881630407224745,0.24035322706161694,-0.7188722258002581,-0.010645211925406795,-1.2855685538379604,0.4342092165614293,51.0,52.0,52.0,43.0,43.0,26.0,30.0,27.0,52.0,92.91,3975442432,1553272832,1592897536,9.41,8.95,9.16,25297891328,9402150912
2026-05-06T16:06:56.466665+02:00,-0.00222937352748832,0.1757020108954092,0.22102037861990576,-2.658234384396959,1.3772540071271888,-1.5002948886340053,1.5881630407224745,0.24035322706161694,-0.7188722258002581,-0.010645211925406795,-1.2855685538379604,0.4342092165614293,51.0,52.0,52.0,43.0,43.0,26.0,30.0,27.0,52.0,92.91,3975442432,1553272832,1592897536,9.41,8.95,9.16,25297891328,9402150912
2026-05-06T16:06:56.518257+02:00,-0.00222937352748832,0.1757020108954092,0.22102037861990576,-2.658234384396959,1.3772540071271888,-1.5002948886340053,1.5881630407224745,0.24035322706161694,-0.7188722258002581,-0.010645211925406795,-1.2855685538379604,0.4342092165614293,51.0,52.0,52.0,43.0,43.0,26.0,30.0,27.0,53.0,92.91,3975442432,1553272832,1592897536,9.41,8.95,9.16,25297891328,9402150912
2026-05-06T16:06:56.569247+02:00,-0.00222937352748832,0.1757020108954092,0.22102037861990576,-2.658234384396959,1.3772540071271888,-1.5002948886340053,1.5881630407224745,0.24035322706161694,-0.7188722258002581,-0.010645211925406795,-1.2855685538379604,0.4342092165614293,51.0,52.0,52.0,43.0,43.0,26.0,30.0,27.0,53.0,92.91,3975442432,1553272832,1592897536,9.41,8.95,9.16,25297891328,9402150912
2026-05-06T16:06:56.620571+02:00,-0.00222937352748832,0.1757020108954092,0.22102037861990576,-2.658234384396959,1.3772540071271888,-1.5002948886340053,1.5881630407224745,0.24035322706161694,-0.7188722258002581,-0.010645211925406795,-1.2855685538379604,0.4342092165614293,51.0,52.0,52.0,43.0,43.0,26.0,30.0,27.0,53.0,92.91,3975442432,1553272832,1592897536,9.41,8.95,9.16,25297891328,9402150912
2026-05-06T16:06:56.671517+02:00,-0.00222937352748832,0.1757020108954092,0.22102037861990576,-2.658234384396959,1.3772540071271888,-1.5002948886340053,1.5881630407224745,0.24035322706161694,-0.7188722258002581,-0.010645211925406795,-1.2855685538379604,0.4342092165614293,51.0,52.0,52.0,43.0,43.0,26.0,30.0,27.0,53.0,92.91,3975442432,1553272832,1592897536,9.41,8.95,9.16,25297891328,9402150912
2026-05-06T16:06:56.725016+02:00,-0.00222937352748832,0.1757020108954092,0.22102037861990576,-2.658234384396959,1.3772540071271888,-1.5002948886340053,1.5881630407224745,0.24035322706161694,-0.7188722258002581,-0.010645211925406795,-1.2855685538379604,0.4342092165614293,51.0,52.0,52.0,43.0,43.0,26.0,30.0,27.0,53.0,92.91,3975442432,1553272832,1592897536,9.41,8.95,9.16,25297891328,9402150912
2026-05-06T16:06:56.778774+02:00,-0.00222937352748832,0.1757020108954092,0.22102037861990576,-2.658234384396959,1.3772540071271888,-1.5002948886340053,1.5881630407224745,0.24035322706161694,-0.7188722258002581,-0.010645211925406795,-1.2855685538379604,0.4342092165614293,51.0,52.0,52.0,43.0,43.0,26.0,30.0,27.0,53.0,92.91,3975442432,1553272832,1592897536,9.41,8.95,9.16,25297891328,9402150912
2026-05-06T16:06:56.829796+02:00,-0.00222937352748832,0.1757020108954092,0.22102037861990576,-2.658234384396959,1.3772540071271888,-1.5002948886340053,1.5881630407224745,0.24035322706161694,-0.7188722258002581,-0.010645211925406795,-1.2855685538379604,0.4342092165614293,51.0,52.0,52.0,43.0,43.0,26.0,30.0,27.0,53.0,92.91,3975442432,1553272832,1592897536,9.41,8.95,9.16,25297891328,9402150912
2026-05-06T16:06:56.880483+02:00,-0.00222937352748832,0.1757020108954092,0.22102037861990576,-2.658234384396959,1.3772540071271888,-1.5002948886340053,1.5881630407224745,0.24035322706161694,-0.7188722258002581,-0.010645211925406795,-1.2855685538379604,0.4342092165614293,51.0,52.0,52.0,43.0,43.0,26.0,30.0,27.0,53.0,92.91,3975442432,1553272832,1592897536,9.41,8.95,9.16,25297891328,9402150912
2026-05-06T16:06:56.931600+02:00,-0.00222937352748832,0.1757020108954092,0.22102037861990576,-2.658234384396959,1.3772540071271888,-1.5002948886340053,1.5881630407224745,0.24035322706161694,-0.7188722258002581,-0.010645211925406795,-1.2855685538379604,0.4342092165614293,51.0,52.0,52.0,43.0,43.0,26.0,30.0,27.0,53.0,92.91,3975442432,1553272832,1592897536,9.41,8.95,9.16,25297891328,9402150912
2026-05-06T16:06:56.986946+02:00,-0.00222937352748832,0.1757020108954092,0.22102037861990576,-2.658234384396959,1.3772540071271888,-1.5002948886340053,1.5881630407224745,0.24035322706161694,-0.7188722258002581,-0.010645211925406795,-1.2855685538379604,0.4342092165614293,51.0,52.0,52.0,43.0,43.0,26.0,30.0,27.0,53.0,92.91,3975442432,1553272832,1592897536,9.41,8.95,9.16,25297891328,9402150912
2026-05-06T16:06:57.038558+02:00,-0.00222937352748832,0.1757020108954092,0.22102037861990576,-2.658234384396959,1.3772540071271888,-1.5002948886340053,1.5881630407224745,0.24035322706161694,-0.7188722258002581,-0.010645211925406795,-1.2855685538379604,0.4342092165614293,51.0,52.0,52.0,43.0,43.0,26.0,30.0,27.0,53.0,92.91,3975442432,1553272832,1592897536,9.41,8.95,9.16,25297891328,9402150912
2026-05-06T16:06:57.090488+02:00,-0.00222937352748832,0.1757020108954092,0.22102037861990576,-2.658234384396959,1.3772540071271888,-1.5002948886340053,1.5881630407224745,0.24035322706161694,-0.7188722258002581,-0.010645211925406795,-1.2855685538379604,0.4342092165614293,51.0,52.0,52.0,43.0,43.0,26.0,30.0,27.0,53.0,92.91,3975442432,1553272832,1592897536,9.41,8.95,9.16,25297891328,9402150912
2026-05-06T16:06:57.143541+02:00,-0.00222937352748832,0.1757020108954092,0.22102037861990576,-2.658234384396959,1.3772540071271888,-1.5002948886340053,1.5881630407224745,0.24035322706161694,-0.7188722258002581,-0.010645211925406795,-1.2855685538379604,0.4342092165614293,51.0,52.0,52.0,43.0,43.0,26.0,30.0,27.0,53.0,90.58,3975442432,1552035840,1594134528,9.41,8.95,9.16,25297891328,9402150912
2026-05-06T16:06:57.194842+02:00,-0.00222937352748832,0.1757020108954092,0.22102037861990576,-2.658234384396959,1.3772540071271888,-1.5002948886340053,1.5881630407224745,0.24035322706161694,-0.7188722258002581,-0.010645211925406795,-1.2855685538379604,0.4342092165614293,51.0,52.0,52.0,43.0,43.0,26.0,30.0,27.0,53.0,90.58,3975442432,1552035840,1594134528,9.41,8.95,9.16,25297891328,9402150912
2026-05-06T16:06:57.246481+02:00,-0.00222937352748832,0.1757020108954092,0.22102037861990576,-2.658234384396959,1.3772540071271888,-1.5002948886340053,1.5881630407224745,0.24035322706161694,-0.7188722258002581,-0.010645211925406795,-1.2855685538379604,0.4342092165614293,51.0,52.0,52.0,43.0,43.0,26.0,30.0,27.0,53.0,90.58,3975442432,1552035840,1594134528,9.41,8.95,9.16,25297891328,9402150912
2026-05-06T16:06:57.296853+02:00,-0.00222937352748832,0.1757020108954092,0.22102037861990576,-2.658234384396959,1.3772540071271888,-1.5002948886340053,1.5881630407224745,0.24035322706161694,-0.7188722258002581,-0.010645211925406795,-1.2855685538379604,0.4342092165614293,51.0,52.0,52.0,43.0,43.0,26.0,30.0,27.0,53.0,90.58,3975442432,1552035840,1594134528,9.41,8.95,9.16,25297891328,9402150912
2026-05-06T16:06:57.348303+02:00,-0.00222937352748832,0.1757020108954092,0.22102037861990576,-2.658234384396959,1.3772540071271888,-1.5002948886340053,1.5881630407224745,0.24035322706161694,-0.7188722258002581,-0.010645211925406795,-1.2855685538379604,0.4342092165614293,51.0,52.0,52.0,43.0,43.0,26.0,30.0,27.0,53.0,90.58,3975442432,1552035840,1594134528,9.41,8.95,9.16,25297891328,9402150912
2026-05-06T16:06:57.398456+02:00,-0.00222937352748832,0.1757020108954092,0.22102037861990576,-2.658234384396959,1.3772540071271888,-1.5002948886340053,1.5881630407224745,0.24035322706161694,-0.7188722258002581,-0.010645211925406795,-1.2855685538379604,0.4342092165614293,51.0,52.0,52.0,43.0,43.0,26.0,30.0,27.0,53.0,90.58,3975442432,1552035840,1594134528,9.41,8.95,9.16,25297891328,9402150912
2026-05-06T16:06:57.449737+02:00,-0.00222937352748832,0.1757020108954092,0.22102037861990576,-2.658234384396959,1.3772540071271888,-1.5002948886340053,1.5881630407224745,0.24035322706161694,-0.7188722258002581,-0.010645211925406795,-1.2855685538379604,0.4342092165614293,51.0,52.0,52.0,43.0,43.0,26.0,30.0,27.0,53.0,90.58,3975442432,1552035840,1594134528,9.41,8.95,9.16,25297891328,9402150912
2026-05-06T16:06:57.500171+02:00,-0.00222937352748832,0.1757020108954092,0.22102037861990576,-2.658234384396959,1.3772540071271888,-1.5002948886340053,1.5881630407224745,0.24035322706161694,-0.7188722258002581,-0.010645211925406795,-1.2855685538379604,0.4342092165614293,51.0,52.0,52.0,43.0,43.0,26.0,30.0,27.0,53.0,90.58,3975442432,1552035840,1594134528,9.41,8.95,9.16,25297891328,9402150912
2026-05-06T16:06:57.555182+02:00,-0.00222937352748832,0.1757020108954092,0.22102037861990576,-2.658234384396959,1.3772540071271888,-1.5002948886340053,1.5881630407224745,0.24035322706161694,-0.7188722258002581,-0.010645211925406795,-1.2855685538379604,0.4342092165614293,51.0,52.0,52.0,43.0,43.0,26.0,30.0,27.0,53.0,90.58,3975442432,1552035840,1594134528,9.41,8.95,9.16,25297891328,9402150912
2026-05-06T16:06:57.607069+02:00,-0.00222937352748832,0.1757020108954092,0.22102037861990576,-2.658234384396959,1.3772540071271888,-1.5002948886340053,1.5881630407224745,0.24035322706161694,-0.7188722258002581,-0.010645211925406795,-1.2855685538379604,0.4342092165614293,51.0,52.0,52.0,43.0,43.0,26.0,30.0,27.0,53.0,90.58,3975442432,1552035840,1594134528,9.41,8.95,9.16,25297891328,9402150912
2026-05-06T16:06:57.658947+02:00,-0.00222937352748832,0.1757020108954092,0.22102037861990576,-2.658234384396959,1.3772540071271888,-1.5002948886340053,1.5881630407224745,0.24035322706161694,-0.7188722258002581,-0.010645211925406795,-1.2855685538379604,0.4342092165614293,51.0,52.0,52.0,43.0,43.0,26.0,30.0,27.0,53.0,90.58,3975442432,1552035840,1594134528,9.41,8.95,9.16,25297891328,9402150912
2026-05-06T16:06:57.714230+02:00,-0.00222937352748832,0.1757020108954092,0.22102037861990576,-2.658234384396959,1.3772540071271888,-1.5002948886340053,1.5881630407224745,0.24035322706161694,-0.7188722258002581,-0.010645211925406795,-1.2855685538379604,0.4342092165614293,51.0,52.0,52.0,43.0,43.0,26.0,30.0,27.0,53.0,90.58,3975442432,1552035840,1594134528,9.41,8.95,9.16,25297891328,9402150912
2026-05-06T16:06:57.769240+02:00,-0.00222937352748832,0.1757020108954092,0.22102037861990576,-2.658234384396959,1.3772540071271888,-1.5002948886340053,1.5881630407224745,0.24035322706161694,-0.7188722258002581,-0.010645211925406795,-1.2855685538379604,0.4342092165614293,51.0,52.0,52.0,43.0,43.0,26.0,30.0,27.0,53.0,90.58,3975442432,1552035840,1594134528,9.41,8.95,9.16,25297891328,9402150912
2026-05-06T16:06:57.820080+02:00,-0.00222937352748832,0.1757020108954092,0.22102037861990576,-2.658234384396959,1.3772540071271888,-1.5002948886340053,1.5881630407224745,0.24035322706161694,-0.7188722258002581,-0.010645211925406795,-1.2855685538379604,0.4342092165614293,51.0,52.0,52.0,43.0,43.0,26.0,30.0,27.0,53.0,90.58,3975442432,1552035840,1594134528,9.41,8.95,9.16,25297891328,9402150912
2026-05-06T16:06:57.875137+02:00,-0.00222937352748832,0.1757020108954092,0.22102037861990576,-2.658234384396959,1.3772540071271888,-1.5002948886340053,1.5881630407224745,0.24035322706161694,-0.7188722258002581,-0.010645211925406795,-1.2855685538379604,0.4342092165614293,51.0,52.0,52.0,43.0,43.0,26.0,30.0,27.0,53.0,90.58,3975442432,1552035840,1594134528,9.41,8.95,9.16,25297891328,9402150912
2026-05-06T16:06:57.930174+02:00,-0.00222937352748832,0.1757020108954092,0.22102037861990576,-2.658234384396959,1.3772540071271888,-1.5002948886340053,1.5881630407224745,0.24035322706161694,-0.7188722258002581,-0.010645211925406795,-1.2855685538379604,0.4342092165614293,51.0,52.0,52.0,43.0,43.0,26.0,30.0,27.0,53.0,90.58,3975442432,1552035840,1594134528,9.41,8.95,9.16,25297891328,9402150912
2026-05-06T16:06:57.982172+02:00,-0.00222937352748832,0.1757020108954092,0.22102037861990576,-2.658234384396959,1.3772540071271888,-1.5002948886340053,1.5881630407224745,0.24035322706161694,-0.7188722258002581,-0.010645211925406795,-1.2855685538379604,0.4342092165614293,51.0,52.0,52.0,43.0,43.0,26.0,30.0,27.0,53.0,90.58,3975442432,1552035840,1594134528,9.41,8.95,9.16,25297891328,9402150912
2026-05-06T16:06:58.035957+02:00,-0.00222937352748832,0.1757020108954092,0.22102037861990576,-2.658234384396959,1.3772540071271888,-1.5002948886340053,1.5881630407224745,0.24035322706161694,-0.7188722258002581,-0.010645211925406795,-1.2855685538379604,0.4342092165614293,51.0,52.0,52.0,43.0,43.0,26.0,30.0,27.0,53.0,90.58,3975442432,1552035840,1594134528,9.41,8.95,9.16,25297891328,9402150912
2026-05-06T16:06:58.087963+02:00,-0.00222937352748832,0.1757020108954092,0.22102037861990576,-2.658234384396959,1.3772540071271888,-1.5002948886340053,1.5881630407224745,0.24035322706161694,-0.7188722258002581,-0.010645211925406795,-1.2855685538379604,0.4342092165614293,51.0,52.0,52.0,43.0,43.0,26.0,30.0,27.0,53.0,90.58,3975442432,1552035840,1594134528,9.41,8.95,9.16,25297891328,9402150912
2026-05-06T16:06:58.138445+02:00,-0.00222937352748832,0.1757020108954092,0.22102037861990576,-2.658234384396959,1.3772540071271888,-1.5002948886340053,1.5881630407224745,0.24035322706161694,-0.7188722258002581,-0.010645211925406795,-1.2855685538379604,0.4342092165614293,51.0,52.0,52.0,43.0,43.0,26.0,30.0,27.0,53.0,90.58,3975442432,1552035840,1594134528,9.41,8.95,9.16,25297891328,9402150912
2026-05-06T16:06:58.193485+02:00,-0.00222937352748832,0.1757020108954092,0.22102037861990576,-2.658234384396959,1.3772540071271888,-1.5002948886340053,1.5881630407224745,0.24035322706161694,-0.7188722258002581,-0.010645211925406795,-1.2855685538379604,0.4342092165614293,51.0,52.0,52.0,43.0,43.0,26.0,30.0,27.0,53.0,90.58,3975442432,1552035840,1594134528,9.41,8.95,9.16,25297891328,9402150912
2026-05-06T16:06:58.246594+02:00,-0.00222937352748832,0.1757020108954092,0.22102037861990576,-2.658234384396959,1.3772540071271888,-1.5002948886340053,1.5881630407224745,0.24035322706161694,-0.7188722258002581,-0.010645211925406795,-1.2855685538379604,0.4342092165614293,51.0,52.0,52.0,43.0,43.0,26.0,30.0,27.0,53.0,90.58,3975442432,1552035840,1594134528,9.41,8.95,9.16,25297891328,9402150912
2026-05-06T16:06:58.300555+02:00,-0.00222937352748832,0.1757020108954092,0.22102037861990576,-2.658234384396959,1.3772540071271888,-1.5002948886340053,1.5881630407224745,0.24035322706161694,-0.7188722258002581,-0.010645211925406795,-1.2855685538379604,0.4342092165614293,51.0,52.0,52.0,43.0,43.0,26.0,30.0,27.0,53.0,90.58,3975442432,1552035840,1594134528,9.41,8.95,9.16,25297891328,9402150912
2026-05-06T16:06:58.352543+02:00,-0.00222937352748832,0.1757020108954092,0.22102037861990576,-2.658234384396959,1.3772540071271888,-1.5002948886340053,1.5881630407224745,0.24035322706161694,-0.7188722258002581,-0.010645211925406795,-1.2855685538379604,0.4342092165614293,51.0,52.0,52.0,43.0,43.0,26.0,30.0,27.0,53.0,90.58,3975442432,1552035840,1594134528,9.41,8.95,9.16,25297891328,9402150912
2026-05-06T16:06:58.407579+02:00,-0.00222937352748832,0.1757020108954092,0.22102037861990576,-2.658234384396959,1.3772540071271888,-1.5002948886340053,1.5881630407224745,0.24035322706161694,-0.7188722258002581,-0.010645211925406795,-1.2855685538379604,0.4342092165614293,51.0,52.0,52.0,43.0,43.0,26.0,30.0,27.0,53.0,90.58,3975442432,1552035840,1594134528,9.41,8.95,9.16,25297891328,9402150912
2026-05-06T16:06:58.460360+02:00,-0.00222937352748832,0.1757020108954092,0.22102037861990576,-2.658234384396959,1.3772540071271888,-1.5002948886340053,1.5881630407224745,0.24035322706161694,-0.7188722258002581,-0.010645211925406795,-1.2855685538379604,0.4342092165614293,51.0,52.0,52.0,43.0,43.0,26.0,30.0,27.0,53.0,97.22,3975442432,1552916480,1593286656,9.41,8.95,9.16,25297891328,9402150912
2026-05-06T16:06:58.515461+02:00,-0.00222937352748832,0.1757020108954092,0.22102037861990576,-2.658234384396959,1.3772540071271888,-1.5002948886340053,1.5881630407224745,0.24035322706161694,-0.7188722258002581,-0.010645211925406795,-1.2855685538379604,0.4342092165614293,51.0,52.0,52.0,43.0,43.0,26.0,30.0,27.0,53.0,97.22,3975442432,1552916480,1593286656,9.41,8.95,9.16,25297891328,9402150912
2026-05-06T16:06:58.568609+02:00,-0.00222937352748832,0.1757020108954092,0.22102037861990576,-2.658234384396959,1.3772540071271888,-1.5002948886340053,1.5881630407224745,0.24035322706161694,-0.7188722258002581,-0.010645211925406795,-1.2855685538379604,0.4342092165614293,51.0,52.0,52.0,43.0,43.0,26.0,30.0,27.0,53.0,97.22,3975442432,1552916480,1593286656,9.41,8.95,9.16,25297891328,9402150912
2026-05-06T16:06:58.621372+02:00,-0.00222937352748832,0.1757020108954092,0.22102037861990576,-2.658234384396959,1.3772540071271888,-1.5002948886340053,1.5881630407224745,0.24035322706161694,-0.7188722258002581,-0.010645211925406795,-1.2855685538379604,0.4342092165614293,51.0,52.0,52.0,43.0,43.0,26.0,30.0,27.0,53.0,97.22,3975442432,1552916480,1593286656,9.41,8.95,9.16,25297891328,9402150912
2026-05-06T16:06:58.672397+02:00,-0.00222937352748832,0.1757020108954092,0.22102037861990576,-2.658234384396959,1.3772540071271888,-1.5002948886340053,1.5881630407224745,0.24035322706161694,-0.7188722258002581,-0.010645211925406795,-1.2855685538379604,0.4342092165614293,51.0,52.0,52.0,43.0,43.0,26.0,30.0,27.0,53.0,97.22,3975442432,1552916480,1593286656,9.41,8.95,9.16,25297891328,9402150912
2026-05-06T16:06:58.723648+02:00,-0.00222937352748832,0.1757020108954092,0.22102037861990576,-2.658234384396959,1.3772540071271888,-1.5002948886340053,1.5881630407224745,0.24035322706161694,-0.7188722258002581,-0.010645211925406795,-1.2855685538379604,0.4342092165614293,51.0,52.0,52.0,43.0,43.0,26.0,30.0,27.0,53.0,97.22,3975442432,1552916480,1593286656,9.41,8.95,9.16,25297891328,9402150912
2026-05-06T16:06:58.776629+02:00,-0.00222937352748832,0.1757020108954092,0.22102037861990576,-2.658234384396959,1.3772540071271888,-1.5002948886340053,1.5881630407224745,0.24035322706161694,-0.7188722258002581,-0.010645211925406795,-1.2855685538379604,0.4342092165614293,51.0,52.0,52.0,43.0,43.0,26.0,30.0,27.0,53.0,97.22,3975442432,1552916480,1593286656,9.41,8.95,9.16,25297891328,9402150912
2026-05-06T16:06:58.831670+02:00,-0.00222937352748832,0.1757020108954092,0.22102037861990576,-2.658234384396959,1.3772540071271888,-1.5002948886340053,1.5881630407224745,0.24035322706161694,-0.7188722258002581,-0.010645211925406795,-1.2855685538379604,0.4342092165614293,51.0,52.0,52.0,43.0,43.0,26.0,30.0,27.0,53.0,97.22,3975442432,1552916480,1593286656,9.41,8.95,9.16,25297891328,9402150912
2026-05-06T16:06:58.882930+02:00,-0.00222937352748832,0.1757020108954092,0.22102037861990576,-2.658234384396959,1.3772540071271888,-1.5002948886340053,1.5881630407224745,0.24035322706161694,-0.7188722258002581,-0.010645211925406795,-1.2855685538379604,0.4342092165614293,51.0,52.0,52.0,43.0,43.0,26.0,30.0,27.0,53.0,97.22,3975442432,1552916480,1593286656,9.41,8.95,9.16,25297891328,9402150912
2026-05-06T16:06:58.937972+02:00,-0.00222937352748832,0.1757020108954092,0.22102037861990576,-2.658234384396959,1.3772540071271888,-1.5002948886340053,1.5881630407224745,0.24035322706161694,-0.7188722258002581,-0.010645211925406795,-1.2855685538379604,0.4342092165614293,51.0,52.0,52.0,43.0,43.0,26.0,30.0,27.0,53.0,97.22,3975442432,1552916480,1593286656,9.41,8.95,9.16,25297891328,9402150912
2026-05-06T16:06:58.990425+02:00,-0.00222937352748832,0.1757020108954092,0.22102037861990576,-2.658234384396959,1.3772540071271888,-1.5002948886340053,1.5881630407224745,0.24035322706161694,-0.7188722258002581,-0.010645211925406795,-1.2855685538379604,0.4342092165614293,51.0,52.0,52.0,43.0,43.0,26.0,30.0,27.0,53.0,97.22,3975442432,1552916480,1593286656,9.41,8.95,9.16,25297891328,9402150912
2026-05-06T16:06:59.040670+02:00,-0.00222937352748832,0.1757020108954092,0.22102037861990576,-2.658234384396959,1.3772540071271888,-1.5002948886340053,1.5881630407224745,0.24035322706161694,-0.7188722258002581,-0.010645211925406795,-1.2855685538379604,0.4342092165614293,51.0,52.0,52.0,43.0,43.0,26.0,30.0,27.0,53.0,97.22,3975442432,1552916480,1593286656,9.41,8.95,9.16,25297891328,9402150912
2026-05-06T16:06:59.095722+02:00,-0.00222937352748832,0.1757020108954092,0.22102037861990576,-2.658234384396959,1.3772540071271888,-1.5002948886340053,1.5881630407224745,0.24035322706161694,-0.7188722258002581,-0.010645211925406795,-1.2855685538379604,0.4342092165614293,51.0,52.0,52.0,43.0,43.0,26.0,30.0,27.0,53.0,97.22,3975442432,1552916480,1593286656,9.41,8.95,9.16,25297891328,9402150912
2026-05-06T16:06:59.148960+02:00,-0.00222937352748832,0.1757020108954092,0.22102037861990576,-2.658234384396959,1.3772540071271888,-1.5002948886340053,1.5881630407224745,0.24035322706161694,-0.7188722258002581,-0.010645211925406795,-1.2855685538379604,0.4342092165614293,51.0,52.0,52.0,43.0,43.0,26.0,30.0,27.0,53.0,97.22,3975442432,1552916480,1593286656,9.41,8.95,9.16,25297891328,9402150912
2026-05-06T16:06:59.203979+02:00,-0.00222937352748832,0.1757020108954092,0.22102037861990576,-2.658234384396959,1.3772540071271888,-1.5002948886340053,1.5881630407224745,0.24035322706161694,-0.7188722258002581,-0.010645211925406795,-1.2855685538379604,0.4342092165614293,51.0,52.0,52.0,43.0,43.0,26.0,30.0,27.0,53.0,97.22,3975442432,1552916480,1593286656,9.41,8.95,9.16,25297891328,9402150912
2026-05-06T16:06:59.259068+02:00,-0.00222937352748832,0.1757020108954092,0.22102037861990576,-2.658234384396959,1.3772540071271888,-1.5002948886340053,1.5881630407224745,0.23883828127088585,-0.7188722258002581,-0.010645211925406795,-1.2855685538379604,0.4342092165614293,51.0,52.0,52.0,43.0,43.0,26.0,30.0,27.0,53.0,98.62,3975442432,1566027776,1580175360,9.46,8.97,9.16,25297891328,9402163200
2026-05-06T16:06:59.313887+02:00,-0.00222937352748832,0.1757020108954092,0.22102037861990576,-2.658234384396959,1.3772540071271888,-1.5002948886340053,1.5881630407224745,0.23883828127088585,-0.7188722258002581,-0.010645211925406795,-1.2855685538379604,0.4342092165614293,51.0,52.0,52.0,43.0,43.0,26.0,30.0,27.0,53.0,98.62,3975442432,1566027776,1580175360,9.46,8.97,9.16,25297891328,9402163200
2026-05-06T16:06:59.365074+02:00,-0.00222937352748832,0.1757020108954092,0.22102037861990576,-2.658234384396959,1.3772540071271888,-1.5002948886340053,1.5866411136147351,0.2312635523172305,-0.7203871715909892,-0.010645211925406795,-1.280966611474303,0.4326752357735435,51.0,52.0,52.0,43.0,43.0,26.0,30.0,27.0,53.0,98.62,3975442432,1566027776,1580175360,9.46,8.97,9.16,25297891328,9402163200
2026-05-06T16:06:59.415563+02:00,-0.0022322387177940756,0.17586697602710344,0.22048773319405796,-2.65905831019614,1.3742283266431994,-1.5011031912383976,1.5866411136147351,0.21762904020065077,-0.7203871715909892,-0.010645211925406795,-1.2502869957165905,0.42347135104623,51.0,52.0,52.0,43.0,43.0,26.0,30.0,27.0,53.0,98.62,3975442432,1566027776,1580175360,9.46,8.97,9.16,25297891328,9402163200
2026-05-06T16:06:59.470581+02:00,-0.0022322387177940756,0.17586697602710344,0.22048773319405796,-2.65905831019614,1.3742283266431994,-1.5011031912383976,1.5866411136147351,0.20853936545626434,-0.7203871715909892,-0.012179192713292153,-1.2395491302013908,0.41733542789468725,51.0,52.0,52.0,43.0,43.0,26.0,30.0,27.0,53.0,98.62,3975442432,1566027776,1580175360,9.46,8.97,9.16,25297891328,9402163200
2026-05-06T16:06:59.524164+02:00,-0.0022322387177940756,0.17586697602710344,0.22048773319405796,-2.65905831019614,1.3742283266431994,-1.5011031912383976,1.5866411136147351,0.20096463650260893,-0.7203871715909892,-0.012179192713292153,-1.2257433031104203,0.4111995047431445,51.0,52.0,52.0,43.0,43.0,26.0,30.0,27.0,53.0,98.62,3975442432,1566027776,1580175360,9.46,8.97,9.16,25297891328,9402163200
2026-05-06T16:06:59.578997+02:00,-0.0019755684094550727,0.1824508375421745,0.2132737507830199,-2.6695345700169866,1.3960779216735368,-1.4889715467833564,1.5866411136147351,0.18733012438602925,-0.7203871715909892,-0.013713173501177955,-1.2011996105042502,0.4004616392279452,51.0,52.0,52.0,43.0,43.0,26.0,30.0,27.0,53.0,98.62,3975442432,1566027776,1580175360,9.46,8.97,9.16,25297891328,9402163200
2026-05-06T16:06:59.634029+02:00,-0.0019755684094550727,0.1824508375421745,0.2132737507830199,-2.6695345700169866,1.3960779216735368,-1.4889715467833564,1.5866411136147351,0.17824044964164276,-0.7203871715909892,-0.013713173501177955,-1.1873937834132788,0.3927917352885171,51.0,52.0,52.0,43.0,43.0,26.0,30.0,27.0,53.0,98.62,3975442432,1566027776,1580175360,9.46,8.97,9.16,25297891328,9402163200
2026-05-06T16:06:59.689061+02:00,-0.0019755684094550727,0.1824508375421745,0.2132737507830199,-2.6695345700169866,1.3960779216735368,-1.4889715467833564,1.5866411136147351,0.1676358291065252,-0.7203871715909892,-0.013713173501177955,-1.1751219371101942,0.3897237737127459,51.0,52.0,52.0,43.0,43.0,26.0,30.0,27.0,53.0,98.62,3975442432,1566027776,1580175360,9.46,8.97,9.16,25297891328,9402163200
2026-05-06T16:06:59.744073+02:00,-0.0019755684094550727,0.1824508375421745,0.2132737507830199,-2.6695345700169866,1.3960779216735368,-1.4889715467833564,1.5851191865069958,0.14945647961775227,-0.717357280009527,-0.013713173501177955,-1.1582481484434521,0.375917946621775,51.0,52.0,52.0,43.0,43.0,26.0,30.0,27.0,53.0,98.62,3975442432,1566027776,1580175360,9.46,8.97,9.16,25297891328,9402163200
2026-05-06T16:06:59.794196+02:00,-0.0017387882112203288,0.19081576592618565,0.20400022323374029,-2.691115187795422,1.4149750990742536,-1.4754378514745998,1.5851191865069958,0.1358219675011726,-0.717357280009527,-0.013713173501177955,-1.1275685326857388,0.3651800811065753,51.0,52.0,52.0,43.0,43.0,26.0,30.0,27.0,53.0,98.62,3975442432,1566027776,1580175360,9.46,8.97,9.16,25297891328,9402163200
2026-05-06T16:06:59.847633+02:00,-0.0017387882112203288,0.19081576592618565,0.20400022323374029,-2.691115187795422,1.4149750990742536,-1.4754378514745998,1.5851191865069958,0.11612767222166859,-0.7143273884280649,-0.015247154289063758,-1.1060928016553402,0.3529082348034902,51.0,52.0,52.0,43.0,43.0,26.0,30.0,27.0,53.0,98.62,3975442432,1566027776,1580175360,9.46,8.97,9.16,25297891328,9402163200
2026-05-06T16:06:59.901170+02:00,-0.0017387882112203288,0.19081576592618565,0.20400022323374029,-2.691115187795422,1.4149750990742536,-1.4754378514745998,1.5835972593992573,0.0949184311514335,-0.7112974968466027,-0.016781135076949116,-1.0922869745643697,0.3437043500761763,51.0,52.0,52.0,43.0,43.0,26.0,30.0,27.0,53.0,98.62,3975442432,1566027776,1580175360,9.46,8.97,9.16,25297891328,9402163200
2026-05-06T16:06:59.956222+02:00,-0.001297108279628315,0.20017577768331066,0.1944200431578385,-2.685226924762749,1.4427152554567177,-1.4310954523680033,1.5835972593992573,0.08279886482558485,-0.7112974968466027,-0.016781135076949116,-1.0677432819581987,0.332966484560977,51.0,52.0,52.0,43.0,43.0,26.0,30.0,27.0,53.0,98.62,3975442432,1566027776,1580175360,9.46,8.97,9.16,25297891328,9402163200
2026-05-06T16:07:00.006831+02:00,-0.001297108279628315,0.20017577768331066,0.1944200431578385,-2.685226924762749,1.4427152554567177,-1.4310954523680033,1.582075332291518,0.06158962375534971,-0.7067526594744095,-0.01831511586483492,-1.0401316277762578,0.3222286190457777,51.0,52.0,52.0,43.0,43.0,26.0,30.0,27.0,53.0,98.62,3975442432,1566027776,1580175360,9.46,8.97,9.16,25297891328,9402163200
2026-05-06T16:07:00.061767+02:00,-0.001297108279628315,0.20017577768331066,0.1944200431578385,-2.685226924762749,1.4427152554567177,-1.4310954523680033,1.582075332291518,0.04189532847584576,-0.7037227678929473,-0.01831511586483492,-1.0155879351700876,0.30535483037903566,51.0,52.0,52.0,43.0,43.0,26.0,30.0,27.0,53.0,98.62,3975442432,1566027776,1580175360,9.46,8.97,9.16,25297891328,9402163200
2026-05-06T16:07:00.115699+02:00,-0.001297108279628315,0.20017577768331066,0.1944200431578385,-2.685226924762749,1.4427152554567177,-1.4310954523680033,1.582075332291518,0.011596412661224131,-0.6961480389392919,-0.01831511586483492,-0.9833743386244884,0.29001502250017897,51.0,52.0,52.0,43.0,43.0,26.0,30.0,27.0,53.0,98.62,3975442432,1566027776,1580175360,9.46,8.97,9.16,25297891328,9402163200
2026-05-06T16:07:00.167159+02:00,-0.001249658071717488,0.21424424341311796,0.17900758525294574,-2.709334227840044,1.4741607724947499,-1.401679693747535,1.5805534051837786,-0.002038099455355491,-0.6931181473578297,-0.01831511586483492,-0.9665005499577464,0.2792771569849797,51.0,52.0,52.0,43.0,43.0,26.0,30.0,27.0,53.0,98.62,3975442432,1566027776,1580175360,9.46,8.97,9.16,25297891328,9402163200
2026-05-06T16:07:00.222228+02:00,-0.001249658071717488,0.21424424341311796,0.17900758525294574,-2.709334227840044,1.4741607724947499,-1.401679693747535,1.5805534051837786,-0.026277232107052795,-0.6870583641949055,-0.01831511586483492,-0.943490838139462,0.2654713298940088,51.0,52.0,52.0,43.0,43.0,26.0,30.0,27.0,53.0,98.62,3975442432,1566027776,1580175360,9.46,8.97,9.16,25297891328,9402163200
2026-05-06T16:07:00.277261+02:00,-0.001249658071717488,0.21424424341311796,0.17900758525294574,-2.709334227840044,1.4741607724947499,-1.401679693747535,1.5805534051837786,-0.05051636475874999,-0.6809985810319812,-0.019849096652720277,-0.9189471455332918,0.25013152201515254,51.0,52.0,52.0,43.0,43.0,26.0,30.0,27.0,53.0,94.49,3975442432,1587818496,1558368256,9.46,8.97,9.16,25297891328,9402163200
2026-05-06T16:07:00.332321+02:00,-0.001249658071717488,0.21424424341311796,0.17900758525294574,-2.709334227840044,1.4741607724947499,-1.401679693747535,1.5790314780760402,-0.07475549741044729,-0.6734238520783258,-0.019849096652720277,-0.8928694721392358,0.23632569492418165,51.0,52.0,52.0,43.0,43.0,26.0,30.0,27.0,53.0,94.49,3975442432,1587818496,1558368256,9.46,8.97,9.16,25297891328,9402163200
2026-05-06T16:07:00.385830+02:00,-0.001249658071717488,0.21424424341311796,0.17900758525294574,-2.709334227840044,1.4741607724947499,-1.401679693747535,1.5790314780760402,-0.07475549741044729,-0.6734238520783258,-0.019849096652720277,-0.8928694721392358,0.23632569492418165,51.0,52.0,52.0,43.0,43.0,26.0,30.0,27.0,53.0,94.49,3975442432,1587818496,1558368256,9.46,8.97,9.16,25297891328,9402163200
2026-05-06T16:07:00.436973+02:00,-0.000720344441405427,0.22790445186349265,0.1650240715257288,-2.677788217542529,1.5065210769525368,-1.3219657978631645,1.5775095509683008,-0.13232343745822828,-0.6537295567988217,-0.019849096652720277,-0.8361121829874674,0.20104413680281175,51.0,52.0,52.0,43.0,43.0,26.0,30.0,27.0,53.0,94.49,3975442432,1587818496,1558368256,9.46,8.97,9.16,25297891328,9402163200
2026-05-06T16:07:00.491997+02:00,-0.000720344441405427,0.22790445186349265,0.1650240715257288,-2.677788217542529,1.5065210769525368,-1.3219657978631645,1.5775095509683008,-0.16413729906358088,-0.6431249362637043,-0.019849096652720277,-0.8100345095934114,0.1841703481360697,51.0,52.0,52.0,43.0,43.0,26.0,30.0,27.0,52.0,94.49,3975442432,1587818496,1558368256,9.46,8.97,9.16,25297891328,9402163200
2026-05-06T16:07:00.547061+02:00,-0.000720344441405427,0.22790445186349265,0.1650240715257288,-2.677788217542529,1.5065210769525368,-1.3219657978631645,1.5759876238605615,-0.19292126908747131,-0.6325203157285867,-0.019849096652720277,-0.7839568361993554,0.17036452104509925,51.0,52.0,52.0,43.0,43.0,26.0,30.0,27.0,52.0,94.49,3975442432,1587818496,1558368256,9.46,8.97,9.16,25297891328,9402163200
2026-05-06T16:07:00.602051+02:00,-0.0005662101076313845,0.24161174632539822,0.14794315834949467,-2.6997046724456184,1.5194870355996732,-1.2829708363656445,1.5759876238605615,-0.2186753475298997,-0.6219156951934691,-0.019849096652720277,-0.7624811051689564,0.1504227708025856,51.0,52.0,52.0,43.0,43.0,26.0,30.0,27.0,52.0,94.49,3975442432,1587818496,1558368256,9.46,8.97,9.16,25297891328,9402163200
2026-05-06T16:07:00.655639+02:00,-0.0005662101076313845,0.24161174632539822,0.14794315834949467,-2.6997046724456184,1.5194870355996732,-1.2829708363656445,1.5759876238605615,-0.24442942597232797,-0.6113110746583515,-0.019849096652720277,-0.748675278077986,0.1396849052873863,51.0,52.0,52.0,43.0,43.0,26.0,30.0,27.0,52.0,94.49,3975442432,1587818496,1558368256,9.46,8.97,9.16,25297891328,9402163200
2026-05-06T16:07:00.707588+02:00,-0.0005662101076313845,0.24161174632539822,0.14794315834949467,-2.6997046724456184,1.5194870355996732,-1.2829708363656445,1.574465696752823,-0.2747283417869496,-0.5991915083325029,-0.019849096652720277,-0.7302675086233581,0.12587907819641542,51.0,52.0,52.0,43.0,43.0,26.0,30.0,27.0,52.0,94.49,3975442432,1587818496,1558368256,9.46,8.97,9.16,25297891328,9402163200
2026-05-06T16:07:00.760596+02:00,1.807398337321148e-05,0.2551677023816653,0.13151478373322306,-2.624926034366588,1.537896883000746,-1.156649983501277,1.574465696752823,-0.29290769127572247,-0.5916167793788476,-0.019849096652720277,-0.717995662320273,0.11667519346910149,51.0,52.0,52.0,43.0,43.0,26.0,30.0,27.0,52.0,94.49,3975442432,1587818496,1558368256,9.46,8.97,9.16,25297891328,9402163200
2026-05-06T16:07:00.814737+02:00,1.807398337321148e-05,0.2551677023816653,0.13151478373322306,-2.624926034366588,1.537896883000746,-1.156649983501277,1.574465696752823,-0.32017671550888194,-0.579497213052999,-0.01831511586483492,-0.691917988926217,0.10133538559024524,51.0,52.0,52.0,43.0,43.0,26.0,30.0,27.0,52.0,94.49,3975442432,1587818496,1558368256,9.46,8.97,9.16,25297891328,9402163200
2026-05-06T16:07:00.866294+02:00,1.807398337321148e-05,0.2551677023816653,0.13151478373322306,-2.624926034366588,1.537896883000746,-1.156649983501277,1.5729437696450836,-0.34441584816057913,-0.5688925925178814,-0.015247154289063758,-0.6781121618352461,0.08446159692350319,51.0,52.0,52.0,43.0,43.0,26.0,30.0,27.0,52.0,94.49,3975442432,1587818496,1558368256,9.46,8.97,9.16,25297891328,9402163200
2026-05-06T16:07:00.919390+02:00,1.807398337321148e-05,0.2551677023816653,0.13151478373322306,-2.624926034366588,1.537896883000746,-1.156649983501277,1.5729437696450836,-0.361080251858621,-0.5598029177734949,-0.015247154289063758,-0.6673742963200469,0.07525771219618926,51.0,52.0,52.0,43.0,43.0,26.0,30.0,27.0,52.0,94.49,3975442432,1587818496,1558368256,9.46,8.97,9.16,25297891328,9402163200
2026-05-06T16:07:00.973888+02:00,0.0001048853410828847,0.26517999711130325,0.11803811192059561,-2.5815317713629877,1.5509982921705217,-1.071787365672276,1.5729437696450836,-0.38228949292885606,-0.5491982972383773,-0.013713173501177955,-0.6551024500169618,0.06145188510521837,51.0,52.0,52.0,43.0,43.0,26.0,30.0,27.0,52.0,94.49,3975442432,1587818496,1558368256,9.46,8.97,9.16,25297891328,9402163200
2026-05-06T16:07:01.024464+02:00,0.0001048853410828847,0.26517999711130325,0.11803811192059561,-2.5815317713629877,1.5509982921705217,-1.071787365672276,1.5729437696450836,-0.40804357137128433,-0.5355637851217977,-0.010645211925406795,-0.6458985652896478,0.049180038802133286,51.0,52.0,52.0,43.0,43.0,26.0,30.0,27.0,52.0,94.49,3975442432,1587818496,1558368256,9.46,8.97,9.16,25297891328,9402163200
2026-05-06T16:07:01.077021+02:00,0.0001048853410828847,0.26517999711130325,0.11803811192059561,-2.5815317713629877,1.5509982921705217,-1.071787365672276,1.5714218425373443,-0.4262229208600573,-0.5249591645866801,-0.009111231137520992,-0.6351606997744481,0.0369081924990482,51.0,52.0,52.0,43.0,43.0,26.0,30.0,27.0,52.0,94.49,3975442432,1587818496,1558368256,9.46,8.97,9.16,25297891328,9402163200
2026-05-06T16:07:01.129213+02:00,0.0001048853410828847,0.26517999711130325,0.11803811192059561,-2.5815317713629877,1.5509982921705217,-1.071787365672276,1.5714218425373443,-0.44591721613956137,-0.5158694898422936,-0.006043269561749831,-0.6259568150471346,0.032306250135391235,51.0,52.0,52.0,43.0,43.0,26.0,30.0,27.0,52.0,94.49,3975442432,1587818496,1558368256,9.46,8.97,9.16,25297891328,9402163200
2026-05-06T16:07:01.180450+02:00,0.00021103257034189903,0.2731803277460729,0.10679336553616263,-2.777013249857617,1.5543556544977586,-1.2351232355091466,1.5714218425373443,-0.4656115114190654,-0.5113246524701004,-0.0075772503496351895,-0.6075490455925068,0.02770430777173427,51.0,52.0,52.0,43.0,43.0,26.0,30.0,27.0,52.0,94.49,3975442432,1587818496,1558368256,9.46,8.97,9.16,25297891328,9402163200
2026-05-06T16:07:01.235488+02:00,0.00021103257034189903,0.2731803277460729,0.10679336553616263,-2.777013249857617,1.5543556544977586,-1.2351232355091466,1.5714218425373443,-0.4777310777449141,-0.5113246524701004,-0.0075772503496351895,-0.5906752569257647,0.026170326983848913,51.0,52.0,52.0,43.0,43.0,26.0,30.0,27.0,52.0,94.49,3975442432,1587818496,1558368256,9.46,8.97,9.16,25297891328,9402163200
2026-05-06T16:07:01.290528+02:00,0.00021103257034189903,0.2731803277460729,0.10679336553616263,-2.777013249857617,1.5543556544977586,-1.2351232355091466,1.5714218425373443,-0.49591042723368683,-0.5143545440515626,-0.006043269561749831,-0.5645975835317087,0.026170326983848913,51.0,52.0,52.0,43.0,43.0,26.0,30.0,27.0,52.0,91.6,3975442432,1590149120,1556013056,9.46,8.97,9.16,25297891328,9402163200
2026-05-06T16:07:01.345541+02:00,0.00021103257034189903,0.2731803277460729,0.10679336553616263,-2.777013249857617,1.5543556544977586,-1.2351232355091466,1.5714218425373443,-0.517119668303922,-0.5173844356330247,-0.006043269561749831,-0.5477237948649667,0.026170326983848913,51.0,52.0,52.0,43.0,43.0,26.0,30.0,27.0,52.0,91.6,3975442432,1590149120,1556013056,9.46,8.97,9.16,25297891328,9402163200
2026-05-06T16:07:01.397209+02:00,4.8487910256890776e-05,0.27708685038261793,0.08997045198996433,-2.44771435803818,1.565607567649559,-0.8973508855051093,1.5714218425373443,-0.5231794514668463,-0.5173844356330247,-0.006043269561749831,-0.5446558332891955,0.026170326983848913,51.0,52.0,52.0,43.0,43.0,26.0,30.0,27.0,52.0,91.6,3975442432,1590149120,1556013056,9.46,8.97,9.16,25297891328,9402163200
2026-05-06T16:07:01.451599+02:00,4.8487910256890776e-05,0.27708685038261793,0.08997045198996433,-2.44771435803818,1.565607567649559,-0.8973508855051093,1.5714218425373443,-0.5474185841185436,-0.5173844356330247,-0.0075772503496351895,-0.5231801022587965,0.026170326983848913,51.0,52.0,52.0,43.0,43.0,26.0,30.0,27.0,52.0,91.6,3975442432,1590149120,1556013056,9.46,8.97,9.16,25297891328,9402163200
2026-05-06T16:07:01.502594+02:00,4.8487910256890776e-05,0.27708685038261793,0.08997045198996433,-2.44771435803818,1.565607567649559,-0.8973508855051093,1.5714218425373443,-0.5746876083517031,-0.5158694898422936,-0.0075772503496351895,-0.5032383520162833,0.026170326983848913,51.0,52.0,52.0,43.0,43.0,26.0,30.0,27.0,52.0,91.6,3975442432,1590149120,1556013056,9.46,8.97,9.16,25297891328,9402163200
2026-05-06T16:07:01.556094+02:00,4.8487910256890776e-05,0.27708685038261793,0.08997045198996433,-2.44771435803818,1.565607567649559,-0.8973508855051093,1.5714218425373443,-0.5837772830960896,-0.5158694898422936,-0.009111231137520992,-0.4909665057131982,0.026170326983848913,51.0,52.0,52.0,43.0,43.0,26.0,30.0,27.0,52.0,91.6,3975442432,1590149120,1556013056,9.46,8.97,9.16,25297891328,9402163200
2026-05-06T16:07:01.606143+02:00,7.06581745940796e-05,0.2749287133332305,0.06848274820420933,-2.9644382219604095,1.5475207411594523,-1.4125068113719423,1.5714218425373443,-0.5974117952126691,-0.5143545440515626,-0.0075772503496351895,-0.48329660177376965,0.026170326983848913,51.0,52.0,52.0,43.0,43.0,26.0,30.0,27.0,52.0,91.6,3975442432,1590149120,1556013056,9.46,8.97,9.16,25297891328,9402163200
2026-05-06T16:07:01.658098+02:00,7.06581745940796e-05,0.2749287133332305,0.06848274820420933,-2.9644382219604095,1.5475207411594523,-1.4125068113719423,1.5714218425373443,-0.6065014699570556,-0.5143545440515626,-0.0075772503496351895,-0.47716067862222733,0.026170326983848913,51.0,52.0,52.0,43.0,43.0,26.0,30.0,27.0,52.0,91.6,3975442432,1590149120,1556013056,9.46,8.97,9.16,25297891328,9402163200
2026-05-06T16:07:01.709834+02:00,7.06581745940796e-05,0.2749287133332305,0.06848274820420933,-2.9644382219604095,1.5475207411594523,-1.4125068113719423,1.5714218425373443,-0.6216509278643664,-0.5128395982608315,-0.009111231137520992,-0.4694907746827992,0.026170326983848913,51.0,52.0,52.0,43.0,43.0,26.0,30.0,27.0,52.0,91.6,3975442432,1590149120,1556013056,9.46,8.97,9.16,25297891328,9402163200
2026-05-06T16:07:01.764850+02:00,9.327386644778972e-05,0.2737606250010557,0.05545587809633482,-2.995043496403044,1.5389371836865513,-1.441583129861263,1.5714218425373443,-0.632255548399484,-0.5113246524701004,-0.009111231137520992,-0.46182087074337064,0.026170326983848913,51.0,52.0,52.0,43.0,43.0,26.0,30.0,27.0,52.0,91.6,3975442432,1590149120,1556013056,9.46,8.97,9.16,25297891328,9402163200
2026-05-06T16:07:01.815592+02:00,9.327386644778972e-05,0.2737606250010557,0.05545587809633482,-2.995043496403044,1.5389371836865513,-1.441583129861263,1.5714218425373443,-0.6383153315624083,-0.5113246524701004,-0.009111231137520992,-0.4587529091675995,0.026170326983848913,51.0,52.0,52.0,43.0,43.0,26.0,30.0,27.0,52.0,91.6,3975442432,1590149120,1556013056,9.46,8.97,9.16,25297891328,9402163200
2026-05-06T16:07:01.870634+02:00,9.327386644778972e-05,0.2737606250010557,0.05545587809633482,-2.995043496403044,1.5389371836865513,-1.441583129861263,1.5714218425373443,-0.6504348978882569,-0.5098097066793693,-0.009111231137520992,-0.4449470820766286,0.026170326983848913,51.0,52.0,52.0,43.0,43.0,26.0,30.0,27.0,52.0,91.6,3975442432,1590149120,1556013056,9.46,8.97,9.16,25297891328,9402163200
2026-05-06T16:07:01.922587+02:00,9.327386644778972e-05,0.2737606250010557,0.05545587809633482,-2.995043496403044,1.5389371836865513,-1.441583129861263,1.5714218425373443,-0.6580096268419123,-0.5098097066793693,-0.0075772503496351895,-0.4418791205008574,0.026170326983848913,51.0,52.0,52.0,43.0,43.0,26.0,30.0,27.0,52.0,91.6,3975442432,1590149120,1556013056,9.46,8.97,9.16,25297891328,9402163200
2026-05-06T16:07:01.973854+02:00,3.565294979220831e-05,0.27270749231024183,0.04689182656716296,-3.0391882153337217,1.5317706112733847,-1.4870242054938245,1.5714218425373443,-0.6610395184233745,-0.5082947608886382,-0.009111231137520992,-0.4418791205008574,0.026170326983848913,51.0,52.0,52.0,43.0,43.0,26.0,30.0,27.0,52.0,91.6,3975442432,1590149120,1556013056,9.46,8.97,9.16,25297891328,9402163200
2026-05-06T16:07:02.028837+02:00,3.565294979220831e-05,0.27270749231024183,0.04689182656716296,-3.0391882153337217,1.5317706112733847,-1.4870242054938245,1.5714218425373443,-0.6670993015862988,-0.5082947608886382,-0.0075772503496351895,-0.44034513971297207,0.026170326983848913,51.0,52.0,52.0,43.0,43.0,26.0,30.0,27.0,52.0,91.6,3975442432,1590149120,1556013056,9.46,8.97,9.16,25297891328,9402163200
2026-05-06T16:07:02.079886+02:00,3.565294979220831e-05,0.27270749231024183,0.04689182656716296,-3.0391882153337217,1.5317706112733847,-1.4870242054938245,1.5714218425373443,-0.670129193167761,-0.5082947608886382,-0.009111231137520992,-0.43727717813720046,0.026170326983848913,51.0,52.0,52.0,43.0,43.0,26.0,30.0,27.0,52.0,91.6,3975442432,1590149120,1556013056,9.46,8.97,9.16,25297891328,9402163200
2026-05-06T16:07:02.134905+02:00,3.565294979220831e-05,0.27270749231024183,0.04689182656716296,-3.0391882153337217,1.5317706112733847,-1.4870242054938245,1.5714218425373443,-0.6716441389584921,-0.5082947608886382,-0.009111231137520992,-0.43727717813720046,0.026170326983848913,51.0,52.0,52.0,43.0,43.0,26.0,30.0,27.0,52.0,91.6,3975442432,1590149120,1556013056,9.46,8.97,9.16,25297891328,9402163200
2026-05-06T16:07:02.185412+02:00,7.460159169388211e-05,0.27187609655005823,0.043397198904096254,-3.0407798149848997,1.5242324861755343,-1.4871847838953338,1.5714218425373443,-0.6716441389584921,-0.5082947608886382,-0.009111231137520992,-0.43727717813720046,0.026170326983848913,51.0,52.0,52.0,43.0,43.0,26.0,30.0,27.0,52.0,91.6,3975442432,1590149120,1556013056,9.46,8.97,9.16,25297891328,9402163200
2026-05-06T16:07:02.236526+02:00,7.460159169388211e-05,0.27187609655005823,0.043397198904096254,-3.0407798149848997,1.5242324861755343,-1.4871847838953338,1.5714218425373443,-0.6716441389584921,-0.5082947608886382,-0.0075772503496351895,-0.43727717813720046,0.026170326983848913,51.0,52.0,52.0,43.0,43.0,26.0,30.0,27.0,52.0,95.49,3975442432,1590403072,1555759104,9.46,8.97,9.16,25297891328,9402167296
2026-05-06T16:07:02.287570+02:00,7.460159169388211e-05,0.27187609655005823,0.043397198904096254,-3.0407798149848997,1.5242324861755343,-1.4871847838953338,1.5714218425373443,-0.6716441389584921,-0.5082947608886382,-0.0075772503496351895,-0.43727717813720046,0.026170326983848913,51.0,52.0,52.0,43.0,43.0,26.0,30.0,27.0,52.0,95.49,3975442432,1590403072,1555759104,9.46,8.97,9.16,25297891328,9402167296
2026-05-06T16:07:02.342617+02:00,7.460159169388211e-05,0.27187609655005823,0.043397198904096254,-3.0407798149848997,1.5242324861755343,-1.4871847838953338,1.5714218425373443,-0.6716441389584921,-0.5082947608886382,-0.0075772503496351895,-0.43727717813720046,0.026170326983848913,51.0,52.0,52.0,43.0,43.0,26.0,30.0,27.0,52.0,95.49,3975442432,1590403072,1555759104,9.46,8.97,9.16,25297891328,9402167296
2026-05-06T16:07:02.397652+02:00,3.341060403528655e-05,0.271875752989373,0.04339706795425674,-3.0533050330400044,1.5242768723344509,-1.501114731356811,1.5714218425373443,-0.6716441389584921,-0.5082947608886382,-0.0075772503496351895,-0.43727717813720046,0.026170326983848913,51.0,52.0,52.0,43.0,43.0,26.0,30.0,27.0,52.0,95.49,3975442432,1590403072,1555759104,9.46,8.97,9.16,25297891328,9402167296
2026-05-06T16:07:02.447960+02:00,3.341060403528655e-05,0.271875752989373,0.04339706795425674,-3.0533050330400044,1.5242768723344509,-1.501114731356811,1.5714218425373443,-0.6716441389584921,-0.5082947608886382,-0.0075772503496351895,-0.43727717813720046,0.026170326983848913,51.0,52.0,52.0,43.0,43.0,26.0,30.0,27.0,52.0,95.49,3975442432,1590403072,1555759104,9.46,8.97,9.16,25297891328,9402167296
2026-05-06T16:07:02.501976+02:00,3.341060403528655e-05,0.271875752989373,0.04339706795425674,-3.0533050330400044,1.5242768723344509,-1.501114731356811,1.5714218425373443,-0.6716441389584921,-0.5082947608886382,-0.0075772503496351895,-0.43727717813720046,0.026170326983848913,51.0,52.0,52.0,43.0,43.0,26.0,30.0,27.0,52.0,95.49,3975442432,1590403072,1555759104,9.46,8.97,9.16,25297891328,9402167296
2026-05-06T16:07:02.553026+02:00,3.341060403528655e-05,0.271875752989373,0.04339706795425674,-3.0533050330400044,1.5242768723344509,-1.501114731356811,1.5714218425373443,-0.6716441389584921,-0.5082947608886382,-0.0075772503496351895,-0.43727717813720046,0.026170326983848913,51.0,52.0,52.0,43.0,43.0,26.0,30.0,27.0,52.0,95.49,3975442432,1590403072,1555759104,9.46,8.97,9.16,25297891328,9402167296
2026-05-06T16:07:02.603351+02:00,3.341060403528655e-05,0.271875752989373,0.04339706795425674,-3.0533050330400044,1.5242768723344509,-1.501114731356811,1.5714218425373443,-0.6716441389584921,-0.5082947608886382,-0.0075772503496351895,-0.43727717813720046,0.026170326983848913,51.0,52.0,52.0,43.0,43.0,26.0,30.0,27.0,52.0,95.49,3975442432,1590403072,1555759104,9.46,8.97,9.16,25297891328,9402167296
2026-05-06T16:07:02.658404+02:00,3.341060403528655e-05,0.271875752989373,0.04339706795425674,-3.0533050330400044,1.5242768723344509,-1.501114731356811,1.5714218425373443,-0.6716441389584921,-0.5082947608886382,-0.0075772503496351895,-0.43727717813720046,0.026170326983848913,51.0,52.0,52.0,43.0,43.0,26.0,30.0,27.0,52.0,95.49,3975442432,1590403072,1555759104,9.46,8.97,9.16,25297891328,9402167296
2026-05-06T16:07:02.713423+02:00,3.341060403528655e-05,0.271875752989373,0.04339706795425674,-3.0533050330400044,1.5242768723344509,-1.501114731356811,1.5714218425373443,-0.6716441389584921,-0.5082947608886382,-0.0075772503496351895,-0.43727717813720046,0.026170326983848913,51.0,52.0,52.0,43.0,43.0,26.0,30.0,27.0,52.0,95.49,3975442432,1590403072,1555759104,9.46,8.97,9.16,25297891328,9402167296
2026-05-06T16:07:02.768507+02:00,3.341060403528655e-05,0.271875752989373,0.04339706795425674,-3.0533050330400044,1.5242768723344509,-1.501114731356811,1.5714218425373443,-0.6716441389584921,-0.5082947608886382,-0.0075772503496351895,-0.43727717813720046,0.026170326983848913,51.0,52.0,52.0,43.0,43.0,26.0,30.0,27.0,52.0,95.49,3975442432,1590403072,1555759104,9.46,8.97,9.16,25297891328,9402167296
2026-05-06T16:07:02.823298+02:00,3.341060403528655e-05,0.271875752989373,0.04339706795425674,-3.0533050330400044,1.5242768723344509,-1.501114731356811,1.5714218425373443,-0.6716441389584921,-0.5082947608886382,-0.0075772503496351895,-0.43727717813720046,0.026170326983848913,51.0,52.0,52.0,43.0,43.0,26.0,30.0,27.0,52.0,95.49,3975442432,1590403072,1555759104,9.46,8.97,9.16,25297891328,9402167296
2026-05-06T16:07:02.873866+02:00,3.341060403528655e-05,0.271875752989373,0.04339706795425674,-3.0533050330400044,1.5242768723344509,-1.501114731356811,1.5714218425373443,-0.6716441389584921,-0.5082947608886382,-0.0075772503496351895,-0.43727717813720046,0.026170326983848913,51.0,52.0,52.0,43.0,43.0,26.0,30.0,27.0,52.0,95.49,3975442432,1590403072,1555759104,9.46,8.97,9.16,25297891328,9402167296
2026-05-06T16:07:02.924993+02:00,3.341060403528655e-05,0.271875752989373,0.04339706795425674,-3.0533050330400044,1.5242768723344509,-1.501114731356811,1.5714218425373443,-0.6716441389584921,-0.5082947608886382,-0.0075772503496351895,-0.43727717813720046,0.026170326983848913,51.0,52.0,52.0,43.0,43.0,26.0,30.0,27.0,52.0,95.49,3975442432,1590403072,1555759104,9.46,8.97,9.16,25297891328,9402167296
2026-05-06T16:07:02.975775+02:00,3.341060403528655e-05,0.271875752989373,0.04339706795425674,-3.0533050330400044,1.5242768723344509,-1.501114731356811,1.5714218425373443,-0.6716441389584921,-0.5082947608886382,-0.0075772503496351895,-0.43727717813720046,0.026170326983848913,51.0,52.0,52.0,43.0,43.0,26.0,30.0,27.0,52.0,95.49,3975442432,1590403072,1555759104,9.46,8.97,9.16,25297891328,9402167296
2026-05-06T16:07:03.030453+02:00,3.341060403528655e-05,0.271875752989373,0.04339706795425674,-3.0533050330400044,1.5242768723344509,-1.501114731356811,1.5714218425373443,-0.6716441389584921,-0.5082947608886382,-0.0075772503496351895,-0.43727717813720046,0.026170326983848913,51.0,52.0,52.0,43.0,43.0,26.0,30.0,27.0,52.0,95.49,3975442432,1590403072,1555759104,9.46,8.97,9.16,25297891328,9402167296
2026-05-06T16:07:03.082678+02:00,3.341060403528655e-05,0.271875752989373,0.04339706795425674,-3.0533050330400044,1.5242768723344509,-1.501114731356811,1.5714218425373443,-0.6716441389584921,-0.5082947608886382,-0.0075772503496351895,-0.43727717813720046,0.026170326983848913,51.0,52.0,52.0,43.0,43.0,26.0,30.0,27.0,52.0,95.49,3975442432,1590403072,1555759104,9.46,8.97,9.16,25297891328,9402167296
2026-05-06T16:07:03.132714+02:00,3.341060403528655e-05,0.271875752989373,0.04339706795425674,-3.0533050330400044,1.5242768723344509,-1.501114731356811,1.5714218425373443,-0.6716441389584921,-0.5082947608886382,-0.0075772503496351895,-0.43727717813720046,0.026170326983848913,51.0,52.0,52.0,43.0,43.0,26.0,30.0,27.0,52.0,95.49,3975442432,1590403072,1555759104,9.46,8.97,9.16,25297891328,9402167296
2026-05-06T16:07:03.187720+02:00,3.341060403528655e-05,0.271875752989373,0.04339706795425674,-3.0533050330400044,1.5242768723344509,-1.501114731356811,1.5714218425373443,-0.6716441389584921,-0.5082947608886382,-0.0075772503496351895,-0.43727717813720046,0.026170326983848913,51.0,52.0,52.0,43.0,43.0,26.0,30.0,27.0,52.0,95.49,3975442432,1590403072,1555759104,9.46,8.97,9.16,25297891328,9402167296
2026-05-06T16:07:03.242833+02:00,3.341060403528655e-05,0.271875752989373,0.04339706795425674,-3.0533050330400044,1.5242768723344509,-1.501114731356811,1.5714218425373443,-0.6716441389584921,-0.5082947608886382,-0.0075772503496351895,-0.43727717813720046,0.026170326983848913,51.0,52.0,52.0,43.0,43.0,26.0,30.0,27.0,52.0,95.49,3975442432,1590403072,1555759104,9.46,8.97,9.16,25297891328,9402167296
2026-05-06T16:07:03.294442+02:00,3.341060403528655e-05,0.271875752989373,0.04339706795425674,-3.0533050330400044,1.5242768723344509,-1.501114731356811,1.5714218425373443,-0.6716441389584921,-0.5082947608886382,-0.0075772503496351895,-0.43727717813720046,0.026170326983848913,51.0,52.0,52.0,43.0,43.0,26.0,30.0,27.0,52.0,94.89,3975442432,1552465920,1593692160,9.46,8.97,9.16,25297891328,9402167296
2026-05-06T16:07:03.345693+02:00,3.341060403528655e-05,0.271875752989373,0.04339706795425674,-3.0533050330400044,1.5242768723344509,-1.501114731356811,1.5714218425373443,-0.6716441389584921,-0.5082947608886382,-0.0075772503496351895,-0.43727717813720046,0.026170326983848913,51.0,52.0,52.0,43.0,43.0,26.0,30.0,27.0,52.0,94.89,3975442432,1552465920,1593692160,9.46,8.97,9.16,25297891328,9402167296
2026-05-06T16:07:03.400707+02:00,3.341060403528655e-05,0.271875752989373,0.04339706795425674,-3.0533050330400044,1.5242768723344509,-1.501114731356811,1.5714218425373443,-0.6716441389584921,-0.5082947608886382,-0.0075772503496351895,-0.43727717813720046,0.026170326983848913,51.0,52.0,52.0,43.0,43.0,26.0,30.0,27.0,52.0,94.89,3975442432,1552465920,1593692160,9.46,8.97,9.16,25297891328,9402167296
2026-05-06T16:07:03.451898+02:00,3.341060403528655e-05,0.271875752989373,0.04339706795425674,-3.0533050330400044,1.5242768723344509,-1.501114731356811,1.5714218425373443,-0.6716441389584921,-0.5082947608886382,-0.0075772503496351895,-0.43727717813720046,0.026170326983848913,51.0,52.0,52.0,43.0,43.0,26.0,30.0,27.0,52.0,94.89,3975442432,1552465920,1593692160,9.46,8.97,9.16,25297891328,9402167296
2026-05-06T16:07:03.506955+02:00,3.341060403528655e-05,0.271875752989373,0.04339706795425674,-3.0533050330400044,1.5242768723344509,-1.501114731356811,1.5714218425373443,-0.6716441389584921,-0.5082947608886382,-0.0075772503496351895,-0.43727717813720046,0.026170326983848913,51.0,52.0,52.0,43.0,43.0,26.0,30.0,27.0,52.0,94.89,3975442432,1552465920,1593692160,9.46,8.97,9.16,25297891328,9402167296
2026-05-06T16:07:03.561950+02:00,3.341060403528655e-05,0.271875752989373,0.04339706795425674,-3.0533050330400044,1.5242768723344509,-1.501114731356811,1.5714218425373443,-0.6716441389584921,-0.5082947608886382,-0.0075772503496351895,-0.43727717813720046,0.026170326983848913,51.0,52.0,52.0,43.0,43.0,26.0,30.0,27.0,52.0,94.89,3975442432,1552465920,1593692160,9.46,8.97,9.16,25297891328,9402167296
2026-05-06T16:07:03.614533+02:00,3.341060403528655e-05,0.271875752989373,0.04339706795425674,-3.0533050330400044,1.5242768723344509,-1.501114731356811,1.5714218425373443,-0.6716441389584921,-0.5082947608886382,-0.0075772503496351895,-0.43727717813720046,0.026170326983848913,51.0,52.0,52.0,43.0,43.0,26.0,30.0,27.0,52.0,94.89,3975442432,1552465920,1593692160,9.46,8.97,9.16,25297891328,9402167296
2026-05-06T16:07:03.669577+02:00,3.341060403528655e-05,0.271875752989373,0.04339706795425674,-3.0533050330400044,1.5242768723344509,-1.501114731356811,1.5714218425373443,-0.6716441389584921,-0.5082947608886382,-0.0075772503496351895,-0.43727717813720046,0.026170326983848913,51.0,52.0,52.0,43.0,43.0,26.0,30.0,27.0,52.0,94.89,3975442432,1552465920,1593692160,9.46,8.97,9.16,25297891328,9402167296
2026-05-06T16:07:03.720513+02:00,3.341060403528655e-05,0.271875752989373,0.04339706795425674,-3.0533050330400044,1.5242768723344509,-1.501114731356811,1.5714218425373443,-0.6716441389584921,-0.5082947608886382,-0.0075772503496351895,-0.43727717813720046,0.026170326983848913,51.0,52.0,52.0,43.0,43.0,26.0,30.0,27.0,52.0,94.89,3975442432,1552465920,1593692160,9.46,8.97,9.16,25297891328,9402167296
2026-05-06T16:07:03.775546+02:00,3.341060403528655e-05,0.271875752989373,0.04339706795425674,-3.0533050330400044,1.5242768723344509,-1.501114731356811,1.5714218425373443,-0.6716441389584921,-0.5082947608886382,-0.0075772503496351895,-0.43727717813720046,0.026170326983848913,51.0,52.0,52.0,43.0,43.0,26.0,30.0,27.0,52.0,94.89,3975442432,1552465920,1593692160,9.46,8.97,9.16,25297891328,9402167296
2026-05-06T16:07:03.829972+02:00,3.341060403528655e-05,0.271875752989373,0.04339706795425674,-3.0533050330400044,1.5242768723344509,-1.501114731356811,1.5714218425373443,-0.6716441389584921,-0.5082947608886382,-0.0075772503496351895,-0.43727717813720046,0.026170326983848913,51.0,52.0,52.0,43.0,43.0,26.0,30.0,27.0,52.0,94.89,3975442432,1552465920,1593692160,9.46,8.97,9.16,25297891328,9402167296
2026-05-06T16:07:03.885010+02:00,3.341060403528655e-05,0.271875752989373,0.04339706795425674,-3.0533050330400044,1.5242768723344509,-1.501114731356811,1.5714218425373443,-0.6716441389584921,-0.5082947608886382,-0.0075772503496351895,-0.43727717813720046,0.026170326983848913,51.0,52.0,52.0,43.0,43.0,26.0,30.0,27.0,52.0,94.89,3975442432,1552465920,1593692160,9.46,8.97,9.16,25297891328,9402167296
2026-05-06T16:07:03.936769+02:00,3.341060403528655e-05,0.271875752989373,0.04339706795425674,-3.0533050330400044,1.5242768723344509,-1.501114731356811,1.5714218425373443,-0.6716441389584921,-0.5082947608886382,-0.0075772503496351895,-0.43727717813720046,0.026170326983848913,51.0,52.0,52.0,43.0,43.0,26.0,30.0,27.0,52.0,94.89,3975442432,1552465920,1593692160,9.46,8.97,9.16,25297891328,9402167296
2026-05-06T16:07:03.988407+02:00,3.341060403528655e-05,0.271875752989373,0.04339706795425674,-3.0533050330400044,1.5242768723344509,-1.501114731356811,1.5714218425373443,-0.6716441389584921,-0.5082947608886382,-0.0075772503496351895,-0.4357431973493151,0.026170326983848913,51.0,52.0,52.0,43.0,43.0,26.0,30.0,27.0,52.0,94.89,3975442432,1552465920,1593692160,9.46,8.97,9.16,25297891328,9402167296
2026-05-06T16:07:04.043435+02:00,3.341060403528655e-05,0.271875752989373,0.04339706795425674,-3.0533050330400044,1.5242768723344509,-1.501114731356811,1.5714218425373443,-0.6716441389584921,-0.5082947608886382,-0.0075772503496351895,-0.43727717813720046,0.026170326983848913,51.0,52.0,52.0,43.0,43.0,26.0,30.0,27.0,52.0,94.89,3975442432,1552465920,1593692160,9.46,8.97,9.16,25297891328,9402167296
2026-05-06T16:07:04.094698+02:00,3.341060403528655e-05,0.271875752989373,0.04339706795425674,-3.0533050330400044,1.5242768723344509,-1.501114731356811,1.5714218425373443,-0.6716441389584921,-0.5082947608886382,-0.0075772503496351895,-0.43727717813720046,0.026170326983848913,51.0,52.0,52.0,43.0,43.0,26.0,30.0,27.0,52.0,94.89,3975442432,1552465920,1593692160,9.46,8.97,9.16,25297891328,9402167296
2026-05-06T16:07:04.146359+02:00,3.341060403528655e-05,0.271875752989373,0.04339706795425674,-3.0533050330400044,1.5242768723344509,-1.501114731356811,1.5714218425373443,-0.6716441389584921,-0.5082947608886382,-0.006043269561749831,-0.43727717813720046,0.026170326983848913,51.0,52.0,52.0,43.0,43.0,26.0,30.0,27.0,52.0,94.89,3975442432,1552465920,1593692160,9.46,8.97,9.16,25297891328,9402167296
2026-05-06T16:07:04.198716+02:00,-7.780898958739893e-06,0.2718754678498758,0.043396961077438255,-3.065853197579699,1.524313130202084,-1.5150676239850527,1.5714218425373443,-0.6716441389584921,-0.5082947608886382,-0.006043269561749831,-0.43727717813720046,0.026170326983848913,51.0,52.0,52.0,43.0,43.0,26.0,30.0,27.0,52.0,94.89,3975442432,1552465920,1593692160,9.46,8.97,9.16,25297891328,9402167296
2026-05-06T16:07:04.249623+02:00,-7.780898958739893e-06,0.2718754678498758,0.043396961077438255,-3.065853197579699,1.524313130202084,-1.5150676239850527,1.5714218425373443,-0.6716441389584921,-0.5082947608886382,-0.006043269561749831,-0.4357431973493151,0.026170326983848913,51.0,52.0,52.0,43.0,43.0,26.0,30.0,27.0,52.0,94.89,3975442432,1552465920,1593692160,9.46,8.97,9.16,25297891328,9402167296
2026-05-06T16:07:04.304696+02:00,-7.780898958739893e-06,0.2718754678498758,0.043396961077438255,-3.065853197579699,1.524313130202084,-1.5150676239850527,1.5714218425373443,-0.6716441389584921,-0.5082947608886382,-0.006043269561749831,-0.4357431973493151,0.026170326983848913,51.0,52.0,52.0,43.0,43.0,26.0,30.0,27.0,52.0,94.89,3975442432,1553039360,1593110528,8.7,8.82,9.11,25297891328,9402179584
2026-05-06T16:07:04.355566+02:00,-7.780898958739893e-06,0.2718754678498758,0.043396961077438255,-3.065853197579699,1.524313130202084,-1.5150676239850527,1.5714218425373443,-0.670129193167761,-0.5082947608886382,-0.0075772503496351895,-0.4357431973493151,0.026170326983848913,51.0,52.0,52.0,43.0,43.0,26.0,30.0,27.0,52.0,94.89,3975442432,1553039360,1593110528,8.7,8.82,9.11,25297891328,9402179584
2026-05-06T16:07:04.409987+02:00,-8.712527577125731e-06,0.2721894736341225,0.04381752177308106,-3.0621832191923364,1.5273575806481803,-1.5113978118579934,1.5714218425373443,-0.6655843557955677,-0.5082947608886382,-0.0075772503496351895,-0.4357431973493151,0.026170326983848913,51.0,52.0,52.0,43.0,43.0,26.0,30.0,27.0,52.0,94.89,3975442432,1553039360,1593110528,8.7,8.82,9.11,25297891328,9402179584
2026-05-06T16:07:04.461736+02:00,-8.712527577125731e-06,0.2721894736341225,0.04381752177308106,-3.0621832191923364,1.5273575806481803,-1.5113978118579934,1.5714218425373443,-0.6595245726326434,-0.5082947608886382,-0.006043269561749831,-0.44034513971297207,0.026170326983848913,51.0,52.0,52.0,43.0,43.0,26.0,30.0,27.0,52.0,94.89,3975442432,1553039360,1593110528,8.7,8.82,9.11,25297891328,9402179584
2026-05-06T16:07:04.516791+02:00,-8.712527577125731e-06,0.2721894736341225,0.04381752177308106,-3.0621832191923364,1.5273575806481803,-1.5113978118579934,1.5714218425373443,-0.6564946810511813,-0.5082947608886382,-0.0075772503496351895,-0.4434131012887432,0.026170326983848913,51.0,52.0,52.0,43.0,43.0,26.0,30.0,27.0,52.0,94.89,3975442432,1553039360,1593110528,8.7,8.82,9.11,25297891328,9402179584
2026-05-06T16:07:04.567780+02:00,-8.712527577125731e-06,0.2721894736341225,0.04381752177308106,-3.0621832191923364,1.5273575806481803,-1.5113978118579934,1.5714218425373443,-0.6564946810511813,-0.5082947608886382,-0.0075772503496351895,-0.4434131012887432,0.026170326983848913,51.0,52.0,52.0,43.0,43.0,26.0,30.0,27.0,52.0,94.89,3975442432,1553039360,1593110528,8.7,8.82,9.11,25297891328,9402179584
2026-05-06T16:07:04.619300+02:00,3.626837442259849e-05,0.2731942558444938,0.04749059105518031,-3.0355938801676308,1.5332602687014811,-1.483437076970151,1.5714218425373443,-0.6443751147253326,-0.5098097066793693,-0.0075772503496351895,-0.4664228131070276,0.026170326983848913,51.0,52.0,52.0,43.0,43.0,26.0,30.0,27.0,52.0,94.89,3975442432,1553039360,1593110528,8.7,8.82,9.11,25297891328,9402179584
2026-05-06T16:07:04.670717+02:00,3.626837442259849e-05,0.2731942558444938,0.04749059105518031,-3.0355938801676308,1.5332602687014811,-1.483437076970151,1.5714218425373443,-0.6352854399809461,-0.5098097066793693,-0.0075772503496351895,-0.4802286401979985,0.026170326983848913,51.0,52.0,52.0,43.0,43.0,26.0,30.0,27.0,52.0,94.89,3975442432,1553039360,1593110528,8.7,8.82,9.11,25297891328,9402179584
2026-05-06T16:07:04.725784+02:00,3.626837442259849e-05,0.2731942558444938,0.04749059105518031,-3.0355938801676308,1.5332602687014811,-1.483437076970151,1.5714218425373443,-0.6246808194458285,-0.5098097066793693,-0.0075772503496351895,-0.48636456334954126,0.026170326983848913,51.0,52.0,52.0,43.0,43.0,26.0,30.0,27.0,52.0,94.89,3975442432,1553039360,1593110528,8.7,8.82,9.11,25297891328,9402179584
2026-05-06T16:07:04.776665+02:00,6.205131546837898e-05,0.2728242504227675,0.05573714644586437,-3.0515301423342573,1.520624368794786,-1.4994913778489487,1.5714218425373443,-0.615591144701442,-0.5098097066793693,-0.006043269561749831,-0.49710242886474054,0.026170326983848913,51.0,52.0,52.0,43.0,43.0,26.0,30.0,27.0,52.0,94.89,3975442432,1553039360,1593110528,8.7,8.82,9.11,25297891328,9402179584
2026-05-06T16:07:04.829797+02:00,6.205131546837898e-05,0.2728242504227675,0.05573714644586437,-3.0515301423342573,1.520624368794786,-1.4994913778489487,1.5714218425373443,-0.6095313615385177,-0.5098097066793693,-0.006043269561749831,-0.5047723328041687,0.026170326983848913,51.0,52.0,52.0,43.0,43.0,26.0,30.0,27.0,52.0,94.89,3975442432,1553039360,1593110528,8.7,8.82,9.11,25297891328,9402179584
2026-05-06T16:07:04.881000+02:00,6.205131546837898e-05,0.2728242504227675,0.05573714644586437,-3.0515301423342573,1.520624368794786,-1.4994913778489487,1.5714218425373443,-0.5974117952126691,-0.5113246524701004,-0.004509288773864029,-0.5170441791072538,0.026170326983848913,51.0,52.0,52.0,43.0,43.0,26.0,30.0,27.0,52.0,94.89,3975442432,1553039360,1593110528,8.7,8.82,9.11,25297891328,9402179584
2026-05-06T16:07:04.932718+02:00,6.205131546837898e-05,0.2728242504227675,0.05573714644586437,-3.0515301423342573,1.520624368794786,-1.4994913778489487,1.5714218425373443,-0.5868071746775517,-0.5113246524701004,-0.006043269561749831,-0.5293160254103388,0.026170326983848913,51.0,52.0,52.0,43.0,43.0,26.0,30.0,27.0,52.0,94.89,3975442432,1553039360,1593110528,8.7,8.82,9.11,25297891328,9402179584
2026-05-06T16:07:04.983452+02:00,3.4987332438806066e-05,0.27280910214905707,0.06565681187790307,-3.0668763335560216,1.5140707123419384,-1.5163220908161512,1.5714218425373443,-0.5762025541424342,-0.5113246524701004,-0.004509288773864029,-0.5385199101376528,0.026170326983848913,51.0,52.0,52.0,43.0,43.0,26.0,30.0,27.0,52.0,94.89,3975442432,1553039360,1593110528,8.7,8.82,9.11,25297891328,9402179584
2026-05-06T16:07:05.036604+02:00,3.4987332438806066e-05,0.27280910214905707,0.06565681187790307,-3.0668763335560216,1.5140707123419384,-1.5163220908161512,1.5714218425373443,-0.5655979336073166,-0.5113246524701004,-0.004509288773864029,-0.5492577756528525,0.026170326983848913,51.0,52.0,52.0,43.0,43.0,26.0,30.0,27.0,52.0,94.89,3975442432,1553039360,1593110528,8.7,8.82,9.11,25297891328,9402179584
2026-05-06T16:07:05.092011+02:00,3.4987332438806066e-05,0.27280910214905707,0.06565681187790307,-3.0668763335560216,1.5140707123419384,-1.5163220908161512,1.5714218425373443,-0.554993313072199,-0.5113246524701004,-0.004509288773864029,-0.5569276795922806,0.026170326983848913,51.0,52.0,52.0,43.0,43.0,26.0,30.0,27.0,52.0,94.89,3975442432,1553039360,1593110528,8.7,8.82,9.11,25297891328,9402179584
2026-05-06T16:07:05.142817+02:00,-3.4916154282608025e-06,0.2734991482871726,0.07848425381811197,-3.0716215667652067,1.5196372760241112,-1.5225131968698642,1.5714218425373443,-0.5383289093741571,-0.5128395982608315,-0.004509288773864029,-0.5707335066832515,0.026170326983848913,51.0,52.0,52.0,43.0,43.0,26.0,30.0,27.0,52.0,94.89,3975442432,1553039360,1593110528,8.7,8.82,9.11,25297891328,9402179584
2026-05-06T16:07:05.195410+02:00,-3.4916154282608025e-06,0.2734991482871726,0.07848425381811197,-3.0716215667652067,1.5196372760241112,-1.5225131968698642,1.5714218425373443,-0.5292392346297706,-0.5128395982608315,-0.004509288773864029,-0.5784034106226796,0.026170326983848913,51.0,52.0,52.0,43.0,43.0,26.0,30.0,27.0,52.0,94.89,3975442432,1553039360,1593110528,8.7,8.82,9.11,25297891328,9402179584
2026-05-06T16:07:05.248275+02:00,-3.4916154282608025e-06,0.2734991482871726,0.07848425381811197,-3.0716215667652067,1.5196372760241112,-1.5225131968698642,1.5714218425373443,-0.5186346140946531,-0.5128395982608315,-0.004509288773864029,-0.5860733145621078,0.026170326983848913,51.0,52.0,52.0,43.0,43.0,26.0,30.0,27.0,52.0,90.77,3975442432,1553133568,1593016320,8.7,8.82,9.11,25297891328,9402179584
2026-05-06T16:07:05.303902+02:00,-3.4916154282608025e-06,0.2734991482871726,0.07848425381811197,-3.0716215667652067,1.5196372760241112,-1.5225131968698642,1.5714218425373443,-0.5125748309317287,-0.5128395982608315,-0.004509288773864029,-0.5876072953499936,0.026170326983848913,51.0,52.0,52.0,43.0,43.0,26.0,30.0,27.0,52.0,90.77,3975442432,1553133568,1593016320,8.7,8.82,9.11,25297891328,9402179584
2026-05-06T16:07:05.355528+02:00,1.7148497813253595e-06,0.2742614750640838,0.08544775477433492,-3.0600711950474917,1.5285017237334941,-1.511013948304769,1.5714218425373443,-0.5034851561873422,-0.5128395982608315,-0.004509288773864029,-0.5952771992894217,0.02463634619596311,51.0,52.0,52.0,43.0,43.0,26.0,30.0,27.0,52.0,90.77,3975442432,1553133568,1593016320,8.7,8.82,9.11,25297891328,9402179584
2026-05-06T16:07:05.410565+02:00,1.7148497813253595e-06,0.2742614750640838,0.08544775477433492,-3.0600711950474917,1.5285017237334941,-1.511013948304769,1.5714218425373443,-0.49591042723368683,-0.5128395982608315,-0.002975307985978226,-0.5998791416530787,0.02463634619596311,51.0,52.0,52.0,43.0,43.0,26.0,30.0,27.0,52.0,90.77,3975442432,1553133568,1593016320,8.7,8.82,9.11,25297891328,9402179584
2026-05-06T16:07:05.465612+02:00,1.7148497813253595e-06,0.2742614750640838,0.08544775477433492,-3.0600711950474917,1.5285017237334941,-1.511013948304769,1.5714218425373443,-0.48985064407076273,-0.5128395982608315,-0.002975307985978226,-0.6044810840167356,0.02463634619596311,51.0,52.0,52.0,43.0,43.0,26.0,30.0,27.0,52.0,90.77,3975442432,1553133568,1593016320,8.7,8.82,9.11,25297891328,9402179584
2026-05-06T16:07:05.520639+02:00,1.7148497813253595e-06,0.2742614750640838,0.08544775477433492,-3.0600711950474917,1.5285017237334941,-1.511013948304769,1.5714218425373443,-0.4853058066985695,-0.5128395982608315,-0.002975307985978226,-0.6090830263803926,0.02463634619596311,51.0,52.0,52.0,43.0,43.0,26.0,30.0,27.0,52.0,90.77,3975442432,1553133568,1593016320,8.7,8.82,9.11,25297891328,9402179584
2026-05-06T16:07:05.575654+02:00,-5.3113200040052365e-05,0.2747005772674,0.0928125645892579,-3.070784937634788,1.5358589844802926,-1.5215269254172503,1.5714218425373443,-0.4837908609078384,-0.5128395982608315,-0.002975307985978226,-0.6090830263803926,0.02463634619596311,51.0,52.0,52.0,43.0,43.0,26.0,30.0,27.0,52.0,90.77,3975442432,1553133568,1593016320,8.7,8.82,9.11,25297891328,9402179584
2026-05-06T16:07:05.627448+02:00,-5.3113200040052365e-05,0.2747005772674,0.0928125645892579,-3.070784937634788,1.5358589844802926,-1.5215269254172503,1.5714218425373443,-0.4837908609078384,-0.5128395982608315,-0.002975307985978226,-0.6090830263803926,0.02463634619596311,51.0,52.0,52.0,43.0,43.0,26.0,30.0,27.0,52.0,90.77,3975442432,1553133568,1593016320,8.7,8.82,9.11,25297891328,9402179584
2026-05-06T16:07:05.682479+02:00,-5.3113200040052365e-05,0.2747005772674,0.0928125645892579,-3.070784937634788,1.5358589844802926,-1.5215269254172503,1.5714218425373443,-0.4822759151171073,-0.5128395982608315,-0.002975307985978226,-0.6106170071682779,0.02463634619596311,51.0,52.0,52.0,43.0,43.0,26.0,30.0,27.0,52.0,90.77,3975442432,1553133568,1593016320,8.7,8.82,9.11,25297891328,9402179584
2026-05-06T16:07:05.735927+02:00,-5.3113200040052365e-05,0.2747005772674,0.0928125645892579,-3.070784937634788,1.5358589844802926,-1.5215269254172503,1.5714218425373443,-0.4822759151171073,-0.5128395982608315,-0.002975307985978226,-0.6106170071682779,0.02463634619596311,51.0,52.0,52.0,43.0,43.0,26.0,30.0,27.0,52.0,90.77,3975442432,1553133568,1593016320,8.7,8.82,9.11,25297891328,9402179584
2026-05-06T16:07:05.786895+02:00,-5.242032470850433e-05,0.27466591659031586,0.09362537574915476,-3.0706189336037566,1.5358205999362624,-1.5213659805952775,1.5714218425373443,-0.4822759151171073,-0.5128395982608315,-0.002975307985978226,-0.6106170071682779,0.02463634619596311,51.0,52.0,52.0,43.0,43.0,26.0,30.0,27.0,52.0,90.77,3975442432,1553133568,1593016320,8.7,8.82,9.11,25297891328,9402179584
2026-05-06T16:07:05.838240+02:00,-5.242032470850433e-05,0.27466591659031586,0.09362537574915476,-3.0706189336037566,1.5358205999362624,-1.5213659805952775,1.5698999154296058,-0.4822759151171073,-0.5128395982608315,-0.002975307985978226,-0.6106170071682779,0.02463634619596311,51.0,52.0,52.0,43.0,43.0,26.0,30.0,27.0,52.0,90.77,3975442432,1553133568,1593016320,8.7,8.82,9.11,25297891328,9402179584
2026-05-06T16:07:05.893265+02:00,-5.242032470850433e-05,0.27466591659031586,0.09362537574915476,-3.0706189336037566,1.5358205999362624,-1.5213659805952775,1.5668560612141271,-0.4822759151171073,-0.5113246524701004,-0.002975307985978226,-0.6106170071682779,0.02463634619596311,51.0,52.0,52.0,43.0,43.0,26.0,30.0,27.0,52.0,90.77,3975442432,1553133568,1593016320,8.7,8.82,9.11,25297891328,9402179584
2026-05-06T16:07:05.948308+02:00,-5.242032470850433e-05,0.27466591659031586,0.09362537574915476,-3.0706189336037566,1.5358205999362624,-1.5213659805952775,1.5577244985676928,-0.4822759151171073,-0.5067798150979071,-0.0014413271980928677,-0.6167529303198207,0.032306250135391235,51.0,52.0,52.0,43.0,43.0,26.0,30.0,27.0,52.0,90.77,3975442432,1553133568,1593016320,8.7,8.82,9.11,25297891328,9402179584
2026-05-06T16:07:06.003363+02:00,0.0033020224992939963,0.27545523952198914,0.09433221178568148,-3.065769462437242,1.535763022758649,-1.5333015004653514,1.5516367901367372,-0.4822759151171073,-0.5052648693071761,-0.0014413271980928677,-0.6213548726834777,0.038442173286934,51.0,52.0,52.0,43.0,43.0,26.0,30.0,27.0,52.0,90.77,3975442432,1553133568,1593016320,8.7,8.82,9.11,25297891328,9402179584
2026-05-06T16:07:06.058418+02:00,0.0033020224992939963,0.27545523952198914,0.09433221178568148,-3.065769462437242,1.535763022758649,-1.5333015004653514,1.5333736648438685,-0.48076096932637624,-0.49769014035352077,9.265358979293481e-05,-0.632092738198677,0.049180038802133286,51.0,52.0,52.0,43.0,43.0,26.0,30.0,27.0,52.0,90.77,3975442432,1553133568,1593016320,8.7,8.82,9.11,25297891328,9402179584
2026-05-06T16:07:06.108846+02:00,0.0033020224992939963,0.27545523952198914,0.09433221178568148,-3.065769462437242,1.535763022758649,-1.5333015004653514,1.5242421021974342,-0.48076096932637624,-0.4946602487720586,0.0016266343776782932,-0.6366946805623339,0.05684994274156141,51.0,52.0,52.0,43.0,43.0,26.0,30.0,27.0,52.0,90.77,3975442432,1553133568,1593016320,8.7,8.82,9.11,25297891328,9402179584
2026-05-06T16:07:06.163099+02:00,0.014045512499795385,0.2771296601374722,0.09708061362448364,-3.1230981405709706,1.5278846515312312,-1.6659157431013076,1.5059789769045655,-0.47924602353564516,-0.4886004656091343,0.0031606151655640957,-0.648966526865419,0.06758780825676114,51.0,52.0,52.0,43.0,43.0,26.0,30.0,27.0,52.0,90.77,3975442432,1553133568,1593016320,8.7,8.82,9.11,25297891328,9402179584
2026-05-06T16:07:06.213616+02:00,0.014045512499795385,0.2771296601374722,0.09708061362448364,-3.1230981405709706,1.5278846515312312,-1.6659157431013076,1.4877158516116968,-0.47924602353564516,-0.48254068244620996,0.004694595953449898,-0.6597043923806187,0.08139363534773203,51.0,52.0,52.0,43.0,43.0,26.0,30.0,27.0,52.0,93.28,3975442432,1551912960,1594204160,8.7,8.82,9.11,25297891328,9402200064
2026-05-06T16:07:06.263907+02:00,0.014045512499795385,0.2771296601374722,0.09708061362448364,-3.1230981405709706,1.5278846515312312,-1.6659157431013076,1.4755404347497838,-0.4777310777449141,-0.47648089928328563,0.006228576741335257,-0.665840315532161,0.08752955849927435,51.0,52.0,52.0,43.0,43.0,26.0,30.0,27.0,52.0,93.28,3975442432,1551912960,1594204160,8.7,8.82,9.11,25297891328,9402200064
2026-05-06T16:07:06.316477+02:00,0.014045512499795385,0.2771296601374722,0.09708061362448364,-3.1230981405709706,1.5278846515312312,-1.6659157431013076,1.4466238197027423,-0.4777310777449141,-0.46739122453889914,0.009296538317106862,-0.6842480849867889,0.1028693663781306,51.0,52.0,52.0,43.0,43.0,26.0,30.0,27.0,52.0,93.28,3975442432,1551912960,1594204160,8.7,8.82,9.11,25297891328,9402200064
2026-05-06T16:07:06.366590+02:00,0.028321773399696663,0.2783802999962311,0.1007835620139379,3.1326907369328243,1.5181568198544972,-1.7836647535920196,1.4283606944098737,-0.476216131954183,-0.45981649558524373,0.009296538317106862,-0.691917988926217,0.11514121268121613,51.0,52.0,52.0,43.0,43.0,26.0,30.0,27.0,52.0,93.28,3975442432,1551912960,1594204160,8.7,8.82,9.11,25297891328,9402200064
2026-05-06T16:07:06.416680+02:00,0.028321773399696663,0.2783802999962311,0.1007835620139379,3.1326907369328243,1.5181568198544972,-1.7836647535920196,1.4040098606860485,-0.4747011861634519,-0.45072682084085736,0.013898480680763825,-0.7087917775929591,0.1381509244995005,51.0,52.0,52.0,43.0,43.0,26.0,30.0,27.0,52.0,93.28,3975442432,1551912960,1594204160,8.7,8.82,9.11,25297891328,9402200064
2026-05-06T16:07:06.469027+02:00,0.028321773399696663,0.2783802999962311,0.1007835620139379,3.1326907369328243,1.5181568198544972,-1.7836647535920196,1.3766151727467455,-0.4747011861634519,-0.44163714609647087,0.018500423044420344,-0.7302675086233581,0.15655869395412836,51.0,52.0,52.0,43.0,43.0,26.0,30.0,27.0,52.0,93.28,3975442432,1551912960,1594204160,8.7,8.82,9.11,25297891328,9402200064
2026-05-06T16:07:06.524097+02:00,0.028321773399696663,0.2783802999962311,0.1007835620139379,3.1326907369328243,1.5181568198544972,-1.7836647535920196,1.3537862661306597,-0.47318624037272083,-0.4325474713520844,0.018500423044420344,-0.744073335714329,0.1734324826208704,51.0,52.0,52.0,43.0,43.0,26.0,30.0,27.0,52.0,93.28,3975442432,1551912960,1594204160,8.7,8.82,9.11,25297891328,9402200064
2026-05-06T16:07:06.574892+02:00,0.05381328327994668,0.2782974520832231,0.1070623509814618,-3.1324907937093007,1.4940747835948933,-1.9266852300034436,1.3233477239758789,-0.47167129458198975,-0.4219428508169668,0.02156838462019195,-0.7578791628052994,0.19337423286338362,51.0,52.0,52.0,43.0,43.0,26.0,30.0,27.0,52.0,93.28,3975442432,1551912960,1594204160,8.7,8.82,9.11,25297891328,9402200064
2026-05-06T16:07:06.625429+02:00,0.05381328327994668,0.2782974520832231,0.1070623509814618,-3.1324907937093007,1.4940747835948933,-1.9266852300034436,1.3233477239758789,-0.47167129458198975,-0.4219428508169668,0.02156838462019195,-0.7578791628052994,0.19337423286338362,51.0,52.0,52.0,43.0,43.0,26.0,30.0,27.0,52.0,93.28,3975442432,1551912960,1594204160,8.7,8.82,9.11,25297891328,9402200064
2026-05-06T16:07:06.677282+02:00,0.05381328327994668,0.2782974520832231,0.1070623509814618,-3.1324907937093007,1.4940747835948933,-1.9266852300034436,1.3233477239758789,-0.47167129458198975,-0.4219428508169668,0.02156838462019195,-0.7578791628052994,0.19337423286338362,51.0,52.0,52.0,43.0,43.0,26.0,30.0,27.0,52.0,93.28,3975442432,1551912960,1594204160,8.7,8.82,9.11,25297891328,9402200064
2026-05-06T16:07:06.727966+02:00,0.05381328327994668,0.2782974520832231,0.1070623509814618,-3.1324907937093007,1.4940747835948933,-1.9266852300034436,1.2274663161883184,-0.4671264572097965,-0.38709909763015204,0.032306250135391235,-0.8207723751086107,0.25626744516669486,51.0,52.0,52.0,43.0,43.0,26.0,30.0,27.0,52.0,93.28,3975442432,1551912960,1594204160,8.7,8.82,9.11,25297891328,9402200064
2026-05-06T16:07:06.781139+02:00,0.09584648735837804,0.2733472771703383,0.1186687823585112,-3.086092413059328,1.464211044318921,-2.138148928367419,1.1818085029561467,-0.4656115114190654,-0.3734645855135723,0.035374211711162395,-0.8422481061390097,0.28081113777286504,51.0,52.0,52.0,43.0,43.0,26.0,30.0,27.0,52.0,93.28,3975442432,1551912960,1594204160,8.7,8.82,9.11,25297891328,9402200064
2026-05-06T16:07:06.831376+02:00,0.09584648735837804,0.2733472771703383,0.1186687823585112,-3.086092413059328,1.464211044318921,-2.138148928367419,1.1665892318787559,-0.4656115114190654,-0.367404802350648,0.0369081924990482,-0.8483840292905525,0.2884810417122936,51.0,52.0,52.0,43.0,43.0,26.0,30.0,27.0,52.0,93.28,3975442432,1551912960,1594204160,8.7,8.82,9.11,25297891328,9402200064
2026-05-06T16:07:06.883589+02:00,0.09584648735837804,0.2733472771703383,0.1186687823585112,-3.086092413059328,1.464211044318921,-2.138148928367419,1.1133217831078892,-0.46409656562833435,-0.3507403986526062,0.04151013486270516,-0.8652578179572941,0.3084227919548068,51.0,52.0,52.0,43.0,43.0,26.0,30.0,27.0,52.0,93.28,3975442432,1551912960,1594204160,8.7,8.82,9.11,25297891328,9402200064
2026-05-06T16:07:06.934668+02:00,0.09584648735837804,0.2733472771703383,0.1186687823585112,-3.086092413059328,1.464211044318921,-2.138148928367419,1.0752736054144125,-0.46258161983760326,-0.34013577811748863,0.04151013486270516,-0.8898015105634651,0.32989852298520583,51.0,52.0,52.0,43.0,43.0,26.0,30.0,27.0,52.0,93.28,3975442432,1551912960,1594204160,8.7,8.82,9.11,25297891328,9402200064
2026-05-06T16:07:06.985949+02:00,0.1344603354698039,0.2623699006077804,0.12803629175503992,-3.047853343264124,1.4468526740227228,-2.315463214223886,1.0646201156602393,-0.46258161983760326,-0.33710588653602636,0.04151013486270516,-0.8928694721392358,0.332966484560977,51.0,52.0,52.0,43.0,43.0,26.0,30.0,27.0,52.0,93.28,3975442432,1551912960,1594204160,8.7,8.82,9.11,25297891328,9402200064
2026-05-06T16:07:07.039486+02:00,0.1344603354698039,0.2623699006077804,0.12803629175503992,-3.047853343264124,1.4468526740227228,-2.315463214223886,1.026571937966763,-0.4610666740468722,-0.3249863202101779,0.04764605801424793,-0.9112772415938637,0.35904415795503297,51.0,52.0,52.0,43.0,43.0,26.0,30.0,27.0,52.0,93.28,3975442432,1551912960,1594204160,8.7,8.82,9.11,25297891328,9402200064
2026-05-06T16:07:07.094517+02:00,0.1344603354698039,0.2623699006077804,0.12803629175503992,-3.047853343264124,1.4468526740227228,-2.315463214223886,0.9885237602732864,-0.4610666740468722,-0.31589664546579144,0.04764605801424793,-0.9220151071090634,0.3651800811065753,51.0,52.0,52.0,43.0,43.0,26.0,30.0,27.0,52.0,93.28,3975442432,1551912960,1594204160,8.7,8.82,9.11,25297891328,9402200064
2026-05-06T16:07:07.148544+02:00,0.1344603354698039,0.2623699006077804,0.12803629175503992,-3.047853343264124,1.4468526740227228,-2.315463214223886,0.9580852181185056,-0.4595517282561411,-0.30680697072140495,0.05071401959001909,-0.9388888957758055,0.3866558121369743,51.0,52.0,52.0,43.0,43.0,26.0,30.0,27.0,52.0,93.28,3975442432,1551912960,1594204160,8.7,8.82,9.11,25297891328,9402200064
2026-05-06T16:07:07.203616+02:00,0.16146757562762862,0.25049211247790687,0.13364466630538108,-3.03513855742339,1.4376651382903207,-2.443023322691666,0.9230808946405071,-0.45803678246541,-0.29771729597701846,0.05224800037790445,-0.9511607420788901,0.39739367765217404,51.0,52.0,52.0,43.0,43.0,26.0,30.0,27.0,52.0,93.28,3975442432,1551912960,1594204160,8.7,8.82,9.11,25297891328,9402200064
2026-05-06T16:07:07.254215+02:00,0.16146757562762862,0.25049211247790687,0.13364466630538108,-3.03513855742339,1.4376651382903207,-2.443023322691666,0.9139493319940728,-0.45803678246541,-0.2962023501862874,0.05378198116579025,-0.9557626844425475,0.40352960080371636,51.0,52.0,52.0,43.0,43.0,26.0,30.0,27.0,52.0,93.28,3975442432,1551912960,1594204160,8.7,8.82,9.11,25297891328,9402200064
2026-05-06T16:07:07.309272+02:00,0.16146757562762862,0.25049211247790687,0.13364466630538108,-3.03513855742339,1.4376651382903207,-2.443023322691666,0.8880765711625087,-0.45803678246541,-0.29165751281409413,0.05378198116579025,-0.9588306460183182,0.4081315431673733,51.0,52.0,52.0,43.0,43.0,26.0,30.0,27.0,52.0,93.33,3975442432,1552904192,1593208832,8.7,8.82,9.11,25297891328,9402200064
2026-05-06T16:07:07.360292+02:00,0.18692422029512507,0.23522087784111745,0.1392520520936809,-3.0113817353669714,1.426895966303068,-2.5653744917284724,0.8622038103309451,-0.45803678246541,-0.2855977296511698,0.05684994274156141,-0.9680345307456322,0.41733542789468725,51.0,52.0,52.0,43.0,43.0,26.0,30.0,27.0,52.0,93.33,3975442432,1552904192,1593208832,8.7,8.82,9.11,25297891328,9402200064
2026-05-06T16:07:07.411246+02:00,0.18692422029512507,0.23522087784111745,0.1392520520936809,-3.0113817353669714,1.426895966303068,-2.5653744917284724,0.8515503205767714,-0.45652183667467894,-0.2840827838604387,0.05684994274156141,-0.969568511533518,0.4204033894704584,51.0,52.0,52.0,43.0,43.0,26.0,30.0,27.0,52.0,93.33,3975442432,1552904192,1593208832,8.7,8.82,9.11,25297891328,9402200064
2026-05-06T16:07:07.461793+02:00,0.18692422029512507,0.23522087784111745,0.1392520520936809,-3.0113817353669714,1.426895966303068,-2.5653744917284724,0.836331049499381,-0.45652183667467894,-0.28256783806970764,0.05684994274156141,-0.9726364731092896,0.4265393126220012,51.0,52.0,52.0,43.0,43.0,26.0,30.0,27.0,52.0,93.33,3975442432,1552904192,1593208832,8.7,8.82,9.11,25297891328,9402200064
2026-05-06T16:07:07.514209+02:00,0.18692422029512507,0.23522087784111745,0.1392520520936809,-3.0113817353669714,1.426895966303068,-2.5653744917284724,0.8317652681761638,-0.45652183667467894,-0.28105289227897656,0.05684994274156141,-0.9757044346850603,0.42807329340988653,51.0,52.0,52.0,43.0,43.0,26.0,30.0,27.0,52.0,93.33,3975442432,1552904192,1593208832,8.7,8.82,9.11,25297891328,9402200064
2026-05-06T16:07:07.567567+02:00,0.20185570463440486,0.22348592604790815,0.14180922604016805,-2.99296181151454,1.4185572931837016,-2.633583176938181,0.8226337055297295,-0.45652183667467894,-0.28105289227897656,0.05684994274156141,-0.9787723962608319,0.42960727419777234,51.0,52.0,52.0,43.0,43.0,26.0,30.0,27.0,52.0,93.33,3975442432,1552904192,1593208832,8.7,8.82,9.11,25297891328,9402200064
2026-05-06T16:07:07.620169+02:00,0.20185570463440486,0.22348592604790815,0.14180922604016805,-2.99296181151454,1.4185572931837016,-2.633583176938181,0.8226337055297295,-0.45652183667467894,-0.28105289227897656,0.05684994274156141,-0.9787723962608319,0.43114125498565814,51.0,52.0,52.0,43.0,43.0,26.0,30.0,27.0,52.0,93.33,3975442432,1552904192,1593208832,8.7,8.82,9.11,25297891328,9402200064
2026-05-06T16:07:07.670385+02:00,0.20185570463440486,0.22348592604790815,0.14180922604016805,-2.99296181151454,1.4185572931837016,-2.633583176938181,0.8226337055297295,-0.45652183667467894,-0.28105289227897656,0.05684994274156141,-0.9787723962608319,0.43114125498565814,51.0,52.0,52.0,43.0,43.0,26.0,30.0,27.0,52.0,93.33,3975442432,1552904192,1593208832,8.7,8.82,9.11,25297891328,9402200064
2026-05-06T16:07:07.721265+02:00,0.20185570463440486,0.22348592604790815,0.14180922604016805,-2.99296181151454,1.4185572931837016,-2.633583176938181,0.8226337055297295,-0.45652183667467894,-0.28105289227897656,0.05684994274156141,-0.9787723962608319,0.43114125498565814,51.0,52.0,52.0,43.0,43.0,26.0,30.0,27.0,52.0,93.33,3975442432,1552904192,1593208832,8.7,8.82,9.11,25297891328,9402200064
2026-05-06T16:07:07.776307+02:00,0.20212648101225705,0.22324778920502447,0.1418134021909555,-2.998525392409533,1.4181999802200473,-2.643151978165161,0.8226337055297295,-0.45652183667467894,-0.28105289227897656,0.05684994274156141,-0.9787723962608319,0.43114125498565814,51.0,52.0,52.0,43.0,43.0,26.0,30.0,27.0,52.0,93.33,3975442432,1552904192,1593208832,8.7,8.82,9.11,25297891328,9402200064
2026-05-06T16:07:07.827533+02:00,0.20212648101225705,0.22324778920502447,0.1418134021909555,-2.998525392409533,1.4181999802200473,-2.643151978165161,0.8226337055297295,-0.45652183667467894,-0.28105289227897656,0.05684994274156141,-0.9787723962608319,0.42960727419777234,51.0,52.0,52.0,43.0,43.0,26.0,30.0,27.0,52.0,93.33,3975442432,1552904192,1593208832,8.7,8.82,9.11,25297891328,9402200064
2026-05-06T16:07:07.882093+02:00,0.20212648101225705,0.22324778920502447,0.1418134021909555,-2.998525392409533,1.4181999802200473,-2.643151978165161,0.8226337055297295,-0.45803678246541,-0.28105289227897656,0.05684994274156141,-0.9787723962608319,0.42960727419777234,51.0,52.0,52.0,43.0,43.0,26.0,30.0,27.0,52.0,93.33,3975442432,1552904192,1593208832,8.7,8.82,9.11,25297891328,9402200064
2026-05-06T16:07:07.934587+02:00,0.20212648101225705,0.22324778920502447,0.1418134021909555,-2.998525392409533,1.4181999802200473,-2.643151978165161,0.8226337055297295,-0.4595517282561411,-0.28105289227897656,0.05684994274156141,-0.9787723962608319,0.43114125498565814,51.0,52.0,52.0,43.0,43.0,26.0,30.0,27.0,52.0,93.33,3975442432,1552904192,1593208832,8.7,8.82,9.11,25297891328,9402200064
2026-05-06T16:07:07.984655+02:00,0.20219560001683437,0.22317845767182704,0.14180922604016802,-2.9929618115145398,1.4185572931837016,-2.635105104045919,0.8226337055297295,-0.4656115114190654,-0.28256783806970764,0.05838392352944721,-0.969568511533518,0.43114125498565814,51.0,52.0,52.0,43.0,43.0,26.0,30.0,27.0,52.0,93.33,3975442432,1552904192,1593208832,8.7,8.82,9.11,25297891328,9402200064
2026-05-06T16:07:08.038057+02:00,0.20219560001683437,0.22317845767182704,0.14180922604016802,-2.9929618115145398,1.4185572931837016,-2.635105104045919,0.8226337055297295,-0.4671264572097965,-0.2840827838604387,0.05838392352944721,-0.9665005499577464,0.42960727419777234,51.0,52.0,52.0,43.0,43.0,26.0,30.0,27.0,52.0,93.33,3975442432,1552904192,1593208832,8.7,8.82,9.11,25297891328,9402200064
2026-05-06T16:07:08.089193+02:00,0.20219560001683437,0.22317845767182704,0.14180922604016802,-2.9929618115145398,1.4185572931837016,-2.635105104045919,0.8226337055297295,-0.4747011861634519,-0.2855977296511698,0.05838392352944721,-0.9572966652304333,0.42960727419777234,51.0,52.0,52.0,43.0,43.0,26.0,30.0,27.0,52.0,93.33,3975442432,1552904192,1593208832,8.7,8.82,9.11,25297891328,9402200064
2026-05-06T16:07:08.143189+02:00,0.20219560001683437,0.22317845767182704,0.14180922604016802,-2.9929618115145398,1.4185572931837016,-2.635105104045919,0.8226337055297295,-0.47924602353564516,-0.2871126754419009,0.05838392352944721,-0.9511607420788901,0.42960727419777234,51.0,52.0,52.0,43.0,43.0,26.0,30.0,27.0,52.0,93.33,3975442432,1552904192,1593208832,8.7,8.82,9.11,25297891328,9402200064
2026-05-06T16:07:08.197943+02:00,0.20216627634166123,0.22321158123242874,0.13632866345684785,-2.9900707435573484,1.4157052823803993,-2.6340034506206194,0.8226337055297295,-0.4837908609078384,-0.28862762123263197,0.05838392352944721,-0.943490838139462,0.42960727419777234,51.0,52.0,52.0,43.0,43.0,26.0,30.0,27.0,52.0,93.33,3975442432,1552904192,1593208832,8.7,8.82,9.11,25297891328,9402200064
2026-05-06T16:07:08.248229+02:00,0.20216627634166123,0.22321158123242874,0.13632866345684785,-2.9900707435573484,1.4157052823803993,-2.6340034506206194,0.8226337055297295,-0.4913655898614938,-0.29014256702336305,0.059917904317333015,-0.9388888957758055,0.42960727419777234,51.0,52.0,52.0,43.0,43.0,26.0,30.0,27.0,52.0,93.33,3975442432,1552904192,1593208832,8.7,8.82,9.11,25297891328,9402200064
2026-05-06T16:07:08.303223+02:00,0.20216627634166123,0.22321158123242874,0.13632866345684785,-2.9900707435573484,1.4157052823803993,-2.6340034506206194,0.8226337055297295,-0.5050001019780733,-0.2946874043955563,0.059917904317333015,-0.9235490878969492,0.42807329340988653,51.0,52.0,52.0,43.0,43.0,26.0,30.0,27.0,52.0,93.33,3975442432,1552904192,1593208832,8.7,8.82,9.11,25297891328,9402200064
2026-05-06T16:07:08.355289+02:00,0.20216627634166123,0.22321158123242874,0.13632866345684785,-2.9900707435573484,1.4157052823803993,-2.6340034506206194,0.8226337055297295,-0.5050001019780733,-0.2946874043955563,0.059917904317333015,-0.9235490878969492,0.42807329340988653,51.0,52.0,52.0,43.0,43.0,26.0,30.0,27.0,52.0,93.33,3975442432,1552904192,1593208832,8.7,8.82,9.11,25297891328,9402200064
2026-05-06T16:07:08.408439+02:00,0.20252020289351927,0.22357530862222239,0.1277864770632902,-2.993956485423928,1.4175427172732138,-2.638761585452675,0.8226337055297295,-0.5095449393502666,-0.2962023501862874,0.06145188510521837,-0.9097432608059779,0.4265393126220012,51.0,52.0,52.0,43.0,43.0,26.0,30.0,27.0,52.0,99.22,3975442432,1566711808,1579175936,8.7,8.82,9.11,25297891328,9402216448
2026-05-06T16:07:08.463832+02:00,0.20252020289351927,0.22357530862222239,0.1277864770632902,-2.993956485423928,1.4175427172732138,-2.638761585452675,0.8226337055297295,-0.5231794514668463,-0.29771729597701846,0.06298586589310418,-0.8898015105634651,0.4250053318341154,51.0,52.0,52.0,43.0,43.0,26.0,30.0,27.0,52.0,99.22,3975442432,1566711808,1579175936,8.7,8.82,9.11,25297891328,9402216448
2026-05-06T16:07:08.519018+02:00,0.20252020289351927,0.22357530862222239,0.1277864770632902,-2.993956485423928,1.4175427172732138,-2.638761585452675,0.8226337055297295,-0.535299017792695,-0.3037770791399428,0.06451984668098998,-0.8821316066240361,0.4219373702583442,51.0,52.0,52.0,43.0,43.0,26.0,30.0,27.0,52.0,99.22,3975442432,1566711808,1579175936,8.7,8.82,9.11,25297891328,9402216448
2026-05-06T16:07:08.574049+02:00,0.20252020289351927,0.22357530862222239,0.1277864770632902,-2.993956485423928,1.4175427172732138,-2.638761585452675,0.8226337055297295,-0.535299017792695,-0.3037770791399428,0.06451984668098998,-0.8698597603209515,0.4219373702583442,51.0,52.0,52.0,43.0,43.0,26.0,30.0,27.0,52.0,99.22,3975442432,1566711808,1579175936,8.7,8.82,9.11,25297891328,9402216448
2026-05-06T16:07:08.627525+02:00,0.2027554299541581,0.22390722623278403,0.11353218232760162,-3.0210107572119775,1.4251440497552497,-2.665344617688909,0.8226337055297295,-0.5489335299092747,-0.30680697072140495,0.06451984668098998,-0.8483840292905525,0.4219373702583442,51.0,52.0,52.0,43.0,43.0,26.0,30.0,27.0,52.0,99.22,3975442432,1566711808,1579175936,8.7,8.82,9.11,25297891328,9402216448
2026-05-06T16:07:08.677785+02:00,0.2027554299541581,0.22390722623278403,0.11353218232760162,-3.0210107572119775,1.4251440497552497,-2.665344617688909,0.8226337055297295,-0.5489335299092747,-0.30680697072140495,0.06451984668098998,-0.8483840292905525,0.4219373702583442,51.0,52.0,52.0,43.0,43.0,26.0,30.0,27.0,52.0,99.22,3975442432,1566711808,1579175936,8.7,8.82,9.11,25297891328,9402216448
2026-05-06T16:07:08.732598+02:00,0.2027554299541581,0.22390722623278403,0.11353218232760162,-3.0210107572119775,1.4251440497552497,-2.665344617688909,0.8226337055297295,-0.5489335299092747,-0.30680697072140495,0.06451984668098998,-0.8483840292905525,0.4219373702583442,51.0,52.0,52.0,43.0,43.0,26.0,30.0,27.0,52.0,99.22,3975442432,1566711808,1579175936,8.7,8.82,9.11,25297891328,9402216448
2026-05-06T16:07:08.783331+02:00,0.2027554299541581,0.22390722623278403,0.11353218232760162,-3.0210107572119775,1.4251440497552497,-2.665344617688909,0.8226337055297295,-0.5489335299092747,-0.30680697072140495,0.06451984668098998,-0.8483840292905525,0.4219373702583442,51.0,52.0,52.0,43.0,43.0,26.0,30.0,27.0,52.0,99.22,3975442432,1566711808,1579175936,8.7,8.82,9.11,25297891328,9402216448
2026-05-06T16:07:08.838354+02:00,0.2027554299541581,0.22390722623278403,0.11353218232760162,-3.0210107572119775,1.4251440497552497,-2.665344617688909,0.8226337055297295,-0.5489335299092747,-0.30680697072140495,0.06451984668098998,-0.8483840292905525,0.4219373702583442,51.0,52.0,52.0,43.0,43.0,26.0,30.0,27.0,52.0,99.22,3975442432,1566711808,1579175936,8.7,8.82,9.11,25297891328,9402216448
2026-05-06T16:07:08.888907+02:00,0.2027554299541581,0.22390722623278403,0.11353218232760162,-3.0210107572119775,1.4251440497552497,-2.665344617688909,0.8226337055297295,-0.5489335299092747,-0.30680697072140495,0.06451984668098998,-0.8483840292905525,0.4219373702583442,51.0,52.0,52.0,43.0,43.0,26.0,30.0,27.0,52.0,99.22,3975442432,1566711808,1579175936,8.7,8.82,9.11,25297891328,9402216448
2026-05-06T16:07:08.943432+02:00,0.2027554299541581,0.22390722623278403,0.11353218232760162,-3.0210107572119775,1.4251440497552497,-2.665344617688909,0.8226337055297295,-0.5489335299092747,-0.30680697072140495,0.06451984668098998,-0.8483840292905525,0.4219373702583442,51.0,52.0,52.0,43.0,43.0,26.0,30.0,27.0,52.0,99.22,3975442432,1566711808,1579175936,8.7,8.82,9.11,25297891328,9402216448
2026-05-06T16:07:08.993547+02:00,0.2027554299541581,0.22390722623278403,0.11353218232760162,-3.0210107572119775,1.4251440497552497,-2.665344617688909,0.8226337055297295,-0.5489335299092747,-0.30680697072140495,0.06451984668098998,-0.8483840292905525,0.4219373702583442,51.0,52.0,52.0,43.0,43.0,26.0,30.0,27.0,52.0,99.22,3975442432,1566711808,1579175936,8.7,8.82,9.11,25297891328,9402216448
2026-05-06T16:07:09.046291+02:00,0.20194345980897604,0.22294049672930144,0.09352958185705577,-2.993325206251322,1.4130962997379704,-2.636666743198024,0.8226337055297295,-0.6019566325848623,-0.3128667538843293,0.06758780825676114,-0.8100345095934114,0.41580144710680145,51.0,52.0,52.0,43.0,43.0,26.0,30.0,27.0,52.0,99.22,3975442432,1566711808,1579175936,8.7,8.82,9.11,25297891328,9402216448
2026-05-06T16:07:09.096427+02:00,0.20194345980897604,0.22294049672930144,0.09352958185705577,-2.993325206251322,1.4130962997379704,-2.636666743198024,0.8226337055297295,-0.6004416867941312,-0.3128667538843293,0.06758780825676114,-0.8100345095934114,0.41580144710680145,51.0,52.0,52.0,43.0,43.0,26.0,30.0,27.0,52.0,99.22,3975442432,1566711808,1579175936,8.7,8.82,9.11,25297891328,9402216448
2026-05-06T16:07:09.149478+02:00,0.20194345980897604,0.22294049672930144,0.09352958185705577,-2.993325206251322,1.4130962997379704,-2.636666743198024,0.8226337055297295,-0.6004416867941312,-0.3128667538843293,0.06758780825676114,-0.8100345095934114,0.41580144710680145,51.0,52.0,52.0,43.0,43.0,26.0,30.0,27.0,52.0,99.22,3975442432,1566711808,1579175936,8.7,8.82,9.11,25297891328,9402216448
2026-05-06T16:07:09.200285+02:00,0.20190038275283012,0.22287459902608484,0.09215192350213865,-2.9894161193177036,1.4117366690085602,-2.6329335788828145,0.8226337055297295,-0.6004416867941312,-0.3128667538843293,0.06758780825676114,-0.8100345095934114,0.41580144710680145,51.0,52.0,52.0,43.0,43.0,26.0,30.0,27.0,52.0,99.22,3975442432,1566711808,1579175936,8.7,8.82,9.11,25297891328,9402216448
2026-05-06T16:07:09.253568+02:00,0.20190038275283012,0.22287459902608484,0.09215192350213865,-2.9894161193177036,1.4117366690085602,-2.6329335788828145,0.8226337055297295,-0.6004416867941312,-0.3128667538843293,0.06758780825676114,-0.8100345095934114,0.41580144710680145,51.0,52.0,52.0,43.0,43.0,26.0,30.0,27.0,52.0,99.22,3975442432,1566711808,1579175936,8.7,8.82,9.11,25297891328,9402216448
2026-05-06T16:07:09.304408+02:00,0.20190038275283012,0.22287459902608484,0.09215192350213865,-2.9894161193177036,1.4117366690085602,-2.6329335788828145,0.8226337055297295,-0.6004416867941312,-0.3128667538843293,0.06758780825676114,-0.8100345095934114,0.41580144710680145,51.0,52.0,52.0,43.0,43.0,26.0,30.0,27.0,52.0,99.22,3975442432,1566711808,1579175936,8.7,8.82,9.11,25297891328,9402216448
2026-05-06T16:07:09.355848+02:00,0.20190038275283012,0.22287459902608484,0.09215192350213865,-2.9894161193177036,1.4117366690085602,-2.6329335788828145,0.8226337055297295,-0.6004416867941312,-0.3128667538843293,0.06758780825676114,-0.8100345095934114,0.41580144710680145,51.0,52.0,52.0,43.0,43.0,26.0,30.0,27.0,52.0,99.22,3975442432,1566711808,1579175936,8.7,8.82,9.11,25297891328,9402216448
2026-05-06T16:07:09.410895+02:00,0.20190038275283012,0.22287459902608484,0.09215192350213865,-2.9894161193177036,1.4117366690085602,-2.6329335788828145,0.8226337055297295,-0.6004416867941312,-0.3128667538843293,0.06758780825676114,-0.8100345095934114,0.41580144710680145,51.0,52.0,52.0,43.0,43.0,26.0,30.0,27.0,52.0,99.22,3975442432,1566711808,1579175936,8.7,8.82,9.11,25297891328,9402216448
2026-05-06T16:07:09.462442+02:00,0.20190038275283012,0.22287459902608484,0.09215192350213865,-2.9894161193177036,1.4117366690085602,-2.6329335788828145,0.8226337055297295,-0.6004416867941312,-0.3128667538843293,0.06758780825676114,-0.8085005288055256,0.41580144710680145,51.0,52.0,52.0,43.0,43.0,26.0,30.0,27.0,52.0,99.22,3975442432,1566711808,1579175936,8.7,8.82,9.11,25297891328,9402216448
2026-05-06T16:07:09.512873+02:00,0.20190038275283012,0.22287459902608484,0.09215192350213865,-2.9894161193177036,1.4117366690085602,-2.6329335788828145,0.8226337055297295,-0.6004416867941312,-0.3128667538843293,0.06758780825676114,-0.8100345095934114,0.41580144710680145,51.0,52.0,52.0,43.0,43.0,26.0,30.0,27.0,52.0,99.22,3975442432,1566711808,1579175936,8.7,8.82,9.11,25297891328,9402216448
2026-05-06T16:07:09.567924+02:00,0.20190038275283012,0.22287459902608484,0.09215192350213865,-2.9894161193177036,1.4117366690085602,-2.6329335788828145,0.8226337055297295,-0.6004416867941312,-0.3128667538843293,0.06758780825676114,-0.8100345095934114,0.41580144710680145,51.0,52.0,52.0,43.0,43.0,26.0,30.0,27.0,52.0,99.22,3975442432,1566711808,1579175936,8.7,8.82,9.11,25297891328,9402216448
2026-05-06T16:07:09.618110+02:00,0.20190038275283012,0.22287459902608484,0.09215192350213865,-2.9894161193177036,1.4117366690085602,-2.6329335788828145,0.8226337055297295,-0.6004416867941312,-0.3128667538843293,0.06758780825676114,-0.8085005288055256,0.41580144710680145,51.0,52.0,52.0,43.0,43.0,26.0,30.0,27.0,52.0,94.07,3975442432,1589985280,1555914752,9.12,8.9,9.14,25297891328,9402228736
2026-05-06T16:07:09.669201+02:00,0.20190038275283012,0.22287459902608484,0.09215192350213865,-2.9894161193177036,1.4117366690085602,-2.6329335788828145,0.8226337055297295,-0.6004416867941312,-0.3128667538843293,0.06758780825676114,-0.8100345095934114,0.41580144710680145,51.0,52.0,52.0,43.0,43.0,26.0,30.0,27.0,52.0,94.07,3975442432,1589985280,1555914752,9.12,8.9,9.14,25297891328,9402228736
2026-05-06T16:07:09.724238+02:00,0.20190038275283012,0.22287459902608484,0.09215192350213865,-2.9894161193177036,1.4117366690085602,-2.6329335788828145,0.8226337055297295,-0.6004416867941312,-0.3128667538843293,0.06758780825676114,-0.8100345095934114,0.41580144710680145,51.0,52.0,52.0,43.0,43.0,26.0,30.0,27.0,52.0,94.07,3975442432,1589985280,1555914752,9.12,8.9,9.14,25297891328,9402228736
2026-05-06T16:07:09.775166+02:00,0.20190038275283012,0.22287459902608484,0.09215192350213865,-2.9894161193177036,1.4117366690085602,-2.6329335788828145,0.8226337055297295,-0.6004416867941312,-0.3128667538843293,0.06758780825676114,-0.8085005288055256,0.41580144710680145,51.0,52.0,52.0,43.0,43.0,26.0,30.0,27.0,52.0,94.07,3975442432,1589985280,1555914752,9.12,8.9,9.14,25297891328,9402228736
2026-05-06T16:07:09.830797+02:00,0.20190038275283012,0.22287459902608484,0.09215192350213865,-2.9894161193177036,1.4117366690085602,-2.6329335788828145,0.8226337055297295,-0.6004416867941312,-0.3128667538843293,0.06758780825676114,-0.8085005288055256,0.41580144710680145,51.0,52.0,52.0,43.0,43.0,26.0,30.0,27.0,52.0,94.07,3975442432,1589985280,1555914752,9.12,8.9,9.14,25297891328,9402228736
2026-05-06T16:07:09.885862+02:00,0.2019924147581036,0.22296399086273255,0.09214651556764007,-2.9919314724286776,1.4132171507153446,-2.635480787588593,0.8226337055297295,-0.6004416867941312,-0.3128667538843293,0.06758780825676114,-0.8100345095934114,0.41580144710680145,51.0,52.0,52.0,43.0,43.0,26.0,30.0,27.0,52.0,94.07,3975442432,1589985280,1555914752,9.12,8.9,9.14,25297891328,9402228736
2026-05-06T16:07:09.938242+02:00,0.2019924147581036,0.22296399086273255,0.09214651556764007,-2.9919314724286776,1.4132171507153446,-2.635480787588593,0.8226337055297295,-0.6004416867941312,-0.3128667538843293,0.06758780825676114,-0.8100345095934114,0.41580144710680145,51.0,52.0,52.0,43.0,43.0,26.0,30.0,27.0,52.0,94.07,3975442432,1589985280,1555914752,9.12,8.9,9.14,25297891328,9402228736
2026-05-06T16:07:09.991437+02:00,0.20190038275283012,0.22287459902608484,0.09215192350213865,-2.9894161193177036,1.4117366690085602,-2.6329335788828145,0.8226337055297295,-0.6004416867941312,-0.3128667538843293,0.06758780825676114,-0.8100345095934114,0.41580144710680145,51.0,52.0,52.0,43.0,43.0,26.0,30.0,27.0,52.0,94.07,3975442432,1589985280,1555914752,9.12,8.9,9.14,25297891328,9402228736
2026-05-06T16:07:10.042428+02:00,0.20190038275283012,0.22287459902608484,0.09215192350213865,-2.9894161193177036,1.4117366690085602,-2.6329335788828145,0.8226337055297295,-0.6004416867941312,-0.3128667538843293,0.06758780825676114,-0.8100345095934114,0.41580144710680145,51.0,52.0,52.0,43.0,43.0,26.0,30.0,27.0,52.0,94.07,3975442432,1589985280,1555914752,9.12,8.9,9.14,25297891328,9402228736
2026-05-06T16:07:10.095228+02:00,0.20190038275283012,0.22287459902608484,0.09215192350213865,-2.9894161193177036,1.4117366690085602,-2.6329335788828145,0.8226337055297295,-0.6004416867941312,-0.3128667538843293,0.06758780825676114,-0.8085005288055256,0.41580144710680145,51.0,52.0,52.0,43.0,43.0,26.0,30.0,27.0,52.0,94.07,3975442432,1589985280,1555914752,9.12,8.9,9.14,25297891328,9402228736
2026-05-06T16:07:10.150780+02:00,0.20190038275283012,0.22287459902608484,0.09215192350213865,-2.9894161193177036,1.4117366690085602,-2.6329335788828145,0.8226337055297295,-0.6004416867941312,-0.3128667538843293,0.06758780825676114,-0.8085005288055256,0.41580144710680145,51.0,52.0,52.0,43.0,43.0,26.0,30.0,27.0,52.0,94.07,3975442432,1589985280,1555914752,9.12,8.9,9.14,25297891328,9402228736
2026-05-06T16:07:10.202223+02:00,0.20190038275283012,0.22287459902608484,0.09215192350213865,-2.9894161193177036,1.4117366690085602,-2.6329335788828145,0.8226337055297295,-0.6004416867941312,-0.3128667538843293,0.06758780825676114,-0.8085005288055256,0.41580144710680145,51.0,52.0,52.0,43.0,43.0,26.0,30.0,27.0,52.0,94.07,3975442432,1589985280,1555914752,9.12,8.9,9.14,25297891328,9402228736
2026-05-06T16:07:10.253159+02:00,0.20190038275283012,0.22287459902608484,0.09215192350213865,-2.9894161193177036,1.4117366690085602,-2.6329335788828145,0.8226337055297295,-0.6004416867941312,-0.3128667538843293,0.06758780825676114,-0.8100345095934114,0.41580144710680145,51.0,52.0,52.0,43.0,43.0,26.0,30.0,27.0,52.0,94.07,3975442432,1589985280,1555914752,9.12,8.9,9.14,25297891328,9402228736
2026-05-06T16:07:10.303287+02:00,0.20190038275283012,0.22287459902608484,0.09215192350213865,-2.9894161193177036,1.4117366690085602,-2.6329335788828145,0.8226337055297295,-0.6004416867941312,-0.3128667538843293,0.0691217890446465,-0.8100345095934114,0.41580144710680145,51.0,52.0,52.0,43.0,43.0,26.0,30.0,27.0,52.0,94.07,3975442432,1589985280,1555914752,9.12,8.9,9.14,25297891328,9402228736
2026-05-06T16:07:10.353870+02:00,0.20190038275283012,0.22287459902608484,0.09215192350213865,-2.9894161193177036,1.4117366690085602,-2.6329335788828145,0.8226337055297295,-0.6004416867941312,-0.3128667538843293,0.06758780825676114,-0.8100345095934114,0.41580144710680145,51.0,52.0,52.0,43.0,43.0,26.0,30.0,27.0,52.0,94.07,3975442432,1589985280,1555914752,9.12,8.9,9.14,25297891328,9402228736
2026-05-06T16:07:10.404376+02:00,0.20190038275283012,0.22287459902608484,0.09215192350213865,-2.9894161193177036,1.4117366690085602,-2.6329335788828145,0.8226337055297295,-0.6004416867941312,-0.3128667538843293,0.06758780825676114,-0.8100345095934114,0.41580144710680145,51.0,52.0,52.0,43.0,43.0,26.0,30.0,27.0,52.0,95.04,3975442432,1590759424,1555128320,9.12,8.9,9.14,25297891328,9402232832
2026-05-06T16:07:10.455024+02:00,0.20190038275283012,0.22287459902608484,0.09215192350213865,-2.9894161193177036,1.4117366690085602,-2.6329335788828145,0.8226337055297295,-0.6004416867941312,-0.3128667538843293,0.06758780825676114,-0.8100345095934114,0.41580144710680145,51.0,52.0,52.0,43.0,43.0,26.0,30.0,27.0,52.0,95.04,3975442432,1590759424,1555128320,9.12,8.9,9.14,25297891328,9402232832
2026-05-06T16:07:10.505585+02:00,0.20190038275283012,0.22287459902608484,0.09215192350213865,-2.9894161193177036,1.4117366690085602,-2.6329335788828145,0.8226337055297295,-0.6004416867941312,-0.3128667538843293,0.06758780825676114,-0.8100345095934114,0.41580144710680145,51.0,52.0,52.0,43.0,43.0,26.0,30.0,27.0,52.0,95.04,3975442432,1590759424,1555128320,9.12,8.9,9.14,25297891328,9402232832
2026-05-06T16:07:10.556163+02:00,0.20190038275283012,0.22287459902608484,0.09215192350213865,-2.9894161193177036,1.4117366690085602,-2.6329335788828145,0.8226337055297295,-0.6004416867941312,-0.3128667538843293,0.06758780825676114,-0.8100345095934114,0.41580144710680145,51.0,52.0,52.0,43.0,43.0,26.0,30.0,27.0,52.0,95.04,3975442432,1590759424,1555128320,9.12,8.9,9.14,25297891328,9402232832
2026-05-06T16:07:10.606252+02:00,0.20190038275283012,0.22287459902608484,0.09215192350213865,-2.9894161193177036,1.4117366690085602,-2.6329335788828145,0.8226337055297295,-0.6004416867941312,-0.3128667538843293,0.06758780825676114,-0.8085005288055256,0.41580144710680145,51.0,52.0,52.0,43.0,43.0,26.0,30.0,27.0,52.0,95.04,3975442432,1590759424,1555128320,9.12,8.9,9.14,25297891328,9402232832
2026-05-06T16:07:10.656568+02:00,0.20190038275283012,0.22287459902608484,0.09215192350213865,-2.9894161193177036,1.4117366690085602,-2.6329335788828145,0.8226337055297295,-0.6004416867941312,-0.3128667538843293,0.06758780825676114,-0.8100345095934114,0.41580144710680145,51.0,52.0,52.0,43.0,43.0,26.0,30.0,27.0,52.0,95.04,3975442432,1590759424,1555128320,9.12,8.9,9.14,25297891328,9402232832
2026-05-06T16:07:10.712219+02:00,0.20190038275283012,0.22287459902608484,0.09215192350213865,-2.9894161193177036,1.4117366690085602,-2.6329335788828145,0.8226337055297295,-0.6004416867941312,-0.3128667538843293,0.06758780825676114,-0.8100345095934114,0.41580144710680145,51.0,52.0,52.0,43.0,43.0,26.0,30.0,27.0,52.0,95.04,3975442432,1590759424,1555128320,9.12,8.9,9.14,25297891328,9402232832
2026-05-06T16:07:10.764178+02:00,0.20190038275283012,0.22287459902608484,0.09215192350213865,-2.9894161193177036,1.4117366690085602,-2.6329335788828145,0.8226337055297295,-0.6004416867941312,-0.3128667538843293,0.06758780825676114,-0.8100345095934114,0.41580144710680145,51.0,52.0,52.0,43.0,43.0,26.0,30.0,27.0,52.0,95.04,3975442432,1590759424,1555128320,9.12,8.9,9.14,25297891328,9402232832
2026-05-06T16:07:10.819168+02:00,0.20190038275283012,0.22287459902608484,0.09215192350213865,-2.9894161193177036,1.4117366690085602,-2.6329335788828145,0.8226337055297295,-0.6004416867941312,-0.3128667538843293,0.06758780825676114,-0.8100345095934114,0.41580144710680145,51.0,52.0,52.0,43.0,43.0,26.0,30.0,27.0,52.0,95.04,3975442432,1590759424,1555128320,9.12,8.9,9.14,25297891328,9402232832
2026-05-06T16:07:10.870153+02:00,0.20190038275283012,0.22287459902608484,0.09215192350213865,-2.9894161193177036,1.4117366690085602,-2.6329335788828145,0.8226337055297295,-0.6004416867941312,-0.3128667538843293,0.06758780825676114,-0.8100345095934114,0.41580144710680145,51.0,52.0,52.0,43.0,43.0,26.0,30.0,27.0,52.0,95.04,3975442432,1590759424,1555128320,9.12,8.9,9.14,25297891328,9402232832
2026-05-06T16:07:10.920787+02:00,0.20190038275283012,0.22287459902608484,0.09215192350213865,-2.9894161193177036,1.4117366690085602,-2.6329335788828145,0.8226337055297295,-0.6004416867941312,-0.3128667538843293,0.06758780825676114,-0.8100345095934114,0.41580144710680145,51.0,52.0,52.0,43.0,43.0,26.0,30.0,27.0,52.0,95.04,3975442432,1590759424,1555128320,9.12,8.9,9.14,25297891328,9402232832
2026-05-06T16:07:10.971830+02:00,0.2019924147581036,0.22296399086273255,0.09214651556764007,-2.9919314724286776,1.4132171507153446,-2.635480787588593,0.8226337055297295,-0.6004416867941312,-0.3128667538843293,0.06758780825676114,-0.8100345095934114,0.41580144710680145,51.0,52.0,52.0,43.0,43.0,26.0,30.0,27.0,52.0,95.04,3975442432,1590759424,1555128320,9.12,8.9,9.14,25297891328,9402232832
2026-05-06T16:07:11.022393+02:00,0.2019924147581036,0.22296399086273255,0.09214651556764007,-2.9919314724286776,1.4132171507153446,-2.635480787588593,0.8226337055297295,-0.5989267410034002,-0.3128667538843293,0.06758780825676114,-0.8100345095934114,0.41580144710680145,51.0,52.0,52.0,43.0,43.0,26.0,30.0,27.0,52.0,95.04,3975442432,1590759424,1555128320,9.12,8.9,9.14,25297891328,9402232832
2026-05-06T16:07:11.075061+02:00,0.2019924147581036,0.22296399086273255,0.09214651556764007,-2.9919314724286776,1.4132171507153446,-2.635480787588593,0.8226337055297295,-0.5989267410034002,-0.3128667538843293,0.06758780825676114,-0.8100345095934114,0.41580144710680145,51.0,52.0,52.0,43.0,43.0,26.0,30.0,27.0,52.0,95.04,3975442432,1590759424,1555128320,9.12,8.9,9.14,25297891328,9402232832
2026-05-06T16:07:11.125335+02:00,0.2019924147581036,0.22296399086273255,0.09214651556764007,-2.9919314724286776,1.4132171507153446,-2.635480787588593,0.8226337055297295,-0.595896849421938,-0.3128667538843293,0.06758780825676114,-0.8115684903812972,0.41580144710680145,51.0,52.0,52.0,43.0,43.0,26.0,30.0,27.0,52.0,95.04,3975442432,1590759424,1555128320,9.12,8.9,9.14,25297891328,9402232832
2026-05-06T16:07:11.176198+02:00,0.20203548518669825,0.22302990662402547,0.09352436296924592,-2.9958995257795977,1.4145751883305415,-2.6392731020682896,0.8226337055297295,-0.5913520120497447,-0.3098368623028671,0.06758780825676114,-0.8192383943207253,0.41580144710680145,51.0,52.0,52.0,43.0,43.0,26.0,30.0,27.0,52.0,95.04,3975442432,1590759424,1555128320,9.12,8.9,9.14,25297891328,9402232832
2026-05-06T16:07:11.227698+02:00,0.20203548518669825,0.22302990662402547,0.09352436296924592,-2.9958995257795977,1.4145751883305415,-2.6392731020682896,0.8226337055297295,-0.5913520120497447,-0.3098368623028671,0.06758780825676114,-0.8192383943207253,0.41580144710680145,51.0,52.0,52.0,43.0,43.0,26.0,30.0,27.0,52.0,95.04,3975442432,1590759424,1555128320,9.12,8.9,9.14,25297891328,9402232832
2026-05-06T16:07:11.283235+02:00,0.20203548518669825,0.22302990662402547,0.09352436296924592,-2.9958995257795977,1.4145751883305415,-2.6392731020682896,0.8226337055297295,-0.5822623373053585,-0.30832191651213603,0.06605382746887534,-0.8299762598359246,0.41580144710680145,51.0,52.0,52.0,43.0,43.0,26.0,30.0,27.0,52.0,95.04,3975442432,1590759424,1555128320,9.12,8.9,9.14,25297891328,9402232832
2026-05-06T16:07:11.333300+02:00,0.20203548518669825,0.22302990662402547,0.09352436296924592,-2.9958995257795977,1.4145751883305415,-2.6392731020682896,0.8226337055297295,-0.5777174999331652,-0.30680697072140495,0.06605382746887534,-0.8391801445632385,0.41580144710680145,51.0,52.0,52.0,43.0,43.0,26.0,30.0,27.0,52.0,95.18,3975442432,1591017472,1554870272,9.12,8.9,9.14,25297891328,9402245120
2026-05-06T16:07:11.386349+02:00,0.20231651506843398,0.22338062073134607,0.10011434768810587,-2.992245810793838,1.4112789254443927,-2.6333156852656865,0.8226337055297295,-0.5686278251887787,-0.3037770791399428,0.06605382746887534,-0.8483840292905525,0.41733542789468725,51.0,52.0,52.0,43.0,43.0,26.0,30.0,27.0,52.0,95.18,3975442432,1591017472,1554870272,9.12,8.9,9.14,25297891328,9402245120
2026-05-06T16:07:11.437364+02:00,0.20231651506843398,0.22338062073134607,0.10011434768810587,-2.992245810793838,1.4112789254443927,-2.6333156852656865,0.8226337055297295,-0.5640829878165855,-0.3022621333492117,0.06605382746887534,-0.8575879140178664,0.41733542789468725,51.0,52.0,52.0,43.0,43.0,26.0,30.0,27.0,52.0,95.18,3975442432,1591017472,1554870272,9.12,8.9,9.14,25297891328,9402245120
2026-05-06T16:07:11.492378+02:00,0.20231651506843398,0.22338062073134607,0.10011434768810587,-2.992245810793838,1.4112789254443927,-2.6333156852656865,0.8226337055297295,-0.5534783672814679,-0.29923224176774954,0.06605382746887534,-0.8805976258361512,0.41886940868257305,51.0,52.0,52.0,43.0,43.0,26.0,30.0,27.0,52.0,95.18,3975442432,1591017472,1554870272,9.12,8.9,9.14,25297891328,9402245120
2026-05-06T16:07:11.543274+02:00,0.20231651506843398,0.22338062073134607,0.10011434768810587,-2.992245810793838,1.4112789254443927,-2.6333156852656865,0.8226337055297295,-0.5474185841185436,-0.29771729597701846,0.06605382746887534,-0.8898015105634651,0.4219373702583442,51.0,52.0,52.0,43.0,43.0,26.0,30.0,27.0,52.0,95.18,3975442432,1591017472,1554870272,9.12,8.9,9.14,25297891328,9402245120
2026-05-06T16:07:11.595945+02:00,0.20203488239265308,0.2233769440046552,0.11102513486226906,-2.9801768590203883,1.3999113739949807,-2.6252957982060363,0.8226337055297295,-0.5322691262112328,-0.2931724586048252,0.06605382746887534,-0.9051413184423214,0.42347135104623,51.0,52.0,52.0,43.0,43.0,26.0,30.0,27.0,52.0,95.18,3975442432,1591017472,1554870272,9.12,8.9,9.14,25297891328,9402245120
2026-05-06T16:07:11.648390+02:00,0.20203488239265308,0.2233769440046552,0.11102513486226906,-2.9801768590203883,1.3999113739949807,-2.6252957982060363,0.8226337055297295,-0.5216645056761152,-0.29165751281409413,0.06605382746887534,-0.9189471455332918,0.4250053318341154,51.0,52.0,52.0,43.0,43.0,26.0,30.0,27.0,52.0,95.18,3975442432,1591017472,1554870272,9.12,8.9,9.14,25297891328,9402245120
2026-05-06T16:07:11.699129+02:00,0.20203488239265308,0.2233769440046552,0.11102513486226906,-2.9801768590203883,1.3999113739949807,-2.6252957982060363,0.8226337055297295,-0.5125748309317287,-0.28862762123263197,0.06451984668098998,-0.9312189918363774,0.4250053318341154,51.0,52.0,52.0,43.0,43.0,26.0,30.0,27.0,52.0,95.18,3975442432,1591017472,1554870272,9.12,8.9,9.14,25297891328,9402245120
2026-05-06T16:07:11.751540+02:00,0.20203488239265308,0.2233769440046552,0.11102513486226906,-2.9801768590203883,1.3999113739949807,-2.6252957982060363,0.8226337055297295,-0.5019702103966112,-0.2871126754419009,0.06298586589310418,-0.9404228765636913,0.4265393126220012,51.0,52.0,52.0,43.0,43.0,26.0,30.0,27.0,52.0,95.18,3975442432,1591017472,1554870272,9.12,8.9,9.14,25297891328,9402245120
2026-05-06T16:07:11.801613+02:00,0.2022405375027133,0.22369514144603617,0.1233369829146985,-2.987097361965849,1.4021054643692188,-2.63217898047672,0.8226337055297295,-0.4913655898614938,-0.2855977296511698,0.06298586589310418,-0.9496267612910043,0.4265393126220012,51.0,52.0,52.0,43.0,43.0,26.0,30.0,27.0,52.0,95.18,3975442432,1591017472,1554870272,9.12,8.9,9.14,25297891328,9402245120
2026-05-06T16:07:11.856615+02:00,0.2022405375027133,0.22369514144603617,0.1233369829146985,-2.987097361965849,1.4021054643692188,-2.63217898047672,0.8226337055297295,-0.48833569828003165,-0.2840827838604387,0.06145188510521837,-0.9526947228667759,0.42807329340988653,51.0,52.0,52.0,43.0,43.0,26.0,30.0,27.0,52.0,95.18,3975442432,1591017472,1554870272,9.12,8.9,9.14,25297891328,9402245120
2026-05-06T16:07:11.907008+02:00,0.2022405375027133,0.22369514144603617,0.1233369829146985,-2.987097361965849,1.4021054643692188,-2.63217898047672,0.8226337055297295,-0.48833569828003165,-0.2840827838604387,0.06145188510521837,-0.9526947228667759,0.42807329340988653,51.0,52.0,52.0,43.0,43.0,26.0,30.0,27.0,52.0,95.18,3975442432,1591017472,1554870272,9.12,8.9,9.14,25297891328,9402245120
2026-05-06T16:07:11.961765+02:00,0.2022405375027133,0.22369514144603617,0.1233369829146985,-2.987097361965849,1.4021054643692188,-2.63217898047672,0.8226337055297295,-0.47167129458198975,-0.28256783806970764,0.06145188510521837,-0.9680345307456322,0.43114125498565814,51.0,52.0,52.0,43.0,43.0,26.0,30.0,27.0,52.0,95.18,3975442432,1591017472,1554870272,9.12,8.9,9.14,25297891328,9402245120
2026-05-06T16:07:12.013599+02:00,0.2021220103346835,0.22347775430575517,0.1369336843101235,-2.9973894619932637,1.4119852684621466,-2.6445840699533396,0.8226337055297295,-0.4656115114190654,-0.28105289227897656,0.06145188510521837,-0.9711024923214038,0.43114125498565814,51.0,52.0,52.0,43.0,43.0,26.0,30.0,27.0,52.0,95.18,3975442432,1591017472,1554870272,9.12,8.9,9.14,25297891328,9402245120
2026-05-06T16:07:12.064093+02:00,0.2021220103346835,0.22347775430575517,0.1369336843101235,-2.9973894619932637,1.4119852684621466,-2.6445840699533396,0.8226337055297295,-0.4610666740468722,-0.28105289227897656,0.06145188510521837,-0.9726364731092896,0.43114125498565814,51.0,52.0,52.0,43.0,43.0,26.0,30.0,27.0,52.0,95.18,3975442432,1591017472,1554870272,9.12,8.9,9.14,25297891328,9402245120
2026-05-06T16:07:12.117078+02:00,0.2021220103346835,0.22347775430575517,0.1369336843101235,-2.9973894619932637,1.4119852684621466,-2.6445840699533396,0.8226337055297295,-0.45652183667467894,-0.28105289227897656,0.059917904317333015,-0.9787723962608319,0.43114125498565814,51.0,52.0,52.0,43.0,43.0,26.0,30.0,27.0,52.0,95.18,3975442432,1591017472,1554870272,9.12,8.9,9.14,25297891328,9402245120
2026-05-06T16:07:12.168816+02:00,0.202122851608634,0.2233803533612788,0.1413568347177399,-3.003704419540037,1.417869574326779,-2.6508863338365423,0.8226337055297295,-0.45652183667467894,-0.2795379464882455,0.05838392352944721,-0.9787723962608319,0.43114125498565814,51.0,52.0,52.0,43.0,43.0,26.0,30.0,27.0,52.0,95.18,3975442432,1591017472,1554870272,9.12,8.9,9.14,25297891328,9402245120
2026-05-06T16:07:12.220279+02:00,0.202122851608634,0.2233803533612788,0.1413568347177399,-3.003704419540037,1.417869574326779,-2.6508863338365423,0.8226337055297295,-0.45652183667467894,-0.2795379464882455,0.05838392352944721,-0.9787723962608319,0.43114125498565814,51.0,52.0,52.0,43.0,43.0,26.0,30.0,27.0,52.0,95.18,3975442432,1591017472,1554870272,9.12,8.9,9.14,25297891328,9402245120
2026-05-06T16:07:12.271086+02:00,0.202122851608634,0.2233803533612788,0.1413568347177399,-3.003704419540037,1.417869574326779,-2.6508863338365423,0.8226337055297295,-0.45652183667467894,-0.2795379464882455,0.05838392352944721,-0.9787723962608319,0.4326752357735435,51.0,52.0,52.0,43.0,43.0,26.0,30.0,27.0,52.0,94.16,3975442432,1552707584,1593163776,9.12,8.9,9.14,25297891328,9402269696
2026-05-06T16:07:12.321350+02:00,0.202122851608634,0.2233803533612788,0.1413568347177399,-3.003704419540037,1.417869574326779,-2.6508863338365423,0.8226337055297295,-0.45652183667467894,-0.2795379464882455,0.05838392352944721,-0.9787723962608319,0.43114125498565814,51.0,52.0,52.0,43.0,43.0,26.0,30.0,27.0,52.0,94.16,3975442432,1552707584,1593163776,9.12,8.9,9.14,25297891328,9402269696
2026-05-06T16:07:12.372131+02:00,0.20235055368192542,0.2234892025123224,0.14210594274791755,-3.0017300543695447,1.4196352452722583,-2.646319750798323,0.8226337055297295,-0.45652183667467894,-0.2795379464882455,0.05838392352944721,-0.9787723962608319,0.43114125498565814,51.0,52.0,52.0,43.0,43.0,26.0,30.0,27.0,52.0,94.16,3975442432,1552707584,1593163776,9.12,8.9,9.14,25297891328,9402269696
2026-05-06T16:07:12.424354+02:00,0.20235055368192542,0.2234892025123224,0.14210594274791755,-3.0017300543695447,1.4196352452722583,-2.646319750798323,0.8226337055297295,-0.45652183667467894,-0.2795379464882455,0.05838392352944721,-0.9787723962608319,0.4326752357735435,51.0,52.0,52.0,43.0,43.0,26.0,30.0,27.0,52.0,94.16,3975442432,1552707584,1593163776,9.12,8.9,9.14,25297891328,9402269696
2026-05-06T16:07:12.475958+02:00,0.20235055368192542,0.2234892025123224,0.14210594274791755,-3.0017300543695447,1.4196352452722583,-2.646319750798323,0.8226337055297295,-0.45652183667467894,-0.2795379464882455,0.05838392352944721,-0.9787723962608319,0.4326752357735435,51.0,52.0,52.0,43.0,43.0,26.0,30.0,27.0,52.0,94.16,3975442432,1552707584,1593163776,9.12,8.9,9.14,25297891328,9402269696
2026-05-06T16:07:12.530658+02:00,0.20235055368192542,0.2234892025123224,0.14210594274791755,-3.0017300543695447,1.4196352452722583,-2.646319750798323,0.8241556326374684,-0.45652183667467894,-0.2795379464882455,0.05838392352944721,-0.9787723962608319,0.4326752357735435,51.0,52.0,52.0,43.0,43.0,26.0,30.0,27.0,52.0,94.16,3975442432,1552707584,1593163776,9.12,8.9,9.14,25297891328,9402269696
2026-05-06T16:07:12.585667+02:00,0.2020101851892255,0.22379690635661265,0.14210594274791757,-3.000196073581659,1.419635245272258,-2.6447978236905842,0.8256775597452077,-0.45500689088394786,-0.2795379464882455,0.05838392352944721,-0.9787723962608319,0.43114125498565814,51.0,52.0,52.0,43.0,43.0,26.0,30.0,27.0,53.0,94.16,3975442432,1552707584,1593163776,9.12,8.9,9.14,25297891328,9402269696
2026-05-06T16:07:12.636147+02:00,0.2020101851892255,0.22379690635661265,0.14210594274791757,-3.000196073581659,1.419635245272258,-2.6447978236905842,0.8317652681761638,-0.4504620535117546,-0.2795379464882455,0.05838392352944721,-0.9803063770487177,0.43114125498565814,51.0,52.0,52.0,43.0,43.0,26.0,30.0,27.0,53.0,94.16,3975442432,1552707584,1593163776,9.12,8.9,9.14,25297891328,9402269696
2026-05-06T16:07:12.690171+02:00,0.2020101851892255,0.22379690635661265,0.14210594274791757,-3.000196073581659,1.419635245272258,-2.6447978236905842,0.842418757930337,-0.4413723787673681,-0.2795379464882455,0.06145188510521837,-0.9803063770487177,0.43114125498565814,51.0,52.0,52.0,43.0,43.0,26.0,30.0,27.0,53.0,94.16,3975442432,1552707584,1593163776,9.12,8.9,9.14,25297891328,9402269696
2026-05-06T16:07:12.743169+02:00,0.2020101851892255,0.22379690635661265,0.14210594274791757,-3.000196073581659,1.419635245272258,-2.6447978236905842,0.8454626121458153,-0.43985743297663704,-0.2795379464882455,0.06145188510521837,-0.9803063770487177,0.4326752357735435,51.0,52.0,52.0,43.0,43.0,26.0,30.0,27.0,53.0,94.16,3975442432,1552707584,1593163776,9.12,8.9,9.14,25297891328,9402269696
2026-05-06T16:07:12.795067+02:00,0.19788041278484322,0.2277400690501747,0.14668689280093408,-3.049437797405565,1.4316118071615909,-2.675715601246094,0.8545941747922496,-0.43228270402298163,-0.2795379464882455,0.06605382746887534,-0.9833743386244884,0.4326752357735435,51.0,52.0,52.0,43.0,43.0,26.0,30.0,27.0,53.0,94.16,3975442432,1552707584,1593163776,9.12,8.9,9.14,25297891328,9402269696
2026-05-06T16:07:12.850089+02:00,0.19788041278484322,0.2277400690501747,0.14668689280093408,-3.049437797405565,1.4316118071615909,-2.675715601246094,0.863725737438684,-0.42319302927859515,-0.2780230006975144,0.0691217890446465,-0.9895102617760316,0.43114125498565814,51.0,52.0,52.0,43.0,43.0,26.0,30.0,27.0,53.0,94.16,3975442432,1552707584,1593163776,9.12,8.9,9.14,25297891328,9402269696
2026-05-06T16:07:12.904066+02:00,0.19788041278484322,0.2277400690501747,0.14668689280093408,-3.049437797405565,1.4316118071615909,-2.675715601246094,0.8713353729773794,-0.4171332461156708,-0.2780230006975144,0.0706557698325323,-0.9925782233518023,0.43114125498565814,51.0,52.0,52.0,43.0,43.0,26.0,30.0,27.0,53.0,94.16,3975442432,1552707584,1593163776,9.12,8.9,9.14,25297891328,9402269696
2026-05-06T16:07:12.954621+02:00,0.19788041278484322,0.2277400690501747,0.14668689280093408,-3.049437797405565,1.4316118071615909,-2.675715601246094,0.8713353729773794,-0.4171332461156708,-0.2780230006975144,0.0706557698325323,-0.9925782233518023,0.43114125498565814,51.0,52.0,52.0,43.0,43.0,26.0,30.0,27.0,53.0,94.16,3975442432,1552707584,1593163776,9.12,8.9,9.14,25297891328,9402269696
2026-05-06T16:07:13.005764+02:00,0.18984717703151424,0.23415215305998474,0.15525419035269006,3.1317887153703623,1.443516083517989,-2.751693195808799,0.8865546440547698,-0.40501367978982217,-0.2780230006975144,0.07679169298407507,-0.9971801657154598,0.4326752357735435,51.0,52.0,52.0,43.0,43.0,26.0,30.0,27.0,53.0,94.16,3975442432,1552707584,1593163776,9.12,8.9,9.14,25297891328,9402269696
2026-05-06T16:07:13.060414+02:00,0.18984717703151424,0.23415215305998474,0.15525419035269006,3.1317887153703623,1.443516083517989,-2.751693195808799,0.8941642795934652,-0.39895389662689784,-0.2780230006975144,0.07832567377196042,-1.0002481272912305,0.4326752357735435,51.0,52.0,52.0,43.0,43.0,26.0,30.0,27.0,53.0,94.16,3975442432,1552707584,1593163776,9.12,8.9,9.14,25297891328,9402269696
2026-05-06T16:07:13.115417+02:00,0.18984717703151424,0.23415215305998474,0.15525419035269006,3.1317887153703623,1.443516083517989,-2.751693195808799,0.9200370404250289,-0.3792596013473939,-0.2780230006975144,0.08446159692350319,-1.0079180312306595,0.4326752357735435,51.0,52.0,52.0,43.0,43.0,26.0,30.0,27.0,53.0,94.16,3975442432,1552707584,1593163776,9.12,8.9,9.14,25297891328,9402269696
2026-05-06T16:07:13.167391+02:00,0.1775714745809969,0.24232748366155193,0.1657872492469673,2.9653243757476377,1.453772648605188,-2.878963286937742,0.9337343843946804,-0.36714003502154535,-0.2780230006975144,0.09059752007504551,-1.0171219159579725,0.4326752357735435,51.0,52.0,52.0,43.0,43.0,26.0,30.0,27.0,53.0,94.16,3975442432,1552707584,1593163776,9.12,8.9,9.14,25297891328,9402269696
2026-05-06T16:07:13.222264+02:00,0.1775714745809969,0.24232748366155193,0.1657872492469673,2.9653243757476377,1.453772648605188,-2.878963286937742,0.951997509687549,-0.35199057711423454,-0.2765080549067833,0.09366548165081712,-1.0247918198974015,0.4326752357735435,51.0,52.0,52.0,43.0,43.0,26.0,30.0,27.0,53.0,96.3,3975442432,1553035264,1592811520,9.12,8.9,9.14,25297891328,9402281984
2026-05-06T16:07:13.274502+02:00,0.1775714745809969,0.24232748366155193,0.1657872492469673,2.9653243757476377,1.453772648605188,-2.878963286937742,0.9672167807649399,-0.34138595657911697,-0.2765080549067833,0.09980140480235944,-1.0278597814731723,0.4326752357735435,51.0,52.0,52.0,43.0,43.0,26.0,30.0,27.0,53.0,96.3,3975442432,1553035264,1592811520,9.12,8.9,9.14,25297891328,9402281984
2026-05-06T16:07:13.329538+02:00,0.1775714745809969,0.24232748366155193,0.1657872492469673,2.9653243757476377,1.453772648605188,-2.878963286937742,0.9870018331655475,-0.3232066070903441,-0.2765080549067833,0.1059373279539022,-1.0355296854126004,0.4326752357735435,51.0,52.0,52.0,43.0,43.0,26.0,30.0,27.0,53.0,96.3,3975442432,1553035264,1592811520,9.12,8.9,9.14,25297891328,9402281984
2026-05-06T16:07:13.380514+02:00,0.1603232885692106,0.25180516625971583,0.1815689540492404,2.670802492100082,1.4630041341979023,-3.119897788443055,1.0052649584584161,-0.3065422033923022,-0.2765080549067833,0.11053927031755917,-1.0447335701399143,0.4326752357735435,51.0,52.0,52.0,43.0,43.0,26.0,30.0,27.0,53.0,96.3,3975442432,1553035264,1592811520,9.12,8.9,9.14,25297891328,9402281984
2026-05-06T16:07:13.435801+02:00,0.1603232885692106,0.25180516625971583,0.1815689540492404,2.670802492100082,1.4630041341979023,-3.119897788443055,1.0235280837512848,-0.2913927454849914,-0.27499310911605224,0.11820917425698729,-1.0508694932914566,0.4342092165614293,51.0,52.0,52.0,43.0,43.0,26.0,30.0,27.0,53.0,96.3,3975442432,1553035264,1592811520,9.12,8.9,9.14,25297891328,9402281984
2026-05-06T16:07:13.490820+02:00,0.1603232885692106,0.25180516625971583,0.1815689540492404,2.670802492100082,1.4630041341979023,-3.119897788443055,1.0402692819364145,-0.2762432875776807,-0.27499310911605224,0.11974315504487265,-1.0524034740793424,0.4342092165614293,51.0,52.0,52.0,43.0,43.0,26.0,30.0,27.0,53.0,96.3,3975442432,1553035264,1592811520,9.12,8.9,9.14,25297891328,9402281984
2026-05-06T16:07:13.543880+02:00,0.1603232885692106,0.25180516625971583,0.1815689540492404,2.670802492100082,1.4630041341979023,-3.119897788443055,1.0646201156602393,-0.25503404650744554,-0.27499310911605224,0.12741305898430122,-1.0631413395945422,0.4342092165614293,51.0,52.0,52.0,43.0,43.0,26.0,30.0,27.0,53.0,96.3,3975442432,1553035264,1592811520,9.12,8.9,9.14,25297891328,9402281984
2026-05-06T16:07:13.597124+02:00,0.14086251226641694,0.2598797692470926,0.199001580212614,2.2998706749942626,1.4624765565150872,2.8505401688468686,1.0859270951685862,-0.23685469701867257,-0.27499310911605224,0.12894703977218658,-1.0677432819581987,0.4342092165614293,51.0,52.0,52.0,43.0,43.0,26.0,30.0,27.0,53.0,96.3,3975442432,1553035264,1592811520,9.12,8.9,9.14,25297891328,9402281984
2026-05-06T16:07:13.652066+02:00,0.14086251226641694,0.2598797692470926,0.199001580212614,2.2998706749942626,1.4624765565150872,2.8505401688468686,1.1026682933537155,-0.22322018490209294,-0.27499310911605224,0.13508296292372934,-1.0738792051097419,0.4342092165614293,51.0,52.0,52.0,43.0,43.0,26.0,30.0,27.0,53.0,96.3,3975442432,1553035264,1592811520,9.12,8.9,9.14,25297891328,9402281984
2026-05-06T16:07:13.707083+02:00,0.14086251226641694,0.2598797692470926,0.199001580212614,2.2998706749942626,1.4624765565150872,2.8505401688468686,1.1133217831078892,-0.21413051015770646,-0.27499310911605224,0.1381509244995005,-1.0769471666855126,0.4342092165614293,51.0,52.0,52.0,43.0,43.0,26.0,30.0,27.0,53.0,96.3,3975442432,1553035264,1592811520,9.12,8.9,9.14,25297891328,9402281984
2026-05-06T16:07:13.758990+02:00,0.14086251226641694,0.2598797692470926,0.199001580212614,2.2998706749942626,1.4624765565150872,2.8505401688468686,1.1133217831078892,-0.21413051015770646,-0.27499310911605224,0.1381509244995005,-1.0769471666855126,0.4342092165614293,51.0,52.0,52.0,43.0,43.0,26.0,30.0,27.0,53.0,96.3,3975442432,1553035264,1592811520,9.12,8.9,9.14,25297891328,9402281984
2026-05-06T16:07:13.810360+02:00,0.1219560364609741,0.2651538840616502,0.2140895510620221,2.0237525043793783,1.4492064803042262,2.6311280359709364,1.1391945439394529,-0.18989137750600915,-0.27347816332532116,0.14275286686315747,-1.0846170706249407,0.4342092165614293,51.0,52.0,52.0,43.0,43.0,26.0,30.0,27.0,53.0,96.3,3975442432,1553035264,1592811520,9.12,8.9,9.14,25297891328,9402281984
2026-05-06T16:07:13.862385+02:00,0.1219560364609741,0.2651538840616502,0.2140895510620221,2.0237525043793783,1.4492064803042262,2.6311280359709364,1.1483261065858872,-0.1792867569708917,-0.27347816332532116,0.14582082843892863,-1.0846170706249407,0.4342092165614293,51.0,52.0,52.0,43.0,43.0,26.0,30.0,27.0,53.0,96.3,3975442432,1553035264,1592811520,9.12,8.9,9.14,25297891328,9402281984
2026-05-06T16:07:13.914055+02:00,0.1219560364609741,0.2651538840616502,0.2140895510620221,2.0237525043793783,1.4492064803042262,2.6311280359709364,1.1589795963400609,-0.16868213643577412,-0.27347816332532116,0.14888879001470023,-1.0861510514128265,0.4342092165614293,51.0,52.0,52.0,43.0,43.0,26.0,30.0,27.0,53.0,96.3,3975442432,1553035264,1592811520,9.12,8.9,9.14,25297891328,9402281984
2026-05-06T16:07:13.968376+02:00,0.1219560364609741,0.2651538840616502,0.2140895510620221,2.0237525043793783,1.4492064803042262,2.6311280359709364,1.1620234505555387,-0.16565224485431196,-0.27347816332532116,0.14888879001470023,-1.0876850322007123,0.4342092165614293,51.0,52.0,52.0,43.0,43.0,26.0,30.0,27.0,53.0,96.3,3975442432,1553035264,1592811520,9.12,8.9,9.14,25297891328,9402281984
2026-05-06T16:07:14.023978+02:00,0.1219560364609741,0.2651538840616502,0.2140895510620221,2.0237525043793783,1.4492064803042262,2.6311280359709364,1.1620234505555387,-0.16565224485431196,-0.27347816332532116,0.14888879001470023,-1.0876850322007123,0.4342092165614293,51.0,52.0,52.0,43.0,43.0,26.0,30.0,27.0,53.0,96.3,3975442432,1553035264,1592811520,9.12,8.9,9.14,25297891328,9402281984
2026-05-06T16:07:14.078989+02:00,0.10599424466225028,0.26835034234556976,0.2289293178221029,1.7301101798004181,1.4310380201663992,2.388214511646024,1.1772427216329295,-0.14898784115627006,-0.27347816332532116,0.1504227708025856,-1.0938209553522547,0.4357431973493151,51.0,52.0,52.0,43.0,43.0,26.0,30.0,27.0,53.0,96.3,3975442432,1553035264,1592811520,9.12,8.9,9.14,25297891328,9402281984
2026-05-06T16:07:14.130802+02:00,0.10599424466225028,0.26835034234556976,0.2289293178221029,1.7301101798004181,1.4310380201663992,2.388214511646024,1.1818085029561467,-0.14444300378407682,-0.27347816332532116,0.1519567515904714,-1.0938209553522547,0.4357431973493151,51.0,52.0,52.0,43.0,43.0,26.0,30.0,27.0,53.0,96.3,3975442432,1553035264,1592811520,9.12,8.9,9.14,25297891328,9402281984
2026-05-06T16:07:14.185887+02:00,0.09875422781910856,0.26874567004315364,0.23582137230477715,1.633237982330777,1.4216667221336812,2.313425008805887,1.1818085029561467,-0.14141311220261465,-0.27347816332532116,0.1534907323783572,-1.0968889169280263,0.4357431973493151,51.0,52.0,52.0,43.0,43.0,26.0,30.0,27.0,53.0,96.3,3975442432,1553035264,1592811520,9.12,8.9,9.14,25297891328,9402281984
2026-05-06T16:07:14.236038+02:00,0.09875422781910856,0.26874567004315364,0.23582137230477715,1.633237982330777,1.4216667221336812,2.313425008805887,1.1833304300638852,-0.13989816641188357,-0.27347816332532116,0.1534907323783572,-1.098422897715912,0.4357431973493151,51.0,52.0,52.0,43.0,43.0,26.0,30.0,27.0,53.0,93.02,3975442432,1552695296,1593110528,9.27,8.94,9.15,25297891328,9402290176
2026-05-06T16:07:14.291076+02:00,0.09875422781910856,0.26874567004315364,0.23582137230477715,1.633237982330777,1.4216667221336812,2.313425008805887,1.1833304300638852,-0.13989816641188357,-0.27347816332532116,0.1534907323783572,-1.098422897715912,0.4357431973493151,51.0,52.0,52.0,43.0,43.0,26.0,30.0,27.0,53.0,93.02,3975442432,1552695296,1593110528,9.27,8.94,9.15,25297891328,9402290176
2026-05-06T16:07:14.341157+02:00,0.09875422781910856,0.26874567004315364,0.23582137230477715,1.633237982330777,1.4216667221336812,2.313425008805887,1.1833304300638852,-0.13989816641188357,-0.27347816332532116,0.1534907323783572,-1.098422897715912,0.4357431973493151,51.0,52.0,52.0,43.0,43.0,26.0,30.0,27.0,53.0,93.02,3975442432,1552695296,1593110528,9.27,8.94,9.15,25297891328,9402290176
2026-05-06T16:07:14.392333+02:00,0.09795611156086165,0.26830814504665235,0.23707226182913854,1.6380358591932016,1.4201404645246067,2.319712108033107,1.1833304300638852,-0.13989816641188357,-0.27347816332532116,0.1534907323783572,-1.098422897715912,0.4357431973493151,51.0,52.0,52.0,43.0,43.0,26.0,30.0,27.0,53.0,93.02,3975442432,1552695296,1593110528,9.27,8.94,9.15,25297891328,9402290176
2026-05-06T16:07:14.443620+02:00,0.09795611156086165,0.26830814504665235,0.23707226182913854,1.6380358591932016,1.4201404645246067,2.319712108033107,1.1833304300638852,-0.13989816641188357,-0.27347816332532116,0.1534907323783572,-1.098422897715912,0.4357431973493151,51.0,52.0,52.0,43.0,43.0,26.0,30.0,27.0,53.0,93.02,3975442432,1552695296,1593110528,9.27,8.94,9.15,25297891328,9402290176
2026-05-06T16:07:14.497614+02:00,0.09795611156086165,0.26830814504665235,0.23707226182913854,1.6380358591932016,1.4201404645246067,2.319712108033107,1.1833304300638852,-0.13989816641188357,-0.27347816332532116,0.1534907323783572,-1.098422897715912,0.4357431973493151,51.0,52.0,52.0,43.0,43.0,26.0,30.0,27.0,53.0,93.02,3975442432,1552695296,1593110528,9.27,8.94,9.15,25297891328,9402290176
2026-05-06T16:07:14.547849+02:00,0.09795611156086165,0.26830814504665235,0.23707226182913854,1.6380358591932016,1.4201404645246067,2.319712108033107,1.1833304300638852,-0.13989816641188357,-0.27347816332532116,0.1534907323783572,-1.098422897715912,0.4357431973493151,51.0,52.0,52.0,43.0,43.0,26.0,30.0,27.0,53.0,93.02,3975442432,1552695296,1593110528,9.27,8.94,9.15,25297891328,9402290176
2026-05-06T16:07:14.599027+02:00,0.09795611156086165,0.26830814504665235,0.23707226182913854,1.6380358591932016,1.4201404645246067,2.319712108033107,1.1833304300638852,-0.13989816641188357,-0.27347816332532116,0.1534907323783572,-1.098422897715912,0.4357431973493151,51.0,52.0,51.0,43.0,43.0,26.0,30.0,27.0,53.0,93.02,3975442432,1552695296,1593110528,9.27,8.94,9.15,25297891328,9402290176
2026-05-06T16:07:14.650052+02:00,0.09795611156086165,0.26830814504665235,0.23707226182913854,1.6380358591932016,1.4201404645246067,2.319712108033107,1.1833304300638852,-0.13989816641188357,-0.27347816332532116,0.1534907323783572,-1.098422897715912,0.4357431973493151,51.0,52.0,51.0,43.0,43.0,26.0,30.0,27.0,53.0,93.02,3975442432,1552695296,1593110528,9.27,8.94,9.15,25297891328,9402290176
2026-05-06T16:07:14.703115+02:00,0.09795611156086165,0.26830814504665235,0.23707226182913854,1.6380358591932016,1.4201404645246067,2.319712108033107,1.1833304300638852,-0.13989816641188357,-0.27347816332532116,0.1534907323783572,-1.098422897715912,0.4357431973493151,51.0,52.0,51.0,43.0,43.0,26.0,30.0,27.0,53.0,93.02,3975442432,1552695296,1593110528,9.27,8.94,9.15,25297891328,9402290176
2026-05-06T16:07:14.758116+02:00,0.09795611156086165,0.26830814504665235,0.23707226182913854,1.6380358591932016,1.4201404645246067,2.319712108033107,1.1833304300638852,-0.13989816641188357,-0.27347816332532116,0.1534907323783572,-1.098422897715912,0.4357431973493151,51.0,52.0,51.0,43.0,43.0,26.0,30.0,27.0,53.0,93.02,3975442432,1552695296,1593110528,9.27,8.94,9.15,25297891328,9402290176
2026-05-06T16:07:14.809380+02:00,0.09795611156086165,0.26830814504665235,0.23707226182913854,1.6380358591932016,1.4201404645246067,2.319712108033107,1.1833304300638852,-0.13989816641188357,-0.27347816332532116,0.1534907323783572,-1.098422897715912,0.4357431973493151,51.0,52.0,51.0,43.0,43.0,26.0,30.0,27.0,53.0,93.02,3975442432,1552695296,1593110528,9.27,8.94,9.15,25297891328,9402290176
2026-05-06T16:07:14.860293+02:00,0.09795611156086165,0.26830814504665235,0.23707226182913854,1.6380358591932016,1.4201404645246067,2.319712108033107,1.1833304300638852,-0.13989816641188357,-0.27347816332532116,0.1534907323783572,-1.098422897715912,0.4357431973493151,51.0,52.0,51.0,43.0,43.0,26.0,30.0,27.0,53.0,93.02,3975442432,1552695296,1593110528,9.27,8.94,9.15,25297891328,9402290176
2026-05-06T16:07:14.913546+02:00,0.09795611156086165,0.26830814504665235,0.23707226182913854,1.6380358591932016,1.4201404645246067,2.319712108033107,1.1833304300638852,-0.13989816641188357,-0.27347816332532116,0.1534907323783572,-1.098422897715912,0.4357431973493151,51.0,52.0,51.0,43.0,43.0,26.0,30.0,27.0,53.0,93.02,3975442432,1552695296,1593110528,9.27,8.94,9.15,25297891328,9402290176
2026-05-06T16:07:14.968119+02:00,0.09795611156086165,0.26830814504665235,0.23707226182913854,1.6380358591932016,1.4201404645246067,2.319712108033107,1.1833304300638852,-0.13989816641188357,-0.27347816332532116,0.1534907323783572,-1.098422897715912,0.4357431973493151,51.0,52.0,51.0,43.0,43.0,26.0,30.0,27.0,53.0,93.02,3975442432,1552695296,1593110528,9.27,8.94,9.15,25297891328,9402290176
2026-05-06T16:07:15.019912+02:00,0.09795611156086165,0.26830814504665235,0.23707226182913854,1.6380358591932016,1.4201404645246067,2.319712108033107,1.1833304300638852,-0.13989816641188357,-0.27347816332532116,0.1534907323783572,-1.098422897715912,0.4357431973493151,51.0,52.0,51.0,43.0,43.0,26.0,30.0,27.0,53.0,93.02,3975442432,1552695296,1593110528,9.27,8.94,9.15,25297891328,9402290176
2026-05-06T16:07:15.070278+02:00,0.09795611156086165,0.26830814504665235,0.23707226182913854,1.6380358591932016,1.4201404645246067,2.319712108033107,1.1833304300638852,-0.13989816641188357,-0.27347816332532116,0.1534907323783572,-1.098422897715912,0.4357431973493151,51.0,52.0,51.0,43.0,43.0,26.0,30.0,27.0,53.0,93.02,3975442432,1552695296,1593110528,9.27,8.94,9.15,25297891328,9402290176
2026-05-06T16:07:15.125648+02:00,0.09795611156086165,0.26830814504665235,0.23707226182913854,1.6380358591932016,1.4201404645246067,2.319712108033107,1.1833304300638852,-0.13989816641188357,-0.27347816332532116,0.1534907323783572,-1.098422897715912,0.4357431973493151,51.0,52.0,51.0,43.0,43.0,26.0,30.0,27.0,53.0,93.02,3975442432,1552695296,1593110528,9.27,8.94,9.15,25297891328,9402290176
2026-05-06T16:07:15.178465+02:00,0.09795611156086165,0.26830814504665235,0.23707226182913854,1.6380358591932016,1.4201404645246067,2.319712108033107,1.1833304300638852,-0.13989816641188357,-0.27347816332532116,0.1534907323783572,-1.098422897715912,0.4357431973493151,51.0,52.0,51.0,43.0,43.0,26.0,30.0,27.0,53.0,93.02,3975442432,1552695296,1593110528,9.27,8.94,9.15,25297891328,9402290176
2026-05-06T16:07:15.230313+02:00,0.09795611156086165,0.26830814504665235,0.23707226182913854,1.6380358591932016,1.4201404645246067,2.319712108033107,1.1833304300638852,-0.13989816641188357,-0.27347816332532116,0.1534907323783572,-1.098422897715912,0.4357431973493151,51.0,52.0,51.0,43.0,43.0,26.0,30.0,27.0,53.0,93.02,3975442432,1552695296,1593110528,9.27,8.94,9.15,25297891328,9402290176
2026-05-06T16:07:15.282306+02:00,0.09795611156086165,0.26830814504665235,0.23707226182913854,1.6380358591932016,1.4201404645246067,2.319712108033107,1.1833304300638852,-0.13989816641188357,-0.27347816332532116,0.1534907323783572,-1.098422897715912,0.4357431973493151,51.0,52.0,51.0,43.0,43.0,26.0,30.0,27.0,53.0,95.38,3975442432,1552998400,1592823808,9.27,8.94,9.15,25297891328,9402290176
2026-05-06T16:07:15.333325+02:00,0.09795611156086165,0.26830814504665235,0.23707226182913854,1.6380358591932016,1.4201404645246067,2.319712108033107,1.1833304300638852,-0.13989816641188357,-0.27347816332532116,0.1534907323783572,-1.098422897715912,0.4357431973493151,51.0,52.0,51.0,43.0,43.0,26.0,30.0,27.0,53.0,95.38,3975442432,1552998400,1592823808,9.27,8.94,9.15,25297891328,9402290176
2026-05-06T16:07:15.386436+02:00,0.09795611156086165,0.26830814504665235,0.23707226182913854,1.6380358591932016,1.4201404645246067,2.319712108033107,1.1833304300638852,-0.13989816641188357,-0.27347816332532116,0.1534907323783572,-1.098422897715912,0.4357431973493151,51.0,52.0,51.0,43.0,43.0,26.0,30.0,27.0,53.0,95.38,3975442432,1552998400,1592823808,9.27,8.94,9.15,25297891328,9402290176
2026-05-06T16:07:15.437081+02:00,0.09795611156086165,0.26830814504665235,0.23707226182913854,1.6380358591932016,1.4201404645246067,2.319712108033107,1.1833304300638852,-0.13989816641188357,-0.27347816332532116,0.1534907323783572,-1.098422897715912,0.4357431973493151,51.0,52.0,51.0,43.0,43.0,26.0,30.0,27.0,53.0,95.38,3975442432,1552998400,1592823808,9.27,8.94,9.15,25297891328,9402290176
2026-05-06T16:07:15.489017+02:00,0.09795611156086165,0.26830814504665235,0.23707226182913854,1.6380358591932016,1.4201404645246067,2.319712108033107,1.1833304300638852,-0.13989816641188357,-0.27347816332532116,0.1534907323783572,-1.098422897715912,0.4357431973493151,51.0,52.0,51.0,43.0,43.0,26.0,30.0,27.0,53.0,95.38,3975442432,1552998400,1592823808,9.27,8.94,9.15,25297891328,9402290176
2026-05-06T16:07:15.540701+02:00,0.09795611156086165,0.26830814504665235,0.23707226182913854,1.6380358591932016,1.4201404645246067,2.319712108033107,1.1833304300638852,-0.13989816641188357,-0.27347816332532116,0.1534907323783572,-1.098422897715912,0.4357431973493151,51.0,52.0,51.0,43.0,43.0,26.0,30.0,27.0,53.0,95.38,3975442432,1552998400,1592823808,9.27,8.94,9.15,25297891328,9402290176
2026-05-06T16:07:15.591600+02:00,0.09764334077907107,0.26841096531581643,0.23705732781577693,1.6340658360992575,1.4214137800272062,2.3179248072435077,1.1863742842793639,-0.1383832206211525,-0.2780230006975144,0.1519567515904714,-1.098422897715912,0.4357431973493151,51.0,52.0,51.0,43.0,43.0,26.0,30.0,27.0,53.0,95.38,3975442432,1552998400,1592823808,9.27,8.94,9.15,25297891328,9402290176
2026-05-06T16:07:15.642585+02:00,0.09764334077907107,0.26841096531581643,0.23705732781577693,1.6340658360992575,1.4214137800272062,2.3179248072435077,1.1878962113871023,-0.1368682748304214,-0.2795379464882455,0.1519567515904714,-1.098422897715912,0.4357431973493151,51.0,52.0,51.0,43.0,43.0,26.0,30.0,27.0,53.0,95.38,3975442432,1552998400,1592823808,9.27,8.94,9.15,25297891328,9402290176
2026-05-06T16:07:15.697644+02:00,0.09764334077907107,0.26841096531581643,0.23705732781577693,1.6340658360992575,1.4214137800272062,2.3179248072435077,1.1924619927103195,-0.13232343745822828,-0.2840827838604387,0.1504227708025856,-1.0999568785037979,0.4357431973493151,51.0,52.0,51.0,43.0,43.0,26.0,30.0,27.0,53.0,95.38,3975442432,1552998400,1592823808,9.27,8.94,9.15,25297891328,9402290176
2026-05-06T16:07:15.748606+02:00,0.09332450193749901,0.2663956491249979,0.23675393155854893,1.6645144590980605,1.4262893081638068,2.3618782631372572,1.2046374095722325,-0.12323376271384179,-0.2962023501862874,0.14888879001470023,-1.1030248400795686,0.4357431973493151,51.0,52.0,51.0,43.0,43.0,26.0,30.0,27.0,53.0,95.38,3975442432,1552998400,1592823808,9.27,8.94,9.15,25297891328,9402290176
2026-05-06T16:07:15.801517+02:00,0.09332450193749901,0.2663956491249979,0.23675393155854893,1.6645144590980605,1.4262893081638068,2.3618782631372572,1.2046374095722325,-0.12323376271384179,-0.2962023501862874,0.14888879001470023,-1.1030248400795686,0.4357431973493151,51.0,52.0,51.0,43.0,43.0,26.0,30.0,27.0,53.0,95.38,3975442432,1552998400,1592823808,9.27,8.94,9.15,25297891328,9402290176
2026-05-06T16:07:15.852501+02:00,0.09332450193749901,0.2663956491249979,0.23675393155854893,1.6645144590980605,1.4262893081638068,2.3618782631372572,1.2122470451109275,-0.11565903376018638,-0.30529202493067387,0.14582082843892863,-1.107626782443226,0.4357431973493151,51.0,52.0,51.0,43.0,43.0,26.0,30.0,27.0,53.0,95.38,3975442432,1552998400,1592823808,9.27,8.94,9.15,25297891328,9402290176
2026-05-06T16:07:15.902991+02:00,0.09332450193749901,0.2663956491249979,0.23675393155854893,1.6645144590980605,1.4262893081638068,2.3618782631372572,1.2229005348651012,-0.10656935901579989,-0.3174115912565225,0.14121888607527167,-1.1091607632311118,0.4357431973493151,51.0,52.0,51.0,43.0,43.0,26.0,30.0,27.0,53.0,95.38,3975442432,1552998400,1592823808,9.27,8.94,9.15,25297891328,9402290176
2026-05-06T16:07:15.957391+02:00,0.08565888544954137,0.262791933729864,0.2358709273776519,1.739534185134082,1.4373088779257364,2.4631413326422296,1.2289882432960568,-0.10050957585287557,-0.32347137441944684,0.13508296292372934,-1.1152966863826541,0.4357431973493151,51.0,52.0,51.0,43.0,43.0,26.0,30.0,27.0,53.0,95.38,3975442432,1552998400,1592823808,9.27,8.94,9.15,25297891328,9402290176
2026-05-06T16:07:16.007855+02:00,0.08565888544954137,0.262791933729864,0.2358709273776519,1.739534185134082,1.4373088779257364,2.4631413326422296,1.233554024619274,-0.0974796842714134,-0.326501266000909,0.13508296292372934,-1.1183646479584248,0.4357431973493151,51.0,52.0,51.0,43.0,43.0,26.0,30.0,27.0,53.0,95.38,3975442432,1552998400,1592823808,9.27,8.94,9.15,25297891328,9402290176
2026-05-06T16:07:16.058134+02:00,0.08565888544954137,0.262791933729864,0.2358709273776519,1.739534185134082,1.4373088779257364,2.4631413326422296,1.2472513685889255,-0.08536011794556486,-0.3431656696989508,0.12894703977218658,-1.124500571109968,0.4357431973493151,51.0,52.0,51.0,43.0,43.0,26.0,30.0,27.0,53.0,95.38,3975442432,1552998400,1592823808,9.27,8.94,9.15,25297891328,9402290176
2026-05-06T16:07:16.108541+02:00,0.08565888544954137,0.262791933729864,0.2358709273776519,1.739534185134082,1.4373088779257364,2.4631413326422296,1.2472513685889255,-0.08536011794556486,-0.3431656696989508,0.12894703977218658,-1.124500571109968,0.4357431973493151,51.0,52.0,51.0,43.0,43.0,26.0,30.0,27.0,53.0,95.38,3975442432,1552998400,1592823808,9.27,8.94,9.15,25297891328,9402290176
2026-05-06T16:07:16.160003+02:00,0.07029847228098952,0.2541469551699478,0.23417781910646124,1.9948281016897742,1.4621461649776497,2.77712367272006,1.2776899107437072,-0.059606039503136476,-0.3764944770950345,0.11360723189333033,-1.14137435977671,0.4357431973493151,51.0,52.0,51.0,43.0,43.0,26.0,30.0,27.0,53.0,95.38,3975442432,1552998400,1592823808,9.27,8.94,9.15,25297891328,9402290176
2026-05-06T16:07:16.214128+02:00,0.07029847228098952,0.2541469551699478,0.23417781910646124,1.9948281016897742,1.4621461649776497,2.77712367272006,1.2868214733901415,-0.05203131054948107,-0.38709909763015204,0.10900528952967337,-1.1459763021403666,0.4357431973493151,51.0,52.0,51.0,43.0,43.0,26.0,30.0,27.0,53.0,95.38,3975442432,1552998400,1592823808,9.27,8.94,9.15,25297891328,9402290176
2026-05-06T16:07:16.269884+02:00,0.07029847228098952,0.2541469551699478,0.23417781910646124,1.9948281016897742,1.4621461649776497,2.77712367272006,1.3142161613294445,-0.029307123688514958,-0.4158830676540425,0.09980140480235944,-1.1582481484434521,0.4357431973493151,51.0,52.0,51.0,43.0,43.0,26.0,30.0,27.0,53.0,92.21,3975442432,1552912384,1592856576,9.27,8.94,9.15,25297891328,9402302464
2026-05-06T16:07:16.324406+02:00,0.07029847228098952,0.2541469551699478,0.23417781910646124,1.9948281016897742,1.4621461649776497,2.77712367272006,1.3203038697604002,-0.023247340525590632,-0.4234577966076979,0.09366548165081712,-1.1643840715949945,0.4357431973493151,51.0,52.0,51.0,43.0,43.0,26.0,30.0,27.0,53.0,92.21,3975442432,1552912384,1592856576,9.27,8.94,9.15,25297891328,9402302464
2026-05-06T16:07:16.377185+02:00,0.055164604507384724,0.24305473382711482,0.23153573994380197,2.4670450019782098,1.4764966713109369,-2.9703641850103897,1.3385669950532688,-0.005067991036817654,-0.44315209188720195,0.08599557771138855,-1.1751219371101942,0.4357431973493151,51.0,52.0,51.0,43.0,43.0,26.0,30.0,27.0,53.0,92.21,3975442432,1552912384,1592856576,9.27,8.94,9.15,25297891328,9402302464
2026-05-06T16:07:16.429086+02:00,0.055164604507384724,0.24305473382711482,0.23153573994380197,2.4670450019782098,1.4764966713109369,-2.9703641850103897,1.355308193238399,0.010081466870493161,-0.4613314413759748,0.07832567377196042,-1.185859802625393,0.4357431973493151,51.0,52.0,51.0,43.0,43.0,26.0,30.0,27.0,53.0,92.21,3975442432,1552912384,1592856576,9.27,8.94,9.15,25297891328,9402302464
2026-05-06T16:07:16.480402+02:00,0.055164604507384724,0.24305473382711482,0.23153573994380197,2.4670450019782098,1.4764966713109369,-2.9703641850103897,1.3766151727467455,0.02977576214999711,-0.48405562823694104,0.06605382746887534,-1.195063687352707,0.4357431973493151,51.0,52.0,51.0,43.0,43.0,26.0,30.0,27.0,53.0,92.21,3975442432,1552912384,1592856576,9.27,8.94,9.15,25297891328,9402302464
2026-05-06T16:07:16.535462+02:00,0.055164604507384724,0.24305473382711482,0.23153573994380197,2.4670450019782098,1.4764966713109369,-2.9703641850103897,1.3887905896086576,0.04189532847584576,-0.49769014035352077,0.06145188510521837,-1.1981316489284786,0.4357431973493151,51.0,52.0,51.0,43.0,43.0,26.0,30.0,27.0,53.0,92.21,3975442432,1552912384,1592856576,9.27,8.94,9.15,25297891328,9402302464
2026-05-06T16:07:16.588757+02:00,0.0372296598775474,0.22743740977642374,0.22979428089861167,2.9945157514362255,1.470436137138427,-2.360383530394626,1.4040098606860485,0.055529840592425495,-0.5143545440515626,0.05684994274156141,-1.2088695144436783,0.4357431973493151,51.0,52.0,51.0,43.0,43.0,26.0,30.0,27.0,53.0,92.21,3975442432,1552912384,1592856576,9.27,8.94,9.15,25297891328,9402302464
2026-05-06T16:07:16.642514+02:00,0.0372296598775474,0.22743740977642374,0.22979428089861167,2.9945157514362255,1.470436137138427,-2.360383530394626,1.4344484028408293,0.08431381061631593,-0.5476833514476463,0.043044115650590964,-1.2165394183831064,0.4357431973493151,51.0,52.0,52.0,43.0,43.0,26.0,30.0,27.0,53.0,92.21,3975442432,1552912384,1592856576,9.27,8.94,9.15,25297891328,9402302464
2026-05-06T16:07:16.693501+02:00,0.0372296598775474,0.22743740977642374,0.22979428089861167,2.9945157514362255,1.470436137138427,-2.360383530394626,1.4481457468104808,0.09643337694216458,-0.562832809354957,0.0369081924990482,-1.2257433031104203,0.43727717813720046,51.0,52.0,52.0,43.0,43.0,26.0,30.0,27.0,53.0,92.21,3975442432,1552912384,1592856576,9.27,8.94,9.15,25297891328,9402302464
2026-05-06T16:07:16.748516+02:00,0.0372296598775474,0.22743740977642374,0.22979428089861167,2.9945157514362255,1.470436137138427,-2.360383530394626,1.4664088721033495,0.11309778064020642,-0.5825271046344611,0.032306250135391235,-1.2364811686256192,0.43727717813720046,51.0,52.0,52.0,43.0,43.0,26.0,30.0,27.0,53.0,92.21,3975442432,1552912384,1592856576,9.27,8.94,9.15,25297891328,9402302464
2026-05-06T16:07:16.803534+02:00,0.022136122840457167,0.21097931828565844,0.22704483642740048,-2.938914776030399,1.439575085548376,-1.9337133906363433,1.4861939245039575,0.13127713012897935,-0.6037363457046961,0.026170326983848913,-1.2395491302013908,0.43727717813720046,51.0,52.0,52.0,43.0,43.0,26.0,30.0,27.0,53.0,92.21,3975442432,1552912384,1592856576,9.27,8.94,9.15,25297891328,9402302464
2026-05-06T16:07:16.855783+02:00,0.022136122840457167,0.21097931828565844,0.22704483642740048,-2.938914776030399,1.439575085548376,-1.9337133906363433,1.4938035600426525,0.13885185908263475,-0.6128260204490826,0.023102365408077308,-1.2410831109892766,0.43727717813720046,51.0,52.0,52.0,43.0,43.0,26.0,30.0,27.0,53.0,92.21,3975442432,1552912384,1592856576,9.27,8.94,9.15,25297891328,9402302464
2026-05-06T16:07:16.908168+02:00,0.022136122840457167,0.21097931828565844,0.22704483642740048,-2.938914776030399,1.439575085548376,-1.9337133906363433,1.5120666853355211,0.1555162627806766,-0.6325203157285867,0.013898480680763825,-1.254888938080247,0.43727717813720046,51.0,52.0,52.0,43.0,43.0,26.0,30.0,27.0,53.0,92.21,3975442432,1552912384,1592856576,9.27,8.94,9.15,25297891328,9402302464
2026-05-06T16:07:16.959680+02:00,0.01020443932831965,0.19748758508930891,0.22384586567408463,-2.8114069660737657,1.4164292830478,-1.7438482559168795,1.5303298106283898,0.17218066647871844,-0.6537295567988217,0.01083051910499222,-1.264092822807561,0.43727717813720046,51.0,52.0,52.0,43.0,43.0,26.0,30.0,27.0,53.0,92.21,3975442432,1552912384,1592856576,9.27,8.94,9.15,25297891328,9402302464
2026-05-06T16:07:17.011045+02:00,0.01020443932831965,0.19748758508930891,0.22384586567408463,-2.8114069660737657,1.4164292830478,-1.7438482559168795,1.5394613732748241,0.18127034122310492,-0.6628192315432082,0.004694595953449898,-1.2671607843833326,0.43727717813720046,51.0,52.0,52.0,43.0,43.0,26.0,30.0,27.0,53.0,92.21,3975442432,1552912384,1592856576,9.27,8.94,9.15,25297891328,9402302464
2026-05-06T16:07:17.062180+02:00,0.01020443932831965,0.19748758508930891,0.22384586567408463,-2.8114069660737657,1.4164292830478,-1.7438482559168795,1.5501148630289978,0.19187496175822244,-0.6764537436597879,0.0031606151655640957,-1.2686947651712184,0.43727717813720046,51.0,52.0,52.0,43.0,43.0,26.0,30.0,27.0,53.0,92.21,3975442432,1552912384,1592856576,9.27,8.94,9.15,25297891328,9402302464
2026-05-06T16:07:17.114022+02:00,0.01020443932831965,0.19748758508930891,0.22384586567408463,-2.8114069660737657,1.4164292830478,-1.7438482559168795,1.5501148630289978,0.19187496175822244,-0.6764537436597879,0.0016266343776782932,-1.271762726746989,0.43727717813720046,51.0,52.0,52.0,43.0,43.0,26.0,30.0,27.0,53.0,92.21,3975442432,1552912384,1592856576,9.27,8.94,9.15,25297891328,9402302464
2026-05-06T16:07:17.164129+02:00,0.01020443932831965,0.19748758508930891,0.22384586567408463,-2.8114069660737657,1.4164292830478,-1.7438482559168795,1.5501148630289978,0.19187496175822244,-0.6764537436597879,0.0016266343776782932,-1.271762726746989,0.43727717813720046,51.0,52.0,52.0,43.0,43.0,26.0,30.0,27.0,53.0,92.21,3975442432,1552912384,1592856576,9.27,8.94,9.15,25297891328,9402302464
2026-05-06T16:07:17.218227+02:00,0.0037311590095799583,0.1864245827932468,0.2213413140953282,-2.7121174640098134,1.3852450810146237,-1.5999036058014566,1.5683779883218665,0.2145991486191886,-0.697662984730023,-0.004509288773864029,-1.2763646691106465,0.43727717813720046,51.0,52.0,52.0,43.0,43.0,26.0,30.0,27.0,53.0,92.21,3975442432,1552912384,1592856576,9.27,8.94,9.15,25297891328,9402302464
2026-05-06T16:07:17.268444+02:00,0.0037311590095799583,0.1864245827932468,0.2213413140953282,-2.7121174640098134,1.3852450810146237,-1.5999036058014566,1.5698999154296058,0.21914398599138185,-0.699177930520754,-0.004509288773864029,-1.2763646691106465,0.43727717813720046,51.0,52.0,52.0,43.0,43.0,26.0,30.0,27.0,53.0,92.21,3975442432,1552912384,1592856576,9.27,8.94,9.15,25297891328,9402302464
2026-05-06T16:07:17.319154+02:00,0.0037311590095799583,0.1864245827932468,0.2213413140953282,-2.7121174640098134,1.3852450810146237,-1.5999036058014566,1.5698999154296058,0.21914398599138185,-0.699177930520754,-0.006043269561749831,-1.2794326306864172,0.43727717813720046,51.0,52.0,52.0,43.0,43.0,26.0,30.0,27.0,53.0,97.74,3975442432,1563500544,1582256128,9.27,8.94,9.15,25297891328,9402302464
2026-05-06T16:07:17.369970+02:00,0.0006274394811802166,0.18059943406111062,0.2214677242784098,-2.6757441747327033,1.3820433780685328,-1.5408377591209732,1.5805534051837786,0.23277849810796158,-0.7128124426373338,-0.009111231137520992,-1.2825005922621888,0.43727717813720046,51.0,52.0,52.0,43.0,43.0,26.0,30.0,27.0,53.0,97.74,3975442432,1563500544,1582256128,9.27,8.94,9.15,25297891328,9402302464
2026-05-06T16:07:17.422753+02:00,0.0006274394811802166,0.18059943406111062,0.2214677242784098,-2.6757441747327033,1.3820433780685328,-1.5408377591209732,1.5851191865069958,0.23580838968942375,-0.715842334218796,-0.010645211925406795,-1.2825005922621888,0.43727717813720046,51.0,52.0,52.0,43.0,43.0,26.0,30.0,27.0,53.0,97.74,3975442432,1563500544,1582256128,9.27,8.94,9.15,25297891328,9402302464
2026-05-06T16:07:17.475983+02:00,0.0006274394811802166,0.18059943406111062,0.2214677242784098,-2.6757441747327033,1.3820433780685328,-1.5408377591209732,1.5851191865069958,0.23732333548015483,-0.715842334218796,-0.010645211925406795,-1.2825005922621888,0.43727717813720046,51.0,52.0,52.0,43.0,43.0,26.0,30.0,27.0,53.0,97.74,3975442432,1563500544,1582256128,9.27,8.94,9.15,25297891328,9402302464
2026-05-06T16:07:17.531003+02:00,0.0006274394811802166,0.18059943406111062,0.2214677242784098,-2.6757441747327033,1.3820433780685328,-1.5408377591209732,1.5866411136147351,0.23883828127088585,-0.7188722258002581,-0.012179192713292153,-1.2840345730500746,0.43727717813720046,51.0,52.0,52.0,43.0,43.0,26.0,30.0,27.0,53.0,97.74,3975442432,1563500544,1582256128,9.27,8.94,9.15,25297891328,9402302464
2026-05-06T16:07:17.585802+02:00,-0.0018474616576406604,0.1759183288518236,0.2207446278580978,-2.648138319764434,1.377195903103462,-1.494197063105451,1.5866411136147351,0.23883828127088585,-0.7188722258002581,-0.012179192713292153,-1.2840345730500746,0.43727717813720046,51.0,52.0,52.0,43.0,43.0,26.0,30.0,27.0,53.0,97.74,3975442432,1563500544,1582256128,9.27,8.94,9.15,25297891328,9402302464
2026-05-06T16:07:17.640079+02:00,-0.0018474616576406604,0.1759183288518236,0.2207446278580978,-2.648138319764434,1.377195903103462,-1.494197063105451,1.5866411136147351,0.23883828127088585,-0.7188722258002581,-0.012179192713292153,-1.2840345730500746,0.43727717813720046,51.0,52.0,52.0,43.0,43.0,26.0,30.0,27.0,53.0,97.74,3975442432,1563500544,1582256128,9.27,8.94,9.15,25297891328,9402302464
2026-05-06T16:07:17.691000+02:00,-0.0018474616576406604,0.1759183288518236,0.2207446278580978,-2.648138319764434,1.377195903103462,-1.494197063105451,1.5866411136147351,0.23883828127088585,-0.7188722258002581,-0.012179192713292153,-1.2840345730500746,0.43727717813720046,51.0,52.0,52.0,43.0,43.0,26.0,30.0,27.0,53.0,97.74,3975442432,1563500544,1582256128,9.27,8.94,9.15,25297891328,9402302464
2026-05-06T16:07:17.745993+02:00,-0.0018474616576406604,0.1759183288518236,0.2207446278580978,-2.648138319764434,1.377195903103462,-1.494197063105451,1.5866411136147351,0.23883828127088585,-0.7188722258002581,-0.012179192713292153,-1.2840345730500746,0.43727717813720046,51.0,52.0,52.0,43.0,43.0,26.0,30.0,27.0,53.0,97.74,3975442432,1563500544,1582256128,9.27,8.94,9.15,25297891328,9402302464
2026-05-06T16:07:17.796091+02:00,-0.0018474616576406604,0.1759183288518236,0.2207446278580978,-2.648138319764434,1.377195903103462,-1.494197063105451,1.5866411136147351,0.23883828127088585,-0.7188722258002581,-0.012179192713292153,-1.2840345730500746,0.43727717813720046,51.0,52.0,52.0,43.0,43.0,26.0,30.0,27.0,53.0,97.74,3975442432,1563500544,1582256128,9.27,8.94,9.15,25297891328,9402302464
2026-05-06T16:07:17.851113+02:00,-0.0018474616576406604,0.1759183288518236,0.2207446278580978,-2.648138319764434,1.377195903103462,-1.494197063105451,1.5866411136147351,0.23883828127088585,-0.7188722258002581,-0.012179192713292153,-1.2840345730500746,0.43727717813720046,51.0,52.0,52.0,43.0,43.0,26.0,30.0,27.0,53.0,97.74,3975442432,1563500544,1582256128,9.27,8.94,9.15,25297891328,9402302464
2026-05-06T16:07:17.901962+02:00,-0.0018474616576406604,0.1759183288518236,0.2207446278580978,-2.648138319764434,1.377195903103462,-1.494197063105451,1.5866411136147351,0.23883828127088585,-0.7188722258002581,-0.012179192713292153,-1.2825005922621888,0.43727717813720046,51.0,52.0,52.0,43.0,43.0,26.0,30.0,27.0,53.0,97.74,3975442432,1563500544,1582256128,9.27,8.94,9.15,25297891328,9402302464
2026-05-06T16:07:17.957201+02:00,-0.0018500958600329684,0.17604628581263387,0.22073413436642855,-2.6476954842129494,1.3787274449340976,-1.4937458646949777,1.5866411136147351,0.23883828127088585,-0.7188722258002581,-0.012179192713292153,-1.2840345730500746,0.43727717813720046,51.0,52.0,52.0,43.0,43.0,26.0,30.0,27.0,53.0,97.74,3975442432,1563500544,1582256128,9.27,8.94,9.15,25297891328,9402302464
2026-05-06T16:07:18.009085+02:00,-0.0018500958600329684,0.17604628581263387,0.22073413436642855,-2.6476954842129494,1.3787274449340976,-1.4937458646949777,1.5866411136147351,0.23883828127088585,-0.7188722258002581,-0.012179192713292153,-1.2840345730500746,0.43727717813720046,51.0,52.0,52.0,43.0,43.0,26.0,30.0,27.0,53.0,97.74,3975442432,1563500544,1582256128,9.27,8.94,9.15,25297891328,9402302464
2026-05-06T16:07:18.059313+02:00,-0.0018500958600329684,0.17604628581263387,0.22073413436642855,-2.6476954842129494,1.3787274449340976,-1.4937458646949777,1.5866411136147351,0.23883828127088585,-0.7188722258002581,-0.012179192713292153,-1.2840345730500746,0.43727717813720046,51.0,52.0,52.0,43.0,43.0,26.0,30.0,27.0,53.0,97.74,3975442432,1563500544,1582256128,9.27,8.94,9.15,25297891328,9402302464
2026-05-06T16:07:18.111772+02:00,-0.0018500958600329684,0.17604628581263387,0.22073413436642855,-2.6476954842129494,1.3787274449340976,-1.4937458646949777,1.5866411136147351,0.23883828127088585,-0.7188722258002581,-0.012179192713292153,-1.2840345730500746,0.43727717813720046,51.0,52.0,52.0,43.0,43.0,26.0,30.0,27.0,53.0,97.74,3975442432,1563500544,1582256128,9.27,8.94,9.15,25297891328,9402302464
2026-05-06T16:07:18.161958+02:00,-0.0018500958600329684,0.17604628581263387,0.22073413436642855,-2.6476954842129494,1.3787274449340976,-1.4937458646949777,1.5866411136147351,0.23883828127088585,-0.7188722258002581,-0.012179192713292153,-1.2840345730500746,0.43727717813720046,51.0,52.0,52.0,43.0,43.0,26.0,30.0,27.0,53.0,97.74,3975442432,1563500544,1582256128,9.27,8.94,9.15,25297891328,9402302464
2026-05-06T16:07:18.213972+02:00,-0.0018500958600329684,0.17604628581263387,0.22073413436642855,-2.6476954842129494,1.3787274449340976,-1.4937458646949777,1.5866411136147351,0.23883828127088585,-0.7188722258002581,-0.012179192713292153,-1.2840345730500746,0.43727717813720046,51.0,52.0,52.0,43.0,43.0,26.0,30.0,27.0,53.0,97.74,3975442432,1563500544,1582256128,9.27,8.94,9.15,25297891328,9402302464
2026-05-06T16:07:18.268313+02:00,-0.0018474616576406604,0.1759183288518236,0.2207446278580978,-2.648138319764434,1.377195903103462,-1.494197063105451,1.5866411136147351,0.23883828127088585,-0.7188722258002581,-0.012179192713292153,-1.2840345730500746,0.43727717813720046,51.0,52.0,52.0,43.0,43.0,26.0,30.0,27.0,53.0,97.74,3975442432,1563500544,1582256128,9.27,8.94,9.15,25297891328,9402302464
2026-05-06T16:07:18.319147+02:00,-0.0018474616576406604,0.1759183288518236,0.2207446278580978,-2.648138319764434,1.377195903103462,-1.494197063105451,1.5866411136147351,0.23883828127088585,-0.7188722258002581,-0.012179192713292153,-1.2840345730500746,0.43727717813720046,51.0,52.0,52.0,43.0,43.0,26.0,30.0,27.0,53.0,97.74,3975442432,1563500544,1582256128,9.27,8.94,9.15,25297891328,9402302464
2026-05-06T16:07:18.369672+02:00,-0.0018474616576406604,0.1759183288518236,0.2207446278580978,-2.648138319764434,1.377195903103462,-1.494197063105451,1.5866411136147351,0.23883828127088585,-0.7188722258002581,-0.012179192713292153,-1.2840345730500746,0.43727717813720046,51.0,52.0,52.0,43.0,43.0,26.0,30.0,27.0,53.0,98.47,3975442432,1587585024,1558052864,9.27,8.94,9.15,25297891328,9402310656
2026-05-06T16:07:18.424732+02:00,-0.0018474616576406604,0.1759183288518236,0.2207446278580978,-2.648138319764434,1.377195903103462,-1.494197063105451,1.5866411136147351,0.23883828127088585,-0.7188722258002581,-0.012179192713292153,-1.2840345730500746,0.43727717813720046,51.0,52.0,52.0,43.0,43.0,26.0,30.0,27.0,53.0,98.47,3975442432,1587585024,1558052864,9.27,8.94,9.15,25297891328,9402310656
2026-05-06T16:07:18.476204+02:00,-0.0018474616576406604,0.1759183288518236,0.2207446278580978,-2.648138319764434,1.377195903103462,-1.494197063105451,1.5866411136147351,0.23883828127088585,-0.7188722258002581,-0.012179192713292153,-1.2840345730500746,0.43727717813720046,51.0,52.0,52.0,43.0,43.0,26.0,30.0,27.0,53.0,98.47,3975442432,1587585024,1558052864,9.27,8.94,9.15,25297891328,9402310656
2026-05-06T16:07:18.527141+02:00,-0.0018474616576406604,0.1759183288518236,0.2207446278580978,-2.648138319764434,1.377195903103462,-1.494197063105451,1.5866411136147351,0.23883828127088585,-0.7188722258002581,-0.012179192713292153,-1.2840345730500746,0.43727717813720046,51.0,52.0,52.0,43.0,43.0,26.0,30.0,27.0,53.0,98.47,3975442432,1587585024,1558052864,9.27,8.94,9.15,25297891328,9402310656
2026-05-06T16:07:18.577999+02:00,-0.0018474616576406604,0.1759183288518236,0.2207446278580978,-2.648138319764434,1.377195903103462,-1.494197063105451,1.5866411136147351,0.23883828127088585,-0.7188722258002581,-0.012179192713292153,-1.2840345730500746,0.43727717813720046,51.0,52.0,52.0,43.0,43.0,26.0,30.0,27.0,53.0,98.47,3975442432,1587585024,1558052864,9.27,8.94,9.15,25297891328,9402310656
2026-05-06T16:07:18.628918+02:00,-0.0018474616576406604,0.1759183288518236,0.2207446278580978,-2.648138319764434,1.377195903103462,-1.494197063105451,1.5866411136147351,0.23883828127088585,-0.7188722258002581,-0.012179192713292153,-1.2840345730500746,0.43727717813720046,51.0,52.0,51.0,43.0,43.0,26.0,30.0,27.0,53.0,98.47,3975442432,1587585024,1558052864,9.27,8.94,9.15,25297891328,9402310656
2026-05-06T16:07:18.683925+02:00,-0.0018474616576406604,0.1759183288518236,0.2207446278580978,-2.648138319764434,1.377195903103462,-1.494197063105451,1.5866411136147351,0.23883828127088585,-0.7188722258002581,-0.012179192713292153,-1.2840345730500746,0.43727717813720046,51.0,52.0,51.0,43.0,43.0,26.0,30.0,27.0,53.0,98.47,3975442432,1587585024,1558052864,9.27,8.94,9.15,25297891328,9402310656
2026-05-06T16:07:18.734531+02:00,-0.0018474616576406604,0.1759183288518236,0.2207446278580978,-2.648138319764434,1.377195903103462,-1.494197063105451,1.5866411136147351,0.23883828127088585,-0.7188722258002581,-0.012179192713292153,-1.2840345730500746,0.43727717813720046,51.0,52.0,51.0,43.0,43.0,26.0,30.0,27.0,53.0,98.47,3975442432,1587585024,1558052864,9.27,8.94,9.15,25297891328,9402310656
2026-05-06T16:07:18.785194+02:00,-0.0018474616576406604,0.1759183288518236,0.2207446278580978,-2.648138319764434,1.377195903103462,-1.494197063105451,1.5866411136147351,0.23883828127088585,-0.7188722258002581,-0.012179192713292153,-1.2840345730500746,0.43727717813720046,51.0,52.0,51.0,43.0,43.0,26.0,30.0,27.0,53.0,98.47,3975442432,1587585024,1558052864,9.27,8.94,9.15,25297891328,9402310656
2026-05-06T16:07:18.839910+02:00,-0.0018474616576406604,0.1759183288518236,0.2207446278580978,-2.648138319764434,1.377195903103462,-1.494197063105451,1.5866411136147351,0.23883828127088585,-0.7188722258002581,-0.012179192713292153,-1.2840345730500746,0.43727717813720046,51.0,52.0,51.0,43.0,43.0,26.0,30.0,27.0,53.0,98.47,3975442432,1587585024,1558052864,9.27,8.94,9.15,25297891328,9402310656
2026-05-06T16:07:18.890085+02:00,-0.0018474616576406604,0.1759183288518236,0.2207446278580978,-2.648138319764434,1.377195903103462,-1.494197063105451,1.5866411136147351,0.23883828127088585,-0.7188722258002581,-0.012179192713292153,-1.2840345730500746,0.43727717813720046,51.0,52.0,51.0,43.0,43.0,26.0,30.0,27.0,53.0,98.47,3975442432,1587585024,1558052864,9.27,8.94,9.15,25297891328,9402310656
2026-05-06T16:07:18.941062+02:00,-0.0018474616576406604,0.1759183288518236,0.2207446278580978,-2.648138319764434,1.377195903103462,-1.494197063105451,1.5866411136147351,0.23883828127088585,-0.7188722258002581,-0.012179192713292153,-1.2840345730500746,0.43727717813720046,51.0,52.0,51.0,43.0,43.0,26.0,30.0,27.0,53.0,98.47,3975442432,1587585024,1558052864,9.27,8.94,9.15,25297891328,9402310656
2026-05-06T16:07:18.992664+02:00,-0.0018474616576406604,0.1759183288518236,0.2207446278580978,-2.648138319764434,1.377195903103462,-1.494197063105451,1.5866411136147351,0.23883828127088585,-0.7188722258002581,-0.012179192713292153,-1.2840345730500746,0.43727717813720046,51.0,52.0,51.0,43.0,43.0,26.0,30.0,27.0,53.0,98.47,3975442432,1587585024,1558052864,9.27,8.94,9.15,25297891328,9402310656
2026-05-06T16:07:19.044294+02:00,-0.0018474616576406604,0.1759183288518236,0.2207446278580978,-2.648138319764434,1.377195903103462,-1.494197063105451,1.5866411136147351,0.23883828127088585,-0.7188722258002581,-0.012179192713292153,-1.2855685538379604,0.43727717813720046,51.0,52.0,51.0,43.0,43.0,26.0,30.0,27.0,53.0,98.47,3975442432,1587585024,1558052864,9.27,8.94,9.15,25297891328,9402310656
2026-05-06T16:07:19.095062+02:00,-0.0018474616576406604,0.1759183288518236,0.2207446278580978,-2.648138319764434,1.377195903103462,-1.494197063105451,1.5866411136147351,0.23883828127088585,-0.7188722258002581,-0.012179192713292153,-1.2871025346258453,0.43727717813720046,51.0,52.0,51.0,43.0,43.0,26.0,30.0,27.0,53.0,98.47,3975442432,1587585024,1558052864,9.27,8.94,9.15,25297891328,9402310656
2026-05-06T16:07:19.145960+02:00,-0.0018474616576406604,0.1759183288518236,0.2207446278580978,-2.648138319764434,1.377195903103462,-1.494197063105451,1.5866411136147351,0.23883828127088585,-0.7188722258002581,-0.012179192713292153,-1.2871025346258453,0.43727717813720046,51.0,52.0,51.0,43.0,43.0,26.0,30.0,27.0,53.0,98.47,3975442432,1587585024,1558052864,9.27,8.94,9.15,25297891328,9402310656
2026-05-06T16:07:19.197473+02:00,-0.001842200665987174,0.17566246382842984,0.22076620371974204,-2.649003166139897,1.3741327068068312,-1.495078638940471,1.5866411136147351,0.23883828127088585,-0.7188722258002581,-0.012179192713292153,-1.2871025346258453,0.43727717813720046,51.0,52.0,51.0,43.0,43.0,26.0,30.0,27.0,53.0,98.47,3975442432,1587585024,1558052864,9.27,8.94,9.15,25297891328,9402310656
2026-05-06T16:07:19.250338+02:00,-0.001842200665987174,0.17566246382842984,0.22076620371974204,-2.649003166139897,1.3741327068068312,-1.495078638940471,1.5866411136147351,0.23883828127088585,-0.7188722258002581,-0.012179192713292153,-1.2871025346258453,0.43727717813720046,51.0,52.0,51.0,43.0,43.0,26.0,30.0,27.0,53.0,98.47,3975442432,1587585024,1558052864,9.27,8.94,9.15,25297891328,9402310656
2026-05-06T16:07:19.300490+02:00,-0.001842200665987174,0.17566246382842984,0.22076620371974204,-2.649003166139897,1.3741327068068312,-1.495078638940471,1.5866411136147351,0.23883828127088585,-0.7188722258002581,-0.012179192713292153,-1.2871025346258453,0.43727717813720046,51.0,52.0,51.0,43.0,43.0,26.0,30.0,27.0,53.0,98.47,3975442432,1587585024,1558052864,9.27,8.94,9.15,25297891328,9402310656
2026-05-06T16:07:19.351245+02:00,-0.001842200665987174,0.17566246382842984,0.22076620371974204,-2.649003166139897,1.3741327068068312,-1.495078638940471,1.5866411136147351,0.23883828127088585,-0.7188722258002581,-0.012179192713292153,-1.2871025346258453,0.43727717813720046,51.0,52.0,51.0,43.0,43.0,26.0,30.0,27.0,53.0,98.47,3975442432,1587585024,1558052864,9.27,8.94,9.15,25297891328,9402310656
2026-05-06T16:07:19.403306+02:00,-0.001842200665987174,0.17566246382842984,0.22076620371974204,-2.649003166139897,1.3741327068068312,-1.495078638940471,1.5866411136147351,0.23883828127088585,-0.7188722258002581,-0.012179192713292153,-1.2871025346258453,0.43727717813720046,51.0,52.0,51.0,43.0,43.0,26.0,30.0,27.0,53.0,91.28,3975442432,1590149120,1555472384,9.97,9.09,9.2,25297891328,9402310656
2026-05-06T16:07:19.455786+02:00,-0.001842200665987174,0.17566246382842984,0.22076620371974204,-2.649003166139897,1.3741327068068312,-1.495078638940471,1.5866411136147351,0.23883828127088585,-0.7188722258002581,-0.012179192713292153,-1.2871025346258453,0.43727717813720046,51.0,52.0,51.0,43.0,43.0,26.0,30.0,27.0,53.0,91.28,3975442432,1590149120,1555472384,9.97,9.09,9.2,25297891328,9402310656
2026-05-06T16:07:19.505968+02:00,-0.001842200665987174,0.17566246382842984,0.22076620371974204,-2.649003166139897,1.3741327068068312,-1.495078638940471,1.5866411136147351,0.23883828127088585,-0.7188722258002581,-0.012179192713292153,-1.2871025346258453,0.43727717813720046,51.0,52.0,51.0,43.0,43.0,26.0,30.0,27.0,53.0,91.28,3975442432,1590149120,1555472384,9.97,9.09,9.2,25297891328,9402310656
2026-05-06T16:07:19.556104+02:00,-0.001842200665987174,0.17566246382842984,0.22076620371974204,-2.649003166139897,1.3741327068068312,-1.495078638940471,1.5866411136147351,0.23883828127088585,-0.7188722258002581,-0.012179192713292153,-1.2871025346258453,0.43727717813720046,51.0,52.0,51.0,43.0,43.0,26.0,30.0,27.0,53.0,91.28,3975442432,1590149120,1555472384,9.97,9.09,9.2,25297891328,9402310656
2026-05-06T16:07:19.606363+02:00,-0.001842200665987174,0.17566246382842984,0.22076620371974204,-2.649003166139897,1.3741327068068312,-1.495078638940471,1.5866411136147351,0.23883828127088585,-0.7188722258002581,-0.012179192713292153,-1.2871025346258453,0.43727717813720046,51.0,52.0,51.0,43.0,43.0,26.0,30.0,27.0,53.0,91.28,3975442432,1590149120,1555472384,9.97,9.09,9.2,25297891328,9402310656
2026-05-06T16:07:19.656474+02:00,-0.001842200665987174,0.17566246382842984,0.22076620371974204,-2.649003166139897,1.3741327068068312,-1.495078638940471,1.5866411136147351,0.23883828127088585,-0.7188722258002581,-0.012179192713292153,-1.2871025346258453,0.43727717813720046,51.0,52.0,51.0,43.0,43.0,26.0,30.0,27.0,53.0,91.28,3975442432,1590149120,1555472384,9.97,9.09,9.2,25297891328,9402310656
2026-05-06T16:07:19.706924+02:00,-0.001842200665987174,0.17566246382842984,0.22076620371974204,-2.649003166139897,1.3741327068068312,-1.495078638940471,1.5866411136147351,0.23883828127088585,-0.7188722258002581,-0.012179192713292153,-1.2871025346258453,0.43727717813720046,51.0,52.0,51.0,43.0,43.0,26.0,30.0,27.0,53.0,91.28,3975442432,1590149120,1555472384,9.97,9.09,9.2,25297891328,9402310656
2026-05-06T16:07:19.757934+02:00,-0.001842200665987174,0.17566246382842984,0.22076620371974204,-2.649003166139897,1.3741327068068312,-1.495078638940471,1.5866411136147351,0.23883828127088585,-0.7188722258002581,-0.012179192713292153,-1.2871025346258453,0.43727717813720046,51.0,52.0,51.0,43.0,43.0,26.0,30.0,27.0,53.0,91.28,3975442432,1590149120,1555472384,9.97,9.09,9.2,25297891328,9402310656
2026-05-06T16:07:19.808532+02:00,-0.001842200665987174,0.17566246382842984,0.22076620371974204,-2.649003166139897,1.3741327068068312,-1.495078638940471,1.5866411136147351,0.23883828127088585,-0.7188722258002581,-0.012179192713292153,-1.2871025346258453,0.43727717813720046,51.0,52.0,51.0,43.0,43.0,26.0,30.0,27.0,53.0,91.28,3975442432,1590149120,1555472384,9.97,9.09,9.2,25297891328,9402310656
2026-05-06T16:07:19.861541+02:00,-0.001842200665987174,0.17566246382842984,0.22076620371974204,-2.649003166139897,1.3741327068068312,-1.495078638940471,1.5866411136147351,0.23883828127088585,-0.7188722258002581,-0.012179192713292153,-1.2871025346258453,0.43727717813720046,51.0,52.0,51.0,43.0,43.0,26.0,30.0,27.0,53.0,91.28,3975442432,1590149120,1555472384,9.97,9.09,9.2,25297891328,9402310656
2026-05-06T16:07:19.911705+02:00,-0.001842200665987174,0.17566246382842984,0.22076620371974204,-2.649003166139897,1.3741327068068312,-1.495078638940471,1.5866411136147351,0.23883828127088585,-0.7188722258002581,-0.012179192713292153,-1.2871025346258453,0.43727717813720046,51.0,52.0,51.0,43.0,43.0,26.0,30.0,27.0,53.0,91.28,3975442432,1590149120,1555472384,9.97,9.09,9.2,25297891328,9402310656
2026-05-06T16:07:19.965568+02:00,-0.001842200665987174,0.17566246382842984,0.22076620371974204,-2.649003166139897,1.3741327068068312,-1.495078638940471,1.5866411136147351,0.23883828127088585,-0.7188722258002581,-0.012179192713292153,-1.2871025346258453,0.43727717813720046,51.0,52.0,51.0,43.0,43.0,26.0,30.0,27.0,53.0,91.28,3975442432,1590149120,1555472384,9.97,9.09,9.2,25297891328,9402310656
2026-05-06T16:07:20.018101+02:00,-0.001842200665987174,0.17566246382842984,0.22076620371974204,-2.649003166139897,1.3741327068068312,-1.495078638940471,1.5866411136147351,0.23883828127088585,-0.7188722258002581,-0.012179192713292153,-1.2871025346258453,0.43727717813720046,51.0,52.0,51.0,43.0,43.0,26.0,30.0,27.0,53.0,91.28,3975442432,1590149120,1555472384,9.97,9.09,9.2,25297891328,9402310656
2026-05-06T16:07:20.068882+02:00,-0.001842200665987174,0.17566246382842984,0.22076620371974204,-2.649003166139897,1.3741327068068312,-1.495078638940471,1.5866411136147351,0.23883828127088585,-0.7188722258002581,-0.012179192713292153,-1.2871025346258453,0.43727717813720046,51.0,52.0,51.0,43.0,43.0,26.0,30.0,27.0,53.0,91.28,3975442432,1590149120,1555472384,9.97,9.09,9.2,25297891328,9402310656
2026-05-06T16:07:20.119539+02:00,-0.001842200665987174,0.17566246382842984,0.22076620371974204,-2.649003166139897,1.3741327068068312,-1.495078638940471,1.5866411136147351,0.23883828127088585,-0.7188722258002581,-0.012179192713292153,-1.2871025346258453,0.43727717813720046,51.0,52.0,51.0,43.0,43.0,26.0,30.0,27.0,53.0,91.28,3975442432,1590149120,1555472384,9.97,9.09,9.2,25297891328,9402310656
2026-05-06T16:07:20.169860+02:00,-0.001842200665987174,0.17566246382842984,0.22076620371974204,-2.649003166139897,1.3741327068068312,-1.495078638940471,1.5866411136147351,0.23883828127088585,-0.7188722258002581,-0.012179192713292153,-1.2871025346258453,0.43727717813720046,51.0,52.0,51.0,43.0,43.0,26.0,30.0,27.0,53.0,91.28,3975442432,1590149120,1555472384,9.97,9.09,9.2,25297891328,9402310656
2026-05-06T16:07:20.224899+02:00,-0.001842200665987174,0.17566246382842984,0.22076620371974204,-2.649003166139897,1.3741327068068312,-1.495078638940471,1.5866411136147351,0.23883828127088585,-0.7188722258002581,-0.012179192713292153,-1.2871025346258453,0.43727717813720046,51.0,52.0,51.0,43.0,43.0,26.0,30.0,27.0,53.0,91.28,3975442432,1590149120,1555472384,9.97,9.09,9.2,25297891328,9402310656
2026-05-06T16:07:20.279911+02:00,-0.001842200665987174,0.17566246382842984,0.22076620371974204,-2.649003166139897,1.3741327068068312,-1.495078638940471,1.5866411136147351,0.23883828127088585,-0.7188722258002581,-0.012179192713292153,-1.2871025346258453,0.43727717813720046,51.0,52.0,51.0,43.0,43.0,26.0,30.0,27.0,53.0,91.28,3975442432,1590149120,1555472384,9.97,9.09,9.2,25297891328,9402310656
2026-05-06T16:07:20.330089+02:00,-0.001842200665987174,0.17566246382842984,0.22076620371974204,-2.649003166139897,1.3741327068068312,-1.495078638940471,1.5866411136147351,0.23883828127088585,-0.7188722258002581,-0.012179192713292153,-1.2871025346258453,0.43727717813720046,51.0,52.0,51.0,43.0,43.0,26.0,30.0,27.0,53.0,91.28,3975442432,1590149120,1555472384,9.97,9.09,9.2,25297891328,9402310656
2026-05-06T16:07:20.382510+02:00,-0.001842200665987174,0.17566246382842984,0.22076620371974204,-2.649003166139897,1.3741327068068312,-1.495078638940471,1.5866411136147351,0.23883828127088585,-0.7188722258002581,-0.012179192713292153,-1.2871025346258453,0.43727717813720046,51.0,52.0,51.0,43.0,43.0,26.0,30.0,27.0,53.0,91.79,3975442432,1590267904,1555353600,9.97,9.09,9.2,25297891328,9402310656
2026-05-06T16:07:20.432851+02:00,-0.001842200665987174,0.17566246382842984,0.22076620371974204,-2.649003166139897,1.3741327068068312,-1.495078638940471,1.5866411136147351,0.23883828127088585,-0.7188722258002581,-0.012179192713292153,-1.2871025346258453,0.43727717813720046,51.0,52.0,51.0,43.0,43.0,26.0,30.0,27.0,53.0,91.79,3975442432,1590267904,1555353600,9.97,9.09,9.2,25297891328,9402310656
2026-05-06T16:07:20.483977+02:00,-0.001842200665987174,0.17566246382842984,0.22076620371974204,-2.649003166139897,1.3741327068068312,-1.495078638940471,1.5866411136147351,0.23883828127088585,-0.7188722258002581,-0.012179192713292153,-1.2871025346258453,0.43727717813720046,51.0,52.0,51.0,43.0,43.0,26.0,30.0,27.0,53.0,91.79,3975442432,1590267904,1555353600,9.97,9.09,9.2,25297891328,9402310656
2026-05-06T16:07:20.538999+02:00,-0.001842200665987174,0.17566246382842984,0.22076620371974204,-2.649003166139897,1.3741327068068312,-1.495078638940471,1.5866411136147351,0.23883828127088585,-0.7188722258002581,-0.012179192713292153,-1.2871025346258453,0.43727717813720046,51.0,52.0,51.0,43.0,43.0,26.0,30.0,27.0,53.0,91.79,3975442432,1590267904,1555353600,9.97,9.09,9.2,25297891328,9402310656
2026-05-06T16:07:20.594009+02:00,-0.001842200665987174,0.17566246382842984,0.22076620371974204,-2.649003166139897,1.3741327068068312,-1.495078638940471,1.5866411136147351,0.23883828127088585,-0.7188722258002581,-0.012179192713292153,-1.2871025346258453,0.43727717813720046,51.0,52.0,51.0,43.0,43.0,26.0,30.0,27.0,53.0,91.79,3975442432,1590267904,1555353600,9.97,9.09,9.2,25297891328,9402310656
2026-05-06T16:07:20.646892+02:00,-0.001842200665987174,0.17566246382842984,0.22076620371974204,-2.649003166139897,1.3741327068068312,-1.495078638940471,1.5866411136147351,0.23883828127088585,-0.7188722258002581,-0.012179192713292153,-1.2871025346258453,0.43727717813720046,51.0,52.0,51.0,43.0,43.0,26.0,30.0,27.0,53.0,91.79,3975442432,1590267904,1555353600,9.97,9.09,9.2,25297891328,9402310656
2026-05-06T16:07:20.696969+02:00,-0.001842200665987174,0.17566246382842984,0.22076620371974204,-2.649003166139897,1.3741327068068312,-1.495078638940471,1.5866411136147351,0.23883828127088585,-0.7188722258002581,-0.012179192713292153,-1.2871025346258453,0.43727717813720046,51.0,52.0,51.0,43.0,43.0,26.0,30.0,27.0,53.0,91.79,3975442432,1590267904,1555353600,9.97,9.09,9.2,25297891328,9402310656
2026-05-06T16:07:20.748140+02:00,-0.001842200665987174,0.17566246382842984,0.22076620371974204,-2.649003166139897,1.3741327068068312,-1.495078638940471,1.5866411136147351,0.23883828127088585,-0.7188722258002581,-0.012179192713292153,-1.2871025346258453,0.43727717813720046,51.0,52.0,51.0,43.0,43.0,26.0,30.0,27.0,53.0,91.79,3975442432,1590267904,1555353600,9.97,9.09,9.2,25297891328,9402310656
2026-05-06T16:07:20.801907+02:00,-0.001842200665987174,0.17566246382842984,0.22076620371974204,-2.649003166139897,1.3741327068068312,-1.495078638940471,1.5866411136147351,0.23883828127088585,-0.7188722258002581,-0.012179192713292153,-1.2871025346258453,0.43727717813720046,51.0,52.0,51.0,43.0,43.0,26.0,30.0,27.0,53.0,91.79,3975442432,1590267904,1555353600,9.97,9.09,9.2,25297891328,9402310656
2026-05-06T16:07:20.856495+02:00,-0.001842200665987174,0.17566246382842984,0.22076620371974204,-2.649003166139897,1.3741327068068312,-1.495078638940471,1.5866411136147351,0.23883828127088585,-0.7188722258002581,-0.012179192713292153,-1.2871025346258453,0.43727717813720046,51.0,52.0,51.0,43.0,43.0,26.0,30.0,27.0,53.0,91.79,3975442432,1590267904,1555353600,9.97,9.09,9.2,25297891328,9402310656
2026-05-06T16:07:20.906527+02:00,-0.001842200665987174,0.17566246382842984,0.22076620371974204,-2.649003166139897,1.3741327068068312,-1.495078638940471,1.5866411136147351,0.23883828127088585,-0.7188722258002581,-0.012179192713292153,-1.2871025346258453,0.43727717813720046,51.0,52.0,51.0,43.0,43.0,26.0,30.0,27.0,53.0,91.79,3975442432,1590267904,1555353600,9.97,9.09,9.2,25297891328,9402310656
2026-05-06T16:07:20.958184+02:00,-0.001842200665987174,0.17566246382842984,0.22076620371974204,-2.649003166139897,1.3741327068068312,-1.495078638940471,1.5866411136147351,0.23883828127088585,-0.7188722258002581,-0.012179192713292153,-1.2871025346258453,0.43727717813720046,51.0,52.0,51.0,43.0,43.0,26.0,30.0,27.0,53.0,91.79,3975442432,1590267904,1555353600,9.97,9.09,9.2,25297891328,9402310656
2026-05-06T16:07:21.009877+02:00,-0.001842200665987174,0.17566246382842984,0.22076620371974204,-2.649003166139897,1.3741327068068312,-1.495078638940471,1.5866411136147351,0.23883828127088585,-0.7188722258002581,-0.012179192713292153,-1.2871025346258453,0.43727717813720046,51.0,52.0,51.0,43.0,43.0,26.0,30.0,27.0,53.0,91.79,3975442432,1590267904,1555353600,9.97,9.09,9.2,25297891328,9402310656
2026-05-06T16:07:21.061125+02:00,-0.001842200665987174,0.17566246382842984,0.22076620371974204,-2.649003166139897,1.3741327068068312,-1.495078638940471,1.5866411136147351,0.23883828127088585,-0.7188722258002581,-0.012179192713292153,-1.2871025346258453,0.43727717813720046,51.0,52.0,51.0,43.0,43.0,26.0,30.0,27.0,53.0,91.79,3975442432,1590267904,1555353600,9.97,9.09,9.2,25297891328,9402310656
2026-05-06T16:07:21.112923+02:00,-0.001842200665987174,0.17566246382842984,0.22076620371974204,-2.649003166139897,1.3741327068068312,-1.495078638940471,1.5866411136147351,0.23883828127088585,-0.7188722258002581,-0.012179192713292153,-1.2871025346258453,0.43727717813720046,51.0,52.0,51.0,43.0,43.0,26.0,30.0,27.0,53.0,91.79,3975442432,1590267904,1555353600,9.97,9.09,9.2,25297891328,9402310656
2026-05-06T16:07:21.164280+02:00,-0.001842200665987174,0.17566246382842984,0.22076620371974204,-2.649003166139897,1.3741327068068312,-1.495078638940471,1.5866411136147351,0.23883828127088585,-0.7188722258002581,-0.012179192713292153,-1.2871025346258453,0.43727717813720046,51.0,52.0,51.0,43.0,43.0,26.0,30.0,27.0,53.0,91.79,3975442432,1590267904,1555353600,9.97,9.09,9.2,25297891328,9402310656
2026-05-06T16:07:21.215904+02:00,-0.001842200665987174,0.17566246382842984,0.22076620371974204,-2.649003166139897,1.3741327068068312,-1.495078638940471,1.5866411136147351,0.23883828127088585,-0.7188722258002581,-0.012179192713292153,-1.2871025346258453,0.43727717813720046,51.0,52.0,51.0,43.0,43.0,26.0,30.0,27.0,53.0,93.8,3975442432,1553707008,1591914496,9.97,9.09,9.2,25297891328,9402314752
2026-05-06T16:07:21.266074+02:00,-0.001842200665987174,0.17566246382842984,0.22076620371974204,-2.649003166139897,1.3741327068068312,-1.495078638940471,1.5866411136147351,0.23883828127088585,-0.7188722258002581,-0.012179192713292153,-1.2871025346258453,0.43727717813720046,51.0,52.0,51.0,43.0,43.0,26.0,30.0,27.0,53.0,93.8,3975442432,1553707008,1591914496,9.97,9.09,9.2,25297891328,9402314752
2026-05-06T16:07:21.316627+02:00,-0.001842200665987174,0.17566246382842984,0.22076620371974204,-2.649003166139897,1.3741327068068312,-1.495078638940471,1.5866411136147351,0.23883828127088585,-0.7188722258002581,-0.012179192713292153,-1.2871025346258453,0.43727717813720046,51.0,52.0,51.0,43.0,43.0,26.0,30.0,27.0,53.0,93.8,3975442432,1553707008,1591914496,9.97,9.09,9.2,25297891328,9402314752
2026-05-06T16:07:21.368092+02:00,-0.001842200665987174,0.17566246382842984,0.22076620371974204,-2.649003166139897,1.3741327068068312,-1.495078638940471,1.5866411136147351,0.23883828127088585,-0.7188722258002581,-0.012179192713292153,-1.2871025346258453,0.43727717813720046,51.0,52.0,51.0,43.0,43.0,26.0,30.0,27.0,53.0,93.8,3975442432,1553707008,1591914496,9.97,9.09,9.2,25297891328,9402314752
2026-05-06T16:07:21.423101+02:00,-0.001842200665987174,0.17566246382842984,0.22076620371974204,-2.649003166139897,1.3741327068068312,-1.495078638940471,1.5866411136147351,0.23883828127088585,-0.7188722258002581,-0.012179192713292153,-1.2871025346258453,0.43727717813720046,51.0,52.0,51.0,43.0,43.0,26.0,30.0,27.0,53.0,93.8,3975442432,1553707008,1591914496,9.97,9.09,9.2,25297891328,9402314752
2026-05-06T16:07:21.473650+02:00,-0.001842200665987174,0.17566246382842984,0.22076620371974204,-2.649003166139897,1.3741327068068312,-1.495078638940471,1.5866411136147351,0.23883828127088585,-0.7188722258002581,-0.010645211925406795,-1.2871025346258453,0.43727717813720046,51.0,52.0,51.0,43.0,43.0,26.0,30.0,27.0,53.0,93.8,3975442432,1553707008,1591914496,9.97,9.09,9.2,25297891328,9402314752
2026-05-06T16:07:21.524870+02:00,-0.001842200665987174,0.17566246382842984,0.22076620371974204,-2.649003166139897,1.3741327068068312,-1.495078638940471,1.5866411136147351,0.23883828127088585,-0.7188722258002581,-0.012179192713292153,-1.2871025346258453,0.43727717813720046,51.0,52.0,51.0,43.0,43.0,26.0,30.0,27.0,53.0,93.8,3975442432,1553707008,1591914496,9.97,9.09,9.2,25297891328,9402314752
2026-05-06T16:07:21.579002+02:00,-0.001842200665987174,0.17566246382842984,0.22076620371974204,-2.649003166139897,1.3741327068068312,-1.495078638940471,1.5866411136147351,0.23883828127088585,-0.7188722258002581,-0.012179192713292153,-1.2871025346258453,0.43727717813720046,51.0,52.0,51.0,43.0,43.0,26.0,30.0,27.0,53.0,93.8,3975442432,1553707008,1591914496,9.97,9.09,9.2,25297891328,9402314752
2026-05-06T16:07:21.629227+02:00,-0.001842200665987174,0.17566246382842984,0.22076620371974204,-2.649003166139897,1.3741327068068312,-1.495078638940471,1.5866411136147351,0.23883828127088585,-0.7188722258002581,-0.012179192713292153,-1.2871025346258453,0.43727717813720046,51.0,52.0,51.0,43.0,43.0,26.0,30.0,27.0,53.0,93.8,3975442432,1553707008,1591914496,9.97,9.09,9.2,25297891328,9402314752
2026-05-06T16:07:21.681866+02:00,-0.001842200665987174,0.17566246382842984,0.22076620371974204,-2.649003166139897,1.3741327068068312,-1.495078638940471,1.5866411136147351,0.23883828127088585,-0.7188722258002581,-0.012179192713292153,-1.2871025346258453,0.43727717813720046,51.0,52.0,51.0,43.0,43.0,26.0,30.0,27.0,53.0,93.8,3975442432,1553707008,1591914496,9.97,9.09,9.2,25297891328,9402314752
2026-05-06T16:07:21.736663+02:00,-0.001842200665987174,0.17566246382842984,0.22076620371974204,-2.649003166139897,1.3741327068068312,-1.495078638940471,1.5790314780760402,0.22974860652649942,-0.7188722258002581,-0.012179192713292153,-1.2778986498985323,0.4556849475918283,51.0,52.0,51.0,43.0,43.0,26.0,30.0,27.0,53.0,93.8,3975442432,1553707008,1591914496,9.97,9.09,9.2,25297891328,9402314752
2026-05-06T16:07:21.787430+02:00,-0.0007786170537637182,0.1762057790357177,0.21942214936040155,-2.6416382034980908,1.3681028585536,-1.50295220101484,1.5759876238605615,0.2236888233635751,-0.7188722258002581,-0.012179192713292153,-1.2671607843833326,0.46488883231914224,51.0,52.0,51.0,43.0,43.0,26.0,30.0,27.0,53.0,93.8,3975442432,1553707008,1591914496,9.97,9.09,9.2,25297891328,9402314752
2026-05-06T16:07:21.842931+02:00,-0.0007786170537637182,0.1762057790357177,0.21942214936040155,-2.6416382034980908,1.3681028585536,-1.50295220101484,1.5729437696450836,0.21762904020065077,-0.7188722258002581,-0.012179192713292153,-1.2564229188681328,0.47409271704645617,51.0,52.0,51.0,43.0,43.0,26.0,30.0,27.0,53.0,93.8,3975442432,1553707008,1591914496,9.97,9.09,9.2,25297891328,9402314752
2026-05-06T16:07:21.894060+02:00,-0.0007786170537637182,0.1762057790357177,0.21942214936040155,-2.6416382034980908,1.3681028585536,-1.50295220101484,1.5683779883218665,0.20853936545626434,-0.7188722258002581,-0.012179192713292153,-1.2426170917771624,0.48329660177376965,51.0,52.0,51.0,43.0,43.0,26.0,30.0,27.0,53.0,93.8,3975442432,1553707008,1591914496,9.97,9.09,9.2,25297891328,9402314752
2026-05-06T16:07:21.944520+02:00,-0.0007786170537637182,0.1762057790357177,0.21942214936040155,-2.6416382034980908,1.3681028585536,-1.50295220101484,1.56229027989091,0.19793474492114677,-0.7188722258002581,-0.010645211925406795,-1.2349471878377343,0.5001703904405117,51.0,52.0,51.0,43.0,43.0,26.0,30.0,27.0,53.0,93.8,3975442432,1553707008,1591914496,9.97,9.09,9.2,25297891328,9402314752
2026-05-06T16:07:21.996274+02:00,0.0019120421967965674,0.18108549156880197,0.21452255309186355,-2.5976803103616097,1.3852809555623262,-1.513714521243727,1.5577244985676928,0.18733012438602925,-0.7188722258002581,-0.010645211925406795,-1.2150054375952206,0.5063063135920545,51.0,52.0,51.0,43.0,43.0,26.0,30.0,27.0,53.0,93.8,3975442432,1553707008,1591914496,9.97,9.09,9.2,25297891328,9402314752
2026-05-06T16:07:22.046547+02:00,0.0019120421967965674,0.18108549156880197,0.21452255309186355,-2.5976803103616097,1.3852809555623262,-1.513714521243727,1.5577244985676928,0.18733012438602925,-0.7188722258002581,-0.010645211925406795,-1.2150054375952206,0.5124422367435968,51.0,52.0,51.0,43.0,43.0,26.0,30.0,27.0,53.0,93.8,3975442432,1553707008,1591914496,9.97,9.09,9.2,25297891328,9402314752
2026-05-06T16:07:22.100212+02:00,0.0019120421967965674,0.18108549156880197,0.21452255309186355,-2.5976803103616097,1.3852809555623262,-1.513714521243727,1.54707100881352,0.1676358291065252,-0.717357280009527,-0.009111231137520992,-1.193529706564822,0.5354519485618816,51.0,52.0,51.0,43.0,43.0,26.0,30.0,27.0,53.0,93.8,3975442432,1553707008,1591914496,9.97,9.09,9.2,25297891328,9402314752
2026-05-06T16:07:22.155224+02:00,0.0019120421967965674,0.18108549156880197,0.21452255309186355,-2.5976803103616097,1.3852809555623262,-1.513714521243727,1.54707100881352,0.1676358291065252,-0.717357280009527,-0.009111231137520992,-1.193529706564822,0.5354519485618816,51.0,52.0,51.0,43.0,43.0,26.0,30.0,27.0,53.0,93.8,3975442432,1553707008,1591914496,9.97,9.09,9.2,25297891328,9402314752
2026-05-06T16:07:22.206770+02:00,0.006019324907853369,0.18910793167602355,0.20612019864165756,-2.5401685961500253,1.4074404374275373,-1.5473364053064371,1.534895591951607,0.14188175066409692,-0.7128124426373338,-0.0075772503496351895,-1.150578244504024,0.579937391410565,51.0,52.0,51.0,43.0,43.0,26.0,30.0,27.0,53.0,93.8,3975442432,1553707008,1591914496,9.97,9.09,9.2,25297891328,9402314752
2026-05-06T16:07:22.257074+02:00,0.006019324907853369,0.18910793167602355,0.20612019864165756,-2.5401685961500253,1.4074404374275373,-1.5473364053064371,1.534895591951607,0.14188175066409692,-0.7128124426373338,-0.0075772503496351895,-1.150578244504024,0.579937391410565,51.0,52.0,51.0,43.0,43.0,26.0,30.0,27.0,53.0,93.8,3975442432,1553707008,1591914496,9.97,9.09,9.2,25297891328,9402314752
2026-05-06T16:07:22.307831+02:00,0.006019324907853369,0.18910793167602355,0.20612019864165756,-2.5401685961500253,1.4074404374275373,-1.5473364053064371,1.5257640293051726,0.12521734696605502,-0.7128124426373338,-0.0075772503496351895,-1.1321704750493962,0.5998791416530787,51.0,52.0,51.0,43.0,43.0,26.0,30.0,27.0,53.0,93.8,3975442432,1553707008,1591914496,9.97,9.09,9.2,25297891328,9402314752
2026-05-06T16:07:22.358827+02:00,0.006019324907853369,0.18910793167602355,0.20612019864165756,-2.5401685961500253,1.4074404374275373,-1.5473364053064371,1.5257640293051726,0.12521734696605502,-0.7128124426373338,-0.0075772503496351895,-1.1321704750493962,0.5998791416530787,51.0,52.0,51.0,43.0,43.0,26.0,30.0,27.0,53.0,93.8,3975442432,1553707008,1591914496,9.97,9.09,9.2,25297891328,9402314752
2026-05-06T16:07:22.409976+02:00,0.006019324907853369,0.18910793167602355,0.20612019864165756,-2.5401685961500253,1.4074404374275373,-1.5473364053064371,1.5257640293051726,0.12521734696605502,-0.7128124426373338,-0.0075772503496351895,-1.1321704750493962,0.5998791416530787,51.0,52.0,51.0,43.0,43.0,26.0,30.0,27.0,53.0,93.8,3975442432,1553707008,1591914496,9.97,9.09,9.2,25297891328,9402314752
2026-05-06T16:07:22.460833+02:00,0.006019324907853369,0.18910793167602355,0.20612019864165756,-2.5401685961500253,1.4074404374275373,-1.5473364053064371,1.5257640293051726,0.12521734696605502,-0.7128124426373338,-0.0075772503496351895,-1.1321704750493962,0.5998791416530787,51.0,52.0,51.0,43.0,43.0,26.0,30.0,27.0,53.0,93.8,3975442432,1553707008,1591914496,9.97,9.09,9.2,25297891328,9402314752
2026-05-06T16:07:22.511550+02:00,0.006019324907853369,0.18910793167602355,0.20612019864165756,-2.5401685961500253,1.4074404374275373,-1.5473364053064371,1.5257640293051726,0.12521734696605502,-0.7128124426373338,-0.0075772503496351895,-1.1321704750493962,0.5998791416530787,51.0,52.0,51.0,43.0,43.0,26.0,30.0,27.0,53.0,93.8,3975442432,1553707008,1591914496,9.97,9.09,9.2,25297891328,9402314752
2026-05-06T16:07:22.564553+02:00,0.006019324907853369,0.18910793167602355,0.20612019864165756,-2.5401685961500253,1.4074404374275373,-1.5473364053064371,1.5257640293051726,0.12521734696605502,-0.7128124426373338,-0.0075772503496351895,-1.1321704750493962,0.5998791416530787,51.0,52.0,51.0,43.0,43.0,26.0,30.0,27.0,53.0,93.8,3975442432,1553707008,1591914496,9.97,9.09,9.2,25297891328,9402314752
2026-05-06T16:07:22.614990+02:00,0.01736253187978658,0.20999643308256905,0.18378734477240646,-2.3977566782797006,1.451956567149582,-1.6309467306448946,1.4831500702884797,0.0055366294982999165,-0.6855434184041744,-0.0014413271980928677,-0.9987141465033456,0.7502092588658713,51.0,52.0,51.0,43.0,43.0,26.0,30.0,27.0,52.0,93.8,3975442432,1553707008,1591914496,9.97,9.09,9.2,25297891328,9402314752
2026-05-06T16:07:22.669837+02:00,0.01736253187978658,0.20999643308256905,0.18378734477240646,-2.3977566782797006,1.451956567149582,-1.6309467306448946,1.4770623618575232,-0.01112777419974198,-0.6809985810319812,-0.0014413271980928677,-0.9787723962608319,0.7762869322599273,51.0,52.0,51.0,43.0,43.0,26.0,30.0,27.0,52.0,93.8,3975442432,1553707008,1591914496,9.97,9.09,9.2,25297891328,9402314752
2026-05-06T16:07:22.724892+02:00,0.01736253187978658,0.20999643308256905,0.18378734477240646,-2.3977566782797006,1.451956567149582,-1.6309467306448946,1.4664088721033495,-0.047486473177287825,-0.6703939604968636,9.265358979293481e-05,-0.9419568573515762,0.8223063558964965,51.0,52.0,51.0,43.0,43.0,26.0,30.0,27.0,52.0,94.85,3975442432,1552535552,1593073664,9.97,9.09,9.2,25297891328,9402322944
2026-05-06T16:07:22.779924+02:00,0.0240289277917256,0.22285966996054404,0.1709401836571747,-2.307808526358565,1.4833844887881724,-1.6790801523463128,1.4572773094569151,-0.08081528057337162,-0.658274394171015,9.265358979293481e-05,-0.9112772415938637,0.8621898563815233,51.0,52.0,51.0,43.0,43.0,26.0,30.0,27.0,52.0,94.85,3975442432,1552535552,1593073664,9.97,9.09,9.2,25297891328,9402322944
2026-05-06T16:07:22.834946+02:00,0.0240289277917256,0.22285966996054404,0.1709401836571747,-2.307808526358565,1.4833844887881724,-1.6790801523463128,1.452711528133698,-0.0974796842714134,-0.6522146110080906,9.265358979293481e-05,-0.8928694721392358,0.8836655874119219,51.0,52.0,51.0,43.0,43.0,26.0,30.0,27.0,52.0,94.85,3975442432,1552535552,1593073664,9.97,9.09,9.2,25297891328,9402322944
2026-05-06T16:07:22.890103+02:00,0.0240289277917256,0.22285966996054404,0.1709401836571747,-2.307808526358565,1.4833844887881724,-1.6790801523463128,1.445101892595003,-0.12474870850457287,-0.6416099904729732,9.265358979293481e-05,-0.8683257795330657,0.9189471455332918,51.0,52.0,51.0,43.0,43.0,26.0,30.0,27.0,52.0,94.85,3975442432,1552535552,1593073664,9.97,9.09,9.2,25297891328,9402322944
2026-05-06T16:07:22.940687+02:00,0.0240289277917256,0.22285966996054404,0.1709401836571747,-2.307808526358565,1.4833844887881724,-1.6790801523463128,1.437492257056308,-0.1535326785284633,-0.6310053699378556,0.0016266343776782932,-0.8453160677147813,0.9542287036546617,51.0,52.0,51.0,43.0,43.0,26.0,30.0,27.0,52.0,94.85,3975442432,1552535552,1593073664,9.97,9.09,9.2,25297891328,9402322944
2026-05-06T16:07:22.994926+02:00,0.031708661289234184,0.23714325605598155,0.15623797100955442,-2.206865253782571,1.511726670261299,-1.7247169116342995,1.437492257056308,-0.1535326785284633,-0.6310053699378556,0.0016266343776782932,-0.8453160677147813,0.9542287036546617,51.0,52.0,51.0,43.0,43.0,26.0,30.0,27.0,52.0,94.85,3975442432,1552535552,1593073664,9.97,9.09,9.2,25297891328,9402322944
2026-05-06T16:07:23.047063+02:00,0.031708661289234184,0.23714325605598155,0.15623797100955442,-2.206865253782571,1.511726670261299,-1.7247169116342995,1.4268387673021343,-0.20049599804112672,-0.6113110746583515,0.0016266343776782932,-0.8100345095934114,1.0094520120185444,51.0,52.0,51.0,43.0,43.0,26.0,30.0,27.0,52.0,94.85,3975442432,1552535552,1593073664,9.97,9.09,9.2,25297891328,9402322944
2026-05-06T16:07:23.097359+02:00,0.031708661289234184,0.23714325605598155,0.15623797100955442,-2.206865253782571,1.511726670261299,-1.7247169116342995,1.4207510588711778,-0.23079491385574824,-0.5976765625417718,9.265358979293481e-05,-0.7870247977751266,1.047801531715686,51.0,52.0,51.0,43.0,43.0,26.0,30.0,27.0,52.0,94.85,3975442432,1552535552,1593073664,9.97,9.09,9.2,25297891328,9402322944
2026-05-06T16:07:23.152389+02:00,0.031708661289234184,0.23714325605598155,0.15623797100955442,-2.206865253782571,1.511726670261299,-1.7247169116342995,1.4146633504402222,-0.25503404650744554,-0.5870719420066544,9.265358979293481e-05,-0.7716849898962703,1.0692772627460845,51.0,52.0,51.0,43.0,43.0,26.0,30.0,27.0,52.0,94.85,3975442432,1552535552,1593073664,9.97,9.09,9.2,25297891328,9402322944
2026-05-06T16:07:23.202865+02:00,0.038379222081370686,0.24876854112677982,0.14229327535052383,-2.0844976442071514,1.5277064531652509,-1.725397150693435,1.4116194962247435,-0.2732133959962185,-0.579497213052999,9.265358979293481e-05,-0.7563451820174141,1.098422897715912,51.0,52.0,51.0,43.0,43.0,26.0,30.0,27.0,52.0,94.85,3975442432,1552535552,1593073664,9.97,9.09,9.2,25297891328,9402322944
2026-05-06T16:07:23.253023+02:00,0.038379222081370686,0.24876854112677982,0.14229327535052383,-2.0844976442071514,1.5277064531652509,-1.725397150693435,1.410097569117005,-0.28684790811279814,-0.5734374298900746,9.265358979293481e-05,-0.748675278077986,1.1152966863826541,51.0,52.0,51.0,43.0,43.0,26.0,30.0,27.0,52.0,94.85,3975442432,1552535552,1593073664,9.97,9.09,9.2,25297891328,9402322944
2026-05-06T16:07:23.308082+02:00,0.038379222081370686,0.24876854112677982,0.14229327535052383,-2.0844976442071514,1.5277064531652509,-1.725397150693435,1.4055317877937878,-0.31108704076449545,-0.561317863564226,-0.0014413271980928677,-0.7348694509870151,1.142908340564596,51.0,52.0,51.0,43.0,43.0,26.0,30.0,27.0,52.0,94.85,3975442432,1552535552,1593073664,9.97,9.09,9.2,25297891328,9402322944
2026-05-06T16:07:23.363644+02:00,0.043732086106055085,0.259348925163223,0.12803750908061437,-1.9585268211065725,1.535934850372098,-1.7101362634190354,1.3994440793628313,-0.3459307939513102,-0.5446534598661842,-0.002975307985978226,-0.713393719956616,1.185859802625393,51.0,52.0,51.0,43.0,43.0,26.0,30.0,27.0,52.0,94.85,3975442432,1552535552,1593073664,9.97,9.09,9.2,25297891328,9402322944
2026-05-06T16:07:23.414324+02:00,0.043732086106055085,0.259348925163223,0.12803750908061437,-1.9585268211065725,1.535934850372098,-1.7101362634190354,1.3994440793628313,-0.3459307939513102,-0.5446534598661842,-0.002975307985978226,-0.713393719956616,1.185859802625393,51.0,52.0,51.0,43.0,43.0,26.0,30.0,27.0,52.0,97.74,3975442432,1553420288,1592188928,9.65,9.04,9.18,25297891328,9402322944
2026-05-06T16:07:23.468189+02:00,0.043732086106055085,0.259348925163223,0.12803750908061437,-1.9585268211065725,1.535934850372098,-1.7101362634190354,1.3994440793628313,-0.3459307939513102,-0.5446534598661842,-0.002975307985978226,-0.713393719956616,1.185859802625393,51.0,52.0,51.0,43.0,43.0,26.0,30.0,27.0,52.0,97.74,3975442432,1553420288,1592188928,9.65,9.04,9.18,25297891328,9402322944
2026-05-06T16:07:23.518771+02:00,0.043732086106055085,0.259348925163223,0.12803750908061437,-1.9585268211065725,1.535934850372098,-1.7101362634190354,1.3918344438241363,-0.3959240050454359,-0.5188993814237558,-0.006043269561749831,-0.6873160465625601,1.2426170917771624,51.0,52.0,51.0,43.0,43.0,26.0,30.0,27.0,52.0,97.74,3975442432,1553420288,1592188928,9.65,9.04,9.18,25297891328,9402322944
2026-05-06T16:07:23.569876+02:00,0.043732086106055085,0.259348925163223,0.12803750908061437,-1.9585268211065725,1.535934850372098,-1.7101362634190354,1.390312516716397,-0.4095585171620154,-0.5113246524701004,-0.0075772503496351895,-0.6796461426231319,1.2594908804439044,51.0,52.0,51.0,43.0,43.0,26.0,30.0,27.0,52.0,97.74,3975442432,1553420288,1592188928,9.65,9.04,9.18,25297891328,9402322944
2026-05-06T16:07:23.622318+02:00,0.04869494657009113,0.2676363189872284,0.11572298594417949,-1.7819260081604198,1.5392285343942738,-1.627977401778889,1.3857467353931798,-0.43228270402298163,-0.49769014035352077,-0.0075772503496351895,-0.665840315532161,1.2855685538379604,51.0,52.0,51.0,43.0,43.0,26.0,30.0,27.0,52.0,97.74,3975442432,1553420288,1592188928,9.65,9.04,9.18,25297891328,9402322944
2026-05-06T16:07:23.676916+02:00,0.04869494657009113,0.2676363189872284,0.11572298594417949,-1.7819260081604198,1.5392285343942738,-1.627977401778889,1.3842248082854405,-0.4428873245580992,-0.49163035719059645,-0.0075772503496351895,-0.6627723539563899,1.2993743809289309,51.0,52.0,51.0,43.0,43.0,26.0,30.0,27.0,52.0,97.74,3975442432,1553420288,1592188928,9.65,9.04,9.18,25297891328,9402322944
2026-05-06T16:07:23.730548+02:00,0.04869494657009113,0.2676363189872284,0.11572298594417949,-1.7819260081604198,1.5392285343942738,-1.627977401778889,1.382702881177702,-0.4610666740468722,-0.48254068244620996,-0.0075772503496351895,-0.6551024500169618,1.3177821503835587,51.0,52.0,51.0,43.0,43.0,26.0,30.0,27.0,52.0,97.74,3975442432,1553420288,1592188928,9.65,9.04,9.18,25297891328,9402322944
2026-05-06T16:07:23.781838+02:00,0.05214502582569861,0.27446040489006734,0.10599931154662363,-1.663873703712223,1.5439703010246817,-1.5837054052294035,1.3811809540699627,-0.47015634879125867,-0.47648089928328563,-0.010645211925406795,-0.6520344884411902,1.3285200158987585,51.0,52.0,51.0,43.0,43.0,26.0,30.0,27.0,52.0,97.74,3975442432,1553420288,1592188928,9.65,9.04,9.18,25297891328,9402322944
2026-05-06T16:07:23.835952+02:00,0.05214502582569861,0.27446040489006734,0.10599931154662363,-1.663873703712223,1.5439703010246817,-1.5837054052294035,1.3796590269622233,-0.4822759151171073,-0.4689061703296302,-0.015247154289063758,-0.6474325460775336,1.3469277853533854,51.0,52.0,51.0,43.0,43.0,26.0,30.0,27.0,52.0,97.74,3975442432,1553420288,1592188928,9.65,9.04,9.18,25297891328,9402322944
2026-05-06T16:07:23.890976+02:00,0.05214502582569861,0.27446040489006734,0.10599931154662363,-1.663873703712223,1.5439703010246817,-1.5837054052294035,1.3781370998544848,-0.4928805356522249,-0.4628463871667059,-0.016781135076949116,-0.6428306037138767,1.3576656508685851,51.0,52.0,51.0,43.0,43.0,26.0,30.0,27.0,52.0,97.74,3975442432,1553420288,1592188928,9.65,9.04,9.18,25297891328,9402322944
2026-05-06T16:07:23.941013+02:00,0.05214502582569861,0.27446040489006734,0.10599931154662363,-1.663873703712223,1.5439703010246817,-1.5837054052294035,1.3766151727467455,-0.5050001019780733,-0.4613314413759748,-0.01831511586483492,-0.632092738198677,1.3622675932322426,51.0,52.0,51.0,43.0,43.0,26.0,30.0,27.0,52.0,97.74,3975442432,1553420288,1592188928,9.65,9.04,9.18,25297891328,9402322944
2026-05-06T16:07:23.995713+02:00,0.055680886187679364,0.2791767402913195,0.09559901312863607,-1.419912257151311,1.5411998286417001,-1.3906385402981383,1.3766151727467455,-0.5156047225131909,-0.4613314413759748,-0.01831511586483492,-0.6198208918955919,1.366869535595899,51.0,52.0,51.0,43.0,43.0,26.0,30.0,27.0,52.0,97.74,3975442432,1553420288,1592188928,9.65,9.04,9.18,25297891328,9402322944
2026-05-06T16:07:24.046139+02:00,0.055680886187679364,0.2791767402913195,0.09559901312863607,-1.419912257151311,1.5411998286417001,-1.3906385402981383,1.3766151727467455,-0.5246943972575774,-0.4628463871667059,-0.019849096652720277,-0.6075490455925068,1.366869535595899,51.0,52.0,51.0,43.0,43.0,26.0,30.0,27.0,52.0,97.74,3975442432,1553420288,1592188928,9.65,9.04,9.18,25297891328,9402322944
2026-05-06T16:07:24.101118+02:00,0.055680886187679364,0.2791767402913195,0.09559901312863607,-1.419912257151311,1.5411998286417001,-1.3906385402981383,1.3766151727467455,-0.5246943972575774,-0.4628463871667059,-0.019849096652720277,-0.6075490455925068,1.366869535595899,51.0,52.0,51.0,43.0,43.0,26.0,30.0,27.0,52.0,97.74,3975442432,1553420288,1592188928,9.65,9.04,9.18,25297891328,9402322944
2026-05-06T16:07:24.152923+02:00,0.055680886187679364,0.2791767402913195,0.09559901312863607,-1.419912257151311,1.5411998286417001,-1.3906385402981383,1.3766151727467455,-0.5489335299092747,-0.46739122453889914,-0.01831511586483492,-0.5784034106226796,1.366869535595899,51.0,52.0,51.0,43.0,43.0,26.0,30.0,27.0,52.0,97.74,3975442432,1553420288,1592188928,9.65,9.04,9.18,25297891328,9402322944
2026-05-06T16:07:24.203974+02:00,0.05564255839111402,0.27919504316861055,0.0873683144523954,-1.4255371359933868,1.5417186928873041,-1.4005486911000002,1.3766151727467455,-0.5610530962351233,-0.46587627874816806,-0.016781135076949116,-0.5599956411680518,1.366869535595899,51.0,52.0,51.0,43.0,43.0,26.0,30.0,27.0,52.0,97.74,3975442432,1553420288,1592188928,9.65,9.04,9.18,25297891328,9402322944
2026-05-06T16:07:24.254811+02:00,0.05564255839111402,0.27919504316861055,0.0873683144523954,-1.4255371359933868,1.5417186928873041,-1.4005486911000002,1.3766151727467455,-0.5716577167702409,-0.46587627874816806,-0.01831511586483492,-0.5523257372286237,1.3684035163837849,51.0,52.0,51.0,43.0,43.0,26.0,30.0,27.0,52.0,97.74,3975442432,1553420288,1592188928,9.65,9.04,9.18,25297891328,9402322944
2026-05-06T16:07:24.309820+02:00,0.05564255839111402,0.27919504316861055,0.0873683144523954,-1.4255371359933868,1.5417186928873041,-1.4005486911000002,1.3766151727467455,-0.5852922288868206,-0.46587627874816806,-0.019849096652720277,-0.5385199101376528,1.3684035163837849,51.0,52.0,51.0,43.0,43.0,26.0,30.0,27.0,52.0,94.62,3975442432,1552855040,1592762368,9.65,9.04,9.18,25297891328,9402322944
2026-05-06T16:07:24.359994+02:00,0.05564255839111402,0.27919504316861055,0.0873683144523954,-1.4255371359933868,1.5417186928873041,-1.4005486911000002,1.3766151727467455,-0.5989267410034002,-0.464361332957437,-0.019849096652720277,-0.5231801022587965,1.3684035163837849,51.0,52.0,51.0,43.0,43.0,26.0,30.0,27.0,52.0,94.62,3975442432,1552855040,1592762368,9.65,9.04,9.18,25297891328,9402322944
2026-05-06T16:07:24.414461+02:00,0.055706266412113195,0.2797751364729045,0.07084248606054708,-1.174630068364173,1.5534896870623935,-1.1491990720686247,1.3766151727467455,-0.6095313615385177,-0.464361332957437,-0.019849096652720277,-0.5155101983193684,1.3684035163837849,51.0,52.0,51.0,43.0,43.0,26.0,30.0,27.0,52.0,94.62,3975442432,1552855040,1592762368,9.65,9.04,9.18,25297891328,9402322944
2026-05-06T16:07:24.464585+02:00,0.055706266412113195,0.2797751364729045,0.07084248606054708,-1.174630068364173,1.5534896870623935,-1.1491990720686247,1.3766151727467455,-0.614076198910711,-0.464361332957437,-0.019849096652720277,-0.5139762175314826,1.3684035163837849,51.0,52.0,51.0,43.0,43.0,26.0,30.0,27.0,52.0,94.62,3975442432,1552855040,1592762368,9.65,9.04,9.18,25297891328,9402322944
2026-05-06T16:07:24.518987+02:00,0.055706266412113195,0.2797751364729045,0.07084248606054708,-1.174630068364173,1.5534896870623935,-1.1491990720686247,1.3766151727467455,-0.614076198910711,-0.464361332957437,-0.019849096652720277,-0.5139762175314826,1.3684035163837849,51.0,52.0,51.0,43.0,43.0,26.0,30.0,27.0,52.0,94.62,3975442432,1552855040,1592762368,9.65,9.04,9.18,25297891328,9402322944
2026-05-06T16:07:24.569140+02:00,0.05536467010493551,0.27829350545030446,0.05837684532841228,-1.4406630012277821,1.5432761520175904,-1.414867599304386,1.3766151727467455,-0.6474050063067948,-0.4613314413759748,-0.02138307744060608,-0.4909665057131982,1.3684035163837849,51.0,52.0,51.0,43.0,43.0,26.0,30.0,27.0,52.0,94.62,3975442432,1552855040,1592762368,9.65,9.04,9.18,25297891328,9402322944
2026-05-06T16:07:24.624145+02:00,0.05536467010493551,0.27829350545030446,0.05837684532841228,-1.4406630012277821,1.5432761520175904,-1.414867599304386,1.3766151727467455,-0.6580096268419123,-0.4613314413759748,-0.022917058228491882,-0.48636456334954126,1.3684035163837849,51.0,52.0,51.0,43.0,43.0,26.0,30.0,27.0,52.0,94.62,3975442432,1552855040,1592762368,9.65,9.04,9.18,25297891328,9402322944
2026-05-06T16:07:24.679232+02:00,0.05536467010493551,0.27829350545030446,0.05837684532841228,-1.4406630012277821,1.5432761520175904,-1.414867599304386,1.3766151727467455,-0.6670993015862988,-0.45981649558524373,-0.022917058228491882,-0.48329660177376965,1.3699374971716707,51.0,52.0,52.0,43.0,43.0,26.0,30.0,27.0,52.0,94.62,3975442432,1552855040,1592762368,9.65,9.04,9.18,25297891328,9402322944
2026-05-06T16:07:24.729481+02:00,0.05536467010493551,0.27829350545030446,0.05837684532841228,-1.4406630012277821,1.5432761520175904,-1.414867599304386,1.3766151727467455,-0.6731590847492231,-0.45830154979451265,-0.02138307744060608,-0.48329660177376965,1.3699374971716707,51.0,52.0,52.0,43.0,43.0,26.0,30.0,27.0,52.0,94.62,3975442432,1552855040,1592762368,9.65,9.04,9.18,25297891328,9402322944
2026-05-06T16:07:24.780099+02:00,0.055079191722195,0.2766978509157966,0.049225914655444736,-1.567983375060991,1.525818966750933,-1.5421530794937939,1.3766151727467455,-0.6398302773531394,-0.45830154979451265,-0.02138307744060608,-0.4802286401979985,1.3699374971716707,51.0,52.0,52.0,43.0,43.0,26.0,30.0,27.0,52.0,94.62,3975442432,1552855040,1592762368,9.65,9.04,9.18,25297891328,9402322944
2026-05-06T16:07:24.835019+02:00,0.055079191722195,0.2766978509157966,0.049225914655444736,-1.567983375060991,1.525818966750933,-1.5421530794937939,1.3766151727467455,-0.6474050063067948,-0.45678660400378157,-0.027519000592148846,-0.46488883231914224,1.3699374971716707,51.0,52.0,52.0,43.0,43.0,26.0,30.0,27.0,52.0,94.62,3975442432,1552855040,1592762368,9.65,9.04,9.18,25297891328,9402322944
2026-05-06T16:07:24.886422+02:00,0.055079191722195,0.2766978509157966,0.049225914655444736,-1.567983375060991,1.525818966750933,-1.5421530794937939,1.3766151727467455,-0.6670993015862988,-0.45678660400378157,-0.010645211925406795,-0.4480150436524002,1.3699374971716707,51.0,52.0,52.0,43.0,43.0,26.0,30.0,27.0,52.0,94.62,3975442432,1552855040,1592762368,9.65,9.04,9.18,25297891328,9402322944
2026-05-06T16:07:24.941453+02:00,0.055079191722195,0.2766978509157966,0.049225914655444736,-1.567983375060991,1.525818966750933,-1.5421530794937939,1.3766151727467455,-0.6746740305399542,-0.45678660400378157,-0.025985019804263043,-0.44954902444028555,1.3699374971716707,51.0,52.0,52.0,43.0,43.0,26.0,30.0,27.0,52.0,94.62,3975442432,1552855040,1592762368,9.65,9.04,9.18,25297891328,9402322944
2026-05-06T16:07:24.996465+02:00,0.05548898619861789,0.2797385169991371,0.049237472244232236,-1.1641813973883068,1.5582918181177738,-1.1423526012319338,1.3766151727467455,-0.6458900605160637,-0.45678660400378157,-0.01831511586483492,-0.45108300522817135,1.3699374971716707,51.0,52.0,52.0,43.0,43.0,26.0,30.0,27.0,52.0,94.62,3975442432,1552855040,1592762368,9.65,9.04,9.18,25297891328,9402322944
2026-05-06T16:07:25.051504+02:00,0.05548898619861789,0.2797385169991371,0.049237472244232236,-1.1641813973883068,1.5582918181177738,-1.1423526012319338,1.3766151727467455,-0.6625544642141056,-0.45678660400378157,-0.030586962167920007,-0.4541509668039425,1.3699374971716707,51.0,52.0,52.0,43.0,43.0,26.0,30.0,27.0,52.0,94.62,3975442432,1552855040,1592762368,9.65,9.04,9.18,25297891328,9402322944
2026-05-06T16:07:25.104948+02:00,0.05548898619861789,0.2797385169991371,0.049237472244232236,-1.1641813973883068,1.5582918181177738,-1.1423526012319338,1.3766151727467455,-0.6686142473770299,-0.45678660400378157,-0.019849096652720277,-0.44954902444028555,1.3714714779595556,51.0,52.0,52.0,43.0,43.0,26.0,30.0,27.0,52.0,94.62,3975442432,1552855040,1592762368,9.65,9.04,9.18,25297891328,9402322944
2026-05-06T16:07:25.159844+02:00,0.05548898619861789,0.2797385169991371,0.049237472244232236,-1.1641813973883068,1.5582918181177738,-1.1423526012319338,1.3766151727467455,-0.6777039221214164,-0.45678660400378157,-0.027519000592148846,-0.4480150436524002,1.3714714779595556,51.0,52.0,52.0,43.0,43.0,26.0,30.0,27.0,52.0,94.62,3975442432,1552855040,1592762368,9.65,9.04,9.18,25297891328,9402322944
2026-05-06T16:07:25.211100+02:00,0.05573591644781402,0.27946345385181703,0.048389293839725955,-0.9943170514620766,1.554191160275225,-0.9643001628120814,1.3766151727467455,-0.6504348978882569,-0.45678660400378157,-0.010645211925406795,-0.44954902444028555,1.3699374971716707,51.0,52.0,52.0,43.0,43.0,26.0,30.0,27.0,52.0,94.62,3975442432,1552855040,1592762368,9.65,9.04,9.18,25297891328,9402322944
2026-05-06T16:07:25.266139+02:00,0.05573591644781402,0.27946345385181703,0.048389293839725955,-0.9943170514620766,1.554191160275225,-0.9643001628120814,1.3766151727467455,-0.6564946810511813,-0.45678660400378157,-0.03212094295580581,-0.4541509668039425,1.3699374971716707,51.0,52.0,52.0,43.0,43.0,26.0,30.0,27.0,52.0,94.62,3975442432,1552855040,1592762368,9.65,9.04,9.18,25297891328,9402322944
2026-05-06T16:07:25.320401+02:00,0.05573591644781402,0.27946345385181703,0.048389293839725955,-0.9943170514620766,1.554191160275225,-0.9643001628120814,1.3766151727467455,-0.6746740305399542,-0.45678660400378157,-0.013713173501177955,-0.4480150436524002,1.3714714779595556,51.0,52.0,52.0,43.0,43.0,26.0,30.0,27.0,52.0,96.12,3975442432,1552887808,1592729600,9.65,9.04,9.18,25297891328,9402331136
2026-05-06T16:07:25.373283+02:00,0.055428028942533625,0.2798794963785235,0.049249896913093574,-1.1803441787805558,1.5603092406932757,-1.1628148665792437,1.3766151727467455,-0.6822487594936096,-0.45678660400378157,-0.02445103901637724,-0.4480150436524002,1.3714714779595556,51.0,52.0,52.0,43.0,43.0,26.0,30.0,27.0,52.0,96.12,3975442432,1552887808,1592729600,9.65,9.04,9.18,25297891328,9402331136
2026-05-06T16:07:25.426718+02:00,0.055428028942533625,0.2798794963785235,0.049249896913093574,-1.1803441787805558,1.5603092406932757,-1.1628148665792437,1.3766151727467455,-0.6489199520975258,-0.45678660400378157,-0.010645211925406795,-0.44954902444028555,1.3699374971716707,51.0,52.0,52.0,43.0,43.0,26.0,30.0,27.0,52.0,96.12,3975442432,1552887808,1592729600,9.65,9.04,9.18,25297891328,9402331136
2026-05-06T16:07:25.477427+02:00,0.055428028942533625,0.2798794963785235,0.049249896913093574,-1.1803441787805558,1.5603092406932757,-1.1628148665792437,1.3766151727467455,-0.6610395184233745,-0.45678660400378157,-0.025985019804263043,-0.4449470820766286,1.3699374971716707,51.0,52.0,52.0,43.0,43.0,26.0,30.0,27.0,52.0,96.12,3975442432,1552887808,1592729600,9.65,9.04,9.18,25297891328,9402331136
2026-05-06T16:07:25.529408+02:00,0.055428028942533625,0.2798794963785235,0.049249896913093574,-1.1803441787805558,1.5603092406932757,-1.1628148665792437,1.3766151727467455,-0.6610395184233745,-0.45678660400378157,-0.025985019804263043,-0.4449470820766286,1.3699374971716707,51.0,52.0,52.0,43.0,43.0,26.0,30.0,27.0,52.0,96.12,3975442432,1552887808,1592729600,9.65,9.04,9.18,25297891328,9402331136
2026-05-06T16:07:25.583125+02:00,0.05555311485266527,0.280524164439851,0.050561566190730836,-0.6203338223988113,1.564343946151099,-0.6028134919579167,1.3766151727467455,-0.6458900605160637,-0.45678660400378157,-0.022917058228491882,-0.4480150436524002,1.3714714779595556,51.0,52.0,52.0,43.0,43.0,26.0,30.0,27.0,52.0,96.12,3975442432,1552887808,1592729600,9.65,9.04,9.18,25297891328,9402331136
2026-05-06T16:07:25.635703+02:00,0.05555311485266527,0.280524164439851,0.050561566190730836,-0.6203338223988113,1.564343946151099,-0.6028134919579167,1.3766151727467455,-0.6504348978882569,-0.45678660400378157,-0.012179192713292153,-0.46335485153125644,1.3714714779595556,51.0,52.0,52.0,43.0,43.0,26.0,30.0,27.0,52.0,96.12,3975442432,1552887808,1592729600,9.65,9.04,9.18,25297891328,9402331136
2026-05-06T16:07:25.685815+02:00,0.05555311485266527,0.280524164439851,0.050561566190730836,-0.6203338223988113,1.564343946151099,-0.6028134919579167,1.3766151727467455,-0.6625544642141056,-0.45678660400378157,-0.029052981380034204,-0.45108300522817135,1.3714714779595556,51.0,52.0,52.0,43.0,43.0,26.0,30.0,27.0,52.0,96.12,3975442432,1552887808,1592729600,9.65,9.04,9.18,25297891328,9402331136
2026-05-06T16:07:25.741235+02:00,0.05555311485266527,0.280524164439851,0.050561566190730836,-0.6203338223988113,1.564343946151099,-0.6028134919579167,1.3766151727467455,-0.6670993015862988,-0.45678660400378157,-0.02138307744060608,-0.44954902444028555,1.3714714779595556,51.0,52.0,52.0,43.0,43.0,26.0,30.0,27.0,52.0,96.12,3975442432,1552887808,1592729600,9.65,9.04,9.18,25297891328,9402331136
2026-05-06T16:07:25.796282+02:00,0.0555387212990871,0.2795491054871296,0.04880622452792573,-1.1507738917632768,1.5563001262521046,-1.127702552841438,1.3766151727467455,-0.6746740305399542,-0.45678660400378157,-0.022917058228491882,-0.44954902444028555,1.3714714779595556,51.0,52.0,52.0,43.0,43.0,26.0,30.0,27.0,52.0,96.12,3975442432,1552887808,1592729600,9.65,9.04,9.18,25297891328,9402331136
2026-05-06T16:07:25.846965+02:00,0.0555387212990871,0.2795491054871296,0.04880622452792573,-1.1507738917632768,1.5563001262521046,-1.127702552841438,1.3766151727467455,-0.6580096268419123,-0.45678660400378157,-0.02138307744060608,-0.45108300522817135,1.3714714779595556,51.0,52.0,52.0,43.0,43.0,26.0,30.0,27.0,52.0,96.12,3975442432,1552887808,1592729600,9.65,9.04,9.18,25297891328,9402331136
2026-05-06T16:07:25.901977+02:00,0.0555387212990871,0.2795491054871296,0.04880622452792573,-1.1507738917632768,1.5563001262521046,-1.127702552841438,1.3766151727467455,-0.6580096268419123,-0.45678660400378157,-0.030586962167920007,-0.44954902444028555,1.3699374971716707,51.0,52.0,52.0,43.0,43.0,26.0,30.0,27.0,52.0,96.12,3975442432,1552887808,1592729600,9.65,9.04,9.18,25297891328,9402331136
2026-05-06T16:07:25.953741+02:00,0.0555387212990871,0.2795491054871296,0.04880622452792573,-1.1507738917632768,1.5563001262521046,-1.127702552841438,1.3766151727467455,-0.6686142473770299,-0.45678660400378157,-0.013713173501177955,-0.44954902444028555,1.3699374971716707,51.0,52.0,52.0,43.0,43.0,26.0,30.0,27.0,52.0,96.12,3975442432,1552887808,1592729600,9.65,9.04,9.18,25297891328,9402331136
2026-05-06T16:07:26.008800+02:00,0.05554088120764596,0.2804447342949437,0.05096723039561414,-0.8177677654744776,1.5635535687377864,-0.7987270016723322,1.3766151727467455,-0.6458900605160637,-0.45678660400378157,-0.022917058228491882,-0.45108300522817135,1.3714714779595556,51.0,52.0,52.0,43.0,43.0,26.0,30.0,27.0,52.0,96.12,3975442432,1552887808,1592729600,9.65,9.04,9.18,25297891328,9402331136
2026-05-06T16:07:26.059448+02:00,0.05554088120764596,0.2804447342949437,0.05096723039561414,-0.8177677654744776,1.5635535687377864,-0.7987270016723322,1.3766151727467455,-0.6595245726326434,-0.45678660400378157,-0.030586962167920007,-0.4480150436524002,1.3714714779595556,51.0,52.0,52.0,43.0,43.0,26.0,30.0,27.0,52.0,96.12,3975442432,1552887808,1592729600,9.65,9.04,9.18,25297891328,9402331136
2026-05-06T16:07:26.110930+02:00,0.05554088120764596,0.2804447342949437,0.05096723039561414,-0.8177677654744776,1.5635535687377864,-0.7987270016723322,1.3766151727467455,-0.670129193167761,-0.45678660400378157,-0.012179192713292153,-0.44954902444028555,1.3714714779595556,51.0,52.0,52.0,43.0,43.0,26.0,30.0,27.0,52.0,96.12,3975442432,1552887808,1592729600,9.65,9.04,9.18,25297891328,9402331136
2026-05-06T16:07:26.165023+02:00,0.05546513014175685,0.2802807190535372,0.05053401564226105,-1.027430170815075,1.5630624012755985,-1.0113023434317658,1.3766151727467455,-0.6807338137028786,-0.45678660400378157,-0.02138307744060608,-0.45108300522817135,1.3714714779595556,51.0,52.0,52.0,43.0,43.0,26.0,30.0,27.0,52.0,96.12,3975442432,1552887808,1592729600,9.65,9.04,9.18,25297891328,9402331136
2026-05-06T16:07:26.217159+02:00,0.05546513014175685,0.2802807190535372,0.05053401564226105,-1.027430170815075,1.5630624012755985,-1.0113023434317658,1.3766151727467455,-0.6474050063067948,-0.45830154979451265,-0.022917058228491882,-0.45261698601605715,1.3714714779595556,51.0,52.0,52.0,43.0,43.0,26.0,30.0,27.0,52.0,96.12,3975442432,1552887808,1592729600,9.65,9.04,9.18,25297891328,9402331136
2026-05-06T16:07:26.272139+02:00,0.05546513014175685,0.2802807190535372,0.05053401564226105,-1.027430170815075,1.5630624012755985,-1.0113023434317658,1.3766151727467455,-0.6580096268419123,-0.4552716582130505,-0.030586962167920007,-0.4480150436524002,1.3714714779595556,51.0,52.0,52.0,43.0,43.0,26.0,30.0,27.0,52.0,96.12,3975442432,1552887808,1592729600,9.65,9.04,9.18,25297891328,9402331136
2026-05-06T16:07:26.324621+02:00,0.05546513014175685,0.2802807190535372,0.05053401564226105,-1.027430170815075,1.5630624012755985,-1.0113023434317658,1.3766151727467455,-0.6731590847492231,-0.45678660400378157,-0.015247154289063758,-0.45108300522817135,1.3714714779595556,51.0,52.0,52.0,43.0,43.0,26.0,30.0,27.0,52.0,99.25,3975442432,1563340800,1582268416,9.65,9.04,9.18,25297891328,9402331136
2026-05-06T16:07:26.379845+02:00,0.05546513014175685,0.2802807190535372,0.05053401564226105,-1.027430170815075,1.5630624012755985,-1.0113023434317658,1.3766151727467455,-0.6792188679121475,-0.45678660400378157,-0.02138307744060608,-0.45108300522817135,1.3714714779595556,51.0,52.0,52.0,43.0,43.0,26.0,30.0,27.0,52.0,99.25,3975442432,1563340800,1582268416,9.65,9.04,9.18,25297891328,9402331136
2026-05-06T16:07:26.435400+02:00,0.055458311607668904,0.27979413623804084,0.04965638513280547,-1.2057470906303047,1.5586330019620898,-1.1868472740866647,1.3766151727467455,-0.651949843678988,-0.45678660400378157,-0.016781135076949116,-0.46335485153125644,1.3714714779595556,51.0,52.0,52.0,43.0,43.0,26.0,30.0,27.0,52.0,99.25,3975442432,1563340800,1582268416,9.65,9.04,9.18,25297891328,9402331136
2026-05-06T16:07:26.485558+02:00,0.055458311607668904,0.27979413623804084,0.04965638513280547,-1.2057470906303047,1.5586330019620898,-1.1868472740866647,1.3766151727467455,-0.6580096268419123,-0.45678660400378157,-0.029052981380034204,-0.4480150436524002,1.3714714779595556,51.0,52.0,52.0,43.0,43.0,26.0,30.0,27.0,52.0,99.25,3975442432,1563340800,1582268416,9.65,9.04,9.18,25297891328,9402331136
2026-05-06T16:07:26.536706+02:00,0.055458311607668904,0.27979413623804084,0.04965638513280547,-1.2057470906303047,1.5586330019620898,-1.1868472740866647,1.3766151727467455,-0.6670993015862988,-0.45678660400378157,-0.019849096652720277,-0.45108300522817135,1.3714714779595556,51.0,52.0,52.0,43.0,43.0,26.0,30.0,27.0,52.0,99.25,3975442432,1563340800,1582268416,9.65,9.04,9.18,25297891328,9402331136
2026-05-06T16:07:26.587736+02:00,0.055458311607668904,0.27979413623804084,0.04965638513280547,-1.2057470906303047,1.5586330019620898,-1.1868472740866647,1.3766151727467455,-0.6670993015862988,-0.45678660400378157,-0.019849096652720277,-0.45108300522817135,1.3714714779595556,51.0,52.0,52.0,43.0,43.0,26.0,30.0,27.0,52.0,99.25,3975442432,1563340800,1582268416,9.65,9.04,9.18,25297891328,9402331136
2026-05-06T16:07:26.642764+02:00,0.05572025294246298,0.280459728973177,0.051387966412996644,-0.6592598968582177,1.5612235581126106,-0.6362343379247838,1.3766151727467455,-0.6534647894697191,-0.45678660400378157,-0.02138307744060608,-0.4556849475918283,1.3714714779595556,51.0,52.0,51.0,43.0,43.0,26.0,30.0,27.0,53.0,99.25,3975442432,1563340800,1582268416,9.65,9.04,9.18,25297891328,9402331136
2026-05-06T16:07:26.693497+02:00,0.05572025294246298,0.280459728973177,0.051387966412996644,-0.6592598968582177,1.5612235581126106,-0.6362343379247838,1.3766151727467455,-0.6610395184233745,-0.4552716582130505,-0.027519000592148846,-0.44954902444028555,1.3714714779595556,51.0,52.0,51.0,43.0,43.0,26.0,30.0,27.0,53.0,99.25,3975442432,1563340800,1582268416,9.65,9.04,9.18,25297891328,9402331136
2026-05-06T16:07:26.748432+02:00,0.05544366262278131,0.27948699649788417,0.049212108550533054,-1.2786789727195924,1.5556710269656315,-1.2583951063934946,1.3766151727467455,-0.6777039221214164,-0.45678660400378157,-0.02138307744060608,-0.45108300522817135,1.3714714779595556,51.0,52.0,51.0,43.0,43.0,26.0,30.0,27.0,53.0,99.25,3975442432,1563340800,1582268416,9.65,9.04,9.18,25297891328,9402331136
2026-05-06T16:07:26.795870+02:00,0.05544366262278131,0.27948699649788417,0.049212108550533054,-1.2786789727195924,1.5556710269656315,-1.2583951063934946,1.3766151727467455,-0.6458900605160637,-0.45678660400378157,-0.02138307744060608,-0.45261698601605715,1.3730054587474414,51.0,52.0,51.0,43.0,43.0,26.0,30.0,27.0,53.0,99.25,3975442432,1563340800,1582268416,9.65,9.04,9.18,25297891328,9402331136
2026-05-06T16:07:26.845859+02:00,0.05544366262278131,0.27948699649788417,0.049212108550533054,-1.2786789727195924,1.5556710269656315,-1.2583951063934946,1.3766151727467455,-0.6474050063067948,-0.45830154979451265,-0.019849096652720277,-0.4541509668039425,1.3730054587474414,51.0,52.0,51.0,43.0,43.0,26.0,30.0,27.0,53.0,99.25,3975442432,1563340800,1582268416,9.65,9.04,9.18,25297891328,9402331136
2026-05-06T16:07:26.896689+02:00,0.05544366262278131,0.27948699649788417,0.049212108550533054,-1.2786789727195924,1.5556710269656315,-1.2583951063934946,1.3766151727467455,-0.6655843557955677,-0.45678660400378157,-0.02138307744060608,-0.4556849475918283,1.3730054587474414,51.0,52.0,51.0,43.0,43.0,26.0,30.0,27.0,53.0,99.25,3975442432,1563340800,1582268416,9.65,9.04,9.18,25297891328,9402331136
2026-05-06T16:07:26.946808+02:00,0.05544366262278131,0.27948699649788417,0.049212108550533054,-1.2786789727195924,1.5556710269656315,-1.2583951063934946,1.3766151727467455,-0.6731590847492231,-0.45678660400378157,-0.012179192713292153,-0.45108300522817135,1.3730054587474414,51.0,52.0,51.0,43.0,43.0,26.0,30.0,27.0,53.0,99.25,3975442432,1563340800,1582268416,9.65,9.04,9.18,25297891328,9402331136
2026-05-06T16:07:26.997808+02:00,0.0555408812076459,0.2804447342949437,0.05096723039561414,-0.8146998038987399,1.563553568737787,-0.7987270016723567,1.3766151727467455,-0.6807338137028786,-0.45678660400378157,-0.019849096652720277,-0.45261698601605715,1.3730054587474414,51.0,52.0,51.0,43.0,43.0,26.0,30.0,27.0,53.0,99.25,3975442432,1563340800,1582268416,9.65,9.04,9.18,25297891328,9402331136
2026-05-06T16:07:27.047897+02:00,0.0555408812076459,0.2804447342949437,0.05096723039561414,-0.8146998038987399,1.563553568737787,-0.7987270016723567,1.3766151727467455,-0.6458900605160637,-0.45678660400378157,-0.02445103901637724,-0.45261698601605715,1.3730054587474414,51.0,52.0,51.0,43.0,43.0,26.0,30.0,27.0,53.0,99.25,3975442432,1563340800,1582268416,9.65,9.04,9.18,25297891328,9402331136
2026-05-06T16:07:27.098021+02:00,0.0555408812076459,0.2804447342949437,0.05096723039561414,-0.8146998038987399,1.563553568737787,-0.7987270016723567,1.3766151727467455,-0.6595245726326434,-0.45678660400378157,-0.029052981380034204,-0.4480150436524002,1.3730054587474414,51.0,52.0,51.0,43.0,43.0,26.0,30.0,27.0,53.0,99.25,3975442432,1563340800,1582268416,9.65,9.04,9.18,25297891328,9402331136
2026-05-06T16:07:27.148712+02:00,0.0555408812076459,0.2804447342949437,0.05096723039561414,-0.8146998038987399,1.563553568737787,-0.7987270016723567,1.3766151727467455,-0.6761889763306853,-0.45678660400378157,-0.01831511586483492,-0.45261698601605715,1.3730054587474414,51.0,52.0,51.0,43.0,43.0,26.0,30.0,27.0,53.0,99.25,3975442432,1563340800,1582268416,9.65,9.04,9.18,25297891328,9402331136
2026-05-06T16:07:27.203712+02:00,0.05618232093526648,0.2815132521215927,0.05358951975343802,0.2612575749092979,1.5565707263230297,0.2910126303650156,1.3766151727467455,-0.6458900605160637,-0.45830154979451265,-0.022917058228491882,-0.45261698601605715,1.3730054587474414,51.0,52.0,51.0,43.0,43.0,26.0,30.0,27.0,53.0,99.25,3975442432,1563340800,1582268416,9.65,9.04,9.18,25297891328,9402331136
2026-05-06T16:07:27.254835+02:00,0.05618232093526648,0.2815132521215927,0.05358951975343802,0.2612575749092979,1.5565707263230297,0.2910126303650156,1.3766151727467455,-0.6549797352604502,-0.45678660400378157,-0.022917058228491882,-0.4541509668039425,1.3730054587474414,51.0,52.0,51.0,43.0,43.0,26.0,30.0,27.0,53.0,99.25,3975442432,1563340800,1582268416,9.65,9.04,9.18,25297891328,9402331136
2026-05-06T16:07:27.305703+02:00,0.05618232093526648,0.2815132521215927,0.05358951975343802,0.2612575749092979,1.5565707263230297,0.2910126303650156,1.3766151727467455,-0.670129193167761,-0.45678660400378157,-0.010645211925406795,-0.45108300522817135,1.3730054587474414,51.0,52.0,51.0,43.0,43.0,26.0,30.0,27.0,53.0,99.25,3975442432,1563340800,1582268416,9.65,9.04,9.18,25297891328,9402331136
2026-05-06T16:07:27.355743+02:00,0.05618232093526648,0.2815132521215927,0.05358951975343802,0.2612575749092979,1.5565707263230297,0.2910126303650156,1.3766151727467455,-0.6777039221214164,-0.45678660400378157,-0.01831511586483492,-0.45261698601605715,1.3730054587474414,51.0,52.0,51.0,43.0,43.0,26.0,30.0,27.0,53.0,99.25,3975442432,1563340800,1582268416,9.65,9.04,9.18,25297891328,9402331136
2026-05-06T16:07:27.406686+02:00,0.05529768363296411,0.2796437626220541,0.04922369227524849,-1.4013174392416685,1.5581863376438132,-1.3881000203807023,1.3766151727467455,-0.6792188679121475,-0.45678660400378157,-0.02138307744060608,-0.4541509668039425,1.3730054587474414,51.0,52.0,51.0,43.0,43.0,26.0,30.0,27.0,53.0,99.23,3975442432,1586515968,1559052288,9.65,9.04,9.18,25297891328,9402351616
2026-05-06T16:07:27.457808+02:00,0.05529768363296411,0.2796437626220541,0.04922369227524849,-1.4013174392416685,1.5581863376438132,-1.3881000203807023,1.3766151727467455,-0.6458900605160637,-0.45830154979451265,-0.02445103901637724,-0.4679567938949134,1.3730054587474414,51.0,52.0,51.0,43.0,43.0,26.0,30.0,27.0,53.0,99.23,3975442432,1586515968,1559052288,9.65,9.04,9.18,25297891328,9402351616
2026-05-06T16:07:27.509723+02:00,0.05529768363296411,0.2796437626220541,0.04922369227524849,-1.4013174392416685,1.5581863376438132,-1.3881000203807023,1.3766151727467455,-0.6489199520975258,-0.45830154979451265,-0.01831511586483492,-0.4802286401979985,1.3730054587474414,51.0,52.0,51.0,43.0,43.0,26.0,30.0,27.0,53.0,99.23,3975442432,1586515968,1559052288,9.65,9.04,9.18,25297891328,9402351616
2026-05-06T16:07:27.560313+02:00,0.05529768363296411,0.2796437626220541,0.04922369227524849,-1.4013174392416685,1.5581863376438132,-1.3881000203807023,1.3766151727467455,-0.6534647894697191,-0.45830154979451265,-0.016781135076949116,-0.48636456334954126,1.3730054587474414,51.0,52.0,51.0,43.0,43.0,26.0,30.0,27.0,53.0,99.23,3975442432,1586515968,1559052288,9.65,9.04,9.18,25297891328,9402351616
2026-05-06T16:07:27.612100+02:00,0.05561253532817822,0.27944966509573993,0.05527016489757912,-1.2882716121390174,1.5502289084271863,-1.2655928098940112,1.3766151727467455,-0.6549797352604502,-0.45830154979451265,-0.01831511586483492,-0.4894325249253124,1.3730054587474414,51.0,52.0,51.0,43.0,43.0,26.0,30.0,27.0,53.0,99.23,3975442432,1586515968,1559052288,9.65,9.04,9.18,25297891328,9402351616
2026-05-06T16:07:27.664276+02:00,0.05561253532817822,0.27944966509573993,0.05527016489757912,-1.2882716121390174,1.5502289084271863,-1.2655928098940112,1.3766151727467455,-0.6549797352604502,-0.45830154979451265,-0.01831511586483492,-0.4894325249253124,1.3730054587474414,51.0,52.0,51.0,43.0,43.0,26.0,30.0,27.0,53.0,99.23,3975442432,1586515968,1559052288,9.65,9.04,9.18,25297891328,9402351616
2026-05-06T16:07:27.718901+02:00,0.05561253532817822,0.27944966509573993,0.05527016489757912,-1.2882716121390174,1.5502289084271863,-1.2655928098940112,1.3766151727467455,-0.6458900605160637,-0.45830154979451265,-0.01831511586483492,-0.5109082559557114,1.3730054587474414,51.0,52.0,51.0,43.0,43.0,26.0,30.0,27.0,53.0,99.23,3975442432,1586515968,1559052288,9.65,9.04,9.18,25297891328,9402351616
2026-05-06T16:07:27.773897+02:00,0.05561253532817822,0.27944966509573993,0.05527016489757912,-1.2882716121390174,1.5502289084271863,-1.2655928098940112,1.3766151727467455,-0.6368003857716772,-0.45981649558524373,-0.019849096652720277,-0.5231801022587965,1.3730054587474414,51.0,52.0,51.0,43.0,43.0,26.0,30.0,27.0,53.0,99.23,3975442432,1586515968,1559052288,9.65,9.04,9.18,25297891328,9402351616
2026-05-06T16:07:27.824846+02:00,0.055155406925246044,0.27701031440967605,0.059066707028347765,-1.5859163050041265,1.5208865915308003,-1.5648694577645041,1.3766151727467455,-0.6201359820736353,-0.4613314413759748,-0.019849096652720277,-0.5615296219559376,1.3730054587474414,51.0,52.0,51.0,43.0,43.0,26.0,30.0,27.0,53.0,99.23,3975442432,1586515968,1559052288,9.65,9.04,9.18,25297891328,9402351616
2026-05-06T16:07:27.876196+02:00,0.055155406925246044,0.27701031440967605,0.059066707028347765,-1.5859163050041265,1.5208865915308003,-1.5648694577645041,1.3766151727467455,-0.6080164157477866,-0.4613314413759748,-0.019849096652720277,-0.5707335066832515,1.3730054587474414,51.0,52.0,51.0,43.0,43.0,26.0,30.0,27.0,53.0,99.23,3975442432,1586515968,1559052288,9.65,9.04,9.18,25297891328,9402351616
2026-05-06T16:07:27.926769+02:00,0.055155406925246044,0.27701031440967605,0.059066707028347765,-1.5859163050041265,1.5208865915308003,-1.5648694577645041,1.3766151727467455,-0.5868071746775517,-0.4613314413759748,-0.01831511586483492,-0.5784034106226796,1.3730054587474414,51.0,52.0,51.0,43.0,43.0,26.0,30.0,27.0,53.0,99.23,3975442432,1586515968,1559052288,9.65,9.04,9.18,25297891328,9402351616
2026-05-06T16:07:27.977682+02:00,0.055155406925246044,0.27701031440967605,0.059066707028347765,-1.5859163050041265,1.5208865915308003,-1.5648694577645041,1.3766151727467455,-0.5777174999331652,-0.4613314413759748,-0.01831511586483492,-0.5814713721984508,1.3730054587474414,51.0,52.0,51.0,43.0,43.0,26.0,30.0,27.0,53.0,99.23,3975442432,1586515968,1559052288,9.65,9.04,9.18,25297891328,9402351616
2026-05-06T16:07:28.028350+02:00,0.055294563029951185,0.2775659882641897,0.07525419588066407,-1.5841467193590286,1.520141312796324,-1.564981604206249,1.3781370998544848,-0.5686278251887787,-0.4613314413759748,-0.016781135076949116,-0.5906752569257647,1.3730054587474414,51.0,52.0,51.0,43.0,43.0,26.0,30.0,27.0,53.0,99.23,3975442432,1586515968,1559052288,9.65,9.04,9.18,25297891328,9402351616
2026-05-06T16:07:28.078573+02:00,0.055294563029951185,0.2775659882641897,0.07525419588066407,-1.5841467193590286,1.520141312796324,-1.564981604206249,1.3781370998544848,-0.5519634214907368,-0.4613314413759748,-0.016781135076949116,-0.601413122440964,1.3730054587474414,51.0,52.0,51.0,43.0,43.0,26.0,30.0,27.0,53.0,99.23,3975442432,1586515968,1559052288,9.65,9.04,9.18,25297891328,9402351616
2026-05-06T16:07:28.131751+02:00,0.055294563029951185,0.2775659882641897,0.07525419588066407,-1.5841467193590286,1.520141312796324,-1.564981604206249,1.3781370998544848,-0.5398438551648882,-0.4628463871667059,-0.016781135076949116,-0.6121509879561637,1.3730054587474414,51.0,52.0,51.0,43.0,43.0,26.0,30.0,27.0,53.0,99.23,3975442432,1586515968,1559052288,9.65,9.04,9.18,25297891328,9402351616
2026-05-06T16:07:28.186492+02:00,0.055294563029951185,0.2775659882641897,0.07525419588066407,-1.5841467193590286,1.520141312796324,-1.564981604206249,1.3781370998544848,-0.5398438551648882,-0.4628463871667059,-0.016781135076949116,-0.6121509879561637,1.3730054587474414,51.0,52.0,51.0,43.0,43.0,26.0,30.0,27.0,53.0,99.23,3975442432,1586515968,1559052288,9.65,9.04,9.18,25297891328,9402351616
2026-05-06T16:07:28.237088+02:00,0.05500927499390323,0.27818995740926417,0.08433554926132307,-1.534249752360502,1.5286501322021822,-1.513835357223195,1.3781370998544848,-0.5246943972575774,-0.4628463871667059,-0.015247154289063758,-0.622888853471363,1.3730054587474414,51.0,52.0,51.0,43.0,43.0,26.0,30.0,27.0,53.0,99.23,3975442432,1586515968,1559052288,9.65,9.04,9.18,25297891328,9402351616
2026-05-06T16:07:28.289132+02:00,0.05500927499390323,0.27818995740926417,0.08433554926132307,-1.534249752360502,1.5286501322021822,-1.513835357223195,1.3781370998544848,-0.5201495598853841,-0.4628463871667059,-0.01831511586483492,-0.6259568150471346,1.3730054587474414,51.0,52.0,51.0,43.0,43.0,26.0,30.0,27.0,53.0,97.66,3975442432,1589444608,1556111360,9.65,9.04,9.18,25297891328,9402351616
2026-05-06T16:07:28.341136+02:00,0.05500927499390323,0.27818995740926417,0.08433554926132307,-1.534249752360502,1.5286501322021822,-1.513835357223195,1.3781370998544848,-0.5140897767224598,-0.4628463871667059,-0.016781135076949116,-0.6305587574107911,1.3730054587474414,51.0,52.0,51.0,43.0,43.0,26.0,30.0,27.0,53.0,97.66,3975442432,1589444608,1556111360,9.65,9.04,9.18,25297891328,9402351616
2026-05-06T16:07:28.396630+02:00,0.0550149770496043,0.2783697284267379,0.0927736251200966,-1.5184633071549056,1.5328527763995659,-1.499595897158713,1.3781370998544848,-0.5125748309317287,-0.4628463871667059,-0.01831511586483492,-0.632092738198677,1.3730054587474414,51.0,52.0,51.0,43.0,43.0,26.0,30.0,27.0,53.0,97.66,3975442432,1589444608,1556111360,9.65,9.04,9.18,25297891328,9402351616
2026-05-06T16:07:28.447027+02:00,0.0550149770496043,0.2783697284267379,0.0927736251200966,-1.5184633071549056,1.5328527763995659,-1.499595897158713,1.3781370998544848,-0.5110598851409976,-0.4628463871667059,-0.016781135076949116,-0.632092738198677,1.3730054587474414,51.0,52.0,51.0,43.0,43.0,26.0,30.0,27.0,53.0,97.66,3975442432,1589444608,1556111360,9.65,9.04,9.18,25297891328,9402351616
2026-05-06T16:07:28.497037+02:00,0.0550149770496043,0.2783697284267379,0.0927736251200966,-1.5184633071549056,1.5328527763995659,-1.499595897158713,1.3781370998544848,-0.5110598851409976,-0.4628463871667059,-0.015247154289063758,-0.632092738198677,1.3730054587474414,51.0,52.0,51.0,43.0,43.0,26.0,30.0,27.0,53.0,97.66,3975442432,1589444608,1556111360,9.65,9.04,9.18,25297891328,9402351616
2026-05-06T16:07:28.548992+02:00,0.0550149770496043,0.2783697284267379,0.0927736251200966,-1.5184633071549056,1.5328527763995659,-1.499595897158713,1.3781370998544848,-0.5110598851409976,-0.4628463871667059,-0.01831511586483492,-0.632092738198677,1.3730054587474414,51.0,52.0,51.0,43.0,43.0,26.0,30.0,27.0,53.0,97.66,3975442432,1589444608,1556111360,9.65,9.04,9.18,25297891328,9402351616
2026-05-06T16:07:28.602689+02:00,0.05497177457317827,0.2784725018095014,0.0936233489617061,-1.5300900053357946,1.5345134487951353,-1.5124984106853392,1.3781370998544848,-0.5110598851409976,-0.4628463871667059,-0.016781135076949116,-0.632092738198677,1.3730054587474414,51.0,52.0,51.0,43.0,43.0,26.0,30.0,27.0,53.0,97.66,3975442432,1589444608,1556111360,9.65,9.04,9.18,25297891328,9402351616
2026-05-06T16:07:28.654052+02:00,0.05497177457317827,0.2784725018095014,0.0936233489617061,-1.5300900053357946,1.5345134487951353,-1.5124984106853392,1.3781370998544848,-0.5110598851409976,-0.4628463871667059,-0.016781135076949116,-0.632092738198677,1.3730054587474414,51.0,52.0,51.0,43.0,43.0,26.0,30.0,27.0,53.0,97.66,3975442432,1589444608,1556111360,9.65,9.04,9.18,25297891328,9402351616
2026-05-06T16:07:28.708637+02:00,0.05497177457317827,0.2784725018095014,0.0936233489617061,-1.5300900053357946,1.5345134487951353,-1.5124984106853392,1.3781370998544848,-0.5110598851409976,-0.4628463871667059,-0.016781135076949116,-0.632092738198677,1.3730054587474414,51.0,52.0,51.0,43.0,43.0,26.0,30.0,27.0,53.0,97.66,3975442432,1589444608,1556111360,9.65,9.04,9.18,25297891328,9402351616
2026-05-06T16:07:28.760774+02:00,0.05579591390600036,0.2781779559815904,0.09361376580930984,-1.53967923641797,1.5330211511566358,-1.5251380711003986,1.370527464315789,-0.5110598851409976,-0.45981649558524373,-0.015247154289063758,-0.6351606997744481,1.3607336124443568,51.0,52.0,51.0,43.0,43.0,26.0,30.0,27.0,53.0,97.66,3975442432,1589444608,1556111360,9.65,9.04,9.18,25297891328,9402351616
2026-05-06T16:07:28.814119+02:00,0.05579591390600036,0.2781779559815904,0.09361376580930984,-1.53967923641797,1.5330211511566358,-1.5251380711003986,1.362917828777094,-0.5095449393502666,-0.45678660400378157,-0.013713173501177955,-0.6412966229259909,1.3484617661412712,51.0,52.0,51.0,43.0,43.0,26.0,30.0,27.0,53.0,97.66,3975442432,1589444608,1556111360,9.65,9.04,9.18,25297891328,9402351616
2026-05-06T16:07:28.869148+02:00,0.05579591390600036,0.2781779559815904,0.09361376580930984,-1.53967923641797,1.5330211511566358,-1.5251380711003986,1.3507424119151819,-0.5080299935595355,-0.4537567124223194,-0.012179192713292153,-0.6520344884411902,1.323918073535101,51.0,52.0,51.0,43.0,43.0,26.0,30.0,27.0,53.0,97.66,3975442432,1589444608,1556111360,9.65,9.04,9.18,25297891328,9402351616
2026-05-06T16:07:28.920692+02:00,0.05579591390600036,0.2781779559815904,0.09361376580930984,-1.53967923641797,1.5330211511566358,-1.5251380711003986,1.3416108492687475,-0.5065150477688044,-0.4492118750501263,-0.009111231137520992,-0.6597043923806187,1.3024423425047025,51.0,52.0,51.0,43.0,43.0,26.0,30.0,27.0,53.0,97.66,3975442432,1589444608,1556111360,9.65,9.04,9.18,25297891328,9402351616
2026-05-06T16:07:28.971772+02:00,0.06357233409047894,0.27782905077943726,0.09611761057821736,-1.6600088742475578,1.527155764701006,-1.6233316921801182,1.3309573595145738,-0.5050001019780733,-0.44466703767793303,-0.0075772503496351895,-0.665840315532161,1.2778986498985323,51.0,52.0,51.0,43.0,43.0,26.0,30.0,27.0,53.0,97.66,3975442432,1589444608,1556111360,9.65,9.04,9.18,25297891328,9402351616
2026-05-06T16:07:29.023032+02:00,0.06357233409047894,0.27782905077943726,0.09611761057821736,-1.6600088742475578,1.527155764701006,-1.6233316921801182,1.3172600155449223,-0.5034851561873422,-0.4401222003057398,-0.004509288773864029,-0.6796461426231319,1.2456850533529331,51.0,52.0,51.0,43.0,43.0,26.0,30.0,27.0,53.0,97.66,3975442432,1589444608,1556111360,9.65,9.04,9.18,25297891328,9402351616
2026-05-06T16:07:29.073218+02:00,0.06357233409047894,0.27782905077943726,0.09611761057821736,-1.6600088742475578,1.527155764701006,-1.6233316921801182,1.3096503800062274,-0.5034851561873422,-0.4370923087242776,-0.002975307985978226,-0.6827141041989031,1.2364811686256192,51.0,52.0,51.0,43.0,43.0,26.0,30.0,27.0,53.0,97.66,3975442432,1589444608,1556111360,9.65,9.04,9.18,25297891328,9402351616
2026-05-06T16:07:29.123760+02:00,0.06357233409047894,0.27782905077943726,0.09611761057821736,-1.6600088742475578,1.527155764701006,-1.6233316921801182,1.2913872547133587,-0.5019702103966112,-0.4295175797706222,-0.002975307985978226,-0.696519931289874,1.202733591292135,51.0,52.0,51.0,43.0,43.0,26.0,30.0,27.0,53.0,97.66,3975442432,1589444608,1556111360,9.65,9.04,9.18,25297891328,9402351616
2026-05-06T16:07:29.178801+02:00,0.08120375384196177,0.2764210443969882,0.10240541029314504,-1.937550085670235,1.5135208003721141,-1.8400503276605513,1.2579048583430992,-0.4974253730244179,-0.4158830676540425,0.004694595953449898,-0.7241315854718153,1.1475102829282524,51.0,52.0,51.0,43.0,43.0,26.0,30.0,27.0,53.0,97.66,3975442432,1589444608,1556111360,9.65,9.04,9.18,25297891328,9402351616
2026-05-06T16:07:29.234276+02:00,0.08120375384196177,0.2764210443969882,0.10240541029314504,-1.937550085670235,1.5135208003721141,-1.8400503276605513,1.2442075143734477,-0.49591042723368683,-0.41133823028184924,0.004694595953449898,-0.7348694509870151,1.1060928016553402,51.0,52.0,51.0,43.0,43.0,26.0,30.0,27.0,53.0,97.66,3975442432,1589444608,1556111360,9.65,9.04,9.18,25297891328,9402351616
2026-05-06T16:07:29.284575+02:00,0.08120375384196177,0.2764210443969882,0.10240541029314504,-1.937550085670235,1.5135208003721141,-1.8400503276605513,1.2365978788347527,-0.49439548144295575,-0.4083083387003871,0.007762557529221059,-0.7410053741385574,1.0922869745643697,51.0,52.0,51.0,43.0,43.0,26.0,30.0,27.0,53.0,97.66,3975442432,1589444608,1556111360,9.65,9.04,9.18,25297891328,9402351616
2026-05-06T16:07:29.340131+02:00,0.08120375384196177,0.2764210443969882,0.10240541029314504,-1.937550085670235,1.5135208003721141,-1.8400503276605513,1.2198566806496225,-0.4928805356522249,-0.40224855553746286,0.009296538317106862,-0.7517432396537571,1.0539374548672282,51.0,52.0,51.0,43.0,43.0,26.0,30.0,27.0,53.0,97.66,3975442432,1589444608,1556111360,9.65,9.04,9.18,25297891328,9402351616
2026-05-06T16:07:29.391534+02:00,0.08120375384196177,0.2764210443969882,0.10240541029314504,-1.937550085670235,1.5135208003721141,-1.8400503276605513,1.178764648740668,-0.48682075248930057,-0.38709909763015204,0.016966442256534986,-0.7716849898962703,1.0017821080791163,51.0,52.0,51.0,43.0,43.0,26.0,30.0,27.0,53.0,93.33,3975442432,1589940224,1555587072,9.36,8.99,9.16,25297891328,9402372096
2026-05-06T16:07:29.446722+02:00,0.09938834416766498,0.27283708393653777,0.1086141215279651,-2.1639859178150727,1.4944778703261563,-2.00509943977781,1.1574576692323215,-0.4853058066985695,-0.37952436867649664,0.018500423044420344,-0.7870247977751266,0.9634325883819757,51.0,52.0,51.0,43.0,43.0,26.0,30.0,27.0,53.0,93.33,3975442432,1589940224,1555587072,9.36,8.99,9.16,25297891328,9402372096
2026-05-06T16:07:29.501780+02:00,0.09938834416766498,0.27283708393653777,0.1086141215279651,-2.1639859178150727,1.4944778703261563,-2.00509943977781,1.1224533457543235,-0.4822759151171073,-0.367404802350648,0.026170326983848913,-0.8238403366843823,0.8775296642603796,51.0,52.0,51.0,43.0,43.0,26.0,30.0,27.0,53.0,93.33,3975442432,1589940224,1555587072,9.36,8.99,9.16,25297891328,9402372096
2026-05-06T16:07:29.552557+02:00,0.09938834416766498,0.27283708393653777,0.1086141215279651,-2.1639859178150727,1.4944778703261563,-2.00509943977781,1.0874490222763251,-0.476216131954183,-0.35377029023406836,0.030772269347505876,-0.8407141253511243,0.8146364519570684,51.0,52.0,51.0,43.0,43.0,26.0,30.0,27.0,53.0,93.33,3975442432,1589940224,1555587072,9.36,8.99,9.16,25297891328,9402372096
2026-05-06T16:07:29.604243+02:00,0.11695751989952292,0.26907036286580144,0.11476743534025143,-2.3251740616451433,1.4887722853451,-2.1447409854181148,1.0676639698757175,-0.4747011861634519,-0.34619556128041296,0.03384023092327704,-0.8621898563815233,0.7732189706841561,51.0,52.0,51.0,43.0,43.0,26.0,30.0,27.0,53.0,93.33,3975442432,1589940224,1555587072,9.36,8.99,9.16,25297891328,9402372096
2026-05-06T16:07:29.655101+02:00,0.11695751989952292,0.26907036286580144,0.11476743534025143,-2.3251740616451433,1.4887722853451,-2.1447409854181148,1.0326596463977191,-0.47167129458198975,-0.3340759949545642,0.0369081924990482,-0.8867335489876935,0.7087917775929591,51.0,52.0,51.0,43.0,43.0,26.0,30.0,27.0,53.0,93.33,3975442432,1589940224,1555587072,9.36,8.99,9.16,25297891328,9402372096
2026-05-06T16:07:29.706074+02:00,0.11695751989952292,0.26907036286580144,0.11476743534025143,-2.3251740616451433,1.4887722853451,-2.1447409854181148,1.0326596463977191,-0.47167129458198975,-0.3340759949545642,0.0369081924990482,-0.8867335489876935,0.7087917775929591,51.0,52.0,51.0,43.0,43.0,26.0,30.0,27.0,53.0,93.33,3975442432,1589940224,1555587072,9.36,8.99,9.16,25297891328,9402372096
2026-05-06T16:07:29.756623+02:00,0.11695751989952292,0.26907036286580144,0.11476743534025143,-2.3251740616451433,1.4887722853451,-2.1447409854181148,1.0326596463977191,-0.47167129458198975,-0.3340759949545642,0.0369081924990482,-0.8867335489876935,0.7087917775929591,51.0,52.0,51.0,43.0,43.0,26.0,30.0,27.0,53.0,93.33,3975442432,1589940224,1555587072,9.36,8.99,9.16,25297891328,9402372096
2026-05-06T16:07:29.807652+02:00,0.16049524016599154,0.2509038042735156,0.13066750704801838,-2.721028017584595,1.4432674786109643,-2.4178542227594986,0.9474317283643319,-0.4656115114190654,-0.30832191651213603,0.04764605801424793,-0.92661704947272,0.5860733145621078,51.0,52.0,51.0,43.0,43.0,26.0,30.0,27.0,53.0,93.33,3975442432,1589940224,1555587072,9.36,8.99,9.16,25297891328,9402372096
2026-05-06T16:07:29.859485+02:00,0.16049524016599154,0.2509038042735156,0.13066750704801838,-2.721028017584595,1.4432674786109643,-2.4178542227594986,0.9291686030714632,-0.46258161983760326,-0.3037770791399428,0.05071401959001909,-0.9342869534121481,0.5615296219559376,51.0,52.0,51.0,43.0,43.0,26.0,30.0,27.0,53.0,93.33,3975442432,1589940224,1555587072,9.36,8.99,9.16,25297891328,9402372096
2026-05-06T16:07:29.909556+02:00,0.16049524016599154,0.2509038042735156,0.13066750704801838,-2.721028017584595,1.4432674786109643,-2.4178542227594986,0.8987300609166824,-0.4610666740468722,-0.2962023501862874,0.05224800037790445,-0.9511607420788901,0.5293160254103388,51.0,52.0,51.0,43.0,43.0,26.0,30.0,27.0,53.0,93.33,3975442432,1589940224,1555587072,9.36,8.99,9.16,25297891328,9402372096
2026-05-06T16:07:29.959895+02:00,0.18628785794748168,0.2351474339137463,0.13820951599987907,-2.9077921619486964,1.4255196260280854,-2.560132686613559,0.8804669356238137,-0.4595517282561411,-0.29165751281409413,0.05378198116579025,-0.9588306460183182,0.49863640965262634,51.0,52.0,51.0,43.0,43.0,26.0,30.0,27.0,53.0,93.33,3975442432,1589940224,1555587072,9.36,8.99,9.16,25297891328,9402372096
2026-05-06T16:07:30.010690+02:00,0.18628785794748168,0.2351474339137463,0.13820951599987907,-2.9077921619486964,1.4255196260280854,-2.560132686613559,0.8667695916541622,-0.4595517282561411,-0.28862762123263197,0.05378198116579025,-0.9618986075940898,0.4909665057131982,51.0,52.0,51.0,43.0,43.0,26.0,30.0,27.0,53.0,93.33,3975442432,1589940224,1555587072,9.36,8.99,9.16,25297891328,9402372096
2026-05-06T16:07:30.061589+02:00,0.18628785794748168,0.2351474339137463,0.13820951599987907,-2.9077921619486964,1.4255196260280854,-2.560132686613559,0.8485064663612936,-0.45803678246541,-0.2855977296511698,0.05531596195367605,-0.9665005499577464,0.47102475547068456,51.0,52.0,51.0,43.0,43.0,26.0,30.0,27.0,53.0,93.33,3975442432,1589940224,1555587072,9.36,8.99,9.16,25297891328,9402372096
2026-05-06T16:07:30.111806+02:00,0.18628785794748168,0.2351474339137463,0.13820951599987907,-2.9077921619486964,1.4255196260280854,-2.560132686613559,0.836331049499381,-0.45652183667467894,-0.28256783806970764,0.05684994274156141,-0.969568511533518,0.4587529091675995,51.0,52.0,51.0,43.0,43.0,26.0,30.0,27.0,53.0,93.33,3975442432,1589940224,1555587072,9.36,8.99,9.16,25297891328,9402372096
2026-05-06T16:07:30.162228+02:00,0.18628785794748168,0.2351474339137463,0.13820951599987907,-2.9077921619486964,1.4255196260280854,-2.560132686613559,0.8317652681761638,-0.45652183667467894,-0.28256783806970764,0.05838392352944721,-0.9741704538971754,0.45108300522817135,51.0,52.0,51.0,43.0,43.0,26.0,30.0,27.0,53.0,93.33,3975442432,1589940224,1555587072,9.36,8.99,9.16,25297891328,9402372096
2026-05-06T16:07:30.215939+02:00,0.19943558590082996,0.22623426787456943,0.14149214139115976,-2.9780381033516217,1.4259456425821013,-2.635859946344102,0.8226337055297295,-0.45652183667467894,-0.28105289227897656,0.05838392352944721,-0.9787723962608319,0.4434131012887432,51.0,52.0,51.0,43.0,43.0,26.0,30.0,27.0,53.0,93.33,3975442432,1589940224,1555587072,9.36,8.99,9.16,25297891328,9402372096
2026-05-06T16:07:30.269510+02:00,0.19943558590082996,0.22623426787456943,0.14149214139115976,-2.9780381033516217,1.4259456425821013,-2.635859946344102,0.8226337055297295,-0.45652183667467894,-0.28105289227897656,0.05838392352944721,-0.9787723962608319,0.4418791205008574,51.0,52.0,51.0,43.0,43.0,26.0,30.0,27.0,53.0,93.33,3975442432,1589940224,1555587072,9.36,8.99,9.16,25297891328,9402372096
2026-05-06T16:07:30.323324+02:00,0.19943558590082996,0.22623426787456943,0.14149214139115976,-2.9780381033516217,1.4259456425821013,-2.635859946344102,0.8226337055297295,-0.45652183667467894,-0.28105289227897656,0.05838392352944721,-0.9787723962608319,0.4418791205008574,51.0,52.0,51.0,43.0,43.0,26.0,30.0,27.0,53.0,96.15,3975442432,1552662528,1592864768,9.36,8.99,9.16,25297891328,9402380288
2026-05-06T16:07:30.376490+02:00,0.20212648101225705,0.2232477892050245,0.14181340219095553,-2.9877875268943392,1.4181999802200478,-2.643151978165166,0.8226337055297295,-0.45652183667467894,-0.28105289227897656,0.05838392352944721,-0.9803063770487177,0.4418791205008574,51.0,52.0,51.0,43.0,43.0,26.0,30.0,27.0,53.0,96.15,3975442432,1552662528,1592864768,9.36,8.99,9.16,25297891328,9402380288
2026-05-06T16:07:30.427506+02:00,0.20212648101225705,0.2232477892050245,0.14181340219095553,-2.9877875268943392,1.4181999802200478,-2.643151978165166,0.8226337055297295,-0.45652183667467894,-0.28105289227897656,0.05838392352944721,-0.9803063770487177,0.4418791205008574,51.0,52.0,51.0,43.0,43.0,26.0,30.0,27.0,53.0,96.15,3975442432,1552662528,1592864768,9.36,8.99,9.16,25297891328,9402380288
2026-05-06T16:07:30.480895+02:00,0.20212648101225705,0.2232477892050245,0.14181340219095553,-2.9877875268943392,1.4181999802200478,-2.643151978165166,0.8226337055297295,-0.45652183667467894,-0.28105289227897656,0.05838392352944721,-0.9803063770487177,0.4418791205008574,51.0,52.0,51.0,43.0,43.0,26.0,30.0,27.0,53.0,96.15,3975442432,1552662528,1592864768,9.36,8.99,9.16,25297891328,9402380288
2026-05-06T16:07:30.535680+02:00,0.20212648101225705,0.2232477892050245,0.14181340219095553,-2.9877875268943392,1.4181999802200478,-2.643151978165166,0.8226337055297295,-0.45652183667467894,-0.28105289227897656,0.05838392352944721,-0.9803063770487177,0.4418791205008574,51.0,52.0,51.0,43.0,43.0,26.0,30.0,27.0,53.0,96.15,3975442432,1552662528,1592864768,9.36,8.99,9.16,25297891328,9402380288
2026-05-06T16:07:30.590842+02:00,0.20203569581082845,0.22315709062113936,0.14181807662057375,-2.9849809080776253,1.4167285988139624,-2.6403120410341354,0.8226337055297295,-0.4610666740468722,-0.28105289227897656,0.05838392352944721,-0.9787723962608319,0.4418791205008574,51.0,52.0,51.0,43.0,43.0,26.0,30.0,27.0,53.0,96.15,3975442432,1552662528,1592864768,9.36,8.99,9.16,25297891328,9402380288
2026-05-06T16:07:30.645859+02:00,0.20203569581082845,0.22315709062113936,0.14181807662057375,-2.9849809080776253,1.4167285988139624,-2.6403120410341354,0.8226337055297295,-0.4610666740468722,-0.28256783806970764,0.05838392352944721,-0.9772384154729461,0.4418791205008574,51.0,52.0,51.0,43.0,43.0,26.0,30.0,27.0,53.0,96.15,3975442432,1552662528,1592864768,9.36,8.99,9.16,25297891328,9402380288
2026-05-06T16:07:30.697340+02:00,0.20203569581082845,0.22315709062113936,0.14181807662057375,-2.9849809080776253,1.4167285988139624,-2.6403120410341354,0.8226337055297295,-0.4656115114190654,-0.2840827838604387,0.05838392352944721,-0.9680345307456322,0.4418791205008574,51.0,52.0,51.0,43.0,43.0,26.0,30.0,28.0,52.0,96.15,3975442432,1552662528,1592864768,9.36,8.99,9.16,25297891328,9402380288
2026-05-06T16:07:30.752423+02:00,0.20203569581082845,0.22315709062113936,0.14181807662057375,-2.9849809080776253,1.4167285988139624,-2.6403120410341354,0.8226337055297295,-0.47015634879125867,-0.2840827838604387,0.059917904317333015,-0.9634325883819757,0.4418791205008574,51.0,52.0,51.0,43.0,43.0,26.0,30.0,28.0,52.0,96.15,3975442432,1552662528,1592864768,9.36,8.99,9.16,25297891328,9402380288
2026-05-06T16:07:30.807443+02:00,0.20203569581082845,0.22315709062113936,0.14181807662057375,-2.9849809080776253,1.4167285988139624,-2.6403120410341354,0.8226337055297295,-0.47015634879125867,-0.2840827838604387,0.059917904317333015,-0.9634325883819757,0.4418791205008574,51.0,52.0,51.0,43.0,43.0,26.0,30.0,28.0,52.0,96.15,3975442432,1552662528,1592864768,9.36,8.99,9.16,25297891328,9402380288
2026-05-06T16:07:30.862534+02:00,0.20215212080490122,0.22321805174330092,0.13708807285670208,-2.975815308597303,1.4141606602092136,-2.6318484851459276,0.8226337055297295,-0.4837908609078384,-0.2871126754419009,0.059917904317333015,-0.9465587997152336,0.4418791205008574,51.0,52.0,51.0,43.0,43.0,26.0,30.0,28.0,52.0,96.15,3975442432,1552662528,1592864768,9.36,8.99,9.16,25297891328,9402380288
2026-05-06T16:07:30.917524+02:00,0.20215212080490122,0.22321805174330092,0.13708807285670208,-2.975815308597303,1.4141606602092136,-2.6318484851459276,0.8226337055297295,-0.49439548144295575,-0.29014256702336305,0.06145188510521837,-0.9327529726242623,0.4418791205008574,51.0,52.0,51.0,43.0,43.0,26.0,30.0,28.0,52.0,96.15,3975442432,1552662528,1592864768,9.36,8.99,9.16,25297891328,9402380288
2026-05-06T16:07:30.969327+02:00,0.2024015083796164,0.22361661915725162,0.12900565333952602,-2.9852110419430327,1.415616994854789,-2.644583326307444,0.8226337055297295,-0.5004552646058801,-0.2931724586048252,0.06145188510521837,-0.9235490878969492,0.4418791205008574,51.0,52.0,51.0,43.0,43.0,26.0,30.0,28.0,52.0,96.15,3975442432,1552662528,1592864768,9.36,8.99,9.16,25297891328,9402380288
2026-05-06T16:07:31.024398+02:00,0.2024015083796164,0.22361661915725162,0.12900565333952602,-2.9852110419430327,1.415616994854789,-2.644583326307444,0.8226337055297295,-0.5095449393502666,-0.2962023501862874,0.06298586589310418,-0.9112772415938637,0.43881115892508626,51.0,52.0,51.0,43.0,43.0,26.0,30.0,28.0,52.0,96.15,3975442432,1552662528,1592864768,9.36,8.99,9.16,25297891328,9402380288
2026-05-06T16:07:31.079472+02:00,0.2024015083796164,0.22361661915725162,0.12900565333952602,-2.9852110419430327,1.415616994854789,-2.644583326307444,0.8226337055297295,-0.5186346140946531,-0.29771729597701846,0.06451984668098998,-0.8928694721392358,0.43881115892508626,51.0,52.0,51.0,43.0,43.0,26.0,30.0,28.0,52.0,96.15,3975442432,1552662528,1592864768,9.36,8.99,9.16,25297891328,9402380288
2026-05-06T16:07:31.130494+02:00,0.2024015083796164,0.22361661915725162,0.12900565333952602,-2.9852110419430327,1.415616994854789,-2.644583326307444,0.8226337055297295,-0.5337840720019639,-0.3022621333492117,0.06451984668098998,-0.874461702684608,0.4326752357735435,51.0,52.0,51.0,43.0,43.0,26.0,30.0,28.0,52.0,96.15,3975442432,1552662528,1592864768,9.36,8.99,9.16,25297891328,9402380288
2026-05-06T16:07:31.180705+02:00,0.20281301742233132,0.22403075601844838,0.11593340765806079,-3.008268605850627,1.423440571455266,-2.6644144391652724,0.8226337055297295,-0.5383289093741571,-0.3022621333492117,0.06451984668098998,-0.8713937411088373,0.4326752357735435,51.0,52.0,51.0,43.0,43.0,26.0,30.0,28.0,52.0,96.15,3975442432,1552662528,1592864768,9.36,8.99,9.16,25297891328,9402380288
2026-05-06T16:07:31.232207+02:00,0.20281301742233132,0.22403075601844838,0.11593340765806079,-3.008268605850627,1.423440571455266,-2.6644144391652724,0.8226337055297295,-0.5565082588629301,-0.30680697072140495,0.06605382746887534,-0.8545199524420948,0.43114125498565814,51.0,52.0,51.0,43.0,43.0,26.0,30.0,28.0,52.0,96.15,3975442432,1552662528,1592864768,9.36,8.99,9.16,25297891328,9402380288
2026-05-06T16:07:31.287219+02:00,0.20281301742233132,0.22403075601844838,0.11593340765806079,-3.008268605850627,1.423440571455266,-2.6644144391652724,0.8226337055297295,-0.5595381504443923,-0.30680697072140495,0.06605382746887534,-0.8483840292905525,0.43114125498565814,51.0,52.0,51.0,43.0,43.0,26.0,30.0,28.0,52.0,96.15,3975442432,1552662528,1592864768,9.36,8.99,9.16,25297891328,9402380288
2026-05-06T16:07:31.337947+02:00,0.20281301742233132,0.22403075601844838,0.11593340765806079,-3.008268605850627,1.423440571455266,-2.6644144391652724,0.8226337055297295,-0.5716577167702409,-0.30832191651213603,0.06758780825676114,-0.8407141253511243,0.42807329340988653,51.0,52.0,51.0,43.0,43.0,26.0,30.0,28.0,52.0,96.15,3975442432,1552662528,1592864768,9.36,8.99,9.16,25297891328,9402380288
2026-05-06T16:07:31.392368+02:00,0.20251179524837257,0.22374487514506636,0.10378801942334315,-3.0028900663864038,1.418020828190842,-2.6569377956328184,0.8226337055297295,-0.5762025541424342,-0.3098368623028671,0.06758780825676114,-0.8361121829874674,0.4265393126220012,51.0,52.0,51.0,43.0,43.0,26.0,30.0,28.0,52.0,91.11,3975442432,1552023552,1593487360,9.36,8.99,9.16,25297891328,9402388480
2026-05-06T16:07:31.447591+02:00,0.20251179524837257,0.22374487514506636,0.10378801942334315,-3.0028900663864038,1.418020828190842,-2.6569377956328184,0.8226337055297295,-0.5837772830960896,-0.3113518080935982,0.06758780825676114,-0.8253743174722676,0.4250053318341154,51.0,52.0,51.0,43.0,43.0,26.0,30.0,28.0,52.0,91.11,3975442432,1552023552,1593487360,9.36,8.99,9.16,25297891328,9402388480
2026-05-06T16:07:31.500597+02:00,0.20251179524837257,0.22374487514506636,0.10378801942334315,-3.0028900663864038,1.418020828190842,-2.6569377956328184,0.8226337055297295,-0.5913520120497447,-0.3113518080935982,0.06758780825676114,-0.8177044135328395,0.4250053318341154,51.0,52.0,51.0,43.0,43.0,26.0,30.0,28.0,52.0,91.11,3975442432,1552023552,1593487360,9.36,8.99,9.16,25297891328,9402388480
2026-05-06T16:07:31.550668+02:00,0.20251179524837257,0.22374487514506636,0.10378801942334315,-3.0028900663864038,1.418020828190842,-2.6569377956328184,0.8226337055297295,-0.5943819036312069,-0.3128667538843293,0.0691217890446465,-0.8146364519570684,0.4250053318341154,51.0,52.0,51.0,43.0,43.0,26.0,30.0,28.0,52.0,91.11,3975442432,1552023552,1593487360,9.36,8.99,9.16,25297891328,9402388480
2026-05-06T16:07:31.604870+02:00,0.20179371950139138,0.222910775389272,0.09353848688255206,-2.988773595634458,1.4113210550087676,-2.640891419593487,0.8226337055297295,-0.5974117952126691,-0.3128667538843293,0.0691217890446465,-0.8146364519570684,0.42347135104623,51.0,52.0,51.0,43.0,43.0,26.0,30.0,28.0,52.0,91.11,3975442432,1552023552,1593487360,9.36,8.99,9.16,25297891328,9402388480
2026-05-06T16:07:31.656725+02:00,0.20179371950139138,0.222910775389272,0.09353848688255206,-2.988773595634458,1.4113210550087676,-2.640891419593487,0.8226337055297295,-0.6004416867941312,-0.3128667538843293,0.0691217890446465,-0.8115684903812972,0.42347135104623,51.0,52.0,51.0,43.0,43.0,26.0,30.0,28.0,52.0,91.11,3975442432,1552023552,1593487360,9.36,8.99,9.16,25297891328,9402388480
2026-05-06T16:07:31.708564+02:00,0.20179371950139138,0.222910775389272,0.09353848688255206,-2.988773595634458,1.4113210550087676,-2.640891419593487,0.8226337055297295,-0.6004416867941312,-0.3128667538843293,0.0691217890446465,-0.8115684903812972,0.42347135104623,51.0,52.0,51.0,43.0,43.0,26.0,30.0,28.0,52.0,91.11,3975442432,1552023552,1593487360,9.36,8.99,9.16,25297891328,9402388480
2026-05-06T16:07:31.763561+02:00,0.20179371950139138,0.222910775389272,0.09353848688255206,-2.988773595634458,1.4113210550087676,-2.640891419593487,0.8226337055297295,-0.6004416867941312,-0.3128667538843293,0.0691217890446465,-0.8115684903812972,0.42347135104623,51.0,52.0,51.0,43.0,43.0,26.0,30.0,28.0,52.0,91.11,3975442432,1552023552,1593487360,9.36,8.99,9.16,25297891328,9402388480
2026-05-06T16:07:31.813700+02:00,0.20179371950139138,0.222910775389272,0.09353848688255206,-2.988773595634458,1.4113210550087676,-2.640891419593487,0.8226337055297295,-0.6004416867941312,-0.3128667538843293,0.0691217890446465,-0.8115684903812972,0.42347135104623,51.0,52.0,51.0,43.0,43.0,26.0,30.0,28.0,52.0,91.11,3975442432,1552023552,1593487360,9.36,8.99,9.16,25297891328,9402388480
2026-05-06T16:07:31.868141+02:00,0.20175085558382413,0.2228446915535102,0.09216098462697046,-2.9848487803907684,1.409964899553761,-2.6371467055619773,0.8226337055297295,-0.6004416867941312,-0.3128667538843293,0.0691217890446465,-0.8115684903812972,0.42347135104623,51.0,52.0,51.0,43.0,43.0,26.0,30.0,28.0,52.0,91.11,3975442432,1552023552,1593487360,9.36,8.99,9.16,25297891328,9402388480
2026-05-06T16:07:31.918250+02:00,0.20175085558382413,0.2228446915535102,0.09216098462697046,-2.9848487803907684,1.409964899553761,-2.6371467055619773,0.8226337055297295,-0.6004416867941312,-0.3128667538843293,0.0691217890446465,-0.8115684903812972,0.42347135104623,51.0,52.0,51.0,43.0,43.0,26.0,30.0,28.0,52.0,91.11,3975442432,1552023552,1593487360,9.36,8.99,9.16,25297891328,9402388480
2026-05-06T16:07:31.969064+02:00,0.20175085558382413,0.2228446915535102,0.09216098462697046,-2.9848487803907684,1.409964899553761,-2.6371467055619773,0.8226337055297295,-0.6004416867941312,-0.3128667538843293,0.0691217890446465,-0.8115684903812972,0.42347135104623,51.0,52.0,51.0,43.0,43.0,26.0,30.0,28.0,52.0,91.11,3975442432,1552023552,1593487360,9.36,8.99,9.16,25297891328,9402388480
2026-05-06T16:07:32.019186+02:00,0.20175085558382413,0.2228446915535102,0.09216098462697046,-2.9848487803907684,1.409964899553761,-2.6371467055619773,0.8226337055297295,-0.6004416867941312,-0.3128667538843293,0.0691217890446465,-0.8115684903812972,0.42347135104623,51.0,52.0,51.0,43.0,43.0,26.0,30.0,28.0,52.0,91.11,3975442432,1552023552,1593487360,9.36,8.99,9.16,25297891328,9402388480
2026-05-06T16:07:32.072465+02:00,0.20175085558382413,0.2228446915535102,0.09216098462697046,-2.9848487803907684,1.409964899553761,-2.6371467055619773,0.8226337055297295,-0.6004416867941312,-0.3128667538843293,0.0691217890446465,-0.8115684903812972,0.42347135104623,51.0,52.0,51.0,43.0,43.0,26.0,30.0,28.0,52.0,91.11,3975442432,1552023552,1593487360,9.36,8.99,9.16,25297891328,9402388480
2026-05-06T16:07:32.123648+02:00,0.20175085558382413,0.2228446915535102,0.09216098462697046,-2.9848487803907684,1.409964899553761,-2.6371467055619773,0.8226337055297295,-0.6004416867941312,-0.3128667538843293,0.0691217890446465,-0.8115684903812972,0.42347135104623,51.0,52.0,51.0,43.0,43.0,26.0,30.0,28.0,52.0,91.11,3975442432,1552023552,1593487360,9.36,8.99,9.16,25297891328,9402388480
2026-05-06T16:07:32.178667+02:00,0.20175085558382413,0.2228446915535102,0.09216098462697046,-2.9848487803907684,1.409964899553761,-2.6371467055619773,0.8226337055297295,-0.6004416867941312,-0.3128667538843293,0.0691217890446465,-0.8115684903812972,0.42347135104623,51.0,52.0,51.0,43.0,43.0,26.0,30.0,28.0,52.0,91.11,3975442432,1552023552,1593487360,9.36,8.99,9.16,25297891328,9402388480
2026-05-06T16:07:32.229391+02:00,0.20175085558382413,0.2228446915535102,0.09216098462697046,-2.9848487803907684,1.409964899553761,-2.6371467055619773,0.8226337055297295,-0.6004416867941312,-0.3128667538843293,0.0691217890446465,-0.8115684903812972,0.42347135104623,51.0,52.0,51.0,43.0,43.0,26.0,30.0,28.0,52.0,91.11,3975442432,1552023552,1593487360,9.36,8.99,9.16,25297891328,9402388480
2026-05-06T16:07:32.279635+02:00,0.20175085558382413,0.2228446915535102,0.09216098462697046,-2.9848487803907684,1.409964899553761,-2.6371467055619773,0.8226337055297295,-0.6004416867941312,-0.3128667538843293,0.0691217890446465,-0.8115684903812972,0.42347135104623,51.0,52.0,51.0,43.0,43.0,26.0,30.0,28.0,52.0,91.11,3975442432,1552023552,1593487360,9.36,8.99,9.16,25297891328,9402388480
2026-05-06T16:07:32.329989+02:00,0.20175085558382413,0.2228446915535102,0.09216098462697046,-2.9848487803907684,1.409964899553761,-2.6371467055619773,0.8226337055297295,-0.6004416867941312,-0.3128667538843293,0.0691217890446465,-0.8115684903812972,0.42347135104623,51.0,52.0,51.0,43.0,43.0,26.0,30.0,28.0,52.0,91.11,3975442432,1552023552,1593487360,9.36,8.99,9.16,25297891328,9402388480
2026-05-06T16:07:32.381009+02:00,0.20175085558382413,0.2228446915535102,0.09216098462697046,-2.9848487803907684,1.409964899553761,-2.6371467055619773,0.8226337055297295,-0.6004416867941312,-0.3128667538843293,0.0691217890446465,-0.8115684903812972,0.42347135104623,51.0,52.0,51.0,43.0,43.0,26.0,30.0,28.0,52.0,91.11,3975442432,1552023552,1593487360,9.36,8.99,9.16,25297891328,9402388480
2026-05-06T16:07:32.431622+02:00,0.20175085558382413,0.2228446915535102,0.09216098462697046,-2.9848487803907684,1.409964899553761,-2.6371467055619773,0.8226337055297295,-0.6004416867941312,-0.3128667538843293,0.0691217890446465,-0.8115684903812972,0.42347135104623,51.0,52.0,51.0,43.0,43.0,26.0,30.0,28.0,52.0,91.11,3975442432,1552023552,1593487360,9.36,8.99,9.16,25297891328,9402388480
2026-05-06T16:07:32.483290+02:00,0.20175085558382413,0.2228446915535102,0.09216098462697046,-2.9848487803907684,1.409964899553761,-2.6371467055619773,0.8226337055297295,-0.6004416867941312,-0.3128667538843293,0.0691217890446465,-0.8115684903812972,0.42347135104623,51.0,52.0,51.0,43.0,43.0,26.0,30.0,28.0,52.0,98.46,3975442432,1552887808,1592614912,9.36,8.99,9.16,25297891328,9402400768
2026-05-06T16:07:32.534225+02:00,0.20175085558382413,0.2228446915535102,0.09216098462697046,-2.9848487803907684,1.409964899553761,-2.6371467055619773,0.8226337055297295,-0.6004416867941312,-0.3128667538843293,0.0691217890446465,-0.8115684903812972,0.42347135104623,51.0,52.0,51.0,43.0,43.0,26.0,30.0,28.0,52.0,98.46,3975442432,1552887808,1592614912,9.36,8.99,9.16,25297891328,9402400768
2026-05-06T16:07:32.584798+02:00,0.20175085558382413,0.2228446915535102,0.09216098462697046,-2.9848487803907684,1.409964899553761,-2.6371467055619773,0.8226337055297295,-0.6004416867941312,-0.3128667538843293,0.0691217890446465,-0.8115684903812972,0.42347135104623,51.0,52.0,51.0,43.0,43.0,26.0,30.0,28.0,52.0,98.46,3975442432,1552887808,1592614912,9.36,8.99,9.16,25297891328,9402400768
2026-05-06T16:07:32.635656+02:00,0.20175085558382413,0.2228446915535102,0.09216098462697046,-2.9848487803907684,1.409964899553761,-2.6371467055619773,0.8226337055297295,-0.6004416867941312,-0.3128667538843293,0.0691217890446465,-0.8115684903812972,0.42347135104623,51.0,52.0,51.0,43.0,43.0,26.0,30.0,28.0,52.0,98.46,3975442432,1552887808,1592614912,9.36,8.99,9.16,25297891328,9402400768
2026-05-06T16:07:32.690620+02:00,0.20175085558382413,0.2228446915535102,0.09216098462697046,-2.9848487803907684,1.409964899553761,-2.6371467055619773,0.8226337055297295,-0.6004416867941312,-0.3128667538843293,0.0691217890446465,-0.8115684903812972,0.42347135104623,51.0,52.0,51.0,43.0,43.0,26.0,30.0,28.0,52.0,98.46,3975442432,1552887808,1592614912,9.36,8.99,9.16,25297891328,9402400768
2026-05-06T16:07:32.745633+02:00,0.20175085558382413,0.2228446915535102,0.09216098462697046,-2.9848487803907684,1.409964899553761,-2.6371467055619773,0.8226337055297295,-0.6004416867941312,-0.3128667538843293,0.0691217890446465,-0.8115684903812972,0.42347135104623,51.0,52.0,51.0,43.0,43.0,26.0,30.0,28.0,52.0,98.46,3975442432,1552887808,1592614912,9.36,8.99,9.16,25297891328,9402400768
2026-05-06T16:07:32.800707+02:00,0.20175085558382413,0.2228446915535102,0.09216098462697046,-2.9848487803907684,1.409964899553761,-2.6371467055619773,0.8226337055297295,-0.6004416867941312,-0.3128667538843293,0.0691217890446465,-0.8115684903812972,0.42347135104623,51.0,52.0,51.0,43.0,43.0,26.0,30.0,28.0,52.0,98.46,3975442432,1552887808,1592614912,9.36,8.99,9.16,25297891328,9402400768
2026-05-06T16:07:32.855350+02:00,0.20175085558382413,0.2228446915535102,0.09216098462697046,-2.9848487803907684,1.409964899553761,-2.6371467055619773,0.8226337055297295,-0.6004416867941312,-0.3128667538843293,0.0691217890446465,-0.8115684903812972,0.42347135104623,51.0,52.0,51.0,43.0,43.0,26.0,30.0,28.0,52.0,98.46,3975442432,1552887808,1592614912,9.36,8.99,9.16,25297891328,9402400768
2026-05-06T16:07:32.910565+02:00,0.20175085558382413,0.2228446915535102,0.09216098462697046,-2.9848487803907684,1.409964899553761,-2.6371467055619773,0.8226337055297295,-0.6004416867941312,-0.3128667538843293,0.0691217890446465,-0.8115684903812972,0.42347135104623,51.0,52.0,51.0,43.0,43.0,26.0,30.0,28.0,52.0,98.46,3975442432,1552887808,1592614912,9.36,8.99,9.16,25297891328,9402400768
2026-05-06T16:07:32.962164+02:00,0.20175085558382413,0.2228446915535102,0.09216098462697046,-2.9848487803907684,1.409964899553761,-2.6371467055619773,0.8226337055297295,-0.6004416867941312,-0.3128667538843293,0.0691217890446465,-0.8115684903812972,0.42347135104623,51.0,52.0,51.0,43.0,43.0,26.0,30.0,28.0,52.0,98.46,3975442432,1552887808,1592614912,9.36,8.99,9.16,25297891328,9402400768
2026-05-06T16:07:33.012588+02:00,0.20175085558382413,0.2228446915535102,0.09216098462697046,-2.9848487803907684,1.409964899553761,-2.6371467055619773,0.8226337055297295,-0.6004416867941312,-0.3128667538843293,0.0691217890446465,-0.8115684903812972,0.42347135104623,51.0,52.0,51.0,43.0,43.0,26.0,30.0,28.0,52.0,98.46,3975442432,1552887808,1592614912,9.36,8.99,9.16,25297891328,9402400768
2026-05-06T16:07:33.064054+02:00,0.20175085558382413,0.2228446915535102,0.09216098462697046,-2.9848487803907684,1.409964899553761,-2.6371467055619773,0.8226337055297295,-0.6004416867941312,-0.3128667538843293,0.0691217890446465,-0.8115684903812972,0.42347135104623,51.0,52.0,51.0,43.0,43.0,26.0,30.0,28.0,52.0,98.46,3975442432,1552887808,1592614912,9.36,8.99,9.16,25297891328,9402400768
2026-05-06T16:07:33.117220+02:00,0.20175085558382413,0.2228446915535102,0.09216098462697046,-2.9848487803907684,1.409964899553761,-2.6371467055619773,0.8226337055297295,-0.6004416867941312,-0.3128667538843293,0.0691217890446465,-0.8115684903812972,0.42347135104623,51.0,52.0,51.0,43.0,43.0,26.0,30.0,28.0,52.0,98.46,3975442432,1552887808,1592614912,9.36,8.99,9.16,25297891328,9402400768
2026-05-06T16:07:33.169067+02:00,0.20175085558382413,0.2228446915535102,0.09216098462697046,-2.9848487803907684,1.409964899553761,-2.6371467055619773,0.8226337055297295,-0.6004416867941312,-0.3128667538843293,0.0691217890446465,-0.8115684903812972,0.42347135104623,51.0,52.0,51.0,43.0,43.0,26.0,30.0,28.0,52.0,98.46,3975442432,1552887808,1592614912,9.36,8.99,9.16,25297891328,9402400768
2026-05-06T16:07:33.224115+02:00,0.20175085558382413,0.2228446915535102,0.09216098462697046,-2.9848487803907684,1.409964899553761,-2.6371467055619773,0.8226337055297295,-0.6004416867941312,-0.3128667538843293,0.0691217890446465,-0.8115684903812972,0.42347135104623,51.0,52.0,51.0,43.0,43.0,26.0,30.0,28.0,52.0,98.46,3975442432,1552887808,1592614912,9.36,8.99,9.16,25297891328,9402400768
2026-05-06T16:07:33.279192+02:00,0.20175085558382413,0.2228446915535102,0.09216098462697046,-2.9848487803907684,1.409964899553761,-2.6371467055619773,0.8226337055297295,-0.6004416867941312,-0.3128667538843293,0.0691217890446465,-0.8115684903812972,0.42347135104623,51.0,52.0,51.0,43.0,43.0,26.0,30.0,28.0,52.0,98.46,3975442432,1552887808,1592614912,9.36,8.99,9.16,25297891328,9402400768
2026-05-06T16:07:33.329997+02:00,0.20175085558382413,0.2228446915535102,0.09216098462697046,-2.9848487803907684,1.409964899553761,-2.6371467055619773,0.8226337055297295,-0.6004416867941312,-0.3128667538843293,0.0691217890446465,-0.8115684903812972,0.42347135104623,51.0,52.0,51.0,43.0,43.0,26.0,30.0,28.0,52.0,98.46,3975442432,1552887808,1592614912,9.36,8.99,9.16,25297891328,9402400768
2026-05-06T16:07:33.380231+02:00,0.20175085558382413,0.2228446915535102,0.09216098462697046,-2.9848487803907684,1.409964899553761,-2.6371467055619773,0.8226337055297295,-0.6004416867941312,-0.3128667538843293,0.0691217890446465,-0.8115684903812972,0.42347135104623,51.0,52.0,51.0,43.0,43.0,26.0,30.0,28.0,52.0,98.46,3975442432,1552887808,1592614912,9.36,8.99,9.16,25297891328,9402400768
2026-05-06T16:07:33.431260+02:00,0.20175085558382413,0.2228446915535102,0.09216098462697046,-2.9848487803907684,1.409964899553761,-2.6371467055619773,0.8226337055297295,-0.6004416867941312,-0.3128667538843293,0.0691217890446465,-0.8115684903812972,0.42347135104623,51.0,52.0,51.0,43.0,43.0,26.0,30.0,28.0,52.0,98.45,3975442432,1551650816,1593716736,9.36,8.99,9.16,25297891328,9402400768
2026-05-06T16:07:33.486302+02:00,0.20175085558382413,0.2228446915535102,0.09216098462697046,-2.9848487803907684,1.409964899553761,-2.6371467055619773,0.8226337055297295,-0.6004416867941312,-0.3128667538843293,0.0691217890446465,-0.8115684903812972,0.42347135104623,51.0,52.0,51.0,43.0,43.0,26.0,30.0,28.0,52.0,98.45,3975442432,1551650816,1593716736,9.36,8.99,9.16,25297891328,9402400768
2026-05-06T16:07:33.537685+02:00,0.20175085558382413,0.2228446915535102,0.09216098462697046,-2.9848487803907684,1.409964899553761,-2.6371467055619773,0.8226337055297295,-0.6004416867941312,-0.3128667538843293,0.0691217890446465,-0.8115684903812972,0.42347135104623,51.0,52.0,51.0,43.0,43.0,26.0,30.0,28.0,52.0,98.45,3975442432,1551650816,1593716736,9.36,8.99,9.16,25297891328,9402400768
2026-05-06T16:07:33.592719+02:00,0.20175085558382413,0.2228446915535102,0.09216098462697046,-2.9848487803907684,1.409964899553761,-2.6371467055619773,0.8226337055297295,-0.6004416867941312,-0.3128667538843293,0.0691217890446465,-0.8115684903812972,0.42347135104623,51.0,52.0,51.0,43.0,43.0,26.0,30.0,28.0,52.0,98.45,3975442432,1551650816,1593716736,9.36,8.99,9.16,25297891328,9402400768
2026-05-06T16:07:33.645194+02:00,0.20175085558382413,0.2228446915535102,0.09216098462697046,-2.9848487803907684,1.409964899553761,-2.6371467055619773,0.8226337055297295,-0.6004416867941312,-0.3128667538843293,0.0691217890446465,-0.8115684903812972,0.42347135104623,51.0,52.0,51.0,43.0,43.0,26.0,30.0,28.0,52.0,98.45,3975442432,1551650816,1593716736,9.36,8.99,9.16,25297891328,9402400768
2026-05-06T16:07:33.696654+02:00,0.20175085558382413,0.2228446915535102,0.09216098462697046,-2.9848487803907684,1.409964899553761,-2.6371467055619773,0.8226337055297295,-0.6004416867941312,-0.3128667538843293,0.0691217890446465,-0.8115684903812972,0.42347135104623,51.0,52.0,51.0,43.0,43.0,26.0,30.0,28.0,52.0,98.45,3975442432,1551650816,1593716736,9.36,8.99,9.16,25297891328,9402400768
2026-05-06T16:07:33.749371+02:00,0.20175085558382413,0.2228446915535102,0.09216098462697046,-2.9848487803907684,1.409964899553761,-2.6371467055619773,0.8226337055297295,-0.6004416867941312,-0.3128667538843293,0.0691217890446465,-0.8115684903812972,0.42347135104623,51.0,52.0,51.0,43.0,43.0,26.0,30.0,28.0,52.0,98.45,3975442432,1551650816,1593716736,9.36,8.99,9.16,25297891328,9402400768
2026-05-06T16:07:33.800228+02:00,0.20175085558382413,0.2228446915535102,0.09216098462697046,-2.9848487803907684,1.409964899553761,-2.6371467055619773,0.8226337055297295,-0.5989267410034002,-0.3128667538843293,0.0691217890446465,-0.8115684903812972,0.42347135104623,51.0,52.0,51.0,43.0,43.0,26.0,30.0,28.0,52.0,98.45,3975442432,1551650816,1593716736,9.36,8.99,9.16,25297891328,9402400768
2026-05-06T16:07:33.853908+02:00,0.20175085558382413,0.2228446915535102,0.09216098462697046,-2.9848487803907684,1.409964899553761,-2.6371467055619773,0.8226337055297295,-0.595896849421938,-0.3113518080935982,0.0691217890446465,-0.8131024711691826,0.42347135104623,51.0,52.0,51.0,43.0,43.0,26.0,30.0,28.0,52.0,98.45,3975442432,1551650816,1593716736,9.36,8.99,9.16,25297891328,9402400768
2026-05-06T16:07:33.904662+02:00,0.20175085558382413,0.2228446915535102,0.09216098462697046,-2.9848487803907684,1.409964899553761,-2.6371467055619773,0.8226337055297295,-0.595896849421938,-0.3113518080935982,0.0691217890446465,-0.8131024711691826,0.42347135104623,51.0,52.0,51.0,43.0,43.0,26.0,30.0,28.0,52.0,98.45,3975442432,1551650816,1593716736,9.36,8.99,9.16,25297891328,9402400768
2026-05-06T16:07:33.959654+02:00,0.20268859219864563,0.2237917897250424,0.09705782603425607,-3.0005257976857274,1.4186358934051644,-2.651037984386258,0.8226337055297295,-0.5852922288868206,-0.30832191651213603,0.06758780825676114,-0.8284422790480392,0.42347135104623,51.0,52.0,51.0,43.0,43.0,26.0,30.0,28.0,52.0,98.45,3975442432,1551650816,1593716736,9.36,8.99,9.16,25297891328,9402400768
2026-05-06T16:07:34.009921+02:00,0.20268859219864563,0.2237917897250424,0.09705782603425607,-3.0005257976857274,1.4186358934051644,-2.651037984386258,0.8226337055297295,-0.5822623373053585,-0.30832191651213603,0.06758780825676114,-0.8330442214116962,0.42347135104623,51.0,52.0,51.0,43.0,43.0,26.0,30.0,28.0,52.0,98.45,3975442432,1551650816,1593716736,9.36,8.99,9.16,25297891328,9402400768
2026-05-06T16:07:34.062730+02:00,0.20268859219864563,0.2237917897250424,0.09705782603425607,-3.0005257976857274,1.4186358934051644,-2.651037984386258,0.8226337055297295,-0.5716577167702409,-0.30529202493067387,0.06758780825676114,-0.8483840292905525,0.4250053318341154,51.0,52.0,51.0,43.0,43.0,26.0,30.0,28.0,52.0,98.45,3975442432,1551650816,1593716736,9.36,8.99,9.16,25297891328,9402400768
2026-05-06T16:07:34.117811+02:00,0.20268859219864563,0.2237917897250424,0.09705782603425607,-3.0005257976857274,1.4186358934051644,-2.651037984386258,0.8226337055297295,-0.5640829878165855,-0.3037770791399428,0.06758780825676114,-0.8591218948057517,0.4250053318341154,51.0,52.0,51.0,43.0,43.0,26.0,30.0,28.0,52.0,98.45,3975442432,1551650816,1593716736,9.36,8.99,9.16,25297891328,9402400768
2026-05-06T16:07:34.172247+02:00,0.20230414616633619,0.2235871501681759,0.10389128306165538,-2.9902743499423883,1.4091386166265067,-2.6409806705749417,0.8226337055297295,-0.5565082588629301,-0.3007471875584806,0.06605382746887534,-0.8713937411088373,0.4250053318341154,51.0,52.0,51.0,43.0,43.0,26.0,30.0,28.0,52.0,98.45,3975442432,1551650816,1593716736,9.36,8.99,9.16,25297891328,9402400768
2026-05-06T16:07:34.222375+02:00,0.20230414616633619,0.2235871501681759,0.10389128306165538,-2.9902743499423883,1.4091386166265067,-2.6409806705749417,0.8226337055297295,-0.5474185841185436,-0.29771729597701846,0.06605382746887534,-0.8821316066240361,0.4250053318341154,51.0,52.0,51.0,43.0,43.0,26.0,30.0,28.0,52.0,98.45,3975442432,1551650816,1593716736,9.36,8.99,9.16,25297891328,9402400768
2026-05-06T16:07:34.272562+02:00,0.20230414616633619,0.2235871501681759,0.10389128306165538,-2.9902743499423883,1.4091386166265067,-2.6409806705749417,0.8226337055297295,-0.5398438551648882,-0.2946874043955563,0.06605382746887534,-0.8974714145028932,0.4265393126220012,51.0,52.0,51.0,43.0,43.0,26.0,30.0,28.0,52.0,98.45,3975442432,1551650816,1593716736,9.36,8.99,9.16,25297891328,9402400768
2026-05-06T16:07:34.327461+02:00,0.20230414616633619,0.2235871501681759,0.10389128306165538,-2.9902743499423883,1.4091386166265067,-2.6409806705749417,0.8226337055297295,-0.5262093430483085,-0.29165751281409413,0.06605382746887534,-0.9158791839575202,0.4265393126220012,51.0,52.0,51.0,43.0,43.0,26.0,30.0,28.0,52.0,98.45,3975442432,1551650816,1593716736,9.36,8.99,9.16,25297891328,9402400768
2026-05-06T16:07:34.379393+02:00,0.2021673891731855,0.22363381603048843,0.11694315679366919,-2.983408841879557,1.4008626640525448,-2.6321323595982316,0.8226337055297295,-0.5186346140946531,-0.29165751281409413,0.06605382746887534,-0.9250830686848341,0.4265393126220012,51.0,52.0,51.0,43.0,43.0,26.0,30.0,28.0,52.0,98.45,3975442432,1551650816,1593716736,9.36,8.99,9.16,25297891328,9402400768
2026-05-06T16:07:34.430611+02:00,0.2021673891731855,0.22363381603048843,0.11694315679366919,-2.983408841879557,1.4008626640525448,-2.6321323595982316,0.8226337055297295,-0.5095449393502666,-0.29014256702336305,0.06605382746887534,-0.9342869534121481,0.4265393126220012,51.0,52.0,51.0,43.0,43.0,26.0,30.0,28.0,52.0,98.45,3975442432,1551650816,1593716736,9.36,8.99,9.16,25297891328,9402400768
2026-05-06T16:07:34.485624+02:00,0.2021673891731855,0.22363381603048843,0.11694315679366919,-2.983408841879557,1.4008626640525448,-2.6321323595982316,0.8226337055297295,-0.498940318815149,-0.2871126754419009,0.06605382746887534,-0.9419568573515762,0.4265393126220012,51.0,52.0,51.0,43.0,43.0,26.0,30.0,28.0,52.0,92.09,3975442432,1552736256,1592610816,9.49,9.02,9.17,25297891328,9402413056
2026-05-06T16:07:34.540650+02:00,0.2021673891731855,0.22363381603048843,0.11694315679366919,-2.983408841879557,1.4008626640525448,-2.6321323595982316,0.8226337055297295,-0.4853058066985695,-0.2840827838604387,0.06605382746887534,-0.9572966652304333,0.42807329340988653,51.0,52.0,51.0,43.0,43.0,26.0,30.0,28.0,52.0,92.09,3975442432,1552736256,1592610816,9.49,9.02,9.17,25297891328,9402413056
2026-05-06T16:07:34.595672+02:00,0.20193795689900296,0.22359952759075852,0.12962702494697048,-3.003000317226473,1.4056609589243432,-2.6512022120877963,0.8226337055297295,-0.47924602353564516,-0.2840827838604387,0.06605382746887534,-0.9618986075940898,0.42807329340988653,51.0,52.0,51.0,43.0,43.0,26.0,30.0,28.0,52.0,92.09,3975442432,1552736256,1592610816,9.49,9.02,9.17,25297891328,9402413056
2026-05-06T16:07:34.645862+02:00,0.20193795689900296,0.22359952759075852,0.12962702494697048,-3.003000317226473,1.4056609589243432,-2.6512022120877963,0.8226337055297295,-0.4747011861634519,-0.28256783806970764,0.06605382746887534,-0.9665005499577464,0.42807329340988653,51.0,52.0,51.0,43.0,43.0,26.0,30.0,28.0,52.0,92.09,3975442432,1552736256,1592610816,9.49,9.02,9.17,25297891328,9402413056
2026-05-06T16:07:34.698155+02:00,0.20193795689900296,0.22359952759075852,0.12962702494697048,-3.003000317226473,1.4056609589243432,-2.6512022120877963,0.8226337055297295,-0.47167129458198975,-0.28256783806970764,0.06605382746887534,-0.9680345307456322,0.42807329340988653,51.0,52.0,52.0,43.0,43.0,26.0,30.0,27.0,52.0,92.09,3975442432,1552736256,1592610816,9.49,9.02,9.17,25297891328,9402413056
2026-05-06T16:07:34.748643+02:00,0.20193795689900296,0.22359952759075852,0.12962702494697048,-3.003000317226473,1.4056609589243432,-2.6512022120877963,0.8226337055297295,-0.46258161983760326,-0.28105289227897656,0.06298586589310418,-0.9711024923214038,0.42807329340988653,51.0,52.0,52.0,43.0,43.0,26.0,30.0,27.0,52.0,92.09,3975442432,1552736256,1592610816,9.49,9.02,9.17,25297891328,9402413056
2026-05-06T16:07:34.803728+02:00,0.2022429051575473,0.22376597372782672,0.13952086857244492,-3.0208438967557845,1.4172626278637863,-2.665628186352024,0.8226337055297295,-0.4595517282561411,-0.28105289227897656,0.06145188510521837,-0.9757044346850603,0.42807329340988653,51.0,52.0,52.0,43.0,43.0,26.0,30.0,27.0,52.0,92.09,3975442432,1552736256,1592610816,9.49,9.02,9.17,25297891328,9402413056
2026-05-06T16:07:34.855993+02:00,0.2022429051575473,0.22376597372782672,0.13952086857244492,-3.0208438967557845,1.4172626278637863,-2.665628186352024,0.8226337055297295,-0.45652183667467894,-0.28105289227897656,0.06145188510521837,-0.9818403578366035,0.42807329340988653,51.0,52.0,52.0,43.0,43.0,26.0,30.0,27.0,52.0,92.09,3975442432,1552736256,1592610816,9.49,9.02,9.17,25297891328,9402413056
2026-05-06T16:07:34.906511+02:00,0.2022429051575473,0.22376597372782672,0.13952086857244492,-3.0208438967557845,1.4172626278637863,-2.665628186352024,0.8226337055297295,-0.45652183667467894,-0.28105289227897656,0.06145188510521837,-0.9818403578366035,0.42807329340988653,51.0,52.0,52.0,43.0,43.0,26.0,30.0,27.0,52.0,92.09,3975442432,1552736256,1592610816,9.49,9.02,9.17,25297891328,9402413056
2026-05-06T16:07:34.957459+02:00,0.2022429051575473,0.22376597372782672,0.13952086857244492,-3.0208438967557845,1.4172626278637863,-2.665628186352024,0.8226337055297295,-0.45652183667467894,-0.28105289227897656,0.06145188510521837,-0.9818403578366035,0.42807329340988653,51.0,52.0,52.0,43.0,43.0,26.0,30.0,27.0,52.0,92.09,3975442432,1552736256,1592610816,9.49,9.02,9.17,25297891328,9402413056
2026-05-06T16:07:35.012503+02:00,0.20180655120634367,0.22320561827374813,0.14183165570499942,-3.009884549141822,1.4145278794967355,-2.6532717356967046,0.8226337055297295,-0.45652183667467894,-0.28105289227897656,0.06298586589310418,-0.9818403578366035,0.42807329340988653,51.0,52.0,52.0,43.0,43.0,26.0,30.0,27.0,52.0,92.09,3975442432,1552736256,1592610816,9.49,9.02,9.17,25297891328,9402413056
2026-05-06T16:07:35.067545+02:00,0.20180655120634367,0.22320561827374813,0.14183165570499942,-3.009884549141822,1.4145278794967355,-2.6532717356967046,0.8226337055297295,-0.45652183667467894,-0.28105289227897656,0.06298586589310418,-0.9818403578366035,0.42807329340988653,51.0,52.0,52.0,43.0,43.0,26.0,30.0,27.0,52.0,92.09,3975442432,1552736256,1592610816,9.49,9.02,9.17,25297891328,9402413056
2026-05-06T16:07:35.122553+02:00,0.20180655120634367,0.22320561827374813,0.14183165570499942,-3.009884549141822,1.4145278794967355,-2.6532717356967046,0.8226337055297295,-0.45652183667467894,-0.28105289227897656,0.06298586589310418,-0.9818403578366035,0.42807329340988653,51.0,52.0,52.0,43.0,43.0,26.0,30.0,27.0,52.0,92.09,3975442432,1552736256,1592610816,9.49,9.02,9.17,25297891328,9402413056
2026-05-06T16:07:35.177567+02:00,0.20180655120634367,0.22320561827374813,0.14183165570499942,-3.009884549141822,1.4145278794967355,-2.6532717356967046,0.8226337055297295,-0.45652183667467894,-0.28105289227897656,0.06145188510521837,-0.9818403578366035,0.42807329340988653,51.0,52.0,52.0,43.0,43.0,26.0,30.0,27.0,52.0,92.09,3975442432,1552736256,1592610816,9.49,9.02,9.17,25297891328,9402413056
2026-05-06T16:07:35.231713+02:00,0.20180655120634367,0.22320561827374813,0.14183165570499942,-3.009884549141822,1.4145278794967355,-2.6532717356967046,0.8226337055297295,-0.45652183667467894,-0.28105289227897656,0.06298586589310418,-0.9818403578366035,0.42807329340988653,51.0,52.0,52.0,43.0,43.0,26.0,30.0,27.0,52.0,92.09,3975442432,1552736256,1592610816,9.49,9.02,9.17,25297891328,9402413056
2026-05-06T16:07:35.284682+02:00,0.20180655120634367,0.22320561827374813,0.14183165570499942,-3.009884549141822,1.4145278794967355,-2.6532717356967046,0.8241556326374684,-0.45500689088394786,-0.28105289227897656,0.06145188510521837,-0.9818403578366035,0.42807329340988653,51.0,52.0,52.0,43.0,43.0,26.0,30.0,27.0,52.0,92.09,3975442432,1552736256,1592610816,9.49,9.02,9.17,25297891328,9402413056
2026-05-06T16:07:35.335687+02:00,0.20180655120634367,0.22320561827374813,0.14183165570499942,-3.009884549141822,1.4145278794967355,-2.6532717356967046,0.8287214139606855,-0.4519769993024857,-0.28105289227897656,0.06298586589310418,-0.9818403578366035,0.42807329340988653,51.0,52.0,52.0,43.0,43.0,26.0,30.0,27.0,52.0,92.09,3975442432,1552736256,1592610816,9.49,9.02,9.17,25297891328,9402413056
2026-05-06T16:07:35.390757+02:00,0.2011511123359384,0.2238458446648348,0.1422875065100522,-3.0131077637100434,1.4159581604572775,-2.653412179708188,0.8317652681761638,-0.44894710772102353,-0.28105289227897656,0.06298586589310418,-0.9818403578366035,0.42807329340988653,51.0,52.0,52.0,43.0,43.0,26.0,30.0,27.0,52.0,92.09,3975442432,1552736256,1592610816,9.49,9.02,9.17,25297891328,9402413056
2026-05-06T16:07:35.441598+02:00,0.2011511123359384,0.2238458446648348,0.1422875065100522,-3.0131077637100434,1.4159581604572775,-2.653412179708188,0.836331049499381,-0.44591721613956137,-0.28105289227897656,0.06298586589310418,-0.9833743386244884,0.42807329340988653,51.0,52.0,52.0,43.0,43.0,26.0,30.0,27.0,52.0,92.09,3975442432,1552736256,1592610816,9.49,9.02,9.17,25297891328,9402413056
2026-05-06T16:07:35.492944+02:00,0.2011511123359384,0.2238458446648348,0.1422875065100522,-3.0131077637100434,1.4159581604572775,-2.653412179708188,0.8408968308225981,-0.4428873245580992,-0.28105289227897656,0.06451984668098998,-0.98644230020026,0.42807329340988653,51.0,52.0,52.0,43.0,43.0,26.0,30.0,27.0,52.0,99.23,3975442432,1560547328,1584795648,9.49,9.02,9.17,25297891328,9402433536
2026-05-06T16:07:35.547978+02:00,0.2011511123359384,0.2238458446648348,0.1422875065100522,-3.0131077637100434,1.4159581604572775,-2.653412179708188,0.8500283934690325,-0.4353125956044438,-0.28105289227897656,0.06605382746887534,-0.9879762809881458,0.42807329340988653,51.0,52.0,52.0,43.0,43.0,26.0,30.0,27.0,52.0,99.23,3975442432,1560547328,1584795648,9.49,9.02,9.17,25297891328,9402433536
2026-05-06T16:07:35.598695+02:00,0.19669835394593277,0.22772465824740576,0.14687739507709596,-3.0679931697587715,1.4241051097345938,-2.693276204723069,0.8561161018999885,-0.42925281244151947,-0.28105289227897656,0.06758780825676114,-0.9895102617760316,0.42807329340988653,51.0,52.0,52.0,43.0,43.0,26.0,30.0,27.0,52.0,99.23,3975442432,1560547328,1584795648,9.49,9.02,9.17,25297891328,9402433536
2026-05-06T16:07:35.653745+02:00,0.19669835394593277,0.22772465824740576,0.14687739507709596,-3.0679931697587715,1.4241051097345938,-2.693276204723069,0.8561161018999885,-0.42925281244151947,-0.28105289227897656,0.06758780825676114,-0.9895102617760316,0.42807329340988653,51.0,52.0,52.0,43.0,43.0,26.0,30.0,27.0,52.0,99.23,3975442432,1560547328,1584795648,9.49,9.02,9.17,25297891328,9402433536
2026-05-06T16:07:35.708794+02:00,0.19669835394593277,0.22772465824740576,0.14687739507709596,-3.0679931697587715,1.4241051097345938,-2.693276204723069,0.8819888627315526,-0.4095585171620154,-0.2795379464882455,0.07679169298407507,-0.9971801657154598,0.42960727419777234,51.0,52.0,52.0,43.0,43.0,26.0,30.0,27.0,52.0,99.23,3975442432,1560547328,1584795648,9.49,9.02,9.17,25297891328,9402433536
2026-05-06T16:07:35.763821+02:00,0.19669835394593277,0.22772465824740576,0.14687739507709596,-3.0679931697587715,1.4241051097345938,-2.693276204723069,0.8880765711625087,-0.4034987339990911,-0.2795379464882455,0.07679169298407507,-1.0002481272912305,0.42960727419777234,51.0,52.0,52.0,43.0,43.0,26.0,30.0,27.0,52.0,99.23,3975442432,1560547328,1584795648,9.49,9.02,9.17,25297891328,9402433536
2026-05-06T16:07:35.818831+02:00,0.18733724296790472,0.2353639082029757,0.1563417468506566,3.1008285446907116,1.4397754388661297,-2.7753908918495043,0.9017739151321602,-0.39289411346397374,-0.2795379464882455,0.08139363534773203,-1.0079180312306595,0.42960727419777234,51.0,52.0,52.0,43.0,43.0,26.0,30.0,27.0,52.0,99.23,3975442432,1560547328,1584795648,9.49,9.02,9.17,25297891328,9402433536
2026-05-06T16:07:35.869605+02:00,0.18733724296790472,0.2353639082029757,0.1563417468506566,3.1008285446907116,1.4397754388661297,-2.7753908918495043,0.9230808946405071,-0.37622970976593173,-0.2780230006975144,0.08906353928716015,-1.0140539543822018,0.42960727419777234,51.0,52.0,52.0,43.0,43.0,26.0,30.0,27.0,52.0,99.23,3975442432,1560547328,1584795648,9.49,9.02,9.17,25297891328,9402433536
2026-05-06T16:07:35.923053+02:00,0.18733724296790472,0.2353639082029757,0.1563417468506566,3.1008285446907116,1.4397754388661297,-2.7753908918495043,0.9352563115024197,-0.36714003502154535,-0.2780230006975144,0.09213150086293131,-1.0201898775337441,0.42960727419777234,51.0,52.0,52.0,43.0,43.0,26.0,30.0,27.0,52.0,99.23,3975442432,1560547328,1584795648,9.49,9.02,9.17,25297891328,9402433536
2026-05-06T16:07:35.976803+02:00,0.18733724296790472,0.2353639082029757,0.1563417468506566,3.1008285446907116,1.4397754388661297,-2.7753908918495043,0.9352563115024197,-0.36714003502154535,-0.2780230006975144,0.09213150086293131,-1.0201898775337441,0.42960727419777234,51.0,52.0,52.0,43.0,43.0,26.0,30.0,27.0,52.0,99.23,3975442432,1560547328,1584795648,9.49,9.02,9.17,25297891328,9402433536
2026-05-06T16:07:36.027704+02:00,0.18733724296790472,0.2353639082029757,0.1563417468506566,3.1008285446907116,1.4397754388661297,-2.7753908918495043,0.9352563115024197,-0.36714003502154535,-0.2780230006975144,0.09213150086293131,-1.0201898775337441,0.42960727419777234,51.0,52.0,52.0,43.0,43.0,26.0,30.0,27.0,52.0,99.23,3975442432,1560547328,1584795648,9.49,9.02,9.17,25297891328,9402433536
2026-05-06T16:07:36.082747+02:00,0.17281133725817516,0.24451673239188548,0.16944218762117524,2.918661251703428,1.4494372649191662,-2.9108185051013558,0.9885237602732864,-0.321691661299613,-0.2765080549067833,0.10900528952967337,-1.0401316277762578,0.43114125498565814,51.0,52.0,52.0,43.0,43.0,26.0,30.0,27.0,52.0,99.23,3975442432,1560547328,1584795648,9.49,9.02,9.17,25297891328,9402433536
2026-05-06T16:07:36.135572+02:00,0.17281133725817516,0.24451673239188548,0.16944218762117524,2.918661251703428,1.4494372649191662,-2.9108185051013558,1.006786885566155,-0.3050272576015711,-0.2765080549067833,0.11514121268121613,-1.0462675509278,0.43114125498565814,51.0,52.0,52.0,43.0,43.0,26.0,30.0,27.0,52.0,99.23,3975442432,1560547328,1584795648,9.49,9.02,9.17,25297891328,9402433536
2026-05-06T16:07:36.189233+02:00,0.15388743458413404,0.2541715620729982,0.18654305745041166,2.5993315095723664,1.4564339348502569,3.1087733631743117,1.028093865074502,-0.2883628539035292,-0.2765080549067833,0.11820917425698729,-1.0508694932914566,0.43114125498565814,51.0,52.0,52.0,43.0,43.0,26.0,30.0,27.0,52.0,99.23,3975442432,1560547328,1584795648,9.49,9.02,9.17,25297891328,9402433536
2026-05-06T16:07:36.244056+02:00,0.15388743458413404,0.2541715620729982,0.18654305745041166,2.5993315095723664,1.4564339348502569,3.1087733631743117,1.0372254277209363,-0.27927317915914274,-0.2765080549067833,0.12127713583275845,-1.0524034740793424,0.43114125498565814,51.0,52.0,52.0,43.0,43.0,26.0,30.0,27.0,52.0,99.23,3975442432,1560547328,1584795648,9.49,9.02,9.17,25297891328,9402433536
2026-05-06T16:07:36.294415+02:00,0.15388743458413404,0.2541715620729982,0.18654305745041166,2.5993315095723664,1.4564339348502569,3.1087733631743117,1.0509227716905878,-0.2671536128332942,-0.27499310911605224,0.12587907819641542,-1.0585393972308856,0.43114125498565814,51.0,52.0,52.0,43.0,43.0,26.0,30.0,27.0,52.0,99.23,3975442432,1560547328,1584795648,9.49,9.02,9.17,25297891328,9402433536
2026-05-06T16:07:36.345500+02:00,0.15388743458413404,0.2541715620729982,0.18654305745041166,2.5993315095723664,1.4564339348502569,3.1087733631743117,1.0707078240911954,-0.2504892091352523,-0.27499310911605224,0.12894703977218658,-1.0662093011703138,0.43114125498565814,51.0,52.0,52.0,43.0,43.0,26.0,30.0,27.0,52.0,99.23,3975442432,1560547328,1584795648,9.49,9.02,9.17,25297891328,9402433536
2026-05-06T16:07:36.399855+02:00,0.13316327708983686,0.2620346112083941,0.20477623652356064,2.217569416862414,1.4566705840486325,2.793550991259567,1.088970949384064,-0.2338248054372104,-0.27499310911605224,0.13354898213584354,-1.0677432819581987,0.4326752357735435,51.0,52.0,52.0,43.0,43.0,26.0,30.0,27.0,52.0,97.73,3975442432,1586511872,1558765568,9.49,9.02,9.17,25297891328,9402433536
2026-05-06T16:07:36.452892+02:00,0.13316327708983686,0.2620346112083941,0.20477623652356064,2.217569416862414,1.4566705840486325,2.793550991259567,1.1117998560001499,-0.21413051015770646,-0.27499310911605224,0.1396849052873863,-1.0784811474733984,0.4326752357735435,51.0,52.0,52.0,43.0,43.0,26.0,30.0,27.0,52.0,97.73,3975442432,1586511872,1558765568,9.49,9.02,9.17,25297891328,9402433536
2026-05-06T16:07:36.506437+02:00,0.13316327708983686,0.2620346112083941,0.20477623652356064,2.217569416862414,1.4566705840486325,2.793550991259567,1.116365637323367,-0.2095856727855132,-0.27499310911605224,0.1396849052873863,-1.08154910904917,0.4326752357735435,51.0,52.0,52.0,43.0,43.0,26.0,30.0,27.0,52.0,97.73,3975442432,1586511872,1558765568,9.49,9.02,9.17,25297891328,9402433536
2026-05-06T16:07:36.558453+02:00,0.11445282073269342,0.2667759864138721,0.2205652130179326,1.9169328189574841,1.443192907453414,2.5500143763523146,1.1391945439394529,-0.18989137750600915,-0.27347816332532116,0.14582082843892863,-1.0846170706249407,0.4326752357735435,51.0,52.0,52.0,43.0,43.0,26.0,30.0,27.0,52.0,97.73,3975442432,1586511872,1558765568,9.49,9.02,9.17,25297891328,9402433536
2026-05-06T16:07:36.608473+02:00,0.11445282073269342,0.2667759864138721,0.2205652130179326,1.9169328189574841,1.443192907453414,2.5500143763523146,1.1483261065858872,-0.18080170276162277,-0.27347816332532116,0.14428684765104327,-1.0846170706249407,0.4326752357735435,51.0,52.0,52.0,43.0,43.0,26.0,30.0,27.0,52.0,97.73,3975442432,1586511872,1558765568,9.49,9.02,9.17,25297891328,9402433536
2026-05-06T16:07:36.658859+02:00,0.11445282073269342,0.2667759864138721,0.2205652130179326,1.9169328189574841,1.443192907453414,2.5500143763523146,1.1605015234477993,-0.16716719064504304,-0.27347816332532116,0.14888879001470023,-1.0892190129885981,0.4326752357735435,51.0,52.0,52.0,43.0,43.0,26.0,30.0,27.0,52.0,97.73,3975442432,1586511872,1558765568,9.49,9.02,9.17,25297891328,9402433536
2026-05-06T16:07:36.710180+02:00,0.11445282073269342,0.2667759864138721,0.2205652130179326,1.9169328189574841,1.443192907453414,2.5500143763523146,1.163545377663278,-0.16413729906358088,-0.27347816332532116,0.14888879001470023,-1.090752993776484,0.4326752357735435,51.0,52.0,51.0,43.0,43.0,26.0,30.0,28.0,52.0,97.73,3975442432,1586511872,1558765568,9.49,9.02,9.17,25297891328,9402433536
2026-05-06T16:07:36.764559+02:00,0.10352122729134763,0.26825692959528114,0.23103381329578138,1.7193686357776639,1.430163959239542,2.387531052186315,1.1726769403097124,-0.1535326785284633,-0.27347816332532116,0.1504227708025856,-1.0938209553522547,0.4326752357735435,51.0,52.0,51.0,43.0,43.0,26.0,30.0,28.0,52.0,97.73,3975442432,1586511872,1558765568,9.49,9.02,9.17,25297891328,9402433536
2026-05-06T16:07:36.819622+02:00,0.10352122729134763,0.26825692959528114,0.23103381329578138,1.7193686357776639,1.430163959239542,2.387531052186315,1.1772427216329295,-0.14898784115627006,-0.27347816332532116,0.1519567515904714,-1.0938209553522547,0.4326752357735435,51.0,52.0,51.0,43.0,43.0,26.0,30.0,28.0,52.0,97.73,3975442432,1586511872,1558765568,9.49,9.02,9.17,25297891328,9402433536
2026-05-06T16:07:36.871272+02:00,0.10352122729134763,0.26825692959528114,0.23103381329578138,1.7193686357776639,1.430163959239542,2.387531052186315,1.1802865758484073,-0.14444300378407682,-0.27347816332532116,0.1534907323783572,-1.0938209553522547,0.4326752357735435,51.0,52.0,51.0,43.0,43.0,26.0,30.0,28.0,52.0,97.73,3975442432,1586511872,1558765568,9.49,9.02,9.17,25297891328,9402433536
2026-05-06T16:07:36.923955+02:00,0.10352122729134763,0.26825692959528114,0.23103381329578138,1.7193686357776639,1.430163959239542,2.387531052186315,1.1818085029561467,-0.14141311220261465,-0.27347816332532116,0.1534907323783572,-1.0968889169280263,0.4326752357735435,51.0,52.0,51.0,43.0,43.0,26.0,30.0,28.0,52.0,97.73,3975442432,1586511872,1558765568,9.49,9.02,9.17,25297891328,9402433536
2026-05-06T16:07:36.978854+02:00,0.09795611156086159,0.26830814504665224,0.23707226182913854,1.634967897617428,1.420140464524607,2.3197121080331056,1.1833304300638852,-0.13989816641188357,-0.27347816332532116,0.1534907323783572,-1.098422897715912,0.4326752357735435,51.0,52.0,51.0,43.0,43.0,26.0,30.0,28.0,52.0,97.73,3975442432,1586511872,1558765568,9.49,9.02,9.17,25297891328,9402433536
2026-05-06T16:07:37.029442+02:00,0.09795611156086159,0.26830814504665224,0.23707226182913854,1.634967897617428,1.420140464524607,2.3197121080331056,1.1833304300638852,-0.13989816641188357,-0.27347816332532116,0.1534907323783572,-1.098422897715912,0.4326752357735435,51.0,52.0,51.0,43.0,43.0,26.0,30.0,28.0,52.0,97.73,3975442432,1586511872,1558765568,9.49,9.02,9.17,25297891328,9402433536
2026-05-06T16:07:37.079967+02:00,0.09795611156086159,0.26830814504665224,0.23707226182913854,1.634967897617428,1.420140464524607,2.3197121080331056,1.1833304300638852,-0.13989816641188357,-0.27347816332532116,0.1534907323783572,-1.098422897715912,0.4326752357735435,51.0,52.0,51.0,43.0,43.0,26.0,30.0,28.0,52.0,97.73,3975442432,1586511872,1558765568,9.49,9.02,9.17,25297891328,9402433536
2026-05-06T16:07:37.134965+02:00,0.09795611156086159,0.26830814504665224,0.23707226182913854,1.634967897617428,1.420140464524607,2.3197121080331056,1.1833304300638852,-0.13989816641188357,-0.27347816332532116,0.1534907323783572,-1.098422897715912,0.4326752357735435,51.0,52.0,51.0,43.0,43.0,26.0,30.0,28.0,52.0,97.73,3975442432,1586511872,1558765568,9.49,9.02,9.17,25297891328,9402433536
2026-05-06T16:07:37.185102+02:00,0.09786054160115841,0.26835429256164284,0.23708734465636064,1.6388770138508078,1.418865210507055,2.3229603655169324,1.1833304300638852,-0.13989816641188357,-0.27347816332532116,0.1534907323783572,-1.098422897715912,0.4326752357735435,51.0,52.0,51.0,43.0,43.0,26.0,30.0,28.0,52.0,97.73,3975442432,1586511872,1558765568,9.49,9.02,9.17,25297891328,9402433536
2026-05-06T16:07:37.237793+02:00,0.09786054160115841,0.26835429256164284,0.23708734465636064,1.6388770138508078,1.418865210507055,2.3229603655169324,1.1833304300638852,-0.13989816641188357,-0.27347816332532116,0.1534907323783572,-1.098422897715912,0.4326752357735435,51.0,52.0,51.0,43.0,43.0,26.0,30.0,28.0,52.0,97.73,3975442432,1586511872,1558765568,9.49,9.02,9.17,25297891328,9402433536
2026-05-06T16:07:37.288899+02:00,0.09786054160115841,0.26835429256164284,0.23708734465636064,1.6388770138508078,1.418865210507055,2.3229603655169324,1.1833304300638852,-0.13989816641188357,-0.27347816332532116,0.1534907323783572,-1.098422897715912,0.4326752357735435,51.0,52.0,51.0,43.0,43.0,26.0,30.0,28.0,52.0,97.73,3975442432,1586511872,1558765568,9.49,9.02,9.17,25297891328,9402433536
2026-05-06T16:07:37.339587+02:00,0.09786054160115841,0.26835429256164284,0.23708734465636064,1.6388770138508078,1.418865210507055,2.3229603655169324,1.1833304300638852,-0.13989816641188357,-0.27347816332532116,0.1534907323783572,-1.098422897715912,0.4326752357735435,51.0,52.0,51.0,43.0,43.0,26.0,30.0,28.0,52.0,93.18,3975442432,1589710848,1555562496,9.49,9.02,9.17,25297891328,9402445824
2026-05-06T16:07:37.390865+02:00,0.09795611156086159,0.26830814504665224,0.23707226182913854,1.634967897617428,1.420140464524607,2.3197121080331056,1.1833304300638852,-0.13989816641188357,-0.27347816332532116,0.1534907323783572,-1.098422897715912,0.4326752357735435,51.0,52.0,51.0,43.0,43.0,26.0,30.0,28.0,52.0,93.18,3975442432,1589710848,1555562496,9.49,9.02,9.17,25297891328,9402445824
2026-05-06T16:07:37.441470+02:00,0.09795611156086159,0.26830814504665224,0.23707226182913854,1.634967897617428,1.420140464524607,2.3197121080331056,1.1833304300638852,-0.13989816641188357,-0.27347816332532116,0.1534907323783572,-1.098422897715912,0.4326752357735435,51.0,52.0,51.0,43.0,43.0,26.0,30.0,28.0,52.0,93.18,3975442432,1589710848,1555562496,9.49,9.02,9.17,25297891328,9402445824
2026-05-06T16:07:37.495475+02:00,0.09795611156086159,0.26830814504665224,0.23707226182913854,1.634967897617428,1.420140464524607,2.3197121080331056,1.1833304300638852,-0.13989816641188357,-0.27347816332532116,0.1534907323783572,-1.098422897715912,0.4326752357735435,51.0,52.0,51.0,43.0,43.0,26.0,30.0,28.0,52.0,93.18,3975442432,1589710848,1555562496,9.49,9.02,9.17,25297891328,9402445824
2026-05-06T16:07:37.548536+02:00,0.09795611156086159,0.26830814504665224,0.23707226182913854,1.634967897617428,1.420140464524607,2.3197121080331056,1.1833304300638852,-0.13989816641188357,-0.27347816332532116,0.15502471316624256,-1.098422897715912,0.4326752357735435,51.0,52.0,51.0,43.0,43.0,26.0,30.0,28.0,52.0,93.18,3975442432,1589710848,1555562496,9.49,9.02,9.17,25297891328,9402445824
2026-05-06T16:07:37.603416+02:00,0.09795611156086159,0.26830814504665224,0.23707226182913854,1.634967897617428,1.420140464524607,2.3197121080331056,1.1833304300638852,-0.13989816641188357,-0.27347816332532116,0.1534907323783572,-1.098422897715912,0.4326752357735435,51.0,52.0,51.0,43.0,43.0,26.0,30.0,28.0,52.0,93.18,3975442432,1589710848,1555562496,9.49,9.02,9.17,25297891328,9402445824
2026-05-06T16:07:37.653691+02:00,0.09795611156086159,0.26830814504665224,0.23707226182913854,1.634967897617428,1.420140464524607,2.3197121080331056,1.1833304300638852,-0.13989816641188357,-0.27347816332532116,0.1534907323783572,-1.098422897715912,0.4326752357735435,51.0,52.0,51.0,43.0,43.0,26.0,30.0,28.0,52.0,93.18,3975442432,1589710848,1555562496,9.49,9.02,9.17,25297891328,9402445824
2026-05-06T16:07:37.708715+02:00,0.09795611156086159,0.26830814504665224,0.23707226182913854,1.634967897617428,1.420140464524607,2.3197121080331056,1.1833304300638852,-0.13989816641188357,-0.27347816332532116,0.15502471316624256,-1.098422897715912,0.4326752357735435,51.0,52.0,51.0,43.0,43.0,26.0,30.0,28.0,52.0,93.18,3975442432,1589710848,1555562496,9.49,9.02,9.17,25297891328,9402445824
2026-05-06T16:07:37.759420+02:00,0.09795611156086159,0.26830814504665224,0.23707226182913854,1.634967897617428,1.420140464524607,2.3197121080331056,1.1833304300638852,-0.13989816641188357,-0.27347816332532116,0.1534907323783572,-1.098422897715912,0.4326752357735435,51.0,52.0,51.0,43.0,43.0,26.0,30.0,28.0,52.0,93.18,3975442432,1589710848,1555562496,9.49,9.02,9.17,25297891328,9402445824
2026-05-06T16:07:37.812838+02:00,0.09786054160115841,0.26835429256164284,0.23708734465636064,1.6388770138508078,1.418865210507055,2.3229603655169324,1.1833304300638852,-0.13989816641188357,-0.27347816332532116,0.1534907323783572,-1.098422897715912,0.4326752357735435,51.0,52.0,51.0,43.0,43.0,26.0,30.0,28.0,52.0,93.18,3975442432,1589710848,1555562496,9.49,9.02,9.17,25297891328,9402445824
2026-05-06T16:07:37.867856+02:00,0.09786054160115841,0.26835429256164284,0.23708734465636064,1.6388770138508078,1.418865210507055,2.3229603655169324,1.1833304300638852,-0.13989816641188357,-0.27347816332532116,0.1534907323783572,-1.098422897715912,0.4326752357735435,51.0,52.0,51.0,43.0,43.0,26.0,30.0,28.0,52.0,93.18,3975442432,1589710848,1555562496,9.49,9.02,9.17,25297891328,9402445824
2026-05-06T16:07:37.921973+02:00,0.09786054160115841,0.26835429256164284,0.23708734465636064,1.6388770138508078,1.418865210507055,2.3229603655169324,1.1833304300638852,-0.13989816641188357,-0.27347816332532116,0.1534907323783572,-1.098422897715912,0.4326752357735435,51.0,52.0,51.0,43.0,43.0,26.0,30.0,28.0,52.0,93.18,3975442432,1589710848,1555562496,9.49,9.02,9.17,25297891328,9402445824
2026-05-06T16:07:37.973717+02:00,0.09795611156086159,0.26830814504665224,0.23707226182913854,1.634967897617428,1.420140464524607,2.3197121080331056,1.1833304300638852,-0.13989816641188357,-0.27347816332532116,0.1534907323783572,-1.098422897715912,0.4326752357735435,51.0,52.0,51.0,43.0,43.0,26.0,30.0,28.0,52.0,93.18,3975442432,1589710848,1555562496,9.49,9.02,9.17,25297891328,9402445824
2026-05-06T16:07:38.024541+02:00,0.09795611156086159,0.26830814504665224,0.23707226182913854,1.634967897617428,1.420140464524607,2.3197121080331056,1.1833304300638852,-0.13989816641188357,-0.27347816332532116,0.1534907323783572,-1.098422897715912,0.4326752357735435,51.0,52.0,51.0,43.0,43.0,26.0,30.0,28.0,52.0,93.18,3975442432,1589710848,1555562496,9.49,9.02,9.17,25297891328,9402445824
2026-05-06T16:07:38.074897+02:00,0.09795611156086159,0.26830814504665224,0.23707226182913854,1.634967897617428,1.420140464524607,2.3197121080331056,1.1833304300638852,-0.13989816641188357,-0.27347816332532116,0.1534907323783572,-1.098422897715912,0.4326752357735435,51.0,52.0,51.0,43.0,43.0,26.0,30.0,28.0,52.0,93.18,3975442432,1589710848,1555562496,9.49,9.02,9.17,25297891328,9402445824
2026-05-06T16:07:38.127873+02:00,0.09795611156086159,0.26830814504665224,0.23707226182913854,1.634967897617428,1.420140464524607,2.3197121080331056,1.1833304300638852,-0.13989816641188357,-0.27347816332532116,0.1534907323783572,-1.098422897715912,0.4326752357735435,51.0,52.0,51.0,43.0,43.0,26.0,30.0,28.0,52.0,93.18,3975442432,1589710848,1555562496,9.49,9.02,9.17,25297891328,9402445824
2026-05-06T16:07:38.179458+02:00,0.09795611156086159,0.26830814504665224,0.23707226182913854,1.634967897617428,1.420140464524607,2.3197121080331056,1.1833304300638852,-0.13989816641188357,-0.27347816332532116,0.1534907323783572,-1.098422897715912,0.4326752357735435,51.0,52.0,51.0,43.0,43.0,26.0,30.0,28.0,52.0,93.18,3975442432,1589710848,1555562496,9.49,9.02,9.17,25297891328,9402445824
2026-05-06T16:07:38.232088+02:00,0.09795611156086159,0.26830814504665224,0.23707226182913854,1.634967897617428,1.420140464524607,2.3197121080331056,1.1833304300638852,-0.13989816641188357,-0.27347816332532116,0.1534907323783572,-1.098422897715912,0.4326752357735435,51.0,52.0,51.0,43.0,43.0,26.0,30.0,28.0,52.0,93.18,3975442432,1589710848,1555562496,9.49,9.02,9.17,25297891328,9402445824
2026-05-06T16:07:38.285523+02:00,0.09795611156086159,0.26830814504665224,0.23707226182913854,1.634967897617428,1.420140464524607,2.3197121080331056,1.1848523571716245,-0.13989816641188357,-0.27499310911605224,0.1534907323783572,-1.098422897715912,0.4326752357735435,51.0,52.0,51.0,43.0,43.0,26.0,30.0,28.0,52.0,93.18,3975442432,1589710848,1555562496,9.49,9.02,9.17,25297891328,9402445824
2026-05-06T16:07:38.335693+02:00,0.09795611156086159,0.26830814504665224,0.23707226182913854,1.634967897617428,1.420140464524607,2.3197121080331056,1.1863742842793639,-0.1368682748304214,-0.2780230006975144,0.1534907323783572,-1.098422897715912,0.4326752357735435,51.0,52.0,51.0,43.0,43.0,26.0,30.0,28.0,52.0,98.48,3975442432,1589510144,1555750912,9.49,9.02,9.17,25297891328,9402458112
2026-05-06T16:07:38.386675+02:00,0.09680885432339871,0.26778906183370205,0.23683308366045402,1.6441625288588964,1.4207718276777572,2.331846881638109,1.1924619927103195,-0.1308084916674972,-0.2855977296511698,0.14888879001470023,-1.098422897715912,0.4326752357735435,51.0,52.0,51.0,43.0,43.0,26.0,30.0,28.0,52.0,98.48,3975442432,1589510144,1555750912,9.49,9.02,9.17,25297891328,9402458112
2026-05-06T16:07:38.439813+02:00,0.09680885432339871,0.26778906183370205,0.23683308366045402,1.6441625288588964,1.4207718276777572,2.331846881638109,1.198549701141276,-0.12777860008603503,-0.29014256702336305,0.1504227708025856,-1.1014908592916828,0.4326752357735435,51.0,52.0,51.0,43.0,43.0,26.0,30.0,28.0,52.0,98.48,3975442432,1589510144,1555750912,9.49,9.02,9.17,25297891328,9402458112
2026-05-06T16:07:38.494842+02:00,0.09680885432339871,0.26778906183370205,0.23683308366045402,1.6441625288588964,1.4207718276777572,2.331846881638109,1.2046374095722325,-0.1217188169231107,-0.29771729597701846,0.14888879001470023,-1.1060928016553402,0.4326752357735435,51.0,52.0,51.0,43.0,43.0,26.0,30.0,28.0,52.0,98.48,3975442432,1589510144,1555750912,9.49,9.02,9.17,25297891328,9402458112
2026-05-06T16:07:38.549841+02:00,0.09680885432339871,0.26778906183370205,0.23683308366045402,1.6441625288588964,1.4207718276777572,2.331846881638109,1.2122470451109275,-0.11565903376018638,-0.30529202493067387,0.14582082843892863,-1.1091607632311118,0.4326752357735435,51.0,52.0,51.0,43.0,43.0,26.0,30.0,28.0,52.0,98.48,3975442432,1589510144,1555750912,9.49,9.02,9.17,25297891328,9402458112
2026-05-06T16:07:38.600393+02:00,0.09049703110037774,0.26510516622259334,0.23620151629353334,1.7114783191279457,1.4288509675930274,2.419631578510238,1.2198566806496225,-0.10959925059726205,-0.3128667538843293,0.14428684765104327,-1.1091607632311118,0.4326752357735435,51.0,52.0,51.0,43.0,43.0,26.0,30.0,28.0,52.0,98.48,3975442432,1589510144,1555750912,9.49,9.02,9.17,25297891328,9402458112
2026-05-06T16:07:38.652614+02:00,0.09049703110037774,0.26510516622259334,0.23620151629353334,1.7114783191279457,1.4288509675930274,2.419631578510238,1.2274663161883184,-0.10353946743433773,-0.3204414828379847,0.13508296292372934,-1.11683066717054,0.4326752357735435,51.0,52.0,51.0,43.0,43.0,26.0,30.0,28.0,52.0,98.48,3975442432,1589510144,1555750912,9.49,9.02,9.17,25297891328,9402458112
2026-05-06T16:07:38.705056+02:00,0.09049703110037774,0.26510516622259334,0.23620151629353334,1.7114783191279457,1.4288509675930274,2.419631578510238,1.233554024619274,-0.0974796842714134,-0.326501266000909,0.13354898213584354,-1.1214326095341964,0.4326752357735435,51.0,52.0,51.0,43.0,43.0,26.0,30.0,28.0,52.0,98.48,3975442432,1589510144,1555750912,9.49,9.02,9.17,25297891328,9402458112
2026-05-06T16:07:38.757032+02:00,0.09049703110037774,0.26510516622259334,0.23620151629353334,1.7114783191279457,1.4288509675930274,2.419631578510238,1.2487732956966648,-0.08536011794556486,-0.3446806154896819,0.13048102056007238,-1.1229665903220822,0.4326752357735435,51.0,52.0,51.0,43.0,43.0,26.0,30.0,28.0,52.0,98.48,3975442432,1589510144,1555750912,9.49,9.02,9.17,25297891328,9402458112
2026-05-06T16:07:38.808377+02:00,0.08129906079597835,0.260400826132462,0.23566533233633738,1.8253052155110898,1.447166764285915,2.569629040065289,1.2594267854508385,-0.07475549741044729,-0.35528523602479944,0.12281111662064426,-1.133704455837282,0.4326752357735435,51.0,52.0,51.0,43.0,43.0,26.0,30.0,28.0,52.0,98.48,3975442432,1589510144,1555750912,9.49,9.02,9.17,25297891328,9402458112
2026-05-06T16:07:38.861388+02:00,0.08129906079597835,0.260400826132462,0.23566533233633738,1.8253052155110898,1.447166764285915,2.569629040065289,1.27312412942049,-0.06415087687532972,-0.37043469393211015,0.11514121268121613,-1.1383063982009385,0.4326752357735435,51.0,52.0,51.0,43.0,43.0,26.0,30.0,28.0,52.0,98.48,3975442432,1589510144,1555750912,9.49,9.02,9.17,25297891328,9402458112
2026-05-06T16:07:38.913555+02:00,0.08129906079597835,0.260400826132462,0.23566533233633738,1.8253052155110898,1.447166764285915,2.569629040065289,1.28834340049788,-0.05051636475874999,-0.38709909763015204,0.10747130874178756,-1.1490442637161382,0.4326752357735435,51.0,52.0,51.0,43.0,43.0,26.0,30.0,28.0,52.0,98.48,3975442432,1589510144,1555750912,9.49,9.02,9.17,25297891328,9402458112
2026-05-06T16:07:38.966828+02:00,0.06311861387014192,0.24908573936951398,0.23299310612887794,2.219281748142008,1.4726591374174722,3.0353487731608455,1.3020407444675315,-0.038396798432901336,-0.40376350132819394,0.1028693663781306,-1.1582481484434521,0.4326752357735435,51.0,52.0,51.0,43.0,43.0,26.0,30.0,28.0,52.0,98.48,3975442432,1589510144,1555750912,9.49,9.02,9.17,25297891328,9402458112
2026-05-06T16:07:39.020381+02:00,0.06311861387014192,0.24908573936951398,0.23299310612887794,2.219281748142008,1.4726591374174722,3.0353487731608455,1.3187819426526617,-0.024762286316321713,-0.4204279050262357,0.09519946243870248,-1.1659180523828803,0.4342092165614293,51.0,52.0,51.0,43.0,43.0,26.0,30.0,28.0,52.0,98.48,3975442432,1589510144,1555750912,9.49,9.02,9.17,25297891328,9402458112
2026-05-06T16:07:39.072780+02:00,0.06311861387014192,0.24908573936951398,0.23299310612887794,2.219281748142008,1.4726591374174722,3.0353487731608455,1.3340012137300516,-0.009612828409010898,-0.4370923087242776,0.08752955849927435,-1.1735879563223084,0.4342092165614293,51.0,52.0,51.0,43.0,43.0,26.0,30.0,28.0,52.0,98.48,3975442432,1589510144,1555750912,9.49,9.02,9.17,25297891328,9402458112
2026-05-06T16:07:39.128172+02:00,0.06311861387014192,0.24908573936951398,0.23299310612887794,2.219281748142008,1.4726591374174722,3.0353487731608455,1.3446547034842253,-0.0005231536646244095,-0.4492118750501263,0.08599557771138855,-1.1751219371101942,0.4342092165614293,51.0,52.0,51.0,43.0,43.0,26.0,30.0,28.0,52.0,98.48,3975442432,1589510144,1555750912,9.49,9.02,9.17,25297891328,9402458112
2026-05-06T16:07:39.178273+02:00,0.06311861387014192,0.24908573936951398,0.23299310612887794,2.219281748142008,1.4726591374174722,3.0353487731608455,1.3446547034842253,-0.0005231536646244095,-0.4492118750501263,0.08599557771138855,-1.1751219371101942,0.4342092165614293,51.0,52.0,51.0,43.0,43.0,26.0,30.0,28.0,52.0,98.48,3975442432,1589510144,1555750912,9.49,9.02,9.17,25297891328,9402458112
2026-05-06T16:07:39.230397+02:00,0.04959452428396043,0.23910223813486564,0.2313748222630418,2.5897362438434453,1.4760791912617621,-2.821974029736677,1.3613959016693546,0.014626304242686294,-0.46739122453889914,0.0721897506204181,-1.193529706564822,0.4342092165614293,51.0,52.0,51.0,43.0,43.0,26.0,30.0,28.0,52.0,98.48,3975442432,1589510144,1555750912,9.49,9.02,9.17,25297891328,9402458112
2026-05-06T16:07:39.280861+02:00,0.04959452428396043,0.23910223813486564,0.2313748222630418,2.5897362438434453,1.4760791912617621,-2.821974029736677,1.4055317877937878,0.057044786383156576,-0.5143545440515626,0.05684994274156141,-1.2088695144436783,0.4342092165614293,51.0,52.0,51.0,43.0,43.0,26.0,30.0,28.0,52.0,98.48,3975442432,1589510144,1555750912,9.49,9.02,9.17,25297891328,9402458112
2026-05-06T16:07:39.331811+02:00,0.04959452428396043,0.23910223813486564,0.2313748222630418,2.5897362438434453,1.4760791912617621,-2.821974029736677,1.4177072046557,0.06764940691827404,-0.5279890561681423,0.049180038802133286,-1.2165394183831064,0.4342092165614293,51.0,52.0,51.0,43.0,43.0,26.0,30.0,28.0,52.0,98.48,3975442432,1589510144,1555750912,9.49,9.02,9.17,25297891328,9402458112
2026-05-06T16:07:39.387400+02:00,0.030284469217314054,0.22039664488609575,0.22869248920323698,-3.100311677621104,1.4555156185770457,-2.1363261327711265,1.4420580383795252,0.09037359377924026,-0.5476833514476463,0.04151013486270516,-1.2226753415346487,0.4342092165614293,51.0,52.0,51.0,43.0,43.0,26.0,30.0,28.0,52.0,94.44,3975442432,1552580608,1592676352,9.61,9.05,9.18,25297891328,9402458112
2026-05-06T16:07:39.441006+02:00,0.030284469217314054,0.22039664488609575,0.22869248920323698,-3.100311677621104,1.4555156185770457,-2.1363261327711265,1.4496676739182202,0.09794832273289567,-0.5643477551456881,0.038442173286934,-1.228811264686191,0.4342092165614293,51.0,52.0,51.0,43.0,43.0,26.0,30.0,28.0,52.0,94.44,3975442432,1552580608,1592676352,9.61,9.05,9.18,25297891328,9402458112
2026-05-06T16:07:39.492417+02:00,0.030284469217314054,0.22039664488609575,0.22869248920323698,-3.100311677621104,1.4555156185770457,-2.1363261327711265,1.4831500702884797,0.12976218433824827,-0.600706454123234,0.026170326983848913,-1.2441510725650482,0.4342092165614293,51.0,52.0,51.0,43.0,43.0,26.0,30.0,28.0,52.0,94.44,3975442432,1552580608,1592676352,9.61,9.05,9.18,25297891328,9402458112
2026-05-06T16:07:39.542494+02:00,0.030284469217314054,0.22039664488609575,0.22869248920323698,-3.100311677621104,1.4555156185770457,-2.1363261327711265,1.4938035600426525,0.13885185908263475,-0.6128260204490826,0.023102365408077308,-1.247219034140819,0.4342092165614293,51.0,52.0,51.0,43.0,43.0,26.0,30.0,28.0,52.0,94.44,3975442432,1552580608,1592676352,9.61,9.05,9.18,25297891328,9402458112
2026-05-06T16:07:39.593110+02:00,0.01378145497033969,0.20145022917330666,0.22486230821579462,-2.843644794629082,1.4189044072475618,-1.7930466406867658,1.5120666853355211,0.1555162627806766,-0.6325203157285867,0.016966442256534986,-1.2502869957165905,0.4342092165614293,51.0,52.0,51.0,43.0,43.0,26.0,30.0,28.0,52.0,94.44,3975442432,1552580608,1592676352,9.61,9.05,9.18,25297891328,9402458112
2026-05-06T16:07:39.644616+02:00,0.01378145497033969,0.20145022917330666,0.22486230821579462,-2.843644794629082,1.4189044072475618,-1.7930466406867658,1.5120666853355211,0.1555162627806766,-0.6325203157285867,0.013898480680763825,-1.2564229188681328,0.4342092165614293,51.0,52.0,51.0,43.0,43.0,26.0,30.0,28.0,52.0,94.44,3975442432,1552580608,1592676352,9.61,9.05,9.18,25297891328,9402458112
2026-05-06T16:07:39.695972+02:00,0.01378145497033969,0.20145022917330666,0.22486230821579462,-2.843644794629082,1.4189044072475618,-1.7930466406867658,1.5364175190593463,0.17824044964164276,-0.658274394171015,0.007762557529221059,-1.2671607843833326,0.4342092165614293,51.0,52.0,51.0,43.0,43.0,26.0,30.0,28.0,52.0,94.44,3975442432,1552580608,1592676352,9.61,9.05,9.18,25297891328,9402458112
2026-05-06T16:07:39.750761+02:00,0.005570726276880119,0.18921177613416493,0.22196189883076933,-2.7304787091081497,1.3897822930670385,-1.627029971621177,1.5501148630289978,0.19187496175822244,-0.6749387978690569,0.0016266343776782932,-1.271762726746989,0.4342092165614293,51.0,52.0,51.0,43.0,43.0,26.0,30.0,28.0,52.0,94.44,3975442432,1552580608,1592676352,9.61,9.05,9.18,25297891328,9402458112
2026-05-06T16:07:39.800837+02:00,0.005570726276880119,0.18921177613416493,0.22196189883076933,-2.7304787091081497,1.3897822930670385,-1.627029971621177,1.5592464256754321,0.20247958229334,-0.6870583641949055,0.0016266343776782932,-1.2748306883227607,0.4342092165614293,51.0,52.0,51.0,43.0,43.0,26.0,30.0,28.0,52.0,94.44,3975442432,1552580608,1592676352,9.61,9.05,9.18,25297891328,9402458112
2026-05-06T16:07:39.851565+02:00,0.005570726276880119,0.18921177613416493,0.22196189883076933,-2.7304787091081497,1.3897822930670385,-1.627029971621177,1.5653341341063887,0.21005431124699542,-0.6946330931485608,-0.002975307985978226,-1.2794326306864172,0.4342092165614293,51.0,52.0,51.0,43.0,43.0,26.0,30.0,28.0,52.0,94.44,3975442432,1552580608,1592676352,9.61,9.05,9.18,25297891328,9402458112
2026-05-06T16:07:39.903196+02:00,0.005570726276880119,0.18921177613416493,0.22196189883076933,-2.7304787091081497,1.3897822930670385,-1.627029971621177,1.5698999154296058,0.2161140944099197,-0.699177930520754,-0.006043269561749831,-1.2794326306864172,0.4342092165614293,51.0,52.0,51.0,43.0,43.0,26.0,30.0,28.0,52.0,94.44,3975442432,1552580608,1592676352,9.61,9.05,9.18,25297891328,9402458112
2026-05-06T16:07:39.953489+02:00,0.005570726276880119,0.18921177613416493,0.22196189883076933,-2.7304787091081497,1.3897822930670385,-1.627029971621177,1.5775095509683008,0.22671871494503726,-0.7082676052651405,-0.006043269561749831,-1.2825005922621888,0.4342092165614293,51.0,52.0,51.0,43.0,43.0,26.0,30.0,28.0,52.0,94.44,3975442432,1552580608,1592676352,9.61,9.05,9.18,25297891328,9402458112
2026-05-06T16:07:40.004614+02:00,-0.00019411066001220816,0.1797743772404429,0.22075590653255922,-2.679302526480877,1.379014906138515,-1.5367535188139487,1.5805534051837786,0.22974860652649942,-0.7112974968466027,-0.0075772503496351895,-1.2855685538379604,0.4342092165614293,51.0,52.0,51.0,43.0,43.0,26.0,30.0,28.0,52.0,94.44,3975442432,1552580608,1592676352,9.61,9.05,9.18,25297891328,9402458112
2026-05-06T16:07:40.054799+02:00,-0.00019411066001220816,0.1797743772404429,0.22075590653255922,-2.679302526480877,1.379014906138515,-1.5367535188139487,1.5835972593992573,0.23277849810796158,-0.7143273884280649,-0.009111231137520992,-1.2855685538379604,0.4342092165614293,51.0,52.0,51.0,43.0,43.0,26.0,30.0,28.0,52.0,94.44,3975442432,1552580608,1592676352,9.61,9.05,9.18,25297891328,9402458112
2026-05-06T16:07:40.105654+02:00,-0.00019411066001220816,0.1797743772404429,0.22075590653255922,-2.679302526480877,1.379014906138515,-1.5367535188139487,1.5866411136147351,0.23883828127088585,-0.717357280009527,-0.010645211925406795,-1.2855685538379604,0.4342092165614293,51.0,52.0,51.0,43.0,43.0,26.0,30.0,28.0,52.0,94.44,3975442432,1552580608,1592676352,9.61,9.05,9.18,25297891328,9402458112
2026-05-06T16:07:40.156147+02:00,-0.00019411066001220816,0.1797743772404429,0.22075590653255922,-2.679302526480877,1.379014906138515,-1.5367535188139487,1.5866411136147351,0.23883828127088585,-0.7188722258002581,-0.010645211925406795,-1.2855685538379604,0.4342092165614293,51.0,52.0,51.0,43.0,43.0,26.0,30.0,28.0,52.0,94.44,3975442432,1552580608,1592676352,9.61,9.05,9.18,25297891328,9402458112
2026-05-06T16:07:40.207209+02:00,-0.00019411066001220816,0.1797743772404429,0.22075590653255922,-2.679302526480877,1.379014906138515,-1.5367535188139487,1.5866411136147351,0.23883828127088585,-0.7188722258002581,-0.010645211925406795,-1.2855685538379604,0.4342092165614293,51.0,52.0,51.0,43.0,43.0,26.0,30.0,28.0,52.0,94.44,3975442432,1552580608,1592676352,9.61,9.05,9.18,25297891328,9402458112
2026-05-06T16:07:40.261942+02:00,-0.001963275652906794,0.17578788670976567,0.22075411839472475,-2.6586495018425507,1.3757411830193471,-1.502224122168052,1.5866411136147351,0.23883828127088585,-0.7188722258002581,-0.012179192713292153,-1.2871025346258453,0.4342092165614293,51.0,52.0,51.0,43.0,43.0,26.0,30.0,28.0,52.0,94.44,3975442432,1552580608,1592676352,9.61,9.05,9.18,25297891328,9402458112
2026-05-06T16:07:40.312884+02:00,-0.001963275652906794,0.17578788670976567,0.22075411839472475,-2.6586495018425507,1.3757411830193471,-1.502224122168052,1.5866411136147351,0.23883828127088585,-0.7188722258002581,-0.012179192713292153,-1.2871025346258453,0.4342092165614293,51.0,52.0,51.0,43.0,43.0,26.0,30.0,28.0,52.0,94.44,3975442432,1552580608,1592676352,9.61,9.05,9.18,25297891328,9402458112
2026-05-06T16:07:40.363346+02:00,-0.001963275652906794,0.17578788670976567,0.22075411839472475,-2.6586495018425507,1.3757411830193471,-1.502224122168052,1.5866411136147351,0.23883828127088585,-0.7188722258002581,-0.012179192713292153,-1.2871025346258453,0.4342092165614293,51.0,52.0,51.0,43.0,43.0,26.0,30.0,28.0,52.0,96.95,3975442432,1552678912,1592578048,9.61,9.05,9.18,25297891328,9402466304
2026-05-06T16:07:40.415448+02:00,-0.001842200665987162,0.1756624638284299,0.220766203719742,-2.6520711277156646,1.374132706806831,-1.4950786389404667,1.5866411136147351,0.23883828127088585,-0.7188722258002581,-0.012179192713292153,-1.2871025346258453,0.4342092165614293,51.0,52.0,51.0,43.0,43.0,26.0,30.0,28.0,52.0,96.95,3975442432,1552678912,1592578048,9.61,9.05,9.18,25297891328,9402466304
2026-05-06T16:07:40.469003+02:00,-0.001842200665987162,0.1756624638284299,0.220766203719742,-2.6520711277156646,1.374132706806831,-1.4950786389404667,1.5866411136147351,0.23883828127088585,-0.7188722258002581,-0.012179192713292153,-1.2871025346258453,0.4342092165614293,51.0,52.0,51.0,43.0,43.0,26.0,30.0,28.0,52.0,96.95,3975442432,1552678912,1592578048,9.61,9.05,9.18,25297891328,9402466304
2026-05-06T16:07:40.524024+02:00,-0.001842200665987162,0.1756624638284299,0.220766203719742,-2.6520711277156646,1.374132706806831,-1.4950786389404667,1.5866411136147351,0.23883828127088585,-0.7188722258002581,-0.012179192713292153,-1.2871025346258453,0.4342092165614293,51.0,52.0,51.0,43.0,43.0,26.0,30.0,28.0,52.0,96.95,3975442432,1552678912,1592578048,9.61,9.05,9.18,25297891328,9402466304
2026-05-06T16:07:40.576883+02:00,-0.001842200665987162,0.1756624638284299,0.220766203719742,-2.6520711277156646,1.374132706806831,-1.4950786389404667,1.5866411136147351,0.23883828127088585,-0.7188722258002581,-0.012179192713292153,-1.2871025346258453,0.4342092165614293,51.0,52.0,51.0,43.0,43.0,26.0,30.0,28.0,52.0,96.95,3975442432,1552678912,1592578048,9.61,9.05,9.18,25297891328,9402466304
2026-05-06T16:07:40.631872+02:00,-0.001842200665987162,0.1756624638284299,0.220766203719742,-2.6520711277156646,1.374132706806831,-1.4950786389404667,1.5866411136147351,0.23883828127088585,-0.7188722258002581,-0.012179192713292153,-1.2871025346258453,0.4342092165614293,51.0,52.0,51.0,43.0,43.0,26.0,30.0,28.0,52.0,96.95,3975442432,1552678912,1592578048,9.61,9.05,9.18,25297891328,9402466304
2026-05-06T16:07:40.684893+02:00,-0.001842200665987162,0.1756624638284299,0.220766203719742,-2.6520711277156646,1.374132706806831,-1.4950786389404667,1.5866411136147351,0.23883828127088585,-0.7188722258002581,-0.012179192713292153,-1.2871025346258453,0.4342092165614293,51.0,52.0,51.0,43.0,43.0,26.0,30.0,28.0,52.0,96.95,3975442432,1552678912,1592578048,9.61,9.05,9.18,25297891328,9402466304
2026-05-06T16:07:40.735142+02:00,-0.001842200665987162,0.1756624638284299,0.220766203719742,-2.6520711277156646,1.374132706806831,-1.4950786389404667,1.5866411136147351,0.23883828127088585,-0.7188722258002581,-0.012179192713292153,-1.2871025346258453,0.4342092165614293,51.0,52.0,51.0,43.0,43.0,26.0,30.0,28.0,52.0,96.95,3975442432,1552678912,1592578048,9.61,9.05,9.18,25297891328,9402466304
2026-05-06T16:07:40.789560+02:00,-0.001842200665987162,0.1756624638284299,0.220766203719742,-2.6520711277156646,1.374132706806831,-1.4950786389404667,1.5866411136147351,0.23883828127088585,-0.7188722258002581,-0.012179192713292153,-1.2871025346258453,0.4342092165614293,51.0,52.0,51.0,43.0,43.0,26.0,30.0,28.0,52.0,96.95,3975442432,1552678912,1592578048,9.61,9.05,9.18,25297891328,9402466304
2026-05-06T16:07:40.840400+02:00,-0.001842200665987162,0.1756624638284299,0.220766203719742,-2.6520711277156646,1.374132706806831,-1.4950786389404667,1.5866411136147351,0.23883828127088585,-0.7188722258002581,-0.012179192713292153,-1.2871025346258453,0.4342092165614293,51.0,52.0,51.0,43.0,43.0,26.0,30.0,28.0,52.0,96.95,3975442432,1552678912,1592578048,9.61,9.05,9.18,25297891328,9402466304
2026-05-06T16:07:40.890667+02:00,-0.001842200665987162,0.1756624638284299,0.220766203719742,-2.6520711277156646,1.374132706806831,-1.4950786389404667,1.5866411136147351,0.23883828127088585,-0.7188722258002581,-0.012179192713292153,-1.2871025346258453,0.4342092165614293,51.0,52.0,51.0,43.0,43.0,26.0,30.0,28.0,52.0,96.95,3975442432,1552678912,1592578048,9.61,9.05,9.18,25297891328,9402466304
2026-05-06T16:07:40.941732+02:00,-0.001842200665987162,0.1756624638284299,0.220766203719742,-2.6520711277156646,1.374132706806831,-1.4950786389404667,1.5866411136147351,0.23883828127088585,-0.7188722258002581,-0.012179192713292153,-1.2871025346258453,0.4342092165614293,51.0,52.0,51.0,43.0,43.0,26.0,30.0,28.0,52.0,96.95,3975442432,1552678912,1592578048,9.61,9.05,9.18,25297891328,9402466304
2026-05-06T16:07:40.992905+02:00,-0.001842200665987162,0.1756624638284299,0.220766203719742,-2.6520711277156646,1.374132706806831,-1.4950786389404667,1.5866411136147351,0.23883828127088585,-0.7188722258002581,-0.012179192713292153,-1.2871025346258453,0.4342092165614293,51.0,52.0,51.0,43.0,43.0,26.0,30.0,28.0,52.0,96.95,3975442432,1552678912,1592578048,9.61,9.05,9.18,25297891328,9402466304
2026-05-06T16:07:41.043141+02:00,-0.001842200665987162,0.1756624638284299,0.220766203719742,-2.6520711277156646,1.374132706806831,-1.4950786389404667,1.5866411136147351,0.23883828127088585,-0.7188722258002581,-0.012179192713292153,-1.2871025346258453,0.4342092165614293,51.0,52.0,51.0,43.0,43.0,26.0,30.0,28.0,52.0,96.95,3975442432,1552678912,1592578048,9.61,9.05,9.18,25297891328,9402466304
2026-05-06T16:07:41.094115+02:00,-0.001842200665987162,0.1756624638284299,0.220766203719742,-2.6520711277156646,1.374132706806831,-1.4950786389404667,1.5866411136147351,0.23883828127088585,-0.7188722258002581,-0.012179192713292153,-1.2871025346258453,0.4342092165614293,51.0,52.0,51.0,43.0,43.0,26.0,30.0,28.0,52.0,96.95,3975442432,1552678912,1592578048,9.61,9.05,9.18,25297891328,9402466304
2026-05-06T16:07:41.145419+02:00,-0.001842200665987162,0.1756624638284299,0.220766203719742,-2.6520711277156646,1.374132706806831,-1.4950786389404667,1.5866411136147351,0.23883828127088585,-0.7188722258002581,-0.012179192713292153,-1.2871025346258453,0.4342092165614293,51.0,52.0,51.0,43.0,43.0,26.0,30.0,28.0,52.0,96.95,3975442432,1552678912,1592578048,9.61,9.05,9.18,25297891328,9402466304
2026-05-06T16:07:41.197762+02:00,-0.001842200665987162,0.1756624638284299,0.220766203719742,-2.6520711277156646,1.374132706806831,-1.4950786389404667,1.5866411136147351,0.23883828127088585,-0.7188722258002581,-0.012179192713292153,-1.2871025346258453,0.4342092165614293,51.0,52.0,51.0,43.0,43.0,26.0,30.0,28.0,52.0,96.95,3975442432,1552678912,1592578048,9.61,9.05,9.18,25297891328,9402466304
2026-05-06T16:07:41.249346+02:00,-0.001842200665987162,0.1756624638284299,0.220766203719742,-2.6520711277156646,1.374132706806831,-1.4950786389404667,1.5866411136147351,0.23883828127088585,-0.7188722258002581,-0.012179192713292153,-1.2871025346258453,0.4342092165614293,51.0,52.0,51.0,43.0,43.0,26.0,30.0,28.0,52.0,96.95,3975442432,1552678912,1592578048,9.61,9.05,9.18,25297891328,9402466304
2026-05-06T16:07:41.300360+02:00,-0.001842200665987162,0.1756624638284299,0.220766203719742,-2.6520711277156646,1.374132706806831,-1.4950786389404667,1.5866411136147351,0.23883828127088585,-0.7188722258002581,-0.012179192713292153,-1.2871025346258453,0.4342092165614293,51.0,52.0,51.0,43.0,43.0,26.0,30.0,28.0,52.0,96.95,3975442432,1552678912,1592578048,9.61,9.05,9.18,25297891328,9402466304
2026-05-06T16:07:41.351357+02:00,-0.001842200665987162,0.1756624638284299,0.220766203719742,-2.6520711277156646,1.374132706806831,-1.4950786389404667,1.5866411136147351,0.23883828127088585,-0.7188722258002581,-0.012179192713292153,-1.2871025346258453,0.4342092165614293,51.0,52.0,51.0,43.0,43.0,26.0,30.0,28.0,52.0,96.95,3975442432,1552678912,1592578048,9.61,9.05,9.18,25297891328,9402466304
