timestamp,x_m,y_m,z_m,roll_rad,pitch_rad,yaw_rad,j1_rad,j2_rad,j3_rad,j4_rad,j5_rad,j6_rad,temp_m1_C,temp_m2_C,temp_m3_C,temp_m4_C,temp_m5_C,temp_m6_C,temp_m7_C,temp_m8_C,rpi_temp_C,cpu_percent,mem_total_B,mem_used_B,mem_free_B,load1,load5,load15,disk_total_B,disk_used_B
2026-05-06T15:37:07.031132+02:00,-0.053502846535063577,0.2094018002320124,0.04543168592146598,-2.9978102035302494,1.5229077424320665,-1.449286113820503,1.8194959610988106,-0.5398438551648882,-0.7931045695460809,0.02156838462019195,-0.285413080136522,0.24859754122726674,50.0,51.0,51.0,41.0,43.0,26.0,30.0,26.0,52.0,98.45,3975442432,1551286272,1612619776,10.09,8.86,8.07,25297891328,9399296000
2026-05-06T15:37:07.086146+02:00,-0.053502846535063577,0.2094018002320124,0.04543168592146598,-2.9978102035302494,1.5229077424320665,-1.449286113820503,1.8194959610988106,-0.5398438551648882,-0.7931045695460809,0.02156838462019195,-0.285413080136522,0.24859754122726674,50.0,51.0,51.0,41.0,43.0,26.0,30.0,26.0,52.0,98.45,3975442432,1551286272,1612619776,10.09,8.86,8.07,25297891328,9399296000
2026-05-06T15:37:07.141176+02:00,-0.053502846535063577,0.2094018002320124,0.04543168592146598,-2.9978102035302494,1.5229077424320665,-1.449286113820503,1.8194959610988106,-0.5398438551648882,-0.7931045695460809,0.02156838462019195,-0.285413080136522,0.24859754122726674,50.0,51.0,51.0,41.0,43.0,26.0,30.0,26.0,52.0,98.45,3975442432,1551286272,1612619776,10.09,8.86,8.07,25297891328,9399296000
2026-05-06T15:37:07.191846+02:00,-0.05350284653506359,0.20940180023201238,0.04543168592146599,-2.9993441843181388,1.5229077424320667,-1.449286113820506,1.8194959610988106,-0.5398438551648882,-0.7931045695460809,0.02156838462019195,-0.285413080136522,0.25013152201515254,50.0,51.0,51.0,41.0,43.0,26.0,30.0,26.0,52.0,98.5,3975442432,1585156096,1578749952,10.01,8.86,8.07,25297891328,9399296000
2026-05-06T15:37:07.244082+02:00,-0.05350284653506359,0.20940180023201238,0.04543168592146599,-2.9993441843181388,1.5229077424320667,-1.449286113820506,1.8194959610988106,-0.5398438551648882,-0.7931045695460809,0.02156838462019195,-0.285413080136522,0.24859754122726674,50.0,51.0,51.0,41.0,43.0,26.0,30.0,26.0,52.0,98.5,3975442432,1585156096,1578749952,10.01,8.86,8.07,25297891328,9399296000
2026-05-06T15:37:07.296008+02:00,-0.05350284653506359,0.20940180023201238,0.04543168592146599,-2.9993441843181388,1.5229077424320667,-1.449286113820506,1.8194959610988106,-0.5398438551648882,-0.7931045695460809,0.02156838462019195,-0.285413080136522,0.24859754122726674,50.0,51.0,51.0,41.0,43.0,26.0,30.0,26.0,52.0,98.5,3975442432,1585156096,1578749952,10.01,8.86,8.07,25297891328,9399296000
2026-05-06T15:37:07.347189+02:00,-0.05350284653506359,0.20940180023201238,0.04543168592146599,-2.9993441843181388,1.5229077424320667,-1.449286113820506,1.8194959610988106,-0.5398438551648882,-0.7931045695460809,0.02156838462019195,-0.285413080136522,0.24859754122726674,50.0,51.0,51.0,41.0,43.0,26.0,30.0,26.0,52.0,98.5,3975442432,1585156096,1578749952,10.01,8.86,8.07,25297891328,9399296000
2026-05-06T15:37:07.398886+02:00,-0.05350284653506359,0.20940180023201238,0.04543168592146599,-2.9993441843181388,1.5229077424320667,-1.449286113820506,1.8194959610988106,-0.5398438551648882,-0.7931045695460809,0.02156838462019195,-0.285413080136522,0.24859754122726674,50.0,51.0,51.0,41.0,43.0,26.0,30.0,26.0,52.0,98.5,3975442432,1585156096,1578749952,10.01,8.86,8.07,25297891328,9399296000
2026-05-06T15:37:07.449900+02:00,-0.05350284653506359,0.20940180023201238,0.04543168592146599,-2.9993441843181388,1.5229077424320667,-1.449286113820506,1.8194959610988106,-0.5398438551648882,-0.7931045695460809,0.02156838462019195,-0.285413080136522,0.24859754122726674,50.0,51.0,51.0,41.0,43.0,26.0,30.0,26.0,52.0,98.5,3975442432,1585156096,1578749952,10.01,8.86,8.07,25297891328,9399296000
2026-05-06T15:37:07.504084+02:00,-0.05350284653506359,0.20940180023201238,0.04543168592146599,-2.9993441843181388,1.5229077424320667,-1.449286113820506,1.8194959610988106,-0.5398438551648882,-0.7931045695460809,0.02156838462019195,-0.285413080136522,0.24859754122726674,50.0,51.0,51.0,41.0,43.0,26.0,30.0,26.0,52.0,98.5,3975442432,1585156096,1578749952,10.01,8.86,8.07,25297891328,9399296000
2026-05-06T15:37:07.556872+02:00,-0.05350284653506359,0.20940180023201238,0.04543168592146599,-2.9993441843181388,1.5229077424320667,-1.449286113820506,1.8194959610988106,-0.5398438551648882,-0.7931045695460809,0.02156838462019195,-0.285413080136522,0.24859754122726674,50.0,51.0,51.0,41.0,43.0,26.0,30.0,26.0,52.0,98.5,3975442432,1585156096,1578749952,10.01,8.86,8.07,25297891328,9399296000
2026-05-06T15:37:07.607266+02:00,-0.05350284653506359,0.20940180023201238,0.04543168592146599,-2.9993441843181388,1.5229077424320667,-1.449286113820506,1.8194959610988106,-0.5398438551648882,-0.7931045695460809,0.02156838462019195,-0.285413080136522,0.24859754122726674,50.0,51.0,51.0,41.0,43.0,26.0,30.0,26.0,52.0,98.5,3975442432,1585156096,1578749952,10.01,8.86,8.07,25297891328,9399296000
2026-05-06T15:37:07.661329+02:00,-0.05350284653506359,0.20940180023201238,0.04543168592146599,-2.9993441843181388,1.5229077424320667,-1.449286113820506,1.8194959610988106,-0.5398438551648882,-0.7931045695460809,0.02156838462019195,-0.285413080136522,0.24859754122726674,50.0,51.0,51.0,41.0,43.0,26.0,30.0,26.0,52.0,98.5,3975442432,1585156096,1578749952,10.01,8.86,8.07,25297891328,9399296000
2026-05-06T15:37:07.716447+02:00,-0.05350284653506359,0.20940180023201238,0.04543168592146599,-2.9993441843181388,1.5229077424320667,-1.449286113820506,1.8194959610988106,-0.5383289093741571,-0.7931045695460809,0.02156838462019195,-0.285413080136522,0.24859754122726674,50.0,51.0,51.0,41.0,43.0,26.0,30.0,26.0,52.0,98.5,3975442432,1585156096,1578749952,10.01,8.86,8.07,25297891328,9399296000
2026-05-06T15:37:07.771848+02:00,-0.05350284653506359,0.20940180023201238,0.04543168592146599,-2.9993441843181388,1.5229077424320667,-1.449286113820506,1.8194959610988106,-0.535299017792695,-0.7931045695460809,0.02156838462019195,-0.285413080136522,0.24859754122726674,50.0,51.0,51.0,41.0,43.0,26.0,30.0,26.0,52.0,98.5,3975442432,1585156096,1578749952,10.01,8.86,8.07,25297891328,9399296000
2026-05-06T15:37:07.825345+02:00,-0.05354785660371928,0.2095790350696299,0.045759247603228914,-3.00348841439814,1.5244100532376716,-1.4534257418244525,1.8194959610988106,-0.5292392346297706,-0.7931045695460809,0.02156838462019195,-0.29154900328806477,0.24859754122726674,50.0,51.0,51.0,41.0,43.0,26.0,30.0,26.0,52.0,98.5,3975442432,1585156096,1578749952,10.01,8.86,8.07,25297891328,9399296000
2026-05-06T15:37:07.880311+02:00,-0.05354785660371928,0.2095790350696299,0.045759247603228914,-3.00348841439814,1.5244100532376716,-1.4534257418244525,1.8194959610988106,-0.5246943972575774,-0.7931045695460809,0.020034403832306147,-0.29615094565172173,0.24859754122726674,50.0,51.0,51.0,41.0,43.0,26.0,30.0,26.0,52.0,98.5,3975442432,1585156096,1578749952,10.01,8.86,8.07,25297891328,9399296000
2026-05-06T15:37:07.935323+02:00,-0.05354785660371928,0.2095790350696299,0.045759247603228914,-3.00348841439814,1.5244100532376716,-1.4534257418244525,1.8194959610988106,-0.5156047225131909,-0.794619515336812,0.020034403832306147,-0.31762667668212075,0.25013152201515254,50.0,51.0,51.0,41.0,43.0,26.0,30.0,26.0,52.0,98.5,3975442432,1585156096,1578749952,10.01,8.86,8.07,25297891328,9399296000
2026-05-06T15:37:07.990389+02:00,-0.05346333304312667,0.20912137788496088,0.05036693990118364,-2.98164751154543,1.5134592687673893,-1.4314939371328592,1.8194959610988106,-0.5110598851409976,-0.794619515336812,0.020034403832306147,-0.3206946382578919,0.25013152201515254,50.0,51.0,51.0,41.0,43.0,26.0,30.0,26.0,52.0,98.5,3975442432,1585156096,1578749952,10.01,8.86,8.07,25297891328,9399296000
2026-05-06T15:37:08.040936+02:00,-0.05346333304312667,0.20912137788496088,0.05036693990118364,-2.98164751154543,1.5134592687673893,-1.4314939371328592,1.8194959610988106,-0.5004552646058801,-0.794619515336812,0.020034403832306147,-0.3345004653488628,0.25013152201515254,50.0,51.0,51.0,41.0,43.0,26.0,30.0,26.0,52.0,98.5,3975442432,1585156096,1578749952,10.01,8.86,8.07,25297891328,9399296000
2026-05-06T15:37:08.095963+02:00,-0.05346333304312667,0.20912137788496088,0.05036693990118364,-2.98164751154543,1.5134592687673893,-1.4314939371328592,1.8194959610988106,-0.4974253730244179,-0.794619515336812,0.018500423044420344,-0.33910240771251976,0.25013152201515254,50.0,51.0,51.0,41.0,43.0,26.0,30.0,26.0,52.0,98.5,3975442432,1585156096,1578749952,10.01,8.86,8.07,25297891328,9399296000
2026-05-06T15:37:08.150953+02:00,-0.05346333304312667,0.20912137788496088,0.05036693990118364,-2.98164751154543,1.5134592687673893,-1.4314939371328592,1.8194959610988106,-0.48682075248930057,-0.794619515336812,0.020034403832306147,-0.34830629243983324,0.25013152201515254,50.0,51.0,51.0,41.0,43.0,26.0,30.0,26.0,52.0,98.5,3975442432,1585156096,1578749952,10.01,8.86,8.07,25297891328,9399296000
2026-05-06T15:37:08.205969+02:00,-0.053680638578101604,0.2097731789419461,0.05645495652047914,-2.9880923263190198,1.511515298659258,-1.4377609352666727,1.8194959610988106,-0.48076096932637624,-0.794619515336812,0.020034403832306147,-0.35751017716714717,0.25013152201515254,50.0,51.0,51.0,41.0,43.0,26.0,30.0,26.0,52.0,97.79,3975442432,1586798592,1577095168,10.01,8.86,8.07,25297891328,9399308288
2026-05-06T15:37:08.257851+02:00,-0.053680638578101604,0.2097731789419461,0.05645495652047914,-2.9880923263190198,1.511515298659258,-1.4377609352666727,1.8194959610988106,-0.4671264572097965,-0.796134461127543,0.020034403832306147,-0.3682480426823469,0.25013152201515254,50.0,51.0,51.0,41.0,43.0,26.0,30.0,26.0,52.0,97.79,3975442432,1586798592,1577095168,10.01,8.86,8.07,25297891328,9399308288
2026-05-06T15:37:08.310727+02:00,-0.053680638578101604,0.2097731789419461,0.05645495652047914,-2.9880923263190198,1.511515298659258,-1.4377609352666727,1.8194959610988106,-0.4671264572097965,-0.796134461127543,0.020034403832306147,-0.3682480426823469,0.25013152201515254,50.0,51.0,51.0,41.0,43.0,26.0,30.0,26.0,52.0,97.79,3975442432,1586798592,1577095168,10.01,8.86,8.07,25297891328,9399308288
2026-05-06T15:37:08.365731+02:00,-0.053680638578101604,0.2097731789419461,0.05645495652047914,-2.9880923263190198,1.511515298659258,-1.4377609352666727,1.8194959610988106,-0.4428873245580992,-0.796134461127543,0.020034403832306147,-0.3989276584400594,0.25013152201515254,50.0,51.0,51.0,41.0,43.0,26.0,30.0,26.0,52.0,97.79,3975442432,1586798592,1577095168,10.01,8.86,8.07,25297891328,9399308288
2026-05-06T15:37:08.420267+02:00,-0.0537810158163928,0.20992578841069912,0.06368899426653007,-2.9928293442548735,1.507977375057478,-1.442266955495724,1.8179740339910713,-0.4247079750693262,-0.7976494069182741,0.020034403832306147,-0.41580144710680145,0.25013152201515254,50.0,51.0,51.0,41.0,43.0,26.0,30.0,26.0,52.0,97.79,3975442432,1586798592,1577095168,10.01,8.86,8.07,25297891328,9399308288
2026-05-06T15:37:08.475266+02:00,-0.0537810158163928,0.20992578841069912,0.06368899426653007,-2.9928293442548735,1.507977375057478,-1.442266955495724,1.8179740339910713,-0.41561830032493974,-0.7976494069182741,0.020034403832306147,-0.42347135104623,0.25013152201515254,50.0,51.0,51.0,41.0,43.0,26.0,30.0,26.0,52.0,97.79,3975442432,1586798592,1577095168,10.01,8.86,8.07,25297891328,9399308288
2026-05-06T15:37:08.530320+02:00,-0.0537810158163928,0.20992578841069912,0.06368899426653007,-2.9928293442548735,1.507977375057478,-1.442266955495724,1.8179740339910713,-0.39743895083616676,-0.7976494069182741,0.020034403832306147,-0.4418791205008574,0.25013152201515254,50.0,51.0,51.0,41.0,43.0,26.0,30.0,26.0,52.0,97.79,3975442432,1586798592,1577095168,10.01,8.86,8.07,25297891328,9399308288
2026-05-06T15:37:08.585856+02:00,-0.0537810158163928,0.20992578841069912,0.06368899426653007,-2.9928293442548735,1.507977375057478,-1.442266955495724,1.8179740339910713,-0.3868343303010493,-0.7976494069182741,0.018500423044420344,-0.44954902444028555,0.25013152201515254,50.0,51.0,51.0,41.0,43.0,26.0,30.0,26.0,52.0,97.79,3975442432,1586798592,1577095168,10.01,8.86,8.07,25297891328,9399308288
2026-05-06T15:37:08.636376+02:00,-0.05360374672071612,0.21036141532816305,0.07609870243773686,-2.9997194429268665,1.5072057738805216,-1.4488390432282505,1.8179740339910713,-0.3716848723937386,-0.7976494069182741,0.018500423044420344,-0.46182087074337064,0.25013152201515254,50.0,51.0,51.0,41.0,43.0,26.0,30.0,26.0,52.0,97.79,3975442432,1586798592,1577095168,10.01,8.86,8.07,25297891328,9399308288
2026-05-06T15:37:08.686661+02:00,-0.05360374672071612,0.21036141532816305,0.07609870243773686,-2.9997194429268665,1.5072057738805216,-1.4488390432282505,1.8179740339910713,-0.35956530606788994,-0.7991643527090052,0.018500423044420344,-0.47102475547068456,0.25013152201515254,50.0,51.0,51.0,41.0,43.0,26.0,30.0,26.0,52.0,97.79,3975442432,1586798592,1577095168,10.01,8.86,8.07,25297891328,9399308288
2026-05-06T15:37:08.738198+02:00,-0.05360374672071612,0.21036141532816305,0.07609870243773686,-2.9997194429268665,1.5072057738805216,-1.4488390432282505,1.8179740339910713,-0.35199057711423454,-0.7991643527090052,0.020034403832306147,-0.47409271704645617,0.25013152201515254,50.0,51.0,51.0,41.0,43.0,26.0,30.0,26.0,52.0,97.79,3975442432,1586798592,1577095168,10.01,8.86,8.07,25297891328,9399308288
2026-05-06T15:37:08.789342+02:00,-0.0538173722467618,0.21083895383587514,0.08466654789876578,-3.040127764605458,1.515663399176618,-1.4903591968650238,1.8179740339910713,-0.3383560649976548,-0.7991643527090052,0.020034403832306147,-0.4802286401979985,0.25013152201515254,50.0,51.0,51.0,41.0,43.0,26.0,30.0,26.0,52.0,97.79,3975442432,1586798592,1577095168,10.01,8.86,8.07,25297891328,9399308288
2026-05-06T15:37:08.844390+02:00,-0.0538173722467618,0.21083895383587514,0.08466654789876578,-3.040127764605458,1.515663399176618,-1.4903591968650238,1.8179740339910713,-0.3292663902532683,-0.7991643527090052,0.018500423044420344,-0.4894325249253124,0.2516655028030379,50.0,51.0,51.0,41.0,43.0,26.0,30.0,26.0,52.0,97.79,3975442432,1586798592,1577095168,10.01,8.86,8.07,25297891328,9399308288
2026-05-06T15:37:08.894663+02:00,-0.0538173722467618,0.21083895383587514,0.08466654789876578,-3.040127764605458,1.515663399176618,-1.4903591968650238,1.8179740339910713,-0.3247215528810752,-0.7991643527090052,0.018500423044420344,-0.4925004865010836,0.2516655028030379,50.0,51.0,51.0,41.0,43.0,26.0,30.0,26.0,52.0,97.79,3975442432,1586798592,1577095168,10.01,8.86,8.07,25297891328,9399308288
2026-05-06T15:37:08.949500+02:00,-0.0538173722467618,0.21083895383587514,0.08466654789876578,-3.040127764605458,1.515663399176618,-1.4903591968650238,1.8179740339910713,-0.3141169323459576,-0.7991643527090052,0.016966442256534986,-0.5001703904405117,0.2531994835909237,50.0,51.0,51.0,41.0,43.0,26.0,30.0,26.0,52.0,97.79,3975442432,1586798592,1577095168,10.01,8.86,8.07,25297891328,9399308288
2026-05-06T15:37:09.004523+02:00,-0.05392236598649016,0.21149553000843366,0.09213406274834325,-3.056891790901277,1.5259656877426646,-1.5056630144727676,1.8179740339910713,-0.30957209497376437,-0.7991643527090052,0.016966442256534986,-0.5017043712283975,0.2531994835909237,50.0,51.0,51.0,41.0,43.0,26.0,30.0,26.0,52.0,97.79,3975442432,1586798592,1577095168,10.01,8.86,8.07,25297891328,9399308288
2026-05-06T15:37:09.054667+02:00,-0.05392236598649016,0.21149553000843366,0.09213406274834325,-3.056891790901277,1.5259656877426646,-1.5056630144727676,1.8179740339910713,-0.30351231181084004,-0.7991643527090052,0.016966442256534986,-0.5063063135920545,0.2531994835909237,50.0,51.0,51.0,41.0,43.0,26.0,30.0,26.0,52.0,97.79,3975442432,1586798592,1577095168,10.01,8.86,8.07,25297891328,9399308288
2026-05-06T15:37:09.109722+02:00,-0.05392236598649016,0.21149553000843366,0.09213406274834325,-3.056891790901277,1.5259656877426646,-1.5056630144727676,1.8179740339910713,-0.30199736602010896,-0.7991643527090052,0.016966442256534986,-0.5063063135920545,0.2531994835909237,50.0,51.0,51.0,41.0,43.0,26.0,30.0,26.0,52.0,97.79,3975442432,1586798592,1577095168,10.01,8.86,8.07,25297891328,9399308288
2026-05-06T15:37:09.159798+02:00,-0.05392236598649016,0.21149553000843366,0.09213406274834325,-3.056891790901277,1.5259656877426646,-1.5056630144727676,1.8179740339910713,-0.30199736602010896,-0.7991643527090052,0.016966442256534986,-0.5063063135920545,0.2531994835909237,50.0,51.0,51.0,41.0,43.0,26.0,30.0,26.0,52.0,91.34,3975442432,1587101696,1576689664,10.01,8.86,8.07,25297891328,9399312384
2026-05-06T15:37:09.209885+02:00,-0.05401491197769536,0.21181292147946465,0.09538966311671453,-3.086475137793002,1.5317701834272837,-1.5366835190191457,1.8179740339910713,-0.30199736602010896,-0.7991643527090052,0.015432461468649183,-0.5078402943799403,0.2531994835909237,50.0,51.0,51.0,41.0,43.0,26.0,30.0,26.0,52.0,91.34,3975442432,1587101696,1576689664,10.01,8.86,8.07,25297891328,9399312384
2026-05-06T15:37:09.261262+02:00,-0.05401491197769536,0.21181292147946465,0.09538966311671453,-3.086475137793002,1.5317701834272837,-1.5366835190191457,1.8179740339910713,-0.30199736602010896,-0.7991643527090052,0.015432461468649183,-0.5078402943799403,0.2531994835909237,50.0,51.0,51.0,41.0,43.0,26.0,30.0,26.0,52.0,91.34,3975442432,1587101696,1576689664,10.01,8.86,8.07,25297891328,9399312384
2026-05-06T15:37:09.316305+02:00,-0.05401491197769536,0.21181292147946465,0.09538966311671453,-3.086475137793002,1.5317701834272837,-1.5366835190191457,1.8179740339910713,-0.30199736602010896,-0.7991643527090052,0.015432461468649183,-0.5078402943799403,0.2531994835909237,50.0,51.0,51.0,41.0,43.0,26.0,30.0,26.0,52.0,91.34,3975442432,1587101696,1576689664,10.01,8.86,8.07,25297891328,9399312384
2026-05-06T15:37:09.371322+02:00,-0.05401491197769536,0.21181292147946465,0.09538966311671453,-3.086475137793002,1.5317701834272837,-1.5366835190191457,1.8179740339910713,-0.30199736602010896,-0.7991643527090052,0.015432461468649183,-0.5078402943799403,0.2531994835909237,50.0,51.0,51.0,41.0,43.0,26.0,30.0,26.0,52.0,91.34,3975442432,1587101696,1576689664,10.01,8.86,8.07,25297891328,9399312384
2026-05-06T15:37:09.421907+02:00,-0.05396658685661662,0.21182437582989733,0.09538929902407554,-3.0690181766751796,1.5319105974496214,-1.5178718991142781,1.8179740339910713,-0.30199736602010896,-0.7991643527090052,0.016966442256534986,-0.5078402943799403,0.2531994835909237,50.0,51.0,51.0,41.0,43.0,26.0,30.0,26.0,52.0,91.34,3975442432,1587101696,1576689664,10.01,8.86,8.07,25297891328,9399312384
2026-05-06T15:37:09.473238+02:00,-0.05396658685661662,0.21182437582989733,0.09538929902407554,-3.0690181766751796,1.5319105974496214,-1.5178718991142781,1.8164521068833328,-0.30199736602010896,-0.7991643527090052,0.015432461468649183,-0.5078402943799403,0.2531994835909237,50.0,51.0,51.0,41.0,43.0,26.0,30.0,26.0,52.0,91.34,3975442432,1587101696,1576689664,10.01,8.86,8.07,25297891328,9399312384
2026-05-06T15:37:09.528281+02:00,-0.05396658685661662,0.21182437582989733,0.09538929902407554,-3.0690181766751796,1.5319105974496214,-1.5178718991142781,1.8118863255601156,-0.30199736602010896,-0.796134461127543,0.015432461468649183,-0.5109082559557114,0.2547334643788095,50.0,51.0,51.0,41.0,43.0,26.0,30.0,26.0,52.0,91.34,3975442432,1587101696,1576689664,10.01,8.86,8.07,25297891328,9399312384
2026-05-06T15:37:09.583346+02:00,-0.05281967189498049,0.21271773533424276,0.09580002966814191,-3.068360708230501,1.5318654440258554,-1.5248139664217204,1.8042766900214198,-0.30351231181084004,-0.7915896237553498,0.015432461468649183,-0.5139762175314826,0.25626744516669486,50.0,51.0,51.0,41.0,43.0,26.0,30.0,26.0,52.0,91.34,3975442432,1587101696,1576689664,10.01,8.86,8.07,25297891328,9399312384
2026-05-06T15:37:09.637767+02:00,-0.05281967189498049,0.21271773533424276,0.09580002966814191,-3.068360708230501,1.5318654440258554,-1.5248139664217204,1.793623200267247,-0.3065422033923022,-0.7855298405924256,0.015432461468649183,-0.5185781598951396,0.25780142595458067,50.0,51.0,51.0,41.0,43.0,26.0,30.0,26.0,52.0,91.34,3975442432,1587101696,1576689664,10.01,8.86,8.07,25297891328,9399312384
2026-05-06T15:37:09.689319+02:00,-0.05281967189498049,0.21271773533424276,0.09580002966814191,-3.068360708230501,1.5318654440258554,-1.5248139664217204,1.7784039291898561,-0.3080571491830333,-0.7764401658480391,0.016966442256534986,-0.5308500061982246,0.26240336831823763,50.0,51.0,51.0,41.0,43.0,26.0,30.0,26.0,52.0,91.34,3975442432,1587101696,1576689664,10.01,8.86,8.07,25297891328,9399312384
2026-05-06T15:37:09.742481+02:00,-0.05281967189498049,0.21271773533424276,0.09580002966814191,-3.068360708230501,1.5318654440258554,-1.5248139664217204,1.7723162207588996,-0.30957209497376437,-0.7734102742665769,0.016966442256534986,-0.5308500061982246,0.26240336831823763,50.0,51.0,51.0,41.0,43.0,26.0,30.0,26.0,52.0,91.34,3975442432,1587101696,1576689664,10.01,8.86,8.07,25297891328,9399312384
2026-05-06T15:37:09.793834+02:00,-0.045258287357717635,0.218642192282689,0.0972632354633709,-3.0617113603260706,1.5269736586421807,-1.5666149212328193,1.7601408038969875,-0.31260198655522653,-0.7658355453129215,0.020034403832306147,-0.5431218525013097,0.263937349106123,50.0,51.0,51.0,41.0,43.0,26.0,30.0,26.0,52.0,91.34,3975442432,1587101696,1576689664,10.01,8.86,8.07,25297891328,9399312384
2026-05-06T15:37:09.844595+02:00,-0.045258287357717635,0.218642192282689,0.0972632354633709,-3.0617113603260706,1.5269736586421807,-1.5666149212328193,1.7479653870350753,-0.3141169323459576,-0.7582608163592661,0.018500423044420344,-0.5492577756528525,0.2654713298940088,50.0,51.0,51.0,41.0,43.0,26.0,30.0,26.0,52.0,91.34,3975442432,1587101696,1576689664,10.01,8.86,8.07,25297891328,9399312384
2026-05-06T15:37:09.899645+02:00,-0.045258287357717635,0.218642192282689,0.0972632354633709,-3.0617113603260706,1.5269736586421807,-1.5666149212328193,1.7251364804189895,-0.31866176971815086,-0.7461412500334175,0.02156838462019195,-0.5645975835317087,0.2731412338334369,50.0,51.0,51.0,41.0,43.0,26.0,30.0,26.0,52.0,91.34,3975442432,1587101696,1576689664,10.01,8.86,8.07,25297891328,9399312384
2026-05-06T15:37:09.954649+02:00,-0.045258287357717635,0.218642192282689,0.0972632354633709,-3.0617113603260706,1.5269736586421807,-1.5666149212328193,1.7038295009106421,-0.3232066070903441,-0.7340216837075689,0.02156838462019195,-0.5738014682590227,0.2777431761970939,50.0,51.0,51.0,41.0,43.0,26.0,30.0,26.0,52.0,91.34,3975442432,1587101696,1576689664,10.01,8.86,8.07,25297891328,9399312384
2026-05-06T15:37:10.010166+02:00,-0.031248813526179305,0.22742736265414,0.09972659599727171,-3.037806314534297,1.509541134517155,-1.630186959830604,1.6901321569409906,-0.32623649867180615,-0.7249320089631824,0.02156838462019195,-0.5830053529863366,0.28234511856075084,50.0,51.0,51.0,41.0,43.0,26.0,30.0,26.0,52.0,91.34,3975442432,1587101696,1576689664,10.01,8.86,8.07,25297891328,9399312384
2026-05-06T15:37:10.063931+02:00,-0.031248813526179305,0.22742736265414,0.09972659599727171,-3.037806314534297,1.509541134517155,-1.630186959830604,1.6612155418939492,-0.3307813360439994,-0.7067526594744095,0.023102365408077308,-0.6029471032288498,0.2884810417122936,50.0,51.0,51.0,41.0,43.0,26.0,30.0,26.0,52.0,91.34,3975442432,1587101696,1576689664,10.01,8.86,8.07,25297891328,9399312384
2026-05-06T15:37:10.115274+02:00,-0.031248813526179305,0.22742736265414,0.09972659599727171,-3.037806314534297,1.509541134517155,-1.630186959830604,1.6429524166010805,-0.33532617341619264,-0.697662984730023,0.026170326983848913,-0.6121509879561637,0.2930829840759501,50.0,51.0,51.0,41.0,43.0,26.0,30.0,26.0,52.0,91.34,3975442432,1587101696,1576689664,10.01,8.86,8.07,25297891328,9399312384
2026-05-06T15:37:10.170901+02:00,-0.031248813526179305,0.22742736265414,0.09972659599727171,-3.037806314534297,1.509541134517155,-1.630186959830604,1.589684967830213,-0.34441584816057913,-0.6658491231246704,0.029238288559620074,-0.6458985652896478,0.30228686880326405,50.0,51.0,51.0,41.0,43.0,26.0,30.0,26.0,52.0,98.51,3975442432,1587453952,1576321024,10.01,8.86,8.07,25297891328,9399332864
2026-05-06T15:37:10.222712+02:00,-0.008184043720714297,0.24001205220839186,0.10429308379339225,-3.021718751716691,1.4932984321417933,-1.7423022938720636,1.5516367901367372,-0.35047563132350346,-0.6446398820544352,0.029238288559620074,-0.6612383731685041,0.3084227919548068,50.0,51.0,51.0,41.0,43.0,26.0,30.0,26.0,52.0,98.51,3975442432,1587453952,1576321024,10.01,8.86,8.07,25297891328,9399332864
2026-05-06T15:37:10.274063+02:00,-0.008184043720714297,0.24001205220839186,0.10429308379339225,-3.021718751716691,1.4932984321417933,-1.7423022938720636,1.5227201750896948,-0.3565354144864278,-0.6279754783563934,0.030772269347505876,-0.6811801234110177,0.3191606574700061,50.0,51.0,51.0,41.0,43.0,26.0,30.0,26.0,52.0,98.51,3975442432,1587453952,1576321024,10.01,8.86,8.07,25297891328,9399332864
2026-05-06T15:37:10.329026+02:00,-0.008184043720714297,0.24001205220839186,0.10429308379339225,-3.021718751716691,1.4932984321417933,-1.7423022938720636,1.4983693413658696,-0.361080251858621,-0.6143409662398137,0.03384023092327704,-0.6949859505019882,0.3222286190457777,50.0,51.0,51.0,41.0,43.0,26.0,30.0,26.0,52.0,98.51,3975442432,1587453952,1576321024,10.01,8.86,8.07,25297891328,9399332864
2026-05-06T15:37:10.380629+02:00,-0.008184043720714297,0.24001205220839186,0.10429308379339225,-3.021718751716691,1.4932984321417933,-1.7423022938720636,1.4983693413658696,-0.361080251858621,-0.6143409662398137,0.03384023092327704,-0.6949859505019882,0.3222286190457777,50.0,51.0,51.0,41.0,43.0,26.0,30.0,26.0,52.0,98.51,3975442432,1587453952,1576321024,10.01,8.86,8.07,25297891328,9399332864
2026-05-06T15:37:10.433658+02:00,-0.008184043720714297,0.24001205220839186,0.10429308379339225,-3.021718751716691,1.4932984321417933,-1.7423022938720636,1.4983693413658696,-0.361080251858621,-0.6143409662398137,0.03384023092327704,-0.6949859505019882,0.3222286190457777,50.0,51.0,51.0,41.0,43.0,26.0,30.0,26.0,52.0,98.51,3975442432,1587453952,1576321024,10.01,8.86,8.07,25297891328,9399332864
2026-05-06T15:37:10.487529+02:00,0.01954822846776495,0.2491675887487799,0.10936451729331143,-3.002716439618071,1.4675510905749063,-1.8687835352194206,1.382702881177702,-0.3792596013473939,-0.5522281888198395,0.0369081924990482,-0.7548112012295283,0.3452383308640621,50.0,51.0,51.0,41.0,43.0,26.0,30.0,26.0,52.0,98.51,3975442432,1587453952,1576321024,10.01,8.86,8.07,25297891328,9399332864
2026-05-06T15:37:10.539047+02:00,0.01954822846776495,0.2491675887487799,0.10936451729331143,-3.002716439618071,1.4675510905749063,-1.8687835352194206,1.343132776376486,-0.3868343303010493,-0.5310189477496045,0.03997615407481936,-0.7747529514720415,0.34984027322771905,50.0,51.0,51.0,41.0,43.0,26.0,30.0,26.0,52.0,98.51,3975442432,1587453952,1576321024,10.01,8.86,8.07,25297891328,9399332864
2026-05-06T15:37:10.593892+02:00,0.06131582152367056,0.256123446001123,0.11672793093701697,-2.9843756653927853,1.444605645882977,-2.0394649156648654,1.300518817359793,-0.39289411346397374,-0.5082947608886382,0.04151013486270516,-0.7962286825024405,0.36057813874291833,50.0,51.0,51.0,41.0,43.0,26.0,30.0,26.0,52.0,98.51,3975442432,1587453952,1576321024,10.01,8.86,8.07,25297891328,9399332864
2026-05-06T15:37:10.645712+02:00,0.06131582152367056,0.256123446001123,0.11672793093701697,-2.9843756653927853,1.444605645882977,-2.0394649156648654,1.2594267854508385,-0.39895389662689784,-0.4870855198184032,0.043044115650590964,-0.8161704327449542,0.3682480426823469,50.0,51.0,51.0,41.0,43.0,26.0,30.0,26.0,52.0,98.51,3975442432,1587453952,1576321024,10.01,8.86,8.07,25297891328,9399332864
2026-05-06T15:37:10.700776+02:00,0.06131582152367056,0.256123446001123,0.11672793093701697,-2.9843756653927853,1.444605645882977,-2.0394649156648654,1.2137689722186669,-0.40652862558055325,-0.4628463871667059,0.04457809643847632,-0.8376461637753527,0.375917946621775,50.0,51.0,51.0,41.0,43.0,26.0,30.0,26.0,52.0,98.51,3975442432,1587453952,1576321024,10.01,8.86,8.07,25297891328,9399332864
2026-05-06T15:37:10.755761+02:00,0.06131582152367056,0.256123446001123,0.11672793093701697,-2.9843756653927853,1.444605645882977,-2.0394649156648654,1.1605015234477993,-0.41410335453420866,-0.43557736293354654,0.046112077226362125,-0.8591218948057517,0.38358785056120315,50.0,51.0,51.0,41.0,43.0,26.0,30.0,26.0,52.0,98.51,3975442432,1587453952,1576321024,10.01,8.86,8.07,25297891328,9399332864
2026-05-06T15:37:10.810610+02:00,0.10450800016392127,0.25626715135901396,0.12442993013261011,-2.986711193388152,1.4350560985594407,-2.2258074978335007,1.1315849084007579,-0.4186481919064019,-0.4204279050262357,0.046112077226362125,-0.8652578179572941,0.3881897929248601,50.0,51.0,51.0,41.0,43.0,26.0,30.0,26.0,52.0,98.51,3975442432,1587453952,1576321024,10.01,8.86,8.07,25297891328,9399332864
2026-05-06T15:37:10.862241+02:00,0.10450800016392127,0.25626715135901396,0.12442993013261011,-2.986711193388152,1.4350560985594407,-2.2258074978335007,1.1041902204614549,-0.42319302927859515,-0.4052784471189249,0.049180038802133286,-0.8851995681998077,0.39432571607640243,50.0,51.0,51.0,41.0,43.0,26.0,30.0,26.0,52.0,98.51,3975442432,1587453952,1576321024,10.01,8.86,8.07,25297891328,9399332864
2026-05-06T15:37:10.917290+02:00,0.10450800016392127,0.25626715135901396,0.12442993013261011,-2.986711193388152,1.4350560985594407,-2.2258074978335007,1.0494008445828489,-0.43076775823225055,-0.37800942288576556,0.05071401959001909,-0.900539376078664,0.3989276584400594,50.0,51.0,51.0,41.0,43.0,26.0,30.0,26.0,52.0,98.51,3975442432,1587453952,1576321024,10.01,8.86,8.07,25297891328,9399332864
2026-05-06T15:37:10.969185+02:00,0.10450800016392127,0.25626715135901396,0.12442993013261011,-2.986711193388152,1.4350560985594407,-2.2258074978335007,1.028093865074502,-0.4337976498137127,-0.3658898565599169,0.05224800037790445,-0.9158791839575202,0.40659756237948796,50.0,51.0,51.0,41.0,43.0,26.0,30.0,26.0,52.0,98.51,3975442432,1587453952,1576321024,10.01,8.86,8.07,25297891328,9399332864
2026-05-06T15:37:11.024453+02:00,0.14607763003279753,0.24831047183091734,0.1323023114994389,-2.9811791284578546,1.4208881100129154,-2.3945158804178015,0.9961333958119818,-0.43834248718590596,-0.3507403986526062,0.05224800037790445,-0.9281510302606057,0.4096655239552591,50.0,51.0,51.0,41.0,43.0,26.0,30.0,26.0,52.0,98.51,3975442432,1587453952,1576321024,10.01,8.86,8.07,25297891328,9399332864
2026-05-06T15:37:11.079470+02:00,0.14607763003279753,0.24831047183091734,0.1323023114994389,-2.9811791284578546,1.4208881100129154,-2.3945158804178015,0.9565632910107662,-0.4428873245580992,-0.33104610337310225,0.05378198116579025,-0.9419568573515762,0.4111995047431445,50.0,51.0,51.0,41.0,43.0,26.0,30.0,26.0,52.0,98.51,3975442432,1587453952,1576321024,10.01,8.86,8.07,25297891328,9399332864
2026-05-06T15:37:11.130361+02:00,0.14607763003279753,0.24831047183091734,0.1323023114994389,-2.9811791284578546,1.4208881100129154,-2.3945158804178015,0.9413440199333758,-0.4444022703488303,-0.32347137441944684,0.05378198116579025,-0.9480927805031194,0.41733542789468725,50.0,51.0,51.0,41.0,43.0,26.0,30.0,26.0,52.0,98.51,3975442432,1587453952,1576321024,10.01,8.86,8.07,25297891328,9399332864
2026-05-06T15:37:11.182150+02:00,0.14607763003279753,0.24831047183091734,0.1323023114994389,-2.9811791284578546,1.4208881100129154,-2.3945158804178015,0.9154712591018117,-0.44743216193029245,-0.3128667538843293,0.05531596195367605,-0.9542287036546617,0.41733542789468725,50.0,51.0,51.0,41.0,43.0,26.0,30.0,26.0,52.0,89.15,3975442432,1550733312,1613004800,10.01,8.86,8.07,25297891328,9399332864
2026-05-06T15:37:11.232970+02:00,0.17316546324604845,0.23889220911934209,0.13735871802598246,-2.9821917783149994,1.418382191163525,-2.501770706668882,0.8987300609166824,-0.4504620535117546,-0.30529202493067387,0.05531596195367605,-0.960364626806204,0.41886940868257305,50.0,51.0,51.0,41.0,43.0,26.0,30.0,26.0,52.0,89.15,3975442432,1550733312,1613004800,10.01,8.86,8.07,25297891328,9399332864
2026-05-06T15:37:11.283378+02:00,0.17316546324604845,0.23889220911934209,0.13735871802598246,-2.9821917783149994,1.418382191163525,-2.501770706668882,0.8667695916541622,-0.4534919450932168,-0.2931724586048252,0.05684994274156141,-0.9680345307456322,0.4250053318341154,50.0,51.0,51.0,41.0,43.0,26.0,30.0,26.0,52.0,89.15,3975442432,1550733312,1613004800,10.01,8.86,8.07,25297891328,9399332864
2026-05-06T15:37:11.335314+02:00,0.17316546324604845,0.23889220911934209,0.13735871802598246,-2.9821917783149994,1.418382191163525,-2.501770706668882,0.8515503205767714,-0.45500689088394786,-0.28862762123263197,0.05684994274156141,-0.969568511533518,0.4250053318341154,50.0,51.0,51.0,41.0,43.0,26.0,30.0,26.0,52.0,89.15,3975442432,1550733312,1613004800,10.01,8.86,8.07,25297891328,9399332864
2026-05-06T15:37:11.387206+02:00,0.19109379903907056,0.23058519904617625,0.14035612129975167,-2.9983338221817646,1.4202354448415953,-2.5921801557807576,0.8408968308225981,-0.45500689088394786,-0.2840827838604387,0.05684994274156141,-0.9726364731092896,0.4265393126220012,50.0,51.0,51.0,41.0,43.0,26.0,30.0,26.0,52.0,89.15,3975442432,1550733312,1613004800,10.01,8.86,8.07,25297891328,9399332864
2026-05-06T15:37:11.442213+02:00,0.19109379903907056,0.23058519904617625,0.14035612129975167,-2.9983338221817646,1.4202354448415953,-2.5921801557807576,0.8348091223916421,-0.45500689088394786,-0.28256783806970764,0.05838392352944721,-0.9757044346850603,0.42807329340988653,50.0,51.0,51.0,41.0,43.0,26.0,30.0,26.0,52.0,89.15,3975442432,1550733312,1613004800,10.01,8.86,8.07,25297891328,9399332864
2026-05-06T15:37:11.501092+02:00,0.19109379903907056,0.23058519904617625,0.14035612129975167,-2.9983338221817646,1.4202354448415953,-2.5921801557807576,0.8226337055297295,-0.45652183667467894,-0.28105289227897656,0.05838392352944721,-0.9803063770487177,0.42960727419777234,50.0,51.0,51.0,41.0,43.0,26.0,30.0,26.0,52.0,89.15,3975442432,1550733312,1613004800,10.01,8.86,8.07,25297891328,9399332864
2026-05-06T15:37:11.555994+02:00,0.19109379903907056,0.23058519904617625,0.14035612129975167,-2.9983338221817646,1.4202354448415953,-2.5921801557807576,0.8226337055297295,-0.45652183667467894,-0.28105289227897656,0.05838392352944721,-0.9803063770487177,0.42960727419777234,50.0,51.0,51.0,41.0,43.0,26.0,30.0,26.0,52.0,89.15,3975442432,1550733312,1613004800,10.01,8.86,8.07,25297891328,9399332864
2026-05-06T15:37:11.608384+02:00,0.2021049045386133,0.2230876690888515,0.14181389504873526,-2.9902160743991293,1.4170828832505908,-2.6323269239521236,0.8226337055297295,-0.45652183667467894,-0.28105289227897656,0.05838392352944721,-0.9803063770487177,0.42960727419777234,50.0,51.0,51.0,41.0,43.0,26.0,30.0,26.0,52.0,89.15,3975442432,1550733312,1613004800,10.01,8.86,8.07,25297891328,9399332864
2026-05-06T15:37:11.663388+02:00,0.2021049045386133,0.2230876690888515,0.14181389504873526,-2.9902160743991293,1.4170828832505908,-2.6323269239521236,0.8226337055297295,-0.45652183667467894,-0.28105289227897656,0.05838392352944721,-0.9803063770487177,0.42960727419777234,50.0,51.0,51.0,41.0,43.0,26.0,30.0,26.0,52.0,89.15,3975442432,1550733312,1613004800,10.01,8.86,8.07,25297891328,9399332864
2026-05-06T15:37:11.718411+02:00,0.2021049045386133,0.2230876690888515,0.14181389504873526,-2.9902160743991293,1.4170828832505908,-2.6323269239521236,0.8226337055297295,-0.45652183667467894,-0.28105289227897656,0.05838392352944721,-0.9803063770487177,0.42960727419777234,50.0,51.0,51.0,41.0,43.0,26.0,30.0,26.0,52.0,89.15,3975442432,1550733312,1613004800,10.01,8.86,8.07,25297891328,9399332864
2026-05-06T15:37:11.769251+02:00,0.2021049045386133,0.2230876690888515,0.14181389504873526,-2.9902160743991293,1.4170828832505908,-2.6323269239521236,0.8226337055297295,-0.45652183667467894,-0.28105289227897656,0.05838392352944721,-0.9803063770487177,0.42960727419777234,50.0,51.0,51.0,41.0,43.0,26.0,30.0,26.0,52.0,89.15,3975442432,1550733312,1613004800,10.01,8.86,8.07,25297891328,9399332864
2026-05-06T15:37:11.819561+02:00,0.2021049045386133,0.2230876690888515,0.14181389504873526,-2.9902160743991293,1.4170828832505908,-2.6323269239521236,0.8226337055297295,-0.4595517282561411,-0.28105289227897656,0.05838392352944721,-0.9803063770487177,0.42960727419777234,50.0,51.0,51.0,41.0,43.0,26.0,30.0,26.0,52.0,89.15,3975442432,1550733312,1613004800,10.01,8.86,8.07,25297891328,9399332864
2026-05-06T15:37:11.871526+02:00,0.2021049045386133,0.2230876690888515,0.14181389504873526,-2.9902160743991293,1.4170828832505908,-2.6323269239521236,0.8226337055297295,-0.46258161983760326,-0.28256783806970764,0.05838392352944721,-0.9787723962608319,0.42960727419777234,50.0,51.0,51.0,41.0,43.0,26.0,30.0,26.0,52.0,89.15,3975442432,1550733312,1613004800,10.01,8.86,8.07,25297891328,9399332864
2026-05-06T15:37:11.926489+02:00,0.2021049045386133,0.2230876690888515,0.14181389504873526,-2.9902160743991293,1.4170828832505908,-2.6323269239521236,0.8226337055297295,-0.46409656562833435,-0.28256783806970764,0.05838392352944721,-0.9757044346850603,0.42960727419777234,50.0,51.0,51.0,41.0,43.0,26.0,30.0,26.0,52.0,89.15,3975442432,1550733312,1613004800,10.01,8.86,8.07,25297891328,9399332864
2026-05-06T15:37:11.979929+02:00,0.2021049045386133,0.2230876690888515,0.14181389504873526,-2.9902160743991293,1.4170828832505908,-2.6323269239521236,0.8226337055297295,-0.47167129458198975,-0.2840827838604387,0.059917904317333015,-0.9634325883819757,0.42960727419777234,50.0,51.0,51.0,41.0,43.0,26.0,30.0,26.0,52.0,89.15,3975442432,1550733312,1613004800,10.01,8.86,8.07,25297891328,9399332864
2026-05-06T15:37:12.030074+02:00,0.2020521894372733,0.22326007252164448,0.13800963568665414,-2.998322361812895,1.4152140088525482,-2.642941723716289,0.8226337055297295,-0.476216131954183,-0.2855977296511698,0.059917904317333015,-0.9572966652304333,0.42807329340988653,50.0,51.0,51.0,41.0,43.0,26.0,30.0,26.0,52.0,89.15,3975442432,1550733312,1613004800,10.01,8.86,8.07,25297891328,9399332864
2026-05-06T15:37:12.083017+02:00,0.2020521894372733,0.22326007252164448,0.13800963568665414,-2.998322361812895,1.4152140088525482,-2.642941723716289,0.8226337055297295,-0.4837908609078384,-0.2871126754419009,0.059917904317333015,-0.9465587997152336,0.42807329340988653,50.0,51.0,51.0,41.0,43.0,26.0,30.0,26.0,52.0,89.15,3975442432,1550733312,1613004800,10.01,8.86,8.07,25297891328,9399332864
2026-05-06T15:37:12.136706+02:00,0.2020521894372733,0.22326007252164448,0.13800963568665414,-2.998322361812895,1.4152140088525482,-2.642941723716289,0.8226337055297295,-0.4913655898614938,-0.29014256702336305,0.06145188510521837,-0.9373549149879197,0.42807329340988653,50.0,51.0,51.0,41.0,43.0,26.0,30.0,26.0,52.0,95.45,3975442432,1549873152,1613864960,10.57,8.99,8.12,25297891328,9399349248
2026-05-06T15:37:12.188075+02:00,0.20219317140748133,0.2235224901492268,0.12872259444314108,-3.0052836314290556,1.4153026427182174,-2.6519251200237544,0.8226337055297295,-0.498940318815149,-0.2931724586048252,0.06145188510521837,-0.9281510302606057,0.42807329340988653,50.0,51.0,51.0,41.0,43.0,26.0,30.0,26.0,52.0,95.45,3975442432,1549873152,1613864960,10.57,8.99,8.12,25297891328,9399349248
2026-05-06T15:37:12.240622+02:00,0.20219317140748133,0.2235224901492268,0.12872259444314108,-3.0052836314290556,1.4153026427182174,-2.6519251200237544,0.8226337055297295,-0.5110598851409976,-0.2946874043955563,0.06298586589310418,-0.9082092800180921,0.4265393126220012,50.0,51.0,51.0,41.0,43.0,26.0,30.0,26.0,52.0,95.45,3975442432,1549873152,1613864960,10.57,8.99,8.12,25297891328,9399349248
2026-05-06T15:37:12.295643+02:00,0.20219317140748133,0.2235224901492268,0.12872259444314108,-3.0052836314290556,1.4153026427182174,-2.6519251200237544,0.8226337055297295,-0.517119668303922,-0.29771729597701846,0.06298586589310418,-0.8974714145028932,0.4250053318341154,50.0,51.0,51.0,41.0,43.0,26.0,30.0,26.0,52.0,95.45,3975442432,1549873152,1613864960,10.57,8.99,8.12,25297891328,9399349248
2026-05-06T15:37:12.346919+02:00,0.20219317140748133,0.2235224901492268,0.12872259444314108,-3.0052836314290556,1.4153026427182174,-2.6519251200237544,0.8226337055297295,-0.5246943972575774,-0.29923224176774954,0.06451984668098998,-0.8882675297755793,0.42347135104623,50.0,51.0,51.0,41.0,43.0,26.0,30.0,26.0,52.0,95.45,3975442432,1549873152,1613864960,10.57,8.99,8.12,25297891328,9399349248
2026-05-06T15:37:12.398631+02:00,0.2027500353525654,0.22400642880485175,0.11760006647805159,-3.017678231750122,1.4218172013007266,-2.6627659058537145,0.8226337055297295,-0.535299017792695,-0.3022621333492117,0.06451984668098998,-0.874461702684608,0.4219373702583442,50.0,51.0,51.0,41.0,43.0,26.0,30.0,26.0,52.0,95.45,3975442432,1549873152,1613864960,10.57,8.99,8.12,25297891328,9399349248
2026-05-06T15:37:12.453630+02:00,0.2027500353525654,0.22400642880485175,0.11760006647805159,-3.017678231750122,1.4218172013007266,-2.6627659058537145,0.8226337055297295,-0.5474185841185436,-0.3037770791399428,0.06605382746887534,-0.8591218948057517,0.4219373702583442,50.0,51.0,51.0,41.0,43.0,26.0,30.0,26.0,52.0,95.45,3975442432,1549873152,1613864960,10.57,8.99,8.12,25297891328,9399349248
2026-05-06T15:37:12.504427+02:00,0.2027500353525654,0.22400642880485175,0.11760006647805159,-3.017678231750122,1.4218172013007266,-2.6627659058537145,0.8226337055297295,-0.5474185841185436,-0.3037770791399428,0.06605382746887534,-0.8591218948057517,0.4219373702583442,50.0,51.0,51.0,41.0,43.0,26.0,30.0,26.0,52.0,95.45,3975442432,1549873152,1613864960,10.57,8.99,8.12,25297891328,9399349248
2026-05-06T15:37:12.556545+02:00,0.2027500353525654,0.22400642880485175,0.11760006647805159,-3.017678231750122,1.4218172013007266,-2.6627659058537145,0.8226337055297295,-0.5671128793980477,-0.30680697072140495,0.06758780825676114,-0.8407141253511243,0.4219373702583442,50.0,51.0,51.0,41.0,43.0,26.0,30.0,26.0,52.0,95.45,3975442432,1549873152,1613864960,10.57,8.99,8.12,25297891328,9399349248
2026-05-06T15:37:12.610619+02:00,0.20263097998859864,0.22385430994820615,0.10332176588518857,-3.0114344139878937,1.4195315719685508,-2.659451550747612,0.8226337055297295,-0.5746876083517031,-0.30832191651213603,0.06758780825676114,-0.8330442214116962,0.4204033894704584,50.0,51.0,51.0,41.0,43.0,26.0,30.0,26.0,52.0,95.45,3975442432,1549873152,1613864960,10.57,8.99,8.12,25297891328,9399349248
2026-05-06T15:37:12.661337+02:00,0.20263097998859864,0.22385430994820615,0.10332176588518857,-3.0114344139878937,1.4195315719685508,-2.659451550747612,0.8226337055297295,-0.5837772830960896,-0.3113518080935982,0.06758780825676114,-0.8238403366843823,0.41886940868257305,50.0,51.0,51.0,41.0,43.0,26.0,30.0,26.0,52.0,95.45,3975442432,1549873152,1613864960,10.57,8.99,8.12,25297891328,9399349248
2026-05-06T15:37:12.713000+02:00,0.20263097998859864,0.22385430994820615,0.10332176588518857,-3.0114344139878937,1.4195315719685508,-2.659451550747612,0.8226337055297295,-0.5898370662590137,-0.3113518080935982,0.06758780825676114,-0.8192383943207253,0.41886940868257305,50.0,51.0,51.0,41.0,43.0,26.0,30.0,26.0,52.0,95.45,3975442432,1549873152,1613864960,10.57,8.99,8.12,25297891328,9399349248
2026-05-06T15:37:12.763558+02:00,0.202145917766615,0.22318775825633477,0.09516655566755534,-2.9946932619529676,1.4144133172013031,-2.640856377096846,0.8226337055297295,-0.595896849421938,-0.3128667538843293,0.0691217890446465,-0.8146364519570684,0.41733542789468725,50.0,51.0,51.0,41.0,43.0,26.0,30.0,26.0,52.0,95.45,3975442432,1549873152,1613864960,10.57,8.99,8.12,25297891328,9399349248
2026-05-06T15:37:12.814073+02:00,0.202145917766615,0.22318775825633477,0.09516655566755534,-2.9946932619529676,1.4144133172013031,-2.640856377096846,0.8226337055297295,-0.5989267410034002,-0.31438169967506036,0.0691217890446465,-0.8131024711691826,0.41886940868257305,50.0,51.0,51.0,41.0,43.0,26.0,30.0,26.0,52.0,95.45,3975442432,1549873152,1613864960,10.57,8.99,8.12,25297891328,9399349248
2026-05-06T15:37:12.864312+02:00,0.202145917766615,0.22318775825633477,0.09516655566755534,-2.9946932619529676,1.4144133172013031,-2.640856377096846,0.8226337055297295,-0.6004416867941312,-0.3128667538843293,0.0691217890446465,-0.8115684903812972,0.41733542789468725,50.0,51.0,51.0,41.0,43.0,26.0,30.0,26.0,52.0,95.45,3975442432,1549873152,1613864960,10.57,8.99,8.12,25297891328,9399349248
2026-05-06T15:37:12.915568+02:00,0.202145917766615,0.22318775825633477,0.09516655566755534,-2.9946932619529676,1.4144133172013031,-2.640856377096846,0.8226337055297295,-0.6004416867941312,-0.3128667538843293,0.0691217890446465,-0.8115684903812972,0.41733542789468725,50.0,51.0,51.0,41.0,43.0,26.0,30.0,26.0,52.0,95.45,3975442432,1549873152,1613864960,10.57,8.99,8.12,25297891328,9399349248
2026-05-06T15:37:12.966507+02:00,0.20175085558382416,0.22284469155351017,0.09216098462697046,-2.9909847035423063,1.4099648995537608,-2.6371467055619724,0.8226337055297295,-0.6004416867941312,-0.3128667538843293,0.0691217890446465,-0.8115684903812972,0.41733542789468725,50.0,51.0,51.0,41.0,43.0,26.0,30.0,26.0,52.0,95.45,3975442432,1549873152,1613864960,10.57,8.99,8.12,25297891328,9399349248
2026-05-06T15:37:13.016575+02:00,0.20175085558382416,0.22284469155351017,0.09216098462697046,-2.9909847035423063,1.4099648995537608,-2.6371467055619724,0.8226337055297295,-0.6004416867941312,-0.3128667538843293,0.0691217890446465,-0.8115684903812972,0.41733542789468725,50.0,51.0,51.0,41.0,43.0,26.0,30.0,26.0,52.0,95.45,3975442432,1549873152,1613864960,10.57,8.99,8.12,25297891328,9399349248
2026-05-06T15:37:13.067614+02:00,0.20175085558382416,0.22284469155351017,0.09216098462697046,-2.9909847035423063,1.4099648995537608,-2.6371467055619724,0.8226337055297295,-0.6004416867941312,-0.3128667538843293,0.0691217890446465,-0.8115684903812972,0.41733542789468725,50.0,51.0,51.0,41.0,43.0,26.0,30.0,26.0,52.0,95.45,3975442432,1549873152,1613864960,10.57,8.99,8.12,25297891328,9399349248
2026-05-06T15:37:13.118163+02:00,0.20175085558382416,0.22284469155351017,0.09216098462697046,-2.9909847035423063,1.4099648995537608,-2.6371467055619724,0.8226337055297295,-0.6004416867941312,-0.3128667538843293,0.0691217890446465,-0.8115684903812972,0.41580144710680145,50.0,51.0,51.0,41.0,43.0,26.0,30.0,26.0,52.0,96.24,3975442432,1550336000,1613447168,10.57,8.99,8.12,25297891328,9399357440
2026-05-06T15:37:13.169097+02:00,0.20175085558382416,0.22284469155351017,0.09216098462697046,-2.9909847035423063,1.4099648995537608,-2.6371467055619724,0.8226337055297295,-0.6004416867941312,-0.3128667538843293,0.0691217890446465,-0.8115684903812972,0.41580144710680145,50.0,51.0,51.0,41.0,43.0,26.0,30.0,26.0,52.0,96.24,3975442432,1550336000,1613447168,10.57,8.99,8.12,25297891328,9399357440
2026-05-06T15:37:13.220634+02:00,0.20175085558382416,0.22284469155351017,0.09216098462697046,-2.992518684330192,1.4099648995537608,-2.6371467055619715,0.8226337055297295,-0.6004416867941312,-0.3128667538843293,0.0691217890446465,-0.8115684903812972,0.41580144710680145,50.0,51.0,51.0,41.0,43.0,26.0,30.0,26.0,52.0,96.24,3975442432,1550336000,1613447168,10.57,8.99,8.12,25297891328,9399357440
2026-05-06T15:37:13.275659+02:00,0.20175085558382416,0.22284469155351017,0.09216098462697046,-2.992518684330192,1.4099648995537608,-2.6371467055619715,0.8226337055297295,-0.6004416867941312,-0.3128667538843293,0.0691217890446465,-0.8115684903812972,0.41580144710680145,50.0,51.0,51.0,41.0,43.0,26.0,30.0,26.0,52.0,96.24,3975442432,1550336000,1613447168,10.57,8.99,8.12,25297891328,9399357440
2026-05-06T15:37:13.326425+02:00,0.20175085558382416,0.22284469155351017,0.09216098462697046,-2.992518684330192,1.4099648995537608,-2.6371467055619715,0.8226337055297295,-0.6004416867941312,-0.3128667538843293,0.0691217890446465,-0.8115684903812972,0.41580144710680145,50.0,51.0,51.0,41.0,43.0,26.0,30.0,26.0,52.0,96.24,3975442432,1550336000,1613447168,10.57,8.99,8.12,25297891328,9399357440
2026-05-06T15:37:13.377810+02:00,0.20175085558382416,0.22284469155351017,0.09216098462697046,-2.992518684330192,1.4099648995537608,-2.6371467055619715,0.8226337055297295,-0.6004416867941312,-0.3128667538843293,0.0691217890446465,-0.8115684903812972,0.41580144710680145,50.0,51.0,51.0,41.0,43.0,26.0,30.0,26.0,52.0,96.24,3975442432,1550336000,1613447168,10.57,8.99,8.12,25297891328,9399357440
2026-05-06T15:37:13.428884+02:00,0.20175085558382416,0.22284469155351017,0.09216098462697046,-2.992518684330192,1.4099648995537608,-2.6371467055619715,0.8226337055297295,-0.6004416867941312,-0.3128667538843293,0.0691217890446465,-0.8115684903812972,0.41580144710680145,50.0,51.0,51.0,41.0,43.0,26.0,30.0,26.0,52.0,96.24,3975442432,1550336000,1613447168,10.57,8.99,8.12,25297891328,9399357440
2026-05-06T15:37:13.483896+02:00,0.20175085558382416,0.22284469155351017,0.09216098462697046,-2.992518684330192,1.4099648995537608,-2.6371467055619715,0.8226337055297295,-0.6004416867941312,-0.3128667538843293,0.0691217890446465,-0.8115684903812972,0.41580144710680145,50.0,51.0,51.0,41.0,43.0,26.0,30.0,26.0,52.0,96.24,3975442432,1550336000,1613447168,10.57,8.99,8.12,25297891328,9399357440
2026-05-06T15:37:13.533929+02:00,0.20175085558382416,0.22284469155351017,0.09216098462697046,-2.992518684330192,1.4099648995537608,-2.6371467055619715,0.8226337055297295,-0.6004416867941312,-0.3128667538843293,0.0691217890446465,-0.8115684903812972,0.41580144710680145,50.0,51.0,51.0,41.0,43.0,26.0,30.0,26.0,52.0,96.24,3975442432,1550336000,1613447168,10.57,8.99,8.12,25297891328,9399357440
2026-05-06T15:37:13.588971+02:00,0.20175085558382416,0.22284469155351017,0.09216098462697046,-2.992518684330192,1.4099648995537608,-2.6371467055619715,0.8226337055297295,-0.6004416867941312,-0.3128667538843293,0.0691217890446465,-0.8115684903812972,0.41580144710680145,50.0,51.0,51.0,41.0,43.0,26.0,30.0,26.0,52.0,96.24,3975442432,1550336000,1613447168,10.57,8.99,8.12,25297891328,9399357440
2026-05-06T15:37:13.639429+02:00,0.20175085558382416,0.22284469155351017,0.09216098462697046,-2.992518684330192,1.4099648995537608,-2.6371467055619715,0.8226337055297295,-0.6004416867941312,-0.3128667538843293,0.0691217890446465,-0.8115684903812972,0.41580144710680145,50.0,51.0,51.0,41.0,43.0,26.0,30.0,26.0,52.0,96.24,3975442432,1550336000,1613447168,10.57,8.99,8.12,25297891328,9399357440
2026-05-06T15:37:13.694270+02:00,0.20175085558382416,0.22284469155351017,0.09216098462697046,-2.992518684330192,1.4099648995537608,-2.6371467055619715,0.8226337055297295,-0.6004416867941312,-0.3128667538843293,0.0691217890446465,-0.8115684903812972,0.41580144710680145,50.0,51.0,51.0,41.0,43.0,26.0,30.0,26.0,52.0,96.24,3975442432,1550336000,1613447168,10.57,8.99,8.12,25297891328,9399357440
2026-05-06T15:37:13.749307+02:00,0.20175085558382416,0.22284469155351017,0.09216098462697046,-2.992518684330192,1.4099648995537608,-2.6371467055619715,0.8226337055297295,-0.6004416867941312,-0.3128667538843293,0.0691217890446465,-0.8115684903812972,0.41580144710680145,50.0,51.0,51.0,41.0,43.0,26.0,30.0,26.0,52.0,96.24,3975442432,1550336000,1613447168,10.57,8.99,8.12,25297891328,9399357440
2026-05-06T15:37:13.804354+02:00,0.20175085558382416,0.22284469155351017,0.09216098462697046,-2.992518684330192,1.4099648995537608,-2.6371467055619715,0.8226337055297295,-0.6004416867941312,-0.3128667538843293,0.0691217890446465,-0.8115684903812972,0.41580144710680145,50.0,51.0,51.0,41.0,43.0,26.0,30.0,26.0,52.0,96.24,3975442432,1550336000,1613447168,10.57,8.99,8.12,25297891328,9399357440
2026-05-06T15:37:13.855384+02:00,0.20175085558382416,0.22284469155351017,0.09216098462697046,-2.992518684330192,1.4099648995537608,-2.6371467055619715,0.8226337055297295,-0.6004416867941312,-0.3128667538843293,0.0691217890446465,-0.8115684903812972,0.41580144710680145,50.0,51.0,51.0,41.0,43.0,26.0,30.0,26.0,52.0,96.24,3975442432,1550336000,1613447168,10.57,8.99,8.12,25297891328,9399357440
2026-05-06T15:37:13.906561+02:00,0.20175085558382416,0.22284469155351017,0.09216098462697046,-2.992518684330192,1.4099648995537608,-2.6371467055619715,0.8226337055297295,-0.6004416867941312,-0.3128667538843293,0.0691217890446465,-0.8115684903812972,0.41580144710680145,50.0,51.0,51.0,41.0,43.0,26.0,30.0,26.0,52.0,96.24,3975442432,1550336000,1613447168,10.57,8.99,8.12,25297891328,9399357440
2026-05-06T15:37:13.961325+02:00,0.20175085558382416,0.22284469155351017,0.09216098462697046,-2.992518684330192,1.4099648995537608,-2.6371467055619715,0.8226337055297295,-0.6004416867941312,-0.3128667538843293,0.0691217890446465,-0.8115684903812972,0.41580144710680145,50.0,51.0,51.0,41.0,43.0,26.0,30.0,26.0,52.0,96.24,3975442432,1550336000,1613447168,10.57,8.99,8.12,25297891328,9399357440
2026-05-06T15:37:14.011841+02:00,0.20175085558382416,0.22284469155351017,0.09216098462697046,-2.992518684330192,1.4099648995537608,-2.6371467055619715,0.8226337055297295,-0.6004416867941312,-0.3128667538843293,0.0691217890446465,-0.8115684903812972,0.41580144710680145,50.0,51.0,51.0,41.0,43.0,26.0,30.0,26.0,52.0,96.24,3975442432,1550336000,1613447168,10.57,8.99,8.12,25297891328,9399357440
2026-05-06T15:37:14.061876+02:00,0.20175085558382416,0.22284469155351017,0.09216098462697046,-2.992518684330192,1.4099648995537608,-2.6371467055619715,0.8226337055297295,-0.6004416867941312,-0.3128667538843293,0.0691217890446465,-0.8115684903812972,0.41580144710680145,50.0,51.0,51.0,41.0,43.0,26.0,30.0,26.0,52.0,96.24,3975442432,1550336000,1613447168,10.57,8.99,8.12,25297891328,9399357440
2026-05-06T15:37:14.112437+02:00,0.20175085558382416,0.22284469155351017,0.09216098462697046,-2.992518684330192,1.4099648995537608,-2.6371467055619715,0.8226337055297295,-0.6004416867941312,-0.3128667538843293,0.0691217890446465,-0.8115684903812972,0.41580144710680145,50.0,51.0,51.0,41.0,43.0,26.0,30.0,26.0,52.0,96.24,3975442432,1550336000,1613447168,10.57,8.99,8.12,25297891328,9399357440
2026-05-06T15:37:14.162552+02:00,0.20175085558382416,0.22284469155351017,0.09216098462697046,-2.992518684330192,1.4099648995537608,-2.6371467055619715,0.8226337055297295,-0.6004416867941312,-0.3128667538843293,0.0691217890446465,-0.8115684903812972,0.41580144710680145,50.0,51.0,51.0,41.0,43.0,26.0,30.0,26.0,52.0,96.24,3975442432,1550336000,1613447168,10.57,8.99,8.12,25297891328,9399357440
2026-05-06T15:37:14.215673+02:00,0.20175085558382416,0.22284469155351017,0.09216098462697046,-2.992518684330192,1.4099648995537608,-2.6371467055619715,0.8226337055297295,-0.6004416867941312,-0.3128667538843293,0.0691217890446465,-0.8115684903812972,0.41580144710680145,50.0,51.0,51.0,41.0,43.0,26.0,30.0,26.0,52.0,94.03,3975442432,1550991360,1612791808,10.57,8.99,8.12,25297891328,9399357440
2026-05-06T15:37:14.268238+02:00,0.20175085558382416,0.22284469155351017,0.09216098462697046,-2.992518684330192,1.4099648995537608,-2.6371467055619715,0.8226337055297295,-0.6004416867941312,-0.3128667538843293,0.0691217890446465,-0.8115684903812972,0.41580144710680145,50.0,51.0,51.0,41.0,43.0,26.0,30.0,26.0,52.0,94.03,3975442432,1550991360,1612791808,10.57,8.99,8.12,25297891328,9399357440
2026-05-06T15:37:14.319455+02:00,0.20175085558382416,0.22284469155351017,0.09216098462697046,-2.992518684330192,1.4099648995537608,-2.6371467055619715,0.8226337055297295,-0.6004416867941312,-0.3128667538843293,0.0691217890446465,-0.8115684903812972,0.41733542789468725,50.0,51.0,51.0,41.0,43.0,26.0,30.0,26.0,52.0,94.03,3975442432,1550991360,1612791808,10.57,8.99,8.12,25297891328,9399357440
2026-05-06T15:37:14.374446+02:00,0.20175085558382416,0.22284469155351017,0.09216098462697046,-2.9909847035423063,1.4099648995537608,-2.6371467055619724,0.8226337055297295,-0.6004416867941312,-0.3128667538843293,0.0691217890446465,-0.8115684903812972,0.41580144710680145,50.0,51.0,51.0,41.0,43.0,26.0,30.0,27.0,52.0,94.03,3975442432,1550991360,1612791808,10.57,8.99,8.12,25297891328,9399357440
2026-05-06T15:37:14.426436+02:00,0.20175085558382416,0.22284469155351017,0.09216098462697046,-2.9909847035423063,1.4099648995537608,-2.6371467055619724,0.8226337055297295,-0.6004416867941312,-0.3128667538843293,0.0691217890446465,-0.8115684903812972,0.41580144710680145,50.0,51.0,51.0,41.0,43.0,26.0,30.0,27.0,52.0,94.03,3975442432,1550991360,1612791808,10.57,8.99,8.12,25297891328,9399357440
2026-05-06T15:37:14.478860+02:00,0.20175085558382416,0.22284469155351017,0.09216098462697046,-2.9909847035423063,1.4099648995537608,-2.6371467055619724,0.8226337055297295,-0.6004416867941312,-0.3128667538843293,0.0691217890446465,-0.8115684903812972,0.41580144710680145,50.0,51.0,51.0,41.0,43.0,26.0,30.0,27.0,52.0,94.03,3975442432,1550991360,1612791808,10.57,8.99,8.12,25297891328,9399357440
2026-05-06T15:37:14.529473+02:00,0.20175085558382416,0.22284469155351017,0.09216098462697046,-2.9909847035423063,1.4099648995537608,-2.6371467055619724,0.8226337055297295,-0.6004416867941312,-0.3128667538843293,0.0691217890446465,-0.8115684903812972,0.41580144710680145,50.0,51.0,51.0,41.0,43.0,26.0,30.0,27.0,52.0,94.03,3975442432,1550991360,1612791808,10.57,8.99,8.12,25297891328,9399357440
2026-05-06T15:37:14.579686+02:00,0.20175085558382416,0.22284469155351017,0.09216098462697046,-2.9909847035423063,1.4099648995537608,-2.6371467055619724,0.8226337055297295,-0.6004416867941312,-0.3128667538843293,0.0691217890446465,-0.8115684903812972,0.41580144710680145,50.0,51.0,51.0,41.0,43.0,26.0,30.0,27.0,52.0,94.03,3975442432,1550991360,1612791808,10.57,8.99,8.12,25297891328,9399357440
2026-05-06T15:37:14.631788+02:00,0.20175085558382416,0.22284469155351017,0.09216098462697046,-2.9909847035423063,1.4099648995537608,-2.6371467055619724,0.8226337055297295,-0.6004416867941312,-0.3128667538843293,0.0691217890446465,-0.8115684903812972,0.41580144710680145,50.0,51.0,51.0,41.0,43.0,26.0,30.0,27.0,52.0,94.03,3975442432,1550991360,1612791808,10.57,8.99,8.12,25297891328,9399357440
2026-05-06T15:37:14.685661+02:00,0.20175085558382416,0.22284469155351017,0.09216098462697046,-2.992518684330192,1.4099648995537608,-2.6371467055619715,0.8226337055297295,-0.6004416867941312,-0.3128667538843293,0.0691217890446465,-0.8115684903812972,0.41580144710680145,50.0,51.0,51.0,41.0,43.0,26.0,30.0,27.0,52.0,94.03,3975442432,1550991360,1612791808,10.57,8.99,8.12,25297891328,9399357440
2026-05-06T15:37:14.737529+02:00,0.20175085558382416,0.22284469155351017,0.09216098462697046,-2.992518684330192,1.4099648995537608,-2.6371467055619715,0.8226337055297295,-0.6004416867941312,-0.3128667538843293,0.0691217890446465,-0.8115684903812972,0.41580144710680145,50.0,51.0,51.0,41.0,43.0,26.0,30.0,27.0,52.0,94.03,3975442432,1550991360,1612791808,10.57,8.99,8.12,25297891328,9399357440
2026-05-06T15:37:14.788704+02:00,0.20175085558382416,0.22284469155351017,0.09216098462697046,-2.992518684330192,1.4099648995537608,-2.6371467055619715,0.8226337055297295,-0.6004416867941312,-0.3128667538843293,0.0691217890446465,-0.8115684903812972,0.41580144710680145,50.0,51.0,51.0,41.0,43.0,26.0,30.0,27.0,52.0,94.03,3975442432,1550991360,1612791808,10.57,8.99,8.12,25297891328,9399357440
2026-05-06T15:37:14.843734+02:00,0.20175085558382416,0.22284469155351017,0.09216098462697046,-2.992518684330192,1.4099648995537608,-2.6371467055619715,0.8226337055297295,-0.6004416867941312,-0.3128667538843293,0.0691217890446465,-0.8115684903812972,0.41580144710680145,50.0,51.0,51.0,41.0,43.0,26.0,30.0,27.0,52.0,94.03,3975442432,1550991360,1612791808,10.57,8.99,8.12,25297891328,9399357440
2026-05-06T15:37:14.898752+02:00,0.20175085558382416,0.22284469155351017,0.09216098462697046,-2.992518684330192,1.4099648995537608,-2.6371467055619715,0.8226337055297295,-0.6004416867941312,-0.3128667538843293,0.0691217890446465,-0.8115684903812972,0.41580144710680145,50.0,51.0,51.0,41.0,43.0,26.0,30.0,27.0,52.0,94.03,3975442432,1550991360,1612791808,10.57,8.99,8.12,25297891328,9399357440
2026-05-06T15:37:14.953776+02:00,0.20175085558382416,0.22284469155351017,0.09216098462697046,-2.992518684330192,1.4099648995537608,-2.6371467055619715,0.8226337055297295,-0.6004416867941312,-0.3128667538843293,0.0691217890446465,-0.8115684903812972,0.41580144710680145,50.0,51.0,51.0,41.0,43.0,26.0,30.0,27.0,52.0,94.03,3975442432,1550991360,1612791808,10.57,8.99,8.12,25297891328,9399357440
2026-05-06T15:37:15.006739+02:00,0.20175085558382416,0.22284469155351017,0.09216098462697046,-2.992518684330192,1.4099648995537608,-2.6371467055619715,0.8226337055297295,-0.595896849421938,-0.3113518080935982,0.0691217890446465,-0.8115684903812972,0.41580144710680145,50.0,51.0,51.0,41.0,43.0,26.0,30.0,27.0,52.0,94.03,3975442432,1550991360,1612791808,10.57,8.99,8.12,25297891328,9399357440
2026-05-06T15:37:15.059749+02:00,0.20175085558382416,0.22284469155351017,0.09216098462697046,-2.992518684330192,1.4099648995537608,-2.6371467055619715,0.8226337055297295,-0.5928669578404758,-0.3113518080935982,0.0691217890446465,-0.8131024711691826,0.41580144710680145,50.0,51.0,51.0,41.0,43.0,26.0,30.0,27.0,52.0,94.03,3975442432,1550991360,1612791808,10.57,8.99,8.12,25297891328,9399357440
2026-05-06T15:37:15.114970+02:00,0.20175085558382416,0.22284469155351017,0.09216098462697046,-2.992518684330192,1.4099648995537608,-2.6371467055619715,0.8226337055297295,-0.5883221204682828,-0.30832191651213603,0.0691217890446465,-0.8269082982601534,0.41580144710680145,50.0,51.0,51.0,41.0,43.0,26.0,30.0,27.0,52.0,94.03,3975442432,1550991360,1612791808,10.57,8.99,8.12,25297891328,9399357440
2026-05-06T15:37:15.168111+02:00,0.20175085558382416,0.22284469155351017,0.09216098462697046,-2.992518684330192,1.4099648995537608,-2.6371467055619715,0.8226337055297295,-0.5883221204682828,-0.30832191651213603,0.0691217890446465,-0.8269082982601534,0.41580144710680145,50.0,51.0,51.0,41.0,43.0,26.0,30.0,27.0,52.0,94.03,3975442432,1550991360,1612791808,10.57,8.99,8.12,25297891328,9399357440
2026-05-06T15:37:15.223135+02:00,0.20219048056550948,0.22341733256353358,0.09662468037829504,-3.000166024276945,1.41099294758895,-2.6440415495885743,0.8226337055297295,-0.5762025541424342,-0.30680697072140495,0.06758780825676114,-0.8407141253511243,0.41733542789468725,50.0,51.0,51.0,41.0,43.0,26.0,30.0,27.0,52.0,97.74,3975442432,1550069760,1613668352,10.57,8.99,8.12,25297891328,9399373824
2026-05-06T15:37:15.275123+02:00,0.20219048056550948,0.22341733256353358,0.09662468037829504,-3.000166024276945,1.41099294758895,-2.6440415495885743,0.8226337055297295,-0.5762025541424342,-0.30680697072140495,0.06758780825676114,-0.8407141253511243,0.41733542789468725,50.0,51.0,51.0,41.0,43.0,26.0,30.0,27.0,52.0,97.74,3975442432,1550069760,1613668352,10.57,8.99,8.12,25297891328,9399373824
2026-05-06T15:37:15.329447+02:00,0.20219048056550948,0.22341733256353358,0.09662468037829504,-3.000166024276945,1.41099294758895,-2.6440415495885743,0.8226337055297295,-0.5640829878165855,-0.3037770791399428,0.06758780825676114,-0.8575879140178664,0.41733542789468725,50.0,51.0,51.0,41.0,43.0,26.0,30.0,27.0,52.0,97.74,3975442432,1550069760,1613668352,10.57,8.99,8.12,25297891328,9399373824
2026-05-06T15:37:15.384628+02:00,0.2029831593245484,0.2242621844714183,0.10477631611056566,-3.020817546012751,1.4208346152466633,-2.6639784154934487,0.8226337055297295,-0.554993313072199,-0.3007471875584806,0.06758780825676114,-0.8637238371694091,0.41733542789468725,50.0,51.0,51.0,41.0,43.0,26.0,30.0,27.0,52.0,97.74,3975442432,1550069760,1613668352,10.57,8.99,8.12,25297891328,9399373824
2026-05-06T15:37:15.436149+02:00,0.2029831593245484,0.2242621844714183,0.10477631611056566,-3.020817546012751,1.4208346152466633,-2.6639784154934487,0.8226337055297295,-0.5504484757000058,-0.29771729597701846,0.06758780825676114,-0.8867335489876935,0.4204033894704584,50.0,51.0,51.0,41.0,43.0,26.0,30.0,27.0,52.0,97.74,3975442432,1550069760,1613668352,10.57,8.99,8.12,25297891328,9399373824
2026-05-06T15:37:15.490685+02:00,0.2029831593245484,0.2242621844714183,0.10477631611056566,-3.020817546012751,1.4208346152466633,-2.6639784154934487,0.8226337055297295,-0.5383289093741571,-0.2946874043955563,0.06758780825676114,-0.9051413184423214,0.4219373702583442,50.0,51.0,51.0,41.0,43.0,26.0,30.0,27.0,52.0,97.74,3975442432,1550069760,1613668352,10.57,8.99,8.12,25297891328,9399373824
2026-05-06T15:37:15.542879+02:00,0.2029831593245484,0.2242621844714183,0.10477631611056566,-3.020817546012751,1.4208346152466633,-2.6639784154934487,0.8226337055297295,-0.5292392346297706,-0.29165751281409413,0.06605382746887534,-0.9082092800180921,0.42347135104623,50.0,51.0,51.0,41.0,43.0,26.0,30.0,27.0,52.0,97.74,3975442432,1550069760,1613668352,10.57,8.99,8.12,25297891328,9399373824
2026-05-06T15:37:15.593029+02:00,0.20255013352896548,0.22403748423934583,0.11766586787740022,-2.994573885177008,1.4052188560665255,-2.640184692109326,0.8226337055297295,-0.5095449393502666,-0.2871126754419009,0.06451984668098998,-0.9388888957758055,0.4250053318341154,50.0,51.0,51.0,41.0,43.0,26.0,30.0,27.0,52.0,97.74,3975442432,1550069760,1613668352,10.57,8.99,8.12,25297891328,9399373824
2026-05-06T15:37:15.643090+02:00,0.20255013352896548,0.22403748423934583,0.11766586787740022,-2.994573885177008,1.4052188560665255,-2.640184692109326,0.8226337055297295,-0.5095449393502666,-0.2871126754419009,0.06451984668098998,-0.9388888957758055,0.4250053318341154,50.0,51.0,51.0,41.0,43.0,26.0,30.0,27.0,52.0,97.74,3975442432,1550069760,1613668352,10.57,8.99,8.12,25297891328,9399373824
2026-05-06T15:37:15.694458+02:00,0.20255013352896548,0.22403748423934583,0.11766586787740022,-2.994573885177008,1.4052188560665255,-2.640184692109326,0.8226337055297295,-0.49591042723368683,-0.2855977296511698,0.06298586589310418,-0.9465587997152336,0.4265393126220012,50.0,51.0,51.0,41.0,43.0,26.0,30.0,27.0,52.0,97.74,3975442432,1550069760,1613668352,10.57,8.99,8.12,25297891328,9399373824
2026-05-06T15:37:15.748185+02:00,0.20255013352896548,0.22403748423934583,0.11766586787740022,-2.994573885177008,1.4052188560665255,-2.640184692109326,0.8226337055297295,-0.48833569828003165,-0.2840827838604387,0.06298586589310418,-0.9526947228667759,0.42807329340988653,50.0,51.0,51.0,41.0,43.0,26.0,30.0,27.0,52.0,97.74,3975442432,1550069760,1613668352,10.57,8.99,8.12,25297891328,9399373824
2026-05-06T15:37:15.802638+02:00,0.20237231934730163,0.2238114314462562,0.13157210304857606,-2.997382168311839,1.4091228914383354,-2.6432978259220623,0.8226337055297295,-0.47924602353564516,-0.28256783806970764,0.06298586589310418,-0.9618986075940898,0.42807329340988653,50.0,51.0,51.0,41.0,43.0,26.0,30.0,27.0,52.0,97.74,3975442432,1550069760,1613668352,10.57,8.99,8.12,25297891328,9399373824
2026-05-06T15:37:15.857609+02:00,0.20237231934730163,0.2238114314462562,0.13157210304857606,-2.997382168311839,1.4091228914383354,-2.6432978259220623,0.8226337055297295,-0.47167129458198975,-0.28256783806970764,0.06145188510521837,-0.969568511533518,0.42807329340988653,50.0,51.0,51.0,41.0,43.0,26.0,30.0,27.0,52.0,97.74,3975442432,1550069760,1613668352,10.57,8.99,8.12,25297891328,9399373824
2026-05-06T15:37:15.912651+02:00,0.20237231934730163,0.2238114314462562,0.13157210304857606,-2.997382168311839,1.4091228914383354,-2.6432978259220623,0.8226337055297295,-0.4656115114190654,-0.28105289227897656,0.059917904317333015,-0.9711024923214038,0.42807329340988653,50.0,51.0,51.0,41.0,43.0,26.0,30.0,27.0,52.0,97.74,3975442432,1550069760,1613668352,10.57,8.99,8.12,25297891328,9399373824
2026-05-06T15:37:15.967643+02:00,0.20237231934730163,0.2238114314462562,0.13157210304857606,-2.997382168311839,1.4091228914383354,-2.6432978259220623,0.8226337055297295,-0.4595517282561411,-0.2795379464882455,0.059917904317333015,-0.9787723962608319,0.42960727419777234,50.0,51.0,51.0,41.0,43.0,26.0,30.0,27.0,52.0,97.74,3975442432,1550069760,1613668352,10.57,8.99,8.12,25297891328,9399373824
2026-05-06T15:37:16.018227+02:00,0.20224769190296477,0.2236358624867442,0.13997781829127842,-3.012717189927404,1.4176050641690146,-2.658003375995689,0.8226337055297295,-0.45803678246541,-0.2795379464882455,0.059917904317333015,-0.9803063770487177,0.42960727419777234,50.0,51.0,51.0,41.0,43.0,26.0,30.0,27.0,52.0,97.74,3975442432,1550069760,1613668352,10.57,8.99,8.12,25297891328,9399373824
2026-05-06T15:37:16.068642+02:00,0.20224769190296477,0.2236358624867442,0.13997781829127842,-3.012717189927404,1.4176050641690146,-2.658003375995689,0.8226337055297295,-0.45652183667467894,-0.2795379464882455,0.059917904317333015,-0.9803063770487177,0.42960727419777234,50.0,51.0,51.0,41.0,43.0,26.0,30.0,27.0,52.0,97.74,3975442432,1550069760,1613668352,10.57,8.99,8.12,25297891328,9399373824
2026-05-06T15:37:16.119614+02:00,0.20224769190296477,0.2236358624867442,0.13997781829127842,-3.012717189927404,1.4176050641690146,-2.658003375995689,0.8226337055297295,-0.45652183667467894,-0.2795379464882455,0.059917904317333015,-0.9803063770487177,0.42960727419777234,50.0,51.0,51.0,41.0,43.0,26.0,30.0,27.0,52.0,97.74,3975442432,1550069760,1613668352,10.57,8.99,8.12,25297891328,9399373824
2026-05-06T15:37:16.170977+02:00,0.2021906257838917,0.22346798369248058,0.14211472157711078,-3.007469207057806,1.417798498003784,-2.651439055316577,0.8226337055297295,-0.45652183667467894,-0.2795379464882455,0.059917904317333015,-0.9803063770487177,0.42960727419777234,50.0,51.0,51.0,41.0,43.0,26.0,30.0,27.0,52.0,97.74,3975442432,1550069760,1613668352,10.57,8.99,8.12,25297891328,9399373824
2026-05-06T15:37:16.225519+02:00,0.2021906257838917,0.22346798369248058,0.14211472157711078,-3.007469207057806,1.417798498003784,-2.651439055316577,0.8226337055297295,-0.45652183667467894,-0.2795379464882455,0.059917904317333015,-0.9803063770487177,0.42960727419777234,50.0,51.0,51.0,41.0,43.0,26.0,30.0,27.0,52.0,97.74,3975442432,1550069760,1613668352,10.57,8.99,8.12,25297891328,9399373824
2026-05-06T15:37:16.284991+02:00,0.2021906257838917,0.22346798369248058,0.14211472157711078,-3.007469207057806,1.417798498003784,-2.651439055316577,0.8226337055297295,-0.45652183667467894,-0.2795379464882455,0.059917904317333015,-0.9803063770487177,0.42960727419777234,50.0,51.0,51.0,41.0,43.0,26.0,30.0,27.0,52.0,100.0,3975442432,1564086272,1599619072,10.57,8.99,8.12,25297891328,9399386112
2026-05-06T15:37:16.335540+02:00,0.2021906257838917,0.22346798369248058,0.14211472157711078,-3.007469207057806,1.417798498003784,-2.651439055316577,0.8226337055297295,-0.45652183667467894,-0.2795379464882455,0.06145188510521837,-0.9803063770487177,0.42960727419777234,50.0,51.0,51.0,41.0,43.0,26.0,30.0,27.0,52.0,100.0,3975442432,1564086272,1599619072,10.57,8.99,8.12,25297891328,9399386112
2026-05-06T15:37:16.390535+02:00,0.2021906257838917,0.22346798369248058,0.14211472157711078,-3.007469207057806,1.417798498003784,-2.651439055316577,0.8226337055297295,-0.45652183667467894,-0.2795379464882455,0.059917904317333015,-0.9803063770487177,0.42960727419777234,50.0,51.0,51.0,41.0,43.0,26.0,30.0,26.0,52.0,100.0,3975442432,1564086272,1599619072,10.57,8.99,8.12,25297891328,9399386112
2026-05-06T15:37:16.442042+02:00,0.2021906257838917,0.22346798369248058,0.14211472157711078,-3.007469207057806,1.417798498003784,-2.651439055316577,0.8226337055297295,-0.45652183667467894,-0.2795379464882455,0.059917904317333015,-0.9803063770487177,0.42960727419777234,50.0,51.0,51.0,41.0,43.0,26.0,30.0,26.0,52.0,100.0,3975442432,1564086272,1599619072,10.57,8.99,8.12,25297891328,9399386112
2026-05-06T15:37:16.497093+02:00,0.2021906257838917,0.22346798369248058,0.14211472157711078,-3.007469207057806,1.417798498003784,-2.651439055316577,0.8226337055297295,-0.45652183667467894,-0.2795379464882455,0.059917904317333015,-0.9803063770487177,0.42960727419777234,50.0,51.0,51.0,41.0,43.0,26.0,30.0,26.0,52.0,100.0,3975442432,1564086272,1599619072,10.57,8.99,8.12,25297891328,9399386112
2026-05-06T15:37:16.549436+02:00,0.2021906257838917,0.22346798369248058,0.14211472157711078,-3.007469207057806,1.417798498003784,-2.651439055316577,0.8226337055297295,-0.45652183667467894,-0.2795379464882455,0.059917904317333015,-0.9803063770487177,0.42960727419777234,50.0,51.0,51.0,41.0,43.0,26.0,30.0,26.0,52.0,100.0,3975442432,1564086272,1599619072,10.57,8.99,8.12,25297891328,9399386112
2026-05-06T15:37:16.601161+02:00,0.2021906257838917,0.22346798369248058,0.14211472157711078,-3.007469207057806,1.417798498003784,-2.651439055316577,0.8226337055297295,-0.45652183667467894,-0.2795379464882455,0.059917904317333015,-0.9803063770487177,0.42960727419777234,50.0,51.0,51.0,41.0,43.0,26.0,30.0,26.0,52.0,100.0,3975442432,1564086272,1599619072,10.57,8.99,8.12,25297891328,9399386112
2026-05-06T15:37:16.656194+02:00,0.2021906257838917,0.22346798369248058,0.14211472157711078,-3.007469207057806,1.417798498003784,-2.651439055316577,0.8226337055297295,-0.45652183667467894,-0.2795379464882455,0.059917904317333015,-0.9803063770487177,0.42960727419777234,50.0,51.0,51.0,41.0,43.0,26.0,30.0,26.0,52.0,100.0,3975442432,1564086272,1599619072,10.57,8.99,8.12,25297891328,9399386112
2026-05-06T15:37:16.706581+02:00,0.2021906257838917,0.22346798369248058,0.14211472157711078,-3.007469207057806,1.417798498003784,-2.651439055316577,0.8226337055297295,-0.45652183667467894,-0.2795379464882455,0.059917904317333015,-0.9803063770487177,0.42960727419777234,50.0,51.0,51.0,41.0,43.0,26.0,30.0,26.0,52.0,100.0,3975442432,1564086272,1599619072,10.57,8.99,8.12,25297891328,9399386112
2026-05-06T15:37:16.761580+02:00,0.2021906257838917,0.22346798369248058,0.14211472157711078,-3.007469207057806,1.417798498003784,-2.651439055316577,0.8256775597452077,-0.4534919450932168,-0.2795379464882455,0.059917904317333015,-0.9803063770487177,0.42960727419777234,50.0,51.0,51.0,41.0,43.0,26.0,30.0,26.0,52.0,100.0,3975442432,1564086272,1599619072,10.57,8.99,8.12,25297891328,9399386112
2026-05-06T15:37:16.814961+02:00,0.2008986609074147,0.22477343580188258,0.1434844967997273,-3.01748124931558,1.422087100096137,-2.6552497086869384,0.8332871952839027,-0.44894710772102353,-0.2795379464882455,0.059917904317333015,-0.9803063770487177,0.42960727419777234,50.0,51.0,51.0,41.0,43.0,26.0,30.0,26.0,52.0,100.0,3975442432,1564086272,1599619072,10.57,8.99,8.12,25297891328,9399386112
2026-05-06T15:37:16.867112+02:00,0.2008986609074147,0.22477343580188258,0.1434844967997273,-3.01748124931558,1.422087100096137,-2.6552497086869384,0.8408968308225981,-0.4428873245580992,-0.2795379464882455,0.06145188510521837,-0.9833743386244884,0.42960727419777234,50.0,51.0,51.0,41.0,43.0,26.0,30.0,26.0,52.0,100.0,3975442432,1564086272,1599619072,10.57,8.99,8.12,25297891328,9399386112
2026-05-06T15:37:16.917690+02:00,0.2008986609074147,0.22477343580188258,0.1434844967997273,-3.01748124931558,1.422087100096137,-2.6552497086869384,0.8500283934690325,-0.4353125956044438,-0.2795379464882455,0.06605382746887534,-0.98644230020026,0.42960727419777234,50.0,51.0,51.0,41.0,43.0,26.0,30.0,26.0,52.0,100.0,3975442432,1564086272,1599619072,10.57,8.99,8.12,25297891328,9399386112
2026-05-06T15:37:16.972701+02:00,0.1956488757774364,0.22915637174704878,0.14853860241009703,-3.07549052820854,1.4301370649232261,-2.695117781129473,0.8591599561154668,-0.4277378666507884,-0.2795379464882455,0.06758780825676114,-0.9879762809881458,0.42960727419777234,50.0,51.0,51.0,41.0,43.0,26.0,30.0,26.0,52.0,100.0,3975442432,1564086272,1599619072,10.57,8.99,8.12,25297891328,9399386112
2026-05-06T15:37:17.024405+02:00,0.1956488757774364,0.22915637174704878,0.14853860241009703,-3.07549052820854,1.4301370649232261,-2.695117781129473,0.8667695916541622,-0.42167808348786406,-0.2780230006975144,0.0706557698325323,-0.9895102617760316,0.42960727419777234,50.0,51.0,51.0,41.0,43.0,26.0,30.0,26.0,52.0,100.0,3975442432,1564086272,1599619072,10.57,8.99,8.12,25297891328,9399386112
2026-05-06T15:37:17.075299+02:00,0.1956488757774364,0.22915637174704878,0.14853860241009703,-3.07549052820854,1.4301370649232261,-2.695117781129473,0.8728573000851183,-0.4171332461156708,-0.2780230006975144,0.0721897506204181,-0.9941122041396881,0.42960727419777234,50.0,51.0,51.0,41.0,43.0,26.0,30.0,26.0,52.0,100.0,3975442432,1564086272,1599619072,10.57,8.99,8.12,25297891328,9399386112
2026-05-06T15:37:17.128152+02:00,0.1956488757774364,0.22915637174704878,0.14853860241009703,-3.07549052820854,1.4301370649232261,-2.695117781129473,0.8865546440547698,-0.40652862558055325,-0.2780230006975144,0.07525771219618926,-0.9971801657154598,0.42960727419777234,50.0,51.0,51.0,41.0,43.0,26.0,30.0,26.0,52.0,100.0,3975442432,1564086272,1599619072,10.57,8.99,8.12,25297891328,9399386112
2026-05-06T15:37:17.183648+02:00,0.18776722305185115,0.23541783372517155,0.1570866094774022,3.1135413328425847,1.444152728656968,-2.759862705128268,0.897208133808943,-0.39743895083616676,-0.2780230006975144,0.07985965455984623,-1.003316088867002,0.42960727419777234,50.0,51.0,51.0,41.0,43.0,26.0,30.0,26.0,52.0,100.0,3975442432,1564086272,1599619072,10.57,8.99,8.12,25297891328,9399386112
2026-05-06T15:37:17.238684+02:00,0.18776722305185115,0.23541783372517155,0.1570866094774022,3.1135413328425847,1.444152728656968,-2.759862705128268,0.9078616235631167,-0.3868343303010493,-0.2780230006975144,0.08292761613561739,-1.0094520120185444,0.43114125498565814,50.0,51.0,51.0,41.0,43.0,26.0,30.0,26.0,52.0,90.0,3975442432,1586036736,1577488384,11.32,9.18,8.19,25297891328,9399406592
2026-05-06T15:37:17.294512+02:00,0.18776722305185115,0.23541783372517155,0.1570866094774022,3.1135413328425847,1.444152728656968,-2.759862705128268,0.9200370404250289,-0.3777446555566628,-0.2780230006975144,0.08446159692350319,-1.012519973594316,0.43114125498565814,50.0,51.0,51.0,41.0,43.0,26.0,30.0,26.0,52.0,90.0,3975442432,1586036736,1577488384,11.32,9.18,8.19,25297891328,9399406592
2026-05-06T15:37:17.346480+02:00,0.18776722305185115,0.23541783372517155,0.1570866094774022,3.1135413328425847,1.444152728656968,-2.759862705128268,0.9337343843946804,-0.36714003502154535,-0.2780230006975144,0.08906353928716015,-1.0171219159579725,0.43114125498565814,50.0,51.0,51.0,41.0,43.0,26.0,30.0,26.0,52.0,90.0,3975442432,1586036736,1577488384,11.32,9.18,8.19,25297891328,9399406592
2026-05-06T15:37:17.401492+02:00,0.17732262170169427,0.24203401828426893,0.16623699142943338,2.977940025739358,1.4511851123297992,-2.8646050456848613,0.9596071452262445,-0.3459307939513102,-0.2765080549067833,0.09673344322658828,-1.0247918198974015,0.43114125498565814,50.0,51.0,51.0,41.0,43.0,26.0,30.0,26.0,52.0,90.0,3975442432,1586036736,1577488384,11.32,9.18,8.19,25297891328,9399406592
2026-05-06T15:37:17.452602+02:00,0.17732262170169427,0.24203401828426893,0.16623699142943338,2.977940025739358,1.4511851123297992,-2.8646050456848613,0.9748264163036349,-0.33381122762546156,-0.2765080549067833,0.1028693663781306,-1.0309277430489439,0.43114125498565814,50.0,51.0,51.0,41.0,43.0,26.0,30.0,26.0,52.0,90.0,3975442432,1586036736,1577488384,11.32,9.18,8.19,25297891328,9399406592
2026-05-06T15:37:17.505933+02:00,0.17732262170169427,0.24203401828426893,0.16623699142943338,2.977940025739358,1.4511851123297992,-2.8646050456848613,0.9946114687042429,-0.3156318781366887,-0.2765080549067833,0.10747130874178756,-1.0401316277762578,0.43114125498565814,50.0,51.0,51.0,41.0,43.0,26.0,30.0,26.0,52.0,90.0,3975442432,1586036736,1577488384,11.32,9.18,8.19,25297891328,9399406592
2026-05-06T15:37:17.556377+02:00,0.15604061146621387,0.2533682943470443,0.1851720815072119,2.624312399727193,1.4610339473479181,3.1305011741375037,1.0159184482125894,-0.2974525286479157,-0.27499310911605224,0.11360723189333033,-1.047801531715686,0.43114125498565814,50.0,51.0,51.0,41.0,43.0,26.0,30.0,26.0,52.0,90.0,3975442432,1586036736,1577488384,11.32,9.18,8.19,25297891328,9399406592
2026-05-06T15:37:17.607826+02:00,0.15604061146621387,0.2533682943470443,0.1851720815072119,2.624312399727193,1.4610339473479181,3.1305011741375037,1.028093865074502,-0.28684790811279814,-0.27499310911605224,0.11667519346910149,-1.0508694932914566,0.43114125498565814,50.0,51.0,51.0,41.0,43.0,26.0,30.0,26.0,52.0,90.0,3975442432,1586036736,1577488384,11.32,9.18,8.19,25297891328,9399406592
2026-05-06T15:37:17.657984+02:00,0.15604061146621387,0.2533682943470443,0.1851720815072119,2.624312399727193,1.4610339473479181,3.1305011741375037,1.0478789174751095,-0.27018350441475636,-0.27499310911605224,0.12281111662064426,-1.0585393972308856,0.43114125498565814,50.0,51.0,51.0,41.0,43.0,26.0,30.0,26.0,52.0,90.0,3975442432,1586036736,1577488384,11.32,9.18,8.19,25297891328,9399406592
2026-05-06T15:37:17.710165+02:00,0.15604061146621387,0.2533682943470443,0.1851720815072119,2.624312399727193,1.4610339473479181,3.1305011741375037,1.055488553013805,-0.26260877546110095,-0.27499310911605224,0.12587907819641542,-1.0600733780187706,0.43114125498565814,50.0,51.0,51.0,41.0,43.0,26.0,30.0,26.0,52.0,90.0,3975442432,1586036736,1577488384,11.32,9.18,8.19,25297891328,9399406592
2026-05-06T15:37:17.763568+02:00,0.15604061146621387,0.2533682943470443,0.1851720815072119,2.624312399727193,1.4610339473479181,3.1305011741375037,1.055488553013805,-0.26260877546110095,-0.27499310911605224,0.12587907819641542,-1.0600733780187706,0.43114125498565814,50.0,51.0,51.0,41.0,43.0,26.0,30.0,26.0,52.0,90.0,3975442432,1586036736,1577488384,11.32,9.18,8.19,25297891328,9399406592
2026-05-06T15:37:17.813832+02:00,0.1312007344568228,0.2626661205761405,0.20697739803513907,2.1564170748875227,1.4602264271725345,2.7388737476585687,1.0950586578150205,-0.22927996806501727,-0.27499310911605224,0.13201500134795818,-1.0708112435339703,0.4342092165614293,50.0,51.0,51.0,41.0,43.0,26.0,30.0,26.0,52.0,90.0,3975442432,1586036736,1577488384,11.32,9.18,8.19,25297891328,9399406592
2026-05-06T15:37:17.868824+02:00,0.1312007344568228,0.2626661205761405,0.20697739803513907,2.1564170748875227,1.4602264271725345,2.7388737476585687,1.1133217831078892,-0.21261556436697537,-0.27347816332532116,0.13508296292372934,-1.0769471666855126,0.4342092165614293,50.0,51.0,51.0,41.0,43.0,26.0,30.0,26.0,52.0,90.0,3975442432,1586036736,1577488384,11.32,9.18,8.19,25297891328,9399406592
2026-05-06T15:37:17.923851+02:00,0.1312007344568228,0.2626661205761405,0.20697739803513907,2.1564170748875227,1.4602264271725345,2.7388737476585687,1.1254971999698014,-0.20352588962258888,-0.27347816332532116,0.1396849052873863,-1.0800151282612842,0.4342092165614293,50.0,51.0,51.0,41.0,43.0,26.0,30.0,26.0,52.0,90.0,3975442432,1586036736,1577488384,11.32,9.18,8.19,25297891328,9399406592
2026-05-06T15:37:17.975458+02:00,0.11856036872462081,0.26609832300346886,0.21749143336397253,1.9482104004464762,1.4496005280512607,2.5694066430261984,1.1422383981549307,-0.18837643171527807,-0.27347816332532116,0.1396849052873863,-1.0846170706249407,0.4342092165614293,50.0,51.0,51.0,41.0,43.0,26.0,30.0,26.0,52.0,90.0,3975442432,1586036736,1577488384,11.32,9.18,8.19,25297891328,9399406592
2026-05-06T15:37:18.030987+02:00,0.11856036872462081,0.26609832300346886,0.21749143336397253,1.9482104004464762,1.4496005280512607,2.5694066430261984,1.1528918879091044,-0.17625686538942953,-0.27347816332532116,0.14582082843892863,-1.0846170706249407,0.4342092165614293,50.0,51.0,51.0,41.0,43.0,26.0,30.0,26.0,52.0,90.0,3975442432,1586036736,1577488384,11.32,9.18,8.19,25297891328,9399406592
2026-05-06T15:37:18.081492+02:00,0.11856036872462081,0.26609832300346886,0.21749143336397253,1.9482104004464762,1.4496005280512607,2.5694066430261984,1.1605015234477993,-0.16716719064504304,-0.27347816332532116,0.14582082843892863,-1.0876850322007123,0.4342092165614293,50.0,51.0,51.0,41.0,43.0,26.0,30.0,26.0,52.0,90.0,3975442432,1586036736,1577488384,11.32,9.18,8.19,25297891328,9399406592
2026-05-06T15:37:18.133633+02:00,0.11856036872462081,0.26609832300346886,0.21749143336397253,1.9482104004464762,1.4496005280512607,2.5694066430261984,1.1665892318787559,-0.16110740748211871,-0.27347816332532116,0.14888879001470023,-1.0922869745643697,0.4342092165614293,50.0,51.0,51.0,41.0,43.0,26.0,30.0,26.0,52.0,90.0,3975442432,1586036736,1577488384,11.32,9.18,8.19,25297891328,9399406592
2026-05-06T15:37:18.188674+02:00,0.1035212272913476,0.2682569295952811,0.23103381329578138,1.7209026165655443,1.4301639592395425,2.38753105218631,1.1726769403097124,-0.1535326785284633,-0.27347816332532116,0.14888879001470023,-1.0922869745643697,0.4342092165614293,50.0,51.0,51.0,41.0,43.0,26.0,30.0,26.0,52.0,90.0,3975442432,1586036736,1577488384,11.32,9.18,8.19,25297891328,9399406592
2026-05-06T15:37:18.243685+02:00,0.1035212272913476,0.2682569295952811,0.23103381329578138,1.7209026165655443,1.4301639592395425,2.38753105218631,1.1802865758484073,-0.14444300378407682,-0.27347816332532116,0.1504227708025856,-1.0938209553522547,0.4357431973493151,50.0,51.0,51.0,41.0,43.0,26.0,30.0,26.0,52.0,90.0,3975442432,1586036736,1577488384,11.32,9.18,8.19,25297891328,9399406592
2026-05-06T15:37:18.294809+02:00,0.1035212272913476,0.2682569295952811,0.23103381329578138,1.7209026165655443,1.4301639592395425,2.38753105218631,1.1818085029561467,-0.14292805799334574,-0.27347816332532116,0.1519567515904714,-1.0938209553522547,0.4357431973493151,50.0,51.0,51.0,41.0,43.0,26.0,30.0,26.0,52.0,96.85,3975442432,1587793920,1575608320,11.32,9.18,8.19,25297891328,9399406592
2026-05-06T15:37:18.347549+02:00,0.1035212272913476,0.2682569295952811,0.23103381329578138,1.7209026165655443,1.4301639592395425,2.38753105218631,1.1818085029561467,-0.13989816641188357,-0.27347816332532116,0.1519567515904714,-1.0968889169280263,0.4357431973493151,50.0,51.0,51.0,41.0,43.0,26.0,30.0,26.0,52.0,96.85,3975442432,1587793920,1575608320,11.32,9.18,8.19,25297891328,9399406592
2026-05-06T15:37:18.399901+02:00,0.09871416006651015,0.26864791334753413,0.23625475067935475,1.6240489198478318,1.4210163414899577,2.304338380368274,1.1833304300638852,-0.13989816641188357,-0.27347816332532116,0.1519567515904714,-1.0968889169280263,0.4357431973493151,50.0,51.0,51.0,41.0,42.0,26.0,30.0,26.0,52.0,96.85,3975442432,1587793920,1575608320,11.32,9.18,8.19,25297891328,9399406592
2026-05-06T15:37:18.451535+02:00,0.09871416006651015,0.26864791334753413,0.23625475067935475,1.6240489198478318,1.4210163414899577,2.304338380368274,1.1833304300638852,-0.13989816641188357,-0.27347816332532116,0.1519567515904714,-1.0968889169280263,0.4357431973493151,50.0,51.0,51.0,41.0,42.0,26.0,30.0,26.0,52.0,96.85,3975442432,1587793920,1575608320,11.32,9.18,8.19,25297891328,9399406592
2026-05-06T15:37:18.501600+02:00,0.09871416006651015,0.26864791334753413,0.23625475067935475,1.6240489198478318,1.4210163414899577,2.304338380368274,1.1833304300638852,-0.13989816641188357,-0.27347816332532116,0.1519567515904714,-1.0968889169280263,0.4357431973493151,50.0,51.0,51.0,41.0,42.0,26.0,30.0,26.0,52.0,96.85,3975442432,1587793920,1575608320,11.32,9.18,8.19,25297891328,9399406592
2026-05-06T15:37:18.551886+02:00,0.09871416006651015,0.26864791334753413,0.23625475067935475,1.6240489198478318,1.4210163414899577,2.304338380368274,1.1833304300638852,-0.13989816641188357,-0.27347816332532116,0.1519567515904714,-1.0968889169280263,0.4357431973493151,50.0,51.0,51.0,41.0,42.0,26.0,30.0,26.0,52.0,96.85,3975442432,1587793920,1575608320,11.32,9.18,8.19,25297891328,9399406592
2026-05-06T15:37:18.604256+02:00,0.09810934347534524,0.2683748668262753,0.2370783677859848,1.624608176115464,1.420848776124801,2.306838300431952,1.1833304300638852,-0.13989816641188357,-0.27347816332532116,0.1519567515904714,-1.0968889169280263,0.4357431973493151,50.0,51.0,51.0,41.0,42.0,26.0,30.0,26.0,52.0,96.85,3975442432,1587793920,1575608320,11.32,9.18,8.19,25297891328,9399406592
2026-05-06T15:37:18.654682+02:00,0.09810934347534524,0.2683748668262753,0.2370783677859848,1.624608176115464,1.420848776124801,2.306838300431952,1.1833304300638852,-0.13989816641188357,-0.27347816332532116,0.1519567515904714,-1.0968889169280263,0.4357431973493151,50.0,51.0,51.0,41.0,42.0,26.0,30.0,26.0,52.0,96.85,3975442432,1587793920,1575608320,11.32,9.18,8.19,25297891328,9399406592
2026-05-06T15:37:18.705441+02:00,0.09810934347534524,0.2683748668262753,0.2370783677859848,1.624608176115464,1.420848776124801,2.306838300431952,1.1833304300638852,-0.13989816641188357,-0.27347816332532116,0.1519567515904714,-1.0968889169280263,0.4357431973493151,50.0,51.0,51.0,41.0,42.0,26.0,30.0,26.0,52.0,96.85,3975442432,1587793920,1575608320,11.32,9.18,8.19,25297891328,9399406592
2026-05-06T15:37:18.759649+02:00,0.09810934347534524,0.2683748668262753,0.2370783677859848,1.624608176115464,1.420848776124801,2.306838300431952,1.1833304300638852,-0.13989816641188357,-0.27347816332532116,0.1519567515904714,-1.0968889169280263,0.4357431973493151,50.0,51.0,51.0,41.0,42.0,26.0,30.0,26.0,52.0,96.85,3975442432,1587793920,1575608320,11.32,9.18,8.19,25297891328,9399406592
2026-05-06T15:37:18.810651+02:00,0.09810934347534524,0.2683748668262753,0.2370783677859848,1.624608176115464,1.420848776124801,2.306838300431952,1.1833304300638852,-0.13989816641188357,-0.27347816332532116,0.1519567515904714,-1.0968889169280263,0.4357431973493151,50.0,51.0,51.0,41.0,42.0,26.0,30.0,26.0,52.0,96.85,3975442432,1587793920,1575608320,11.32,9.18,8.19,25297891328,9399406592
2026-05-06T15:37:18.861616+02:00,0.09810934347534524,0.2683748668262753,0.2370783677859848,1.624608176115464,1.420848776124801,2.306838300431952,1.1833304300638852,-0.13989816641188357,-0.27347816332532116,0.1519567515904714,-1.0968889169280263,0.4357431973493151,50.0,51.0,51.0,41.0,42.0,26.0,30.0,26.0,52.0,96.85,3975442432,1587793920,1575608320,11.32,9.18,8.19,25297891328,9399406592
2026-05-06T15:37:18.916604+02:00,0.09810934347534524,0.2683748668262753,0.2370783677859848,1.624608176115464,1.420848776124801,2.306838300431952,1.1833304300638852,-0.13989816641188357,-0.27347816332532116,0.1519567515904714,-1.0968889169280263,0.4357431973493151,50.0,51.0,51.0,41.0,42.0,26.0,30.0,26.0,52.0,96.85,3975442432,1587793920,1575608320,11.32,9.18,8.19,25297891328,9399406592
2026-05-06T15:37:18.967847+02:00,0.09810934347534524,0.2683748668262753,0.2370783677859848,1.624608176115464,1.420848776124801,2.306838300431952,1.1833304300638852,-0.13989816641188357,-0.27347816332532116,0.1519567515904714,-1.0968889169280263,0.4357431973493151,50.0,51.0,51.0,41.0,42.0,26.0,30.0,26.0,52.0,96.85,3975442432,1587793920,1575608320,11.32,9.18,8.19,25297891328,9399406592
2026-05-06T15:37:19.020988+02:00,0.09810934347534524,0.2683748668262753,0.2370783677859848,1.624608176115464,1.420848776124801,2.306838300431952,1.1833304300638852,-0.13989816641188357,-0.27347816332532116,0.1519567515904714,-1.0968889169280263,0.4357431973493151,50.0,51.0,51.0,41.0,42.0,26.0,30.0,26.0,52.0,96.85,3975442432,1587793920,1575608320,11.32,9.18,8.19,25297891328,9399406592
2026-05-06T15:37:19.075606+02:00,0.09810934347534524,0.2683748668262753,0.2370783677859848,1.624608176115464,1.420848776124801,2.306838300431952,1.1833304300638852,-0.13989816641188357,-0.27347816332532116,0.1519567515904714,-1.0968889169280263,0.4357431973493151,50.0,51.0,51.0,41.0,42.0,26.0,30.0,26.0,52.0,96.85,3975442432,1587793920,1575608320,11.32,9.18,8.19,25297891328,9399406592
2026-05-06T15:37:19.127040+02:00,0.09810934347534524,0.2683748668262753,0.2370783677859848,1.624608176115464,1.420848776124801,2.306838300431952,1.1833304300638852,-0.13989816641188357,-0.27347816332532116,0.1519567515904714,-1.0968889169280263,0.4357431973493151,50.0,51.0,51.0,41.0,42.0,26.0,30.0,26.0,52.0,96.85,3975442432,1587793920,1575608320,11.32,9.18,8.19,25297891328,9399406592
2026-05-06T15:37:19.177267+02:00,0.09810934347534524,0.2683748668262753,0.2370783677859848,1.624608176115464,1.420848776124801,2.306838300431952,1.1833304300638852,-0.13989816641188357,-0.27347816332532116,0.1519567515904714,-1.0968889169280263,0.4357431973493151,50.0,51.0,51.0,41.0,42.0,26.0,30.0,26.0,52.0,96.85,3975442432,1587793920,1575608320,11.32,9.18,8.19,25297891328,9399406592
2026-05-06T15:37:19.228910+02:00,0.09810934347534524,0.2683748668262753,0.2370783677859848,1.624608176115464,1.420848776124801,2.306838300431952,1.1833304300638852,-0.13989816641188357,-0.27347816332532116,0.1519567515904714,-1.0968889169280263,0.4357431973493151,50.0,51.0,51.0,41.0,42.0,26.0,30.0,26.0,52.0,96.85,3975442432,1587793920,1575608320,11.32,9.18,8.19,25297891328,9399406592
2026-05-06T15:37:19.280214+02:00,0.09810934347534524,0.2683748668262753,0.2370783677859848,1.624608176115464,1.420848776124801,2.306838300431952,1.1833304300638852,-0.13989816641188357,-0.27347816332532116,0.1519567515904714,-1.0968889169280263,0.4357431973493151,50.0,51.0,51.0,41.0,42.0,26.0,30.0,26.0,52.0,96.12,3975442432,1588703232,1574699008,11.32,9.18,8.19,25297891328,9399414784
2026-05-06T15:37:19.335210+02:00,0.09810934347534524,0.2683748668262753,0.2370783677859848,1.624608176115464,1.420848776124801,2.306838300431952,1.1833304300638852,-0.13989816641188357,-0.27347816332532116,0.1519567515904714,-1.0968889169280263,0.4357431973493151,50.0,51.0,51.0,41.0,42.0,26.0,30.0,26.0,52.0,96.12,3975442432,1588703232,1574699008,11.32,9.18,8.19,25297891328,9399414784
2026-05-06T15:37:19.390263+02:00,0.09810934347534524,0.2683748668262753,0.2370783677859848,1.624608176115464,1.420848776124801,2.306838300431952,1.1833304300638852,-0.13989816641188357,-0.27347816332532116,0.1519567515904714,-1.0968889169280263,0.4357431973493151,50.0,51.0,51.0,41.0,42.0,26.0,30.0,26.0,52.0,96.12,3975442432,1588703232,1574699008,11.32,9.18,8.19,25297891328,9399414784
2026-05-06T15:37:19.441611+02:00,0.09810934347534524,0.2683748668262753,0.2370783677859848,1.624608176115464,1.420848776124801,2.306838300431952,1.1833304300638852,-0.13989816641188357,-0.27347816332532116,0.1519567515904714,-1.0968889169280263,0.4357431973493151,50.0,51.0,51.0,41.0,42.0,26.0,30.0,26.0,52.0,96.12,3975442432,1588703232,1574699008,11.32,9.18,8.19,25297891328,9399414784
2026-05-06T15:37:19.494608+02:00,0.09810934347534524,0.2683748668262753,0.2370783677859848,1.624608176115464,1.420848776124801,2.306838300431952,1.1833304300638852,-0.13989816641188357,-0.27347816332532116,0.1519567515904714,-1.0968889169280263,0.4357431973493151,50.0,51.0,51.0,41.0,42.0,26.0,30.0,26.0,52.0,96.12,3975442432,1588703232,1574699008,11.32,9.18,8.19,25297891328,9399414784
2026-05-06T15:37:19.546044+02:00,0.09810934347534524,0.2683748668262753,0.2370783677859848,1.624608176115464,1.420848776124801,2.306838300431952,1.1833304300638852,-0.13989816641188357,-0.27347816332532116,0.1519567515904714,-1.0968889169280263,0.4357431973493151,50.0,51.0,51.0,41.0,42.0,26.0,30.0,26.0,52.0,96.12,3975442432,1588703232,1574699008,11.32,9.18,8.19,25297891328,9399414784
2026-05-06T15:37:19.597939+02:00,0.09810934347534524,0.2683748668262753,0.2370783677859848,1.624608176115464,1.420848776124801,2.306838300431952,1.1833304300638852,-0.13989816641188357,-0.27347816332532116,0.1519567515904714,-1.0968889169280263,0.4357431973493151,50.0,51.0,51.0,41.0,42.0,26.0,30.0,26.0,52.0,96.12,3975442432,1588703232,1574699008,11.32,9.18,8.19,25297891328,9399414784
2026-05-06T15:37:19.654064+02:00,0.09810934347534524,0.2683748668262753,0.2370783677859848,1.624608176115464,1.420848776124801,2.306838300431952,1.1833304300638852,-0.13989816641188357,-0.27347816332532116,0.1519567515904714,-1.0968889169280263,0.4357431973493151,50.0,51.0,51.0,41.0,42.0,26.0,30.0,26.0,52.0,96.12,3975442432,1588703232,1574699008,11.32,9.18,8.19,25297891328,9399414784
2026-05-06T15:37:19.707201+02:00,0.09810934347534524,0.2683748668262753,0.2370783677859848,1.624608176115464,1.420848776124801,2.306838300431952,1.1833304300638852,-0.13989816641188357,-0.27347816332532116,0.1519567515904714,-1.0968889169280263,0.4357431973493151,50.0,51.0,51.0,41.0,42.0,26.0,30.0,26.0,52.0,96.12,3975442432,1588703232,1574699008,11.32,9.18,8.19,25297891328,9399414784
2026-05-06T15:37:19.759495+02:00,0.09810934347534524,0.2683748668262753,0.2370783677859848,1.624608176115464,1.420848776124801,2.306838300431952,1.1863742842793639,-0.1368682748304214,-0.2765080549067833,0.1504227708025856,-1.098422897715912,0.4357431973493151,50.0,51.0,51.0,41.0,42.0,26.0,30.0,26.0,52.0,96.12,3975442432,1588703232,1574699008,11.32,9.18,8.19,25297891328,9399414784
2026-05-06T15:37:19.814554+02:00,0.09720713131402317,0.26820847567236744,0.23710698085655577,1.630033430487768,1.422685106455175,2.316075061025681,1.1878962113871023,-0.13535332903969033,-0.2780230006975144,0.1504227708025856,-1.098422897715912,0.4357431973493151,50.0,51.0,51.0,41.0,42.0,26.0,30.0,26.0,52.0,96.12,3975442432,1588703232,1574699008,11.32,9.18,8.19,25297891328,9399414784
2026-05-06T15:37:19.865584+02:00,0.09720713131402317,0.26820847567236744,0.23710698085655577,1.630033430487768,1.422685106455175,2.316075061025681,1.1878962113871023,-0.13535332903969033,-0.2780230006975144,0.1504227708025856,-1.098422897715912,0.4357431973493151,50.0,51.0,51.0,41.0,42.0,26.0,30.0,26.0,52.0,96.12,3975442432,1588703232,1574699008,11.32,9.18,8.19,25297891328,9399414784
2026-05-06T15:37:19.920604+02:00,0.09720713131402317,0.26820847567236744,0.23710698085655577,1.630033430487768,1.422685106455175,2.316075061025681,1.2015935553567538,-0.12474870850457287,-0.2931724586048252,0.1504227708025856,-1.0999568785037979,0.4357431973493151,50.0,51.0,51.0,41.0,42.0,26.0,30.0,26.0,52.0,96.12,3975442432,1588703232,1574699008,11.32,9.18,8.19,25297891328,9399414784
2026-05-06T15:37:19.975407+02:00,0.09720713131402317,0.26820847567236744,0.23710698085655577,1.630033430487768,1.422685106455175,2.316075061025681,1.2076812637877103,-0.11868892534164854,-0.29923224176774954,0.14888879001470023,-1.1045588208674544,0.4357431973493151,50.0,51.0,51.0,41.0,42.0,26.0,30.0,26.0,52.0,96.12,3975442432,1588703232,1574699008,11.32,9.18,8.19,25297891328,9399414784
2026-05-06T15:37:20.027231+02:00,0.09126503461063228,0.265826931432689,0.23656730042993393,1.6742192020285203,1.4268808584309127,2.3775699770456344,1.2137689722186669,-0.1141440879694553,-0.30680697072140495,0.14275286686315747,-1.107626782443226,0.4357431973493151,50.0,51.0,51.0,41.0,42.0,26.0,30.0,26.0,52.0,96.12,3975442432,1588703232,1574699008,11.32,9.18,8.19,25297891328,9399414784
2026-05-06T15:37:20.082816+02:00,0.09126503461063228,0.265826931432689,0.23656730042993393,1.6742192020285203,1.4268808584309127,2.3775699770456344,1.225944389080579,-0.10353946743433773,-0.3204414828379847,0.1381509244995005,-1.1122287248068825,0.4357431973493151,50.0,51.0,51.0,41.0,42.0,26.0,30.0,26.0,52.0,96.12,3975442432,1588703232,1574699008,11.32,9.18,8.19,25297891328,9399414784
2026-05-06T15:37:20.137897+02:00,0.09126503461063228,0.265826931432689,0.23656730042993393,1.6742192020285203,1.4268808584309127,2.3775699770456344,1.2305101704037962,-0.10050957585287557,-0.32347137441944684,0.13508296292372934,-1.11683066717054,0.4357431973493151,50.0,51.0,51.0,41.0,42.0,26.0,30.0,26.0,52.0,96.12,3975442432,1588703232,1574699008,11.32,9.18,8.19,25297891328,9399414784
2026-05-06T15:37:20.192888+02:00,0.07996031708552735,0.25965047793343504,0.2354436430842946,1.8227857815419173,1.449963574938032,2.569729381448158,1.2426855872657083,-0.089904955317758,-0.33862083232675744,0.13048102056007238,-1.1229665903220822,0.4357431973493151,50.0,51.0,51.0,41.0,42.0,26.0,30.0,26.0,52.0,96.18,3975442432,1550917632,1612451840,11.32,9.18,8.19,25297891328,9399427072
2026-05-06T15:37:20.244545+02:00,0.07996031708552735,0.25965047793343504,0.2354436430842946,1.8227857815419173,1.449963574938032,2.569729381448158,1.2487732956966648,-0.08384517215483378,-0.3446806154896819,0.12741305898430122,-1.124500571109968,0.4357431973493151,50.0,51.0,51.0,41.0,42.0,26.0,30.0,26.0,52.0,96.18,3975442432,1550917632,1612451840,11.32,9.18,8.19,25297891328,9399427072
2026-05-06T15:37:20.299559+02:00,0.07996031708552735,0.25965047793343504,0.2354436430842946,1.8227857815419173,1.449963574938032,2.569729381448158,1.2639925667740557,-0.07172560582898513,-0.3598300733969926,0.11974315504487265,-1.1321704750493962,0.4357431973493151,50.0,51.0,51.0,41.0,42.0,26.0,30.0,26.0,52.0,96.18,3975442432,1550917632,1612451840,11.32,9.18,8.19,25297891328,9399427072
2026-05-06T15:37:20.351128+02:00,0.07996031708552735,0.25965047793343504,0.2354436430842946,1.8227857815419173,1.449963574938032,2.569729381448158,1.27312412942049,-0.06112098529386756,-0.37194963972284123,0.11820917425698729,-1.1321704750493962,0.4357431973493151,50.0,51.0,51.0,41.0,42.0,26.0,30.0,26.0,52.0,96.18,3975442432,1550917632,1612451840,11.32,9.18,8.19,25297891328,9399427072
2026-05-06T15:37:20.406176+02:00,0.0679874712079681,0.2526889844751012,0.23438895310768215,1.9932061630536286,1.4649254787315578,2.7844081905316203,1.2837776191746628,-0.05203131054948107,-0.3825542602579588,0.1059373279539022,-1.1459763021403666,0.4357431973493151,50.0,51.0,50.0,41.0,42.0,26.0,30.0,26.0,52.0,96.18,3975442432,1550917632,1612451840,11.32,9.18,8.19,25297891328,9399427072
2026-05-06T15:37:20.461769+02:00,0.0679874712079681,0.2526889844751012,0.23438895310768215,1.9932061630536286,1.4649254787315578,2.7844081905316203,1.3050845986830102,-0.035366906851439284,-0.4052784471189249,0.09366548165081712,-1.1643840715949945,0.4357431973493151,50.0,51.0,50.0,41.0,42.0,26.0,30.0,26.0,52.0,96.18,3975442432,1550917632,1612451840,11.32,9.18,8.19,25297891328,9399427072
2026-05-06T15:37:20.514945+02:00,0.0679874712079681,0.2526889844751012,0.23438895310768215,1.9932061630536286,1.4649254787315578,2.7844081905316203,1.3218257968681395,-0.02021744894412847,-0.4234577966076979,0.09213150086293131,-1.1659180523828803,0.4357431973493151,50.0,51.0,50.0,41.0,42.0,26.0,30.0,26.0,52.0,96.18,3975442432,1550917632,1612451840,11.32,9.18,8.19,25297891328,9399427072
2026-05-06T15:37:20.565220+02:00,0.052121994005482564,0.24092431632984054,0.23166098057824464,2.5229096934558655,1.4768283578069983,-2.902386016158614,1.343132776376486,-0.0005231536646244095,-0.4461819834686641,0.08292761613561739,-1.17665591789808,0.4357431973493151,50.0,51.0,50.0,41.0,42.0,26.0,30.0,26.0,52.0,96.18,3975442432,1550917632,1612451840,11.32,9.18,8.19,25297891328,9399427072
2026-05-06T15:37:20.616304+02:00,0.052121994005482564,0.24092431632984054,0.23166098057824464,2.5229096934558655,1.4768283578069983,-2.902386016158614,1.3522643390229203,0.00856652107976208,-0.45830154979451265,0.07679169298407507,-1.1843258218375081,0.4357431973493151,50.0,51.0,50.0,41.0,42.0,26.0,30.0,26.0,52.0,96.18,3975442432,1550917632,1612451840,11.32,9.18,8.19,25297891328,9399427072
2026-05-06T15:37:20.667404+02:00,0.052121994005482564,0.24092431632984054,0.23166098057824464,2.5229096934558655,1.4768283578069983,-2.902386016158614,1.3766151727467455,0.02977576214999711,-0.48254068244620996,0.0706557698325323,-1.1919957257769362,0.4357431973493151,50.0,51.0,50.0,41.0,42.0,26.0,30.0,26.0,52.0,96.18,3975442432,1550917632,1612451840,11.32,9.18,8.19,25297891328,9399427072
2026-05-06T15:37:20.719804+02:00,0.052121994005482564,0.24092431632984054,0.23166098057824464,2.5229096934558655,1.4768283578069983,-2.902386016158614,1.3964002251473535,0.04795511163877009,-0.5052648693071761,0.05684994274156141,-1.2058015528679067,0.4357431973493151,50.0,51.0,50.0,41.0,42.0,26.0,30.0,26.0,52.0,96.18,3975442432,1550917632,1612451840,11.32,9.18,8.19,25297891328,9399427072
2026-05-06T15:37:20.774820+02:00,0.03542952635807162,0.22546074100613445,0.22943008624133607,3.0745336358815223,1.4648030122665572,-2.270744994798744,1.4161852775479606,0.06613446112754295,-0.5264741103774112,0.049180038802133286,-1.2150054375952206,0.4357431973493151,50.0,51.0,50.0,41.0,42.0,26.0,30.0,26.0,52.0,96.18,3975442432,1550917632,1612451840,11.32,9.18,8.19,25297891328,9399427072
2026-05-06T15:37:20.827242+02:00,0.03542952635807162,0.22546074100613445,0.22943008624133607,3.0745336358815223,1.4648030122665572,-2.270744994798744,1.4344484028408293,0.08431381061631593,-0.5476833514476463,0.043044115650590964,-1.2226753415346487,0.43727717813720046,50.0,51.0,50.0,41.0,42.0,26.0,30.0,26.0,52.0,96.18,3975442432,1550917632,1612451840,11.32,9.18,8.19,25297891328,9399427072
2026-05-06T15:37:20.878089+02:00,0.03542952635807162,0.22546074100613445,0.22943008624133607,3.0745336358815223,1.4648030122665572,-2.270744994798744,1.4405361112717858,0.09037359377924026,-0.5537431346105706,0.03997615407481936,-1.2242093223225345,0.43727717813720046,50.0,51.0,50.0,41.0,42.0,26.0,30.0,26.0,52.0,96.18,3975442432,1550917632,1612451840,11.32,9.18,8.19,25297891328,9399427072
2026-05-06T15:37:20.932778+02:00,0.03542952635807162,0.22546074100613445,0.22943008624133607,3.0745336358815223,1.4648030122665572,-2.270744994798744,1.4618430907801323,0.11006788905874426,-0.5779822672622679,0.03384023092327704,-1.2364811686256192,0.43727717813720046,50.0,51.0,50.0,41.0,42.0,26.0,30.0,26.0,52.0,96.18,3975442432,1550917632,1612451840,11.32,9.18,8.19,25297891328,9399427072
2026-05-06T15:37:20.983979+02:00,0.02031047079580274,0.209186393700947,0.22664422796408737,-2.926976933086664,1.4336208996912552,-1.9156543690721435,1.4938035600426525,0.13885185908263475,-0.6113110746583515,0.023102365408077308,-1.247219034140819,0.43727717813720046,50.0,51.0,50.0,41.0,42.0,26.0,30.0,26.0,52.0,96.18,3975442432,1550917632,1612451840,11.32,9.18,8.19,25297891328,9399427072
2026-05-06T15:37:21.034140+02:00,0.02031047079580274,0.209186393700947,0.22664422796408737,-2.926976933086664,1.4336208996912552,-1.9156543690721435,1.5044570497968262,0.14945647961775227,-0.6249455867749313,0.018500423044420344,-1.2502869957165905,0.43727717813720046,50.0,51.0,50.0,41.0,42.0,26.0,30.0,26.0,52.0,96.18,3975442432,1550917632,1612451840,11.32,9.18,8.19,25297891328,9399427072
2026-05-06T15:37:21.089502+02:00,0.02031047079580274,0.209186393700947,0.22664422796408737,-2.926976933086664,1.4336208996912552,-1.9156543690721435,1.519676320874217,0.163090991734332,-0.6416099904729732,0.012364499892878023,-1.2594908804439044,0.43727717813720046,50.0,51.0,50.0,41.0,42.0,26.0,30.0,26.0,52.0,96.18,3975442432,1550917632,1612451840,11.32,9.18,8.19,25297891328,9399427072
2026-05-06T15:37:21.141421+02:00,0.02031047079580274,0.209186393700947,0.22664422796408737,-2.926976933086664,1.4336208996912552,-1.9156543690721435,1.5364175190593463,0.17975539543237384,-0.6613042857524771,0.006228576741335257,-1.2656268035954468,0.43727717813720046,50.0,51.0,50.0,41.0,42.0,26.0,30.0,26.0,52.0,93.43,3975442432,1550270464,1613123584,11.32,9.18,8.19,25297891328,9399427072
2026-05-06T15:37:21.191654+02:00,0.006058497853887532,0.19003466077595996,0.22231688149792628,-2.7357644608954375,1.3943235343603242,-1.6390208118160894,1.5455490817057806,0.18733012438602925,-0.6703939604968636,0.004694595953449898,-1.2686947651712184,0.43727717813720046,50.0,51.0,50.0,41.0,42.0,26.0,30.0,26.0,52.0,93.43,3975442432,1550270464,1613123584,11.32,9.18,8.19,25297891328,9399427072
2026-05-06T15:37:21.243333+02:00,0.006058497853887532,0.19003466077595996,0.22231688149792628,-2.7357644608954375,1.3943235343603242,-1.6390208118160894,1.5562025714599543,0.19944969071187785,-0.6825135268227123,0.0016266343776782932,-1.271762726746989,0.43727717813720046,50.0,51.0,50.0,41.0,42.0,26.0,30.0,26.0,52.0,93.43,3975442432,1550270464,1613123584,11.32,9.18,8.19,25297891328,9399427072
2026-05-06T15:37:21.294248+02:00,0.006058497853887532,0.19003466077595996,0.22231688149792628,-2.7357644608954375,1.3943235343603242,-1.6390208118160894,1.56229027989091,0.20550947387480217,-0.6885733099856366,9.265358979293481e-05,-1.273296707534875,0.43727717813720046,50.0,51.0,50.0,41.0,42.0,26.0,30.0,26.0,52.0,93.43,3975442432,1550270464,1613123584,11.32,9.18,8.19,25297891328,9399427072
2026-05-06T15:37:21.348985+02:00,0.006058497853887532,0.19003466077595996,0.22231688149792628,-2.7357644608954375,1.3943235343603242,-1.6390208118160894,1.5714218425373443,0.2161140944099197,-0.7006928763114851,-0.004509288773864029,-1.2794326306864172,0.43727717813720046,50.0,51.0,50.0,41.0,42.0,26.0,30.0,26.0,52.0,93.43,3975442432,1550270464,1613123584,11.32,9.18,8.19,25297891328,9399427072
2026-05-06T15:37:21.402048+02:00,0.00023446080160745408,0.18051772377503236,0.22059202174747294,-2.683538475478972,1.3775363686272761,-1.5476799023415653,1.574465696752823,0.22065893178211293,-0.7022078221022162,-0.004509288773864029,-1.280966611474303,0.43727717813720046,50.0,51.0,50.0,41.0,42.0,26.0,30.0,26.0,52.0,93.43,3975442432,1550270464,1613123584,11.32,9.18,8.19,25297891328,9399427072
2026-05-06T15:37:21.456983+02:00,0.00023446080160745408,0.18051772377503236,0.22059202174747294,-2.683538475478972,1.3775363686272761,-1.5476799023415653,1.582075332291518,0.23277849810796158,-0.7143273884280649,-0.0075772503496351895,-1.2825005922621888,0.43727717813720046,50.0,51.0,50.0,41.0,42.0,26.0,30.0,26.0,52.0,93.43,3975442432,1550270464,1613123584,11.32,9.18,8.19,25297891328,9399427072
2026-05-06T15:37:21.507167+02:00,0.00023446080160745408,0.18051772377503236,0.22059202174747294,-2.683538475478972,1.3775363686272761,-1.5476799023415653,1.5851191865069958,0.23429344389869267,-0.715842334218796,-0.009111231137520992,-1.2825005922621888,0.43727717813720046,50.0,51.0,50.0,41.0,42.0,26.0,30.0,26.0,52.0,93.43,3975442432,1550270464,1613123584,11.32,9.18,8.19,25297891328,9399427072
2026-05-06T15:37:21.561239+02:00,0.00023446080160745408,0.18051772377503236,0.22059202174747294,-2.683538475478972,1.3775363686272761,-1.5476799023415653,1.5866411136147351,0.23883828127088585,-0.717357280009527,-0.009111231137520992,-1.2825005922621888,0.43727717813720046,50.0,51.0,50.0,41.0,42.0,26.0,30.0,26.0,52.0,93.43,3975442432,1550270464,1613123584,11.32,9.18,8.19,25297891328,9399427072
2026-05-06T15:37:21.612002+02:00,-0.002091908608723833,0.1763709782634743,0.22079319264469469,-2.6619359408340952,1.3788729856816972,-1.5091414797860494,1.5866411136147351,0.23883828127088585,-0.717357280009527,-0.009111231137520992,-1.2825005922621888,0.43727717813720046,50.0,51.0,50.0,41.0,42.0,26.0,30.0,26.0,52.0,93.43,3975442432,1550270464,1613123584,11.32,9.18,8.19,25297891328,9399427072
2026-05-06T15:37:21.662768+02:00,-0.002091908608723833,0.1763709782634743,0.22079319264469469,-2.6619359408340952,1.3788729856816972,-1.5091414797860494,1.5866411136147351,0.23883828127088585,-0.7188722258002581,-0.009111231137520992,-1.2825005922621888,0.43727717813720046,50.0,51.0,50.0,41.0,42.0,26.0,30.0,26.0,52.0,93.43,3975442432,1550270464,1613123584,11.32,9.18,8.19,25297891328,9399427072
2026-05-06T15:37:21.713196+02:00,-0.002091908608723833,0.1763709782634743,0.22079319264469469,-2.6619359408340952,1.3788729856816972,-1.5091414797860494,1.5866411136147351,0.23883828127088585,-0.7188722258002581,-0.009111231137520992,-1.2840345730500746,0.43727717813720046,50.0,51.0,50.0,41.0,42.0,26.0,30.0,26.0,52.0,93.43,3975442432,1550270464,1613123584,11.32,9.18,8.19,25297891328,9399427072
2026-05-06T15:37:21.763355+02:00,-0.002091908608723833,0.1763709782634743,0.22079319264469469,-2.6619359408340952,1.3788729856816972,-1.5091414797860494,1.5866411136147351,0.23883828127088585,-0.7188722258002581,-0.009111231137520992,-1.2840345730500746,0.43727717813720046,50.0,51.0,50.0,41.0,42.0,26.0,30.0,26.0,52.0,93.43,3975442432,1550270464,1613123584,11.32,9.18,8.19,25297891328,9399427072
2026-05-06T15:37:21.815482+02:00,-0.002084204192290784,0.17591341313600825,0.22074239197639542,-2.6622677308811813,1.3773403714394952,-1.5094795260526015,1.5866411136147351,0.23883828127088585,-0.7188722258002581,-0.010645211925406795,-1.2855685538379604,0.43727717813720046,50.0,51.0,50.0,41.0,42.0,26.0,30.0,26.0,52.0,93.43,3975442432,1550270464,1613123584,11.32,9.18,8.19,25297891328,9399427072
2026-05-06T15:37:21.867980+02:00,-0.002084204192290784,0.17591341313600825,0.22074239197639542,-2.6622677308811813,1.3773403714394952,-1.5094795260526015,1.5866411136147351,0.23883828127088585,-0.7188722258002581,-0.010645211925406795,-1.2855685538379604,0.43727717813720046,50.0,51.0,50.0,41.0,42.0,26.0,30.0,26.0,52.0,93.43,3975442432,1550270464,1613123584,11.32,9.18,8.19,25297891328,9399427072
2026-05-06T15:37:21.918049+02:00,-0.002084204192290784,0.17591341313600825,0.22074239197639542,-2.6622677308811813,1.3773403714394952,-1.5094795260526015,1.5866411136147351,0.23883828127088585,-0.7188722258002581,-0.010645211925406795,-1.2855685538379604,0.43727717813720046,50.0,51.0,50.0,41.0,42.0,26.0,30.0,26.0,52.0,93.43,3975442432,1550270464,1613123584,11.32,9.18,8.19,25297891328,9399427072
2026-05-06T15:37:21.969410+02:00,-0.002084204192290784,0.17591341313600825,0.22074239197639542,-2.6622677308811813,1.3773403714394952,-1.5094795260526015,1.5866411136147351,0.23883828127088585,-0.7188722258002581,-0.010645211925406795,-1.2855685538379604,0.43727717813720046,50.0,51.0,50.0,41.0,42.0,26.0,30.0,26.0,52.0,93.43,3975442432,1550270464,1613123584,11.32,9.18,8.19,25297891328,9399427072
2026-05-06T15:37:22.020663+02:00,-0.001960722208332226,0.1756599608470649,0.22076500369593738,-2.655956810754567,1.3742090094482313,-1.5026067043756857,1.5866411136147351,0.23883828127088585,-0.7188722258002581,-0.010645211925406795,-1.2871025346258453,0.43727717813720046,50.0,51.0,50.0,41.0,42.0,26.0,30.0,26.0,52.0,93.43,3975442432,1550270464,1613123584,11.32,9.18,8.19,25297891328,9399427072
2026-05-06T15:37:22.074273+02:00,-0.001960722208332226,0.1756599608470649,0.22076500369593738,-2.655956810754567,1.3742090094482313,-1.5026067043756857,1.5866411136147351,0.23883828127088585,-0.7188722258002581,-0.010645211925406795,-1.2871025346258453,0.43727717813720046,50.0,51.0,50.0,41.0,42.0,26.0,30.0,26.0,52.0,93.43,3975442432,1550270464,1613123584,11.32,9.18,8.19,25297891328,9399427072
2026-05-06T15:37:22.129300+02:00,-0.001960722208332226,0.1756599608470649,0.22076500369593738,-2.655956810754567,1.3742090094482313,-1.5026067043756857,1.5866411136147351,0.23883828127088585,-0.7188722258002581,-0.010645211925406795,-1.2871025346258453,0.43727717813720046,50.0,51.0,50.0,41.0,42.0,26.0,30.0,26.0,52.0,93.43,3975442432,1550270464,1613123584,11.32,9.18,8.19,25297891328,9399427072
2026-05-06T15:37:22.185523+02:00,-0.001960722208332226,0.1756599608470649,0.22076500369593738,-2.655956810754567,1.3742090094482313,-1.5026067043756857,1.5866411136147351,0.23883828127088585,-0.7188722258002581,-0.010645211925406795,-1.2871025346258453,0.43727717813720046,50.0,51.0,50.0,41.0,42.0,26.0,30.0,26.0,52.0,93.43,3975442432,1550270464,1613123584,11.32,9.18,8.19,25297891328,9399427072
2026-05-06T15:37:22.240727+02:00,-0.001960722208332226,0.1756599608470649,0.22076500369593738,-2.655956810754567,1.3742090094482313,-1.5026067043756857,1.5866411136147351,0.23883828127088585,-0.7188722258002581,-0.010645211925406795,-1.2871025346258453,0.43727717813720046,50.0,51.0,50.0,41.0,42.0,26.0,30.0,26.0,52.0,97.1,3975442432,1550655488,1612726272,11.38,9.22,8.21,25297891328,9399443456
2026-05-06T15:37:22.292280+02:00,-0.001960722208332226,0.1756599608470649,0.22076500369593738,-2.655956810754567,1.3742090094482313,-1.5026067043756857,1.5866411136147351,0.23883828127088585,-0.7188722258002581,-0.010645211925406795,-1.2871025346258453,0.43727717813720046,50.0,51.0,50.0,41.0,42.0,26.0,30.0,26.0,52.0,97.1,3975442432,1550655488,1612726272,11.38,9.22,8.21,25297891328,9399443456
2026-05-06T15:37:22.343949+02:00,-0.001960722208332226,0.1756599608470649,0.22076500369593738,-2.655956810754567,1.3742090094482313,-1.5026067043756857,1.5866411136147351,0.23883828127088585,-0.7188722258002581,-0.010645211925406795,-1.2871025346258453,0.43727717813720046,50.0,51.0,50.0,41.0,42.0,26.0,30.0,26.0,52.0,97.1,3975442432,1550655488,1612726272,11.38,9.22,8.21,25297891328,9399443456
2026-05-06T15:37:22.394902+02:00,-0.001960722208332226,0.1756599608470649,0.22076500369593738,-2.655956810754567,1.3742090094482313,-1.5026067043756857,1.5866411136147351,0.23883828127088585,-0.7188722258002581,-0.010645211925406795,-1.2871025346258453,0.43727717813720046,50.0,51.0,51.0,41.0,42.0,26.0,30.0,26.0,52.0,97.1,3975442432,1550655488,1612726272,11.38,9.22,8.21,25297891328,9399443456
2026-05-06T15:37:22.445935+02:00,-0.001960722208332226,0.1756599608470649,0.22076500369593738,-2.655956810754567,1.3742090094482313,-1.5026067043756857,1.5866411136147351,0.23883828127088585,-0.7188722258002581,-0.010645211925406795,-1.2871025346258453,0.43727717813720046,50.0,51.0,51.0,41.0,42.0,26.0,30.0,26.0,52.0,97.1,3975442432,1550655488,1612726272,11.38,9.22,8.21,25297891328,9399443456
2026-05-06T15:37:22.497445+02:00,-0.001960722208332226,0.1756599608470649,0.22076500369593738,-2.655956810754567,1.3742090094482313,-1.5026067043756857,1.5866411136147351,0.23883828127088585,-0.7188722258002581,-0.010645211925406795,-1.2871025346258453,0.43727717813720046,50.0,51.0,51.0,41.0,42.0,26.0,30.0,26.0,52.0,97.1,3975442432,1550655488,1612726272,11.38,9.22,8.21,25297891328,9399443456
2026-05-06T15:37:22.548014+02:00,-0.001960722208332226,0.1756599608470649,0.22076500369593738,-2.655956810754567,1.3742090094482313,-1.5026067043756857,1.5866411136147351,0.23883828127088585,-0.7188722258002581,-0.010645211925406795,-1.2871025346258453,0.43727717813720046,50.0,51.0,51.0,41.0,42.0,26.0,30.0,26.0,52.0,97.1,3975442432,1550655488,1612726272,11.38,9.22,8.21,25297891328,9399443456
2026-05-06T15:37:22.603040+02:00,-0.001960722208332226,0.1756599608470649,0.22076500369593738,-2.655956810754567,1.3742090094482313,-1.5026067043756857,1.5866411136147351,0.23883828127088585,-0.7188722258002581,-0.010645211925406795,-1.2871025346258453,0.43727717813720046,50.0,51.0,51.0,41.0,42.0,26.0,30.0,26.0,52.0,97.1,3975442432,1550655488,1612726272,11.38,9.22,8.21,25297891328,9399443456
2026-05-06T15:37:22.656082+02:00,-0.001960722208332226,0.1756599608470649,0.22076500369593738,-2.655956810754567,1.3742090094482313,-1.5026067043756857,1.5866411136147351,0.23883828127088585,-0.7188722258002581,-0.010645211925406795,-1.2871025346258453,0.43727717813720046,50.0,51.0,51.0,41.0,42.0,26.0,30.0,26.0,52.0,97.1,3975442432,1550655488,1612726272,11.38,9.22,8.21,25297891328,9399443456
2026-05-06T15:37:22.711506+02:00,-0.001960722208332226,0.1756599608470649,0.22076500369593738,-2.655956810754567,1.3742090094482313,-1.5026067043756857,1.5866411136147351,0.23883828127088585,-0.7188722258002581,-0.010645211925406795,-1.2871025346258453,0.43727717813720046,50.0,51.0,51.0,41.0,42.0,26.0,30.0,26.0,52.0,97.1,3975442432,1550655488,1612726272,11.38,9.22,8.21,25297891328,9399443456
2026-05-06T15:37:22.761983+02:00,-0.001960722208332226,0.1756599608470649,0.22076500369593738,-2.655956810754567,1.3742090094482313,-1.5026067043756857,1.5866411136147351,0.23883828127088585,-0.7188722258002581,-0.010645211925406795,-1.2871025346258453,0.43727717813720046,50.0,51.0,51.0,41.0,42.0,26.0,30.0,26.0,52.0,97.1,3975442432,1550655488,1612726272,11.38,9.22,8.21,25297891328,9399443456
2026-05-06T15:37:22.812946+02:00,-0.001960722208332226,0.1756599608470649,0.22076500369593738,-2.655956810754567,1.3742090094482313,-1.5026067043756857,1.5866411136147351,0.23883828127088585,-0.7188722258002581,-0.010645211925406795,-1.2871025346258453,0.43727717813720046,50.0,51.0,51.0,41.0,42.0,26.0,30.0,26.0,52.0,97.1,3975442432,1550655488,1612726272,11.38,9.22,8.21,25297891328,9399443456
2026-05-06T15:37:22.863523+02:00,-0.001960722208332226,0.1756599608470649,0.22076500369593738,-2.655956810754567,1.3742090094482313,-1.5026067043756857,1.5866411136147351,0.23883828127088585,-0.7188722258002581,-0.010645211925406795,-1.2871025346258453,0.43727717813720046,50.0,51.0,51.0,41.0,42.0,26.0,30.0,26.0,52.0,97.1,3975442432,1550655488,1612726272,11.38,9.22,8.21,25297891328,9399443456
2026-05-06T15:37:22.918544+02:00,-0.001960722208332226,0.1756599608470649,0.22076500369593738,-2.655956810754567,1.3742090094482313,-1.5026067043756857,1.5866411136147351,0.23429344389869267,-0.7234170631724514,-0.010645211925406795,-1.2840345730500746,0.4541509668039425,50.0,51.0,51.0,41.0,42.0,26.0,30.0,26.0,52.0,97.1,3975442432,1550655488,1612726272,11.38,9.22,8.21,25297891328,9399443456
2026-05-06T15:37:22.968583+02:00,-0.001960722208332226,0.1756599608470649,0.22076500369593738,-2.655956810754567,1.3742090094482313,-1.5026067043756857,1.5866411136147351,0.23429344389869267,-0.7234170631724514,-0.010645211925406795,-1.2840345730500746,0.4541509668039425,50.0,51.0,51.0,41.0,42.0,26.0,30.0,26.0,52.0,97.1,3975442432,1550655488,1612726272,11.38,9.22,8.21,25297891328,9399443456
2026-05-06T15:37:23.019114+02:00,-0.001960722208332226,0.1756599608470649,0.22076500369593738,-2.655956810754567,1.3742090094482313,-1.5026067043756857,1.5866411136147351,0.23429344389869267,-0.7234170631724514,-0.010645211925406795,-1.2840345730500746,0.4541509668039425,50.0,51.0,51.0,41.0,42.0,26.0,30.0,26.0,52.0,97.1,3975442432,1550655488,1612726272,11.38,9.22,8.21,25297891328,9399443456
2026-05-06T15:37:23.072807+02:00,-0.0019668060571075897,0.17587660247317358,0.21866344498788964,-2.633914384134097,1.3712797873190135,-1.503482864396146,1.5835972593992573,0.2161140944099197,-0.7309917921261068,-0.010645211925406795,-1.2410831109892766,0.5017043712283975,50.0,51.0,51.0,41.0,42.0,26.0,30.0,26.0,52.0,97.1,3975442432,1550655488,1612726272,11.38,9.22,8.21,25297891328,9399443456
2026-05-06T15:37:23.125190+02:00,-0.0019668060571075897,0.17587660247317358,0.21866344498788964,-2.633914384134097,1.3712797873190135,-1.503482864396146,1.5835972593992573,0.20853936545626434,-0.7325067379168378,-0.0075772503496351895,-1.2303452454740769,0.5201121406830254,50.0,51.0,51.0,41.0,42.0,26.0,30.0,26.0,52.0,97.1,3975442432,1550655488,1612726272,11.38,9.22,8.21,25297891328,9399443456
2026-05-06T15:37:23.177323+02:00,-0.0017331976098618022,0.17988328225124559,0.21117601250474188,-2.579494313169556,1.3872093059064805,-1.5189261955852729,1.582075332291518,0.19944969071187785,-0.7370515752890311,-0.006043269561749831,-1.210403495231564,0.5446558332891955,50.0,51.0,51.0,41.0,42.0,26.0,30.0,26.0,52.0,97.1,3975442432,1550655488,1612726272,11.38,9.22,8.21,25297891328,9399443456
2026-05-06T15:37:23.231808+02:00,-0.0017331976098618022,0.17988328225124559,0.21117601250474188,-2.579494313169556,1.3872093059064805,-1.5189261955852729,1.582075332291518,0.1949048533396846,-0.7385665210797622,-0.004509288773864029,-1.2042675720800209,0.5538597180165095,50.0,51.0,51.0,41.0,42.0,26.0,30.0,26.0,52.0,94.96,3975442432,1549828096,1613541376,11.38,9.22,8.21,25297891328,9399451648
2026-05-06T15:37:23.285216+02:00,-0.0017331976098618022,0.17988328225124559,0.21117601250474188,-2.579494313169556,1.3872093059064805,-1.5189261955852729,1.5805534051837786,0.17975539543237384,-0.7446263042426864,-0.002975307985978226,-1.1751219371101942,0.5952771992894217,50.0,51.0,51.0,41.0,42.0,26.0,30.0,26.0,52.0,94.96,3975442432,1549828096,1613541376,11.38,9.22,8.21,25297891328,9399451648
2026-05-06T15:37:23.340261+02:00,-0.0017331976098618022,0.17988328225124559,0.21117601250474188,-2.579494313169556,1.3872093059064805,-1.5189261955852729,1.5805534051837786,0.1752105580601806,-0.7446263042426864,-0.0014413271980928677,-1.1720539755344226,0.6044810840167356,50.0,51.0,51.0,41.0,42.0,26.0,30.0,26.0,52.0,94.96,3975442432,1549828096,1613541376,11.38,9.22,8.21,25297891328,9399451648
2026-05-06T15:37:23.394220+02:00,-0.0016922838656640027,0.18418544188599212,0.2022067059806692,-2.5221839264146055,1.4032431940659231,-1.5531005580417432,1.5790314780760402,0.15703120857140768,-0.7491711416148796,0.0031606151655640957,-1.1321704750493962,0.632092738198677,50.0,51.0,51.0,41.0,42.0,26.0,30.0,26.0,52.0,94.96,3975442432,1549828096,1613541376,11.38,9.22,8.21,25297891328,9399451648
2026-05-06T15:37:23.445745+02:00,-0.0016922838656640027,0.18418544188599212,0.2022067059806692,-2.5221839264146055,1.4032431940659231,-1.5531005580417432,1.5775095509683008,0.1479415338270212,-0.7506860874056107,0.004694595953449898,-1.124500571109968,0.653568469229076,50.0,51.0,51.0,41.0,42.0,26.0,30.0,26.0,52.0,94.96,3975442432,1549828096,1613541376,11.38,9.22,8.21,25297891328,9399451648
2026-05-06T15:37:23.500870+02:00,-0.0016922838656640027,0.18418544188599212,0.2022067059806692,-2.5221839264146055,1.4032431940659231,-1.5531005580417432,1.5775095509683008,0.13279207591971043,-0.756745870568535,0.006228576741335257,-1.1060928016553402,0.6842480849867889,50.0,51.0,51.0,41.0,42.0,26.0,30.0,26.0,52.0,94.96,3975442432,1549828096,1613541376,11.38,9.22,8.21,25297891328,9399451648
2026-05-06T15:37:23.555898+02:00,-0.0016922838656640027,0.18418544188599212,0.2022067059806692,-2.5221839264146055,1.4032431940659231,-1.5531005580417432,1.5759876238605615,0.11612767222166859,-0.7597757621499972,0.009296538317106862,-1.0585393972308856,0.739471393350672,50.0,51.0,51.0,41.0,42.0,26.0,30.0,26.0,52.0,94.96,3975442432,1549828096,1613541376,11.38,9.22,8.21,25297891328,9399451648
2026-05-06T15:37:23.608421+02:00,-0.0015250204451804535,0.1913238175851583,0.18997214285688985,-2.4609039089165816,1.4360837028902624,-1.6163063817390717,1.574465696752823,0.09794832273289567,-0.7628056537314594,0.01083051910499222,-1.0324617238368297,0.7793548938356984,50.0,51.0,51.0,41.0,42.0,26.0,30.0,26.0,52.0,94.96,3975442432,1549828096,1613541376,11.38,9.22,8.21,25297891328,9399451648
2026-05-06T15:37:23.659067+02:00,-0.0015250204451804535,0.1913238175851583,0.18997214285688985,-2.4609039089165816,1.4360837028902624,-1.6163063817390717,1.574465696752823,0.08582875640704701,-0.7643205995221904,0.012364499892878023,-1.0155879351700876,0.7900927593508982,50.0,51.0,51.0,41.0,42.0,26.0,30.0,26.0,52.0,94.96,3975442432,1549828096,1613541376,11.38,9.22,8.21,25297891328,9399451648
2026-05-06T15:37:23.709990+02:00,-0.0015250204451804535,0.1913238175851583,0.18997214285688985,-2.4609039089165816,1.4360837028902624,-1.6163063817390717,1.574465696752823,0.06310456954608079,-0.7658355453129215,0.012364499892878023,-0.9818403578366035,0.8483840292905525,50.0,51.0,51.0,41.0,42.0,26.0,30.0,26.0,52.0,94.96,3975442432,1549828096,1613541376,11.38,9.22,8.21,25297891328,9399451648
2026-05-06T15:37:23.762127+02:00,-0.0015250204451804535,0.1913238175851583,0.18997214285688985,-2.4609039089165816,1.4360837028902624,-1.6163063817390717,1.5729437696450836,0.04038038268511468,-0.7673504911036526,0.015432461468649183,-0.9465587997152336,0.8729277218967231,50.0,51.0,51.0,41.0,42.0,26.0,30.0,26.0,52.0,94.96,3975442432,1549828096,1613541376,11.38,9.22,8.21,25297891328,9399451648
2026-05-06T15:37:23.817189+02:00,-0.0014078493679792275,0.19894542589569922,0.1756248519799045,-2.3850685716154723,1.4594908491801568,-1.6837113031745667,1.5729437696450836,0.023715978987072783,-0.7673504911036526,0.016966442256534986,-0.9358209342000339,0.9051413184423214,50.0,51.0,51.0,41.0,42.0,26.0,30.0,26.0,52.0,94.96,3975442432,1549828096,1613541376,11.38,9.22,8.21,25297891328,9399451648
2026-05-06T15:37:23.868979+02:00,-0.0014078493679792275,0.19894542589569922,0.1756248519799045,-2.3850685716154723,1.4594908491801568,-1.6837113031745667,1.5714218425373443,0.0025067379168377535,-0.7673504911036526,0.016966442256534986,-0.8974714145028932,0.9588306460183182,50.0,51.0,51.0,41.0,42.0,26.0,30.0,26.0,52.0,94.96,3975442432,1549828096,1613541376,11.38,9.22,8.21,25297891328,9399451648
2026-05-06T15:37:23.921338+02:00,-0.0014078493679792275,0.19894542589569922,0.1756248519799045,-2.3850685716154723,1.4594908491801568,-1.6837113031745667,1.5714218425373443,-0.012642719990473061,-0.7673504911036526,0.018500423044420344,-0.8713937411088373,0.9910442425639174,50.0,51.0,51.0,41.0,42.0,26.0,30.0,26.0,52.0,94.96,3975442432,1549828096,1613541376,11.38,9.22,8.21,25297891328,9399451648
2026-05-06T15:37:23.972077+02:00,-0.0011856992418780988,0.20809820281139993,0.15975370948775064,-2.305281969812497,1.4921940786243526,-1.749780940047773,1.5714218425373443,-0.036881852642170365,-0.7658355453129215,0.018500423044420344,-0.8376461637753527,1.0370636662004862,50.0,51.0,51.0,41.0,42.0,26.0,30.0,26.0,52.0,94.96,3975442432,1549828096,1613541376,11.38,9.22,8.21,25297891328,9399451648
2026-05-06T15:37:24.026374+02:00,-0.0011856992418780988,0.20809820281139993,0.15975370948775064,-2.305281969812497,1.4921940786243526,-1.749780940047773,1.5714218425373443,-0.036881852642170365,-0.7658355453129215,0.018500423044420344,-0.8376461637753527,1.0370636662004862,50.0,51.0,51.0,41.0,42.0,26.0,30.0,26.0,52.0,94.96,3975442432,1549828096,1613541376,11.38,9.22,8.21,25297891328,9399451648
2026-05-06T15:37:24.078409+02:00,-0.0011856992418780988,0.20809820281139993,0.15975370948775064,-2.305281969812497,1.4921940786243526,-1.749780940047773,1.5698999154296058,-0.07627044320117837,-0.7628056537314594,0.018500423044420344,-0.7900927593508982,1.1060928016553402,50.0,51.0,51.0,41.0,42.0,26.0,30.0,26.0,52.0,94.96,3975442432,1549828096,1613541376,11.38,9.22,8.21,25297891328,9399451648
2026-05-06T15:37:24.129343+02:00,-0.0011856992418780988,0.20809820281139993,0.15975370948775064,-2.305281969812497,1.4921940786243526,-1.749780940047773,1.5698999154296058,-0.10050957585287557,-0.7597757621499972,0.018500423044420344,-0.760947124381071,1.150578244504024,50.0,51.0,51.0,41.0,42.0,26.0,30.0,26.0,52.0,94.96,3975442432,1549828096,1613541376,11.38,9.22,8.21,25297891328,9399451648
2026-05-06T15:37:24.182531+02:00,-0.0007306823789548737,0.21800215483235919,0.14283212851091046,-2.2126104186905677,1.5204646157162924,-1.825519620521028,1.5698999154296058,-0.10959925059726205,-0.7582608163592661,0.018500423044420344,-0.7517432396537571,1.168986013958651,50.0,51.0,51.0,41.0,42.0,26.0,30.0,26.0,52.0,94.96,3975442432,1549828096,1613541376,11.38,9.22,8.21,25297891328,9399451648
2026-05-06T15:37:24.233444+02:00,-0.0007306823789548737,0.21800215483235919,0.14283212851091046,-2.2126104186905677,1.5204646157162924,-1.825519620521028,1.5698999154296058,-0.1459579495748079,-0.7537159789870729,0.016966442256534986,-0.7164616815323872,1.2165394183831064,50.0,51.0,51.0,41.0,42.0,26.0,30.0,26.0,52.0,94.57,3975442432,1549692928,1613619200,11.38,9.22,8.21,25297891328,9399451648
2026-05-06T15:37:24.284402+02:00,-0.0007306823789548737,0.21800215483235919,0.14283212851091046,-2.2126104186905677,1.5204646157162924,-1.825519620521028,1.5698999154296058,-0.16716719064504304,-0.7506860874056107,0.015432461468649183,-0.6995878928656452,1.254888938080247,50.0,51.0,51.0,41.0,42.0,26.0,30.0,26.0,52.0,94.57,3975442432,1549692928,1613619200,11.38,9.22,8.21,25297891328,9399451648
2026-05-06T15:37:24.337019+02:00,-0.0007306823789548737,0.21800215483235919,0.14283212851091046,-2.2126104186905677,1.5204646157162924,-1.825519620521028,1.5683779883218665,-0.18989137750600915,-0.7461412500334175,0.012364499892878023,-0.6689082771079322,1.2963064193531593,50.0,51.0,51.0,41.0,42.0,26.0,30.0,26.0,52.0,94.57,3975442432,1549692928,1613619200,11.38,9.22,8.21,25297891328,9399451648
2026-05-06T15:37:24.387765+02:00,-0.00016896372545628524,0.22341263804963332,0.12895438729283865,-2.052963207443376,1.518820069146262,-1.7638810536293823,1.5683779883218665,-0.20352588962258888,-0.7446263042426864,0.013898480680763825,-0.6520344884411902,1.3208501119593294,50.0,51.0,51.0,41.0,42.0,26.0,30.0,27.0,52.0,94.57,3975442432,1549692928,1613619200,11.38,9.22,8.21,25297891328,9399451648
2026-05-06T15:37:24.442803+02:00,-0.00016896372545628524,0.22341263804963332,0.12895438729283865,-2.052963207443376,1.518820069146262,-1.7638810536293823,1.5683779883218665,-0.23230985964647932,-0.7385665210797622,0.012364499892878023,-0.6305587574107911,1.3545976892928135,50.0,51.0,51.0,41.0,42.0,26.0,30.0,27.0,52.0,94.57,3975442432,1549692928,1613619200,11.38,9.22,8.21,25297891328,9399451648
2026-05-06T15:37:24.496564+02:00,-0.00016896372545628524,0.22341263804963332,0.12895438729283865,-2.052963207443376,1.518820069146262,-1.7638810536293823,1.5683779883218665,-0.23988458860013473,-0.7385665210797622,0.01083051910499222,-0.622888853471363,1.376073420323213,50.0,51.0,51.0,41.0,42.0,26.0,30.0,27.0,52.0,94.57,3975442432,1549692928,1613619200,11.38,9.22,8.21,25297891328,9399451648
2026-05-06T15:37:24.551573+02:00,-0.00016896372545628524,0.22341263804963332,0.12895438729283865,-2.052963207443376,1.518820069146262,-1.7638810536293823,1.5683779883218665,-0.26412372125183203,-0.7340216837075689,0.007762557529221059,-0.6090830263803926,1.4036850745051548,50.0,51.0,51.0,41.0,42.0,26.0,30.0,27.0,52.0,94.57,3975442432,1549692928,1613619200,11.38,9.22,8.21,25297891328,9399451648
2026-05-06T15:37:24.601630+02:00,0.0002467370941529252,0.23046412912618958,0.11451851520520555,-1.8767544931266484,1.5401151240583861,-1.7184956774904994,1.5683779883218665,-0.2762432875776807,-0.7309917921261068,0.007762557529221059,-0.5983451608651928,1.4205588631718968,50.0,51.0,51.0,41.0,42.0,26.0,30.0,27.0,52.0,94.57,3975442432,1549692928,1613619200,11.38,9.22,8.21,25297891328,9399451648
2026-05-06T15:37:24.652185+02:00,0.0002467370941529252,0.23046412912618958,0.11451851520520555,-1.8767544931266484,1.5401151240583861,-1.7184956774904994,1.5683779883218665,-0.2913927454849914,-0.7279619005446446,0.004694595953449898,-0.5830053529863366,1.454306440505381,50.0,51.0,51.0,41.0,42.0,26.0,30.0,27.0,52.0,94.57,3975442432,1549692928,1613619200,11.38,9.22,8.21,25297891328,9399451648
2026-05-06T15:37:24.703073+02:00,0.0002467370941529252,0.23046412912618958,0.11451851520520555,-1.8767544931266484,1.5401151240583861,-1.7184956774904994,1.5683779883218665,-0.3050272576015711,-0.7249320089631824,0.0016266343776782932,-0.5707335066832515,1.4727142099600088,50.0,51.0,51.0,41.0,42.0,26.0,30.0,27.0,52.0,94.57,3975442432,1549692928,1613619200,11.38,9.22,8.21,25297891328,9399451648
2026-05-06T15:37:24.753407+02:00,0.0002467370941529252,0.23046412912618958,0.11451851520520555,-1.8767544931266484,1.5401151240583861,-1.7184956774904994,1.5683779883218665,-0.30957209497376437,-0.7219021173817203,9.265358979293481e-05,-0.5645975835317087,1.4834520754752076,50.0,51.0,51.0,41.0,42.0,26.0,30.0,27.0,52.0,94.57,3975442432,1549692928,1613619200,11.38,9.22,8.21,25297891328,9399451648
2026-05-06T15:37:24.808924+02:00,0.0005636361078889498,0.23447328188219413,0.10477865876551846,-1.6600233392205748,1.5455208110321352,-1.5751763270672512,1.5683779883218665,-0.31866176971815086,-0.7203871715909892,9.265358979293481e-05,-0.5584616603801664,1.5018598449298355,50.0,51.0,51.0,41.0,42.0,26.0,30.0,27.0,52.0,94.57,3975442432,1549692928,1613619200,11.38,9.22,8.21,25297891328,9399451648
2026-05-06T15:37:24.863975+02:00,0.0005636361078889498,0.23447328188219413,0.10477865876551846,-1.6600233392205748,1.5455208110321352,-1.5751763270672512,1.5683779883218665,-0.3307813360439994,-0.7188722258002581,-0.002975307985978226,-0.5553936988043948,1.5095297488692636,50.0,51.0,51.0,41.0,42.0,26.0,30.0,27.0,52.0,94.57,3975442432,1549692928,1613619200,11.38,9.22,8.21,25297891328,9399451648
2026-05-06T15:37:24.914576+02:00,0.0005636361078889498,0.23447328188219413,0.10477865876551846,-1.6600233392205748,1.5455208110321352,-1.5751763270672512,1.5683779883218665,-0.34441584816057913,-0.715842334218796,-0.0075772503496351895,-0.5415878717134244,1.532539460687548,50.0,51.0,51.0,41.0,42.0,26.0,30.0,27.0,52.0,94.57,3975442432,1549692928,1613619200,11.38,9.22,8.21,25297891328,9399451648
2026-05-06T15:37:24.969591+02:00,0.0005636361078889498,0.23447328188219413,0.10477865876551846,-1.6600233392205748,1.5455208110321352,-1.5751763270672512,1.5683779883218665,-0.35199057711423454,-0.715842334218796,-0.0075772503496351895,-0.5339179677739958,1.540209364626977,50.0,51.0,51.0,41.0,42.0,26.0,30.0,27.0,52.0,94.57,3975442432,1549692928,1613619200,11.38,9.22,8.21,25297891328,9399451648
2026-05-06T15:37:25.024609+02:00,0.0008326599373187665,0.23549458678917223,0.09590580602273861,-1.5036362541107713,1.5350407543411915,-1.4642917523789354,1.5683779883218665,-0.36865498081227643,-0.7188722258002581,-0.009111231137520992,-0.5047723328041687,1.540209364626977,50.0,51.0,51.0,41.0,42.0,26.0,30.0,27.0,52.0,94.57,3975442432,1549692928,1613619200,11.38,9.22,8.21,25297891328,9399451648
2026-05-06T15:37:25.075976+02:00,0.0008326599373187665,0.23549458678917223,0.09590580602273861,-1.5036362541107713,1.5350407543411915,-1.4642917523789354,1.5683779883218665,-0.37319981818446957,-0.7188722258002581,-0.0075772503496351895,-0.49556844807685474,1.540209364626977,50.0,51.0,51.0,41.0,42.0,26.0,30.0,27.0,52.0,94.57,3975442432,1549692928,1613619200,11.38,9.22,8.21,25297891328,9399451648
2026-05-06T15:37:25.127230+02:00,0.0008326599373187665,0.23549458678917223,0.09590580602273861,-1.5036362541107713,1.5350407543411915,-1.4642917523789354,1.5683779883218665,-0.3868343303010493,-0.7203871715909892,-0.009111231137520992,-0.48329660177376965,1.540209364626977,50.0,51.0,51.0,41.0,42.0,26.0,30.0,27.0,52.0,94.57,3975442432,1549692928,1613619200,11.38,9.22,8.21,25297891328,9399451648
2026-05-06T15:37:25.178548+02:00,0.0008326599373187665,0.23549458678917223,0.09590580602273861,-1.5036362541107713,1.5350407543411915,-1.4642917523789354,1.5683779883218665,-0.4095585171620154,-0.7203871715909892,-0.009111231137520992,-0.4602868899554853,1.540209364626977,50.0,51.0,51.0,41.0,42.0,26.0,30.0,27.0,52.0,94.57,3975442432,1549692928,1613619200,11.38,9.22,8.21,25297891328,9399451648
2026-05-06T15:37:25.233538+02:00,0.000799549902353786,0.23626700943211348,0.08637246791956912,-1.4323713527158324,1.5508359190217487,-1.3974428598292197,1.5683779883218665,-0.42925281244151947,-0.7203871715909892,-0.0075772503496351895,-0.4464810628645144,1.540209364626977,50.0,51.0,51.0,41.0,42.0,26.0,30.0,27.0,52.0,99.3,3975442432,1563148288,1600163840,11.38,9.22,8.21,25297891328,9399451648
2026-05-06T15:37:25.283724+02:00,0.000799549902353786,0.23626700943211348,0.08637246791956912,-1.4323713527158324,1.5508359190217487,-1.3974428598292197,1.5683779883218665,-0.43985743297663704,-0.7188722258002581,-0.0075772503496351895,-0.42960727419777234,1.540209364626977,50.0,51.0,51.0,41.0,42.0,26.0,30.0,27.0,52.0,99.3,3975442432,1563148288,1600163840,11.38,9.22,8.21,25297891328,9399451648
2026-05-06T15:37:25.333801+02:00,0.000799549902353786,0.23626700943211348,0.08637246791956912,-1.4323713527158324,1.5508359190217487,-1.3974428598292197,1.5683779883218665,-0.44591721613956137,-0.7188722258002581,-0.009111231137520992,-0.4250053318341154,1.540209364626977,50.0,51.0,51.0,41.0,42.0,26.0,30.0,27.0,52.0,99.3,3975442432,1563148288,1600163840,11.38,9.22,8.21,25297891328,9399451648
2026-05-06T15:37:25.387914+02:00,0.000799549902353786,0.23626700943211348,0.08637246791956912,-1.4323713527158324,1.5508359190217487,-1.3974428598292197,1.5683779883218665,-0.4504620535117546,-0.7188722258002581,-0.009111231137520992,-0.41886940868257305,1.540209364626977,50.0,51.0,51.0,41.0,42.0,26.0,30.0,27.0,52.0,99.3,3975442432,1563148288,1600163840,11.38,9.22,8.21,25297891328,9399451648
2026-05-06T15:37:25.442943+02:00,0.0008034289950064013,0.23656798957785924,0.07306634359837212,-1.399794537281413,1.5530140121385503,-1.363270090119379,1.5683779883218665,-0.48833569828003165,-0.717357280009527,-0.0075772503496351895,-0.3866558121369743,1.540209364626977,50.0,51.0,51.0,41.0,42.0,26.0,30.0,27.0,52.0,99.3,3975442432,1563148288,1600163840,11.38,9.22,8.21,25297891328,9399451648
2026-05-06T15:37:25.495692+02:00,0.0008034289950064013,0.23656798957785924,0.07306634359837212,-1.399794537281413,1.5530140121385503,-1.363270090119379,1.5683779883218665,-0.5019702103966112,-0.717357280009527,-0.009111231137520992,-0.375917946621775,1.540209364626977,50.0,51.0,51.0,41.0,42.0,26.0,30.0,27.0,52.0,99.3,3975442432,1563148288,1600163840,11.38,9.22,8.21,25297891328,9399451648
2026-05-06T15:37:25.550733+02:00,0.0008034289950064013,0.23656798957785924,0.07306634359837212,-1.399794537281413,1.5530140121385503,-1.363270090119379,1.5683779883218665,-0.5110598851409976,-0.715842334218796,-0.009111231137520992,-0.3682480426823469,1.541743345414862,50.0,51.0,51.0,41.0,42.0,26.0,30.0,27.0,52.0,99.3,3975442432,1563148288,1600163840,11.38,9.22,8.21,25297891328,9399451648
2026-05-06T15:37:25.605740+02:00,0.0007668463776147822,0.23583494122042303,0.0605586311095205,-1.4662980081731387,1.5476955696092767,-1.4296012537836162,1.5683779883218665,-0.5246943972575774,-0.715842334218796,-0.009111231137520992,-0.35904415795503297,1.541743345414862,50.0,51.0,51.0,41.0,42.0,26.0,30.0,27.0,52.0,99.3,3975442432,1563148288,1600163840,11.38,9.22,8.21,25297891328,9399451648
2026-05-06T15:37:25.658447+02:00,0.0007668463776147822,0.23583494122042303,0.0605586311095205,-1.4662980081731387,1.5476955696092767,-1.4296012537836162,1.5683779883218665,-0.535299017792695,-0.7143273884280649,-0.009111231137520992,-0.3529082348034902,1.541743345414862,50.0,51.0,51.0,41.0,42.0,26.0,30.0,27.0,52.0,99.3,3975442432,1563148288,1600163840,11.38,9.22,8.21,25297891328,9399451648
2026-05-06T15:37:25.713463+02:00,0.0007668463776147822,0.23583494122042303,0.0605586311095205,-1.4662980081731387,1.5476955696092767,-1.4296012537836162,1.5683779883218665,-0.5443886925370814,-0.7128124426373338,-0.009111231137520992,-0.3437043500761763,1.541743345414862,50.0,51.0,51.0,41.0,42.0,26.0,30.0,27.0,52.0,99.3,3975442432,1563148288,1600163840,11.38,9.22,8.21,25297891328,9399451648
2026-05-06T15:37:25.768244+02:00,0.000742421097334052,0.23465002449493252,0.051483231850732177,-1.5119972147524228,1.5390568579169985,-1.4767312107386419,1.5683779883218665,-0.5519634214907368,-0.7128124426373338,-0.009111231137520992,-0.33756842692463396,1.541743345414862,50.0,51.0,51.0,41.0,42.0,26.0,30.0,27.0,52.0,99.3,3975442432,1563148288,1600163840,11.38,9.22,8.21,25297891328,9399451648
2026-05-06T15:37:25.820350+02:00,0.000742421097334052,0.23465002449493252,0.051483231850732177,-1.5119972147524228,1.5390568579169985,-1.4767312107386419,1.5683779883218665,-0.5610530962351233,-0.7112974968466027,-0.010645211925406795,-0.332966484560977,1.541743345414862,50.0,51.0,51.0,41.0,42.0,26.0,30.0,27.0,52.0,99.3,3975442432,1563148288,1600163840,11.38,9.22,8.21,25297891328,9399451648
2026-05-06T15:37:25.871262+02:00,0.000742421097334052,0.23465002449493252,0.051483231850732177,-1.5119972147524228,1.5390568579169985,-1.4767312107386419,1.5683779883218665,-0.5671128793980477,-0.7112974968466027,-0.010645211925406795,-0.3314325037730912,1.541743345414862,50.0,51.0,51.0,41.0,42.0,26.0,30.0,27.0,52.0,99.3,3975442432,1563148288,1600163840,11.38,9.22,8.21,25297891328,9399451648
2026-05-06T15:37:25.925864+02:00,0.000742421097334052,0.23465002449493252,0.051483231850732177,-1.5119972147524228,1.5390568579169985,-1.4767312107386419,1.5683779883218665,-0.5716577167702409,-0.7097825510558716,-0.010645211925406795,-0.32989852298520583,1.541743345414862,50.0,51.0,51.0,41.0,42.0,26.0,30.0,27.0,52.0,99.3,3975442432,1563148288,1600163840,11.38,9.22,8.21,25297891328,9399451648
2026-05-06T15:37:25.976752+02:00,0.0007581134103648809,0.23336675705955606,0.04549880915573714,-1.5309611677864923,1.5271051226071233,-1.494180203687894,1.5683779883218665,-0.5762025541424342,-0.7097825510558716,-0.010645211925406795,-0.32836454219732003,1.541743345414862,50.0,51.0,51.0,41.0,42.0,26.0,30.0,27.0,52.0,99.3,3975442432,1563148288,1600163840,11.38,9.22,8.21,25297891328,9399451648
2026-05-06T15:37:26.028000+02:00,0.0007581134103648809,0.23336675705955606,0.04549880915573714,-1.5309611677864923,1.5271051226071233,-1.494180203687894,1.5683779883218665,-0.5777174999331652,-0.7097825510558716,-0.010645211925406795,-0.32836454219732003,1.541743345414862,50.0,51.0,51.0,41.0,42.0,26.0,30.0,27.0,52.0,99.3,3975442432,1563148288,1600163840,11.38,9.22,8.21,25297891328,9399451648
2026-05-06T15:37:26.078727+02:00,0.0007581134103648809,0.23336675705955606,0.04549880915573714,-1.5309611677864923,1.5271051226071233,-1.494180203687894,1.5683779883218665,-0.5777174999331652,-0.7097825510558716,-0.010645211925406795,-0.32836454219732003,1.541743345414862,50.0,51.0,51.0,41.0,42.0,26.0,30.0,27.0,52.0,99.3,3975442432,1563148288,1600163840,11.38,9.22,8.21,25297891328,9399451648
2026-05-06T15:37:26.130231+02:00,0.0007581134103648809,0.23336675705955606,0.04549880915573714,-1.5309611677864923,1.5271051226071233,-1.494180203687894,1.5683779883218665,-0.5777174999331652,-0.7097825510558716,-0.010645211925406795,-0.32836454219732003,1.541743345414862,50.0,51.0,51.0,41.0,42.0,26.0,30.0,27.0,52.0,99.3,3975442432,1563148288,1600163840,11.38,9.22,8.21,25297891328,9399451648
2026-05-06T15:37:26.185245+02:00,0.0007562010667827859,0.23312781232010707,0.04480060992558169,-1.5339222008069098,1.5256148345925442,-1.4971337264725417,1.5683779883218665,-0.5777174999331652,-0.7097825510558716,-0.010645211925406795,-0.32836454219732003,1.541743345414862,50.0,51.0,51.0,41.0,42.0,26.0,30.0,27.0,52.0,99.3,3975442432,1563148288,1600163840,11.38,9.22,8.21,25297891328,9399451648
2026-05-06T15:37:26.236592+02:00,0.0007562010667827859,0.23312781232010707,0.04480060992558169,-1.5339222008069098,1.5256148345925442,-1.4971337264725417,1.5683779883218665,-0.5777174999331652,-0.7097825510558716,-0.010645211925406795,-0.32836454219732003,1.541743345414862,50.0,51.0,51.0,41.0,42.0,26.0,30.0,27.0,52.0,98.44,3975442432,1585111040,1578213376,11.38,9.22,8.21,25297891328,9399455744
2026-05-06T15:37:26.287327+02:00,0.0007562010667827859,0.23312781232010707,0.04480060992558169,-1.5339222008069098,1.5256148345925442,-1.4971337264725417,1.5683779883218665,-0.5777174999331652,-0.7097825510558716,-0.010645211925406795,-0.32836454219732003,1.541743345414862,50.0,51.0,51.0,41.0,42.0,26.0,30.0,27.0,52.0,98.44,3975442432,1585111040,1578213376,11.38,9.22,8.21,25297891328,9399455744
2026-05-06T15:37:26.342352+02:00,0.0007562010667827859,0.23312781232010707,0.04480060992558169,-1.5339222008069098,1.5256148345925442,-1.4971337264725417,1.5683779883218665,-0.5777174999331652,-0.7097825510558716,-0.010645211925406795,-0.32989852298520583,1.541743345414862,50.0,51.0,51.0,41.0,42.0,26.0,30.0,27.0,52.0,98.44,3975442432,1585111040,1578213376,11.38,9.22,8.21,25297891328,9399455744
2026-05-06T15:37:26.397617+02:00,0.000756201066782727,0.23312781232010713,0.044800609925581616,-1.53238822001903,1.5256148345925442,-1.4971337264725495,1.5683779883218665,-0.5777174999331652,-0.7097825510558716,-0.010645211925406795,-0.32989852298520583,1.541743345414862,50.0,51.0,51.0,41.0,42.0,26.0,30.0,27.0,52.0,98.44,3975442432,1585111040,1578213376,11.38,9.22,8.21,25297891328,9399455744
2026-05-06T15:37:26.450803+02:00,0.000756201066782727,0.23312781232010713,0.044800609925581616,-1.53238822001903,1.5256148345925442,-1.4971337264725495,1.5683779883218665,-0.5777174999331652,-0.7097825510558716,-0.010645211925406795,-0.32836454219732003,1.541743345414862,50.0,51.0,51.0,41.0,42.0,26.0,30.0,26.0,52.0,98.44,3975442432,1585111040,1578213376,11.38,9.22,8.21,25297891328,9399455744
2026-05-06T15:37:26.505865+02:00,0.000756201066782727,0.23312781232010713,0.044800609925581616,-1.53238822001903,1.5256148345925442,-1.4971337264725495,1.5683779883218665,-0.5777174999331652,-0.7097825510558716,-0.010645211925406795,-0.32836454219732003,1.541743345414862,50.0,51.0,51.0,41.0,42.0,26.0,30.0,26.0,52.0,98.44,3975442432,1585111040,1578213376,11.38,9.22,8.21,25297891328,9399455744
2026-05-06T15:37:26.556335+02:00,0.000756201066782727,0.23312781232010713,0.044800609925581616,-1.53238822001903,1.5256148345925442,-1.4971337264725495,1.5683779883218665,-0.5777174999331652,-0.7097825510558716,-0.010645211925406795,-0.32836454219732003,1.541743345414862,50.0,51.0,51.0,41.0,42.0,26.0,30.0,26.0,52.0,98.44,3975442432,1585111040,1578213376,11.38,9.22,8.21,25297891328,9399455744
2026-05-06T15:37:26.606991+02:00,0.0007562010667827859,0.23312781232010707,0.04480060992558169,-1.5339222008069098,1.5256148345925442,-1.4971337264725417,1.5683779883218665,-0.5777174999331652,-0.7097825510558716,-0.010645211925406795,-0.32836454219732003,1.541743345414862,50.0,51.0,51.0,41.0,42.0,26.0,30.0,26.0,52.0,98.44,3975442432,1585111040,1578213376,11.38,9.22,8.21,25297891328,9399455744
2026-05-06T15:37:26.657067+02:00,0.0007562010667827859,0.23312781232010707,0.04480060992558169,-1.5339222008069098,1.5256148345925442,-1.4971337264725417,1.5683779883218665,-0.5777174999331652,-0.7097825510558716,-0.010645211925406795,-0.32836454219732003,1.541743345414862,50.0,51.0,51.0,41.0,42.0,26.0,30.0,26.0,52.0,98.44,3975442432,1585111040,1578213376,11.38,9.22,8.21,25297891328,9399455744
2026-05-06T15:37:26.710274+02:00,0.0007562010667827859,0.23312781232010707,0.04480060992558169,-1.5339222008069098,1.5256148345925442,-1.4971337264725417,1.5683779883218665,-0.5777174999331652,-0.7097825510558716,-0.010645211925406795,-0.32836454219732003,1.541743345414862,50.0,51.0,51.0,41.0,42.0,26.0,30.0,26.0,52.0,98.44,3975442432,1585111040,1578213376,11.38,9.22,8.21,25297891328,9399455744
2026-05-06T15:37:26.765256+02:00,0.0007562010667827859,0.23312781232010707,0.04480060992558169,-1.5339222008069098,1.5256148345925442,-1.4971337264725417,1.5683779883218665,-0.5777174999331652,-0.7097825510558716,-0.010645211925406795,-0.32836454219732003,1.541743345414862,50.0,51.0,51.0,41.0,42.0,26.0,30.0,26.0,52.0,98.44,3975442432,1585111040,1578213376,11.38,9.22,8.21,25297891328,9399455744
2026-05-06T15:37:26.820335+02:00,0.0007562010667827859,0.23312781232010707,0.04480060992558169,-1.5339222008069098,1.5256148345925442,-1.4971337264725417,1.5683779883218665,-0.5777174999331652,-0.7097825510558716,-0.010645211925406795,-0.32836454219732003,1.541743345414862,50.0,51.0,51.0,41.0,42.0,26.0,30.0,26.0,52.0,98.44,3975442432,1585111040,1578213376,11.38,9.22,8.21,25297891328,9399455744
2026-05-06T15:37:26.875375+02:00,0.0007562010667827859,0.23312781232010707,0.04480060992558169,-1.5339222008069098,1.5256148345925442,-1.4971337264725417,1.5683779883218665,-0.5777174999331652,-0.7097825510558716,-0.010645211925406795,-0.32836454219732003,1.541743345414862,50.0,51.0,51.0,41.0,42.0,26.0,30.0,26.0,52.0,98.44,3975442432,1585111040,1578213376,11.38,9.22,8.21,25297891328,9399455744
2026-05-06T15:37:26.930715+02:00,0.0007562010667827859,0.23312781232010707,0.04480060992558169,-1.5339222008069098,1.5256148345925442,-1.4971337264725417,1.5683779883218665,-0.5777174999331652,-0.7097825510558716,-0.010645211925406795,-0.32836454219732003,1.541743345414862,50.0,51.0,51.0,41.0,42.0,26.0,30.0,26.0,52.0,98.44,3975442432,1585111040,1578213376,11.38,9.22,8.21,25297891328,9399455744
2026-05-06T15:37:26.981555+02:00,0.0007562010667827859,0.23312781232010707,0.04480060992558169,-1.5339222008069098,1.5256148345925442,-1.4971337264725417,1.5683779883218665,-0.5777174999331652,-0.7097825510558716,-0.010645211925406795,-0.32836454219732003,1.541743345414862,50.0,51.0,51.0,41.0,42.0,26.0,30.0,26.0,52.0,98.44,3975442432,1585111040,1578213376,11.38,9.22,8.21,25297891328,9399455744
2026-05-06T15:37:27.032374+02:00,0.0007562010667827859,0.23312781232010707,0.04480060992558169,-1.5339222008069098,1.5256148345925442,-1.4971337264725417,1.5683779883218665,-0.5777174999331652,-0.7097825510558716,-0.010645211925406795,-0.32836454219732003,1.541743345414862,50.0,51.0,51.0,41.0,42.0,26.0,30.0,26.0,52.0,98.44,3975442432,1585111040,1578213376,11.38,9.22,8.21,25297891328,9399455744
2026-05-06T15:37:27.087411+02:00,0.0007562010667827859,0.23312781232010707,0.04480060992558169,-1.5339222008069098,1.5256148345925442,-1.4971337264725417,1.5683779883218665,-0.5777174999331652,-0.7097825510558716,-0.010645211925406795,-0.32836454219732003,1.541743345414862,50.0,51.0,51.0,41.0,42.0,26.0,30.0,26.0,52.0,98.44,3975442432,1585111040,1578213376,11.38,9.22,8.21,25297891328,9399455744
2026-05-06T15:37:27.140111+02:00,0.0007562010667827859,0.23312781232010707,0.04480060992558169,-1.5339222008069098,1.5256148345925442,-1.4971337264725417,1.5683779883218665,-0.5777174999331652,-0.7097825510558716,-0.010645211925406795,-0.32836454219732003,1.541743345414862,50.0,51.0,51.0,41.0,42.0,26.0,30.0,26.0,52.0,98.44,3975442432,1585111040,1578213376,11.38,9.22,8.21,25297891328,9399455744
2026-05-06T15:37:27.193011+02:00,0.0007562010667827859,0.23312781232010707,0.04480060992558169,-1.5339222008069098,1.5256148345925442,-1.4971337264725417,1.5683779883218665,-0.5777174999331652,-0.7097825510558716,-0.010645211925406795,-0.32836454219732003,1.541743345414862,50.0,51.0,51.0,41.0,42.0,26.0,30.0,26.0,52.0,98.44,3975442432,1585111040,1578213376,11.38,9.22,8.21,25297891328,9399455744
2026-05-06T15:37:27.248527+02:00,0.0007562010667827859,0.23312781232010707,0.04480060992558169,-1.5339222008069098,1.5256148345925442,-1.4971337264725417,1.5683779883218665,-0.5777174999331652,-0.7097825510558716,-0.010645211925406795,-0.32836454219732003,1.541743345414862,50.0,51.0,51.0,41.0,42.0,26.0,30.0,26.0,52.0,98.44,3975442432,1585111040,1578213376,11.38,9.22,8.21,25297891328,9399455744
2026-05-06T15:37:27.299445+02:00,0.0007562010667827859,0.23312781232010707,0.04480060992558169,-1.5339222008069098,1.5256148345925442,-1.4971337264725417,1.5683779883218665,-0.5777174999331652,-0.7097825510558716,-0.010645211925406795,-0.32836454219732003,1.541743345414862,50.0,51.0,51.0,41.0,42.0,26.0,30.0,26.0,52.0,98.44,3975442432,1585111040,1578213376,11.38,9.22,8.21,25297891328,9399455744
2026-05-06T15:37:27.353706+02:00,0.0007562010667827859,0.23312781232010707,0.04480060992558169,-1.5339222008069098,1.5256148345925442,-1.4971337264725417,1.5683779883218665,-0.5777174999331652,-0.7097825510558716,-0.009111231137520992,-0.32836454219732003,1.541743345414862,50.0,51.0,51.0,41.0,42.0,26.0,30.0,26.0,52.0,92.27,3975442432,1588097024,1575206912,11.67,9.32,8.24,25297891328,9399459840
2026-05-06T15:37:27.408714+02:00,0.0007284738856436994,0.23312761639231186,0.04480053336486659,-1.5433951771687657,1.5256450872594478,-1.5080698774066583,1.5683779883218665,-0.5777174999331652,-0.7097825510558716,-0.009111231137520992,-0.32836454219732003,1.541743345414862,50.0,51.0,51.0,41.0,42.0,26.0,30.0,26.0,52.0,92.27,3975442432,1588097024,1575206912,11.67,9.32,8.24,25297891328,9399459840
2026-05-06T15:37:27.459072+02:00,0.0007284738856436994,0.23312761639231186,0.04480053336486659,-1.5433951771687657,1.5256450872594478,-1.5080698774066583,1.5683779883218665,-0.5777174999331652,-0.7097825510558716,-0.010645211925406795,-0.32836454219732003,1.541743345414862,50.0,51.0,51.0,41.0,42.0,26.0,30.0,26.0,52.0,92.27,3975442432,1588097024,1575206912,11.67,9.32,8.24,25297891328,9399459840
2026-05-06T15:37:27.514103+02:00,0.0007284738856436994,0.23312761639231186,0.04480053336486659,-1.5433951771687657,1.5256450872594478,-1.5080698774066583,1.5683779883218665,-0.5777174999331652,-0.7097825510558716,-0.009111231137520992,-0.32836454219732003,1.541743345414862,50.0,51.0,51.0,41.0,42.0,26.0,30.0,26.0,52.0,92.27,3975442432,1588097024,1575206912,11.67,9.32,8.24,25297891328,9399459840
2026-05-06T15:37:27.564911+02:00,0.0007284738856436994,0.23312761639231186,0.04480053336486659,-1.5433951771687657,1.5256450872594478,-1.5080698774066583,1.5683779883218665,-0.5777174999331652,-0.7097825510558716,-0.010645211925406795,-0.32836454219732003,1.541743345414862,50.0,51.0,51.0,41.0,42.0,26.0,30.0,26.0,52.0,92.27,3975442432,1588097024,1575206912,11.67,9.32,8.24,25297891328,9399459840
2026-05-06T15:37:27.616903+02:00,0.0007284738856436994,0.23312761639231186,0.04480053336486659,-1.5433951771687657,1.5256450872594478,-1.5080698774066583,1.5683779883218665,-0.5777174999331652,-0.7097825510558716,-0.009111231137520992,-0.32836454219732003,1.541743345414862,50.0,51.0,51.0,41.0,42.0,26.0,30.0,26.0,52.0,92.27,3975442432,1588097024,1575206912,11.67,9.32,8.24,25297891328,9399459840
2026-05-06T15:37:27.668853+02:00,0.0007284738856436994,0.23312761639231186,0.04480053336486659,-1.5433951771687657,1.5256450872594478,-1.5080698774066583,1.5683779883218665,-0.5777174999331652,-0.7097825510558716,-0.010645211925406795,-0.32836454219732003,1.541743345414862,50.0,51.0,51.0,41.0,42.0,26.0,30.0,26.0,52.0,92.27,3975442432,1588097024,1575206912,11.67,9.32,8.24,25297891328,9399459840
2026-05-06T15:37:27.718955+02:00,0.0007284738856436994,0.23312761639231186,0.04480053336486659,-1.5433951771687657,1.5256450872594478,-1.5080698774066583,1.5683779883218665,-0.5777174999331652,-0.7097825510558716,-0.009111231137520992,-0.32836454219732003,1.541743345414862,50.0,51.0,51.0,41.0,42.0,26.0,30.0,26.0,52.0,92.27,3975442432,1588097024,1575206912,11.67,9.32,8.24,25297891328,9399459840
2026-05-06T15:37:27.770064+02:00,0.0007284738856436994,0.23312761639231186,0.04480053336486659,-1.5433951771687657,1.5256450872594478,-1.5080698774066583,1.5683779883218665,-0.5777174999331652,-0.7097825510558716,-0.009111231137520992,-0.32836454219732003,1.541743345414862,50.0,51.0,51.0,41.0,42.0,26.0,30.0,26.0,52.0,92.27,3975442432,1588097024,1575206912,11.67,9.32,8.24,25297891328,9399459840
2026-05-06T15:37:27.822984+02:00,0.0007284738856436994,0.23312761639231186,0.04480053336486659,-1.5433951771687657,1.5256450872594478,-1.5080698774066583,1.5683779883218665,-0.5777174999331652,-0.7097825510558716,-0.009111231137520992,-0.32836454219732003,1.541743345414862,50.0,51.0,51.0,41.0,42.0,26.0,30.0,26.0,52.0,92.27,3975442432,1588097024,1575206912,11.67,9.32,8.24,25297891328,9399459840
2026-05-06T15:37:27.874367+02:00,0.0007284738856436994,0.23312761639231186,0.04480053336486659,-1.5433951771687657,1.5256450872594478,-1.5080698774066583,1.5683779883218665,-0.5777174999331652,-0.7097825510558716,-0.009111231137520992,-0.32836454219732003,1.541743345414862,50.0,51.0,51.0,41.0,42.0,26.0,30.0,26.0,52.0,92.27,3975442432,1588097024,1575206912,11.67,9.32,8.24,25297891328,9399459840
2026-05-06T15:37:27.927280+02:00,0.0007284738856436994,0.23312761639231186,0.04480053336486659,-1.5433951771687657,1.5256450872594478,-1.5080698774066583,1.5683779883218665,-0.5777174999331652,-0.7097825510558716,-0.009111231137520992,-0.32836454219732003,1.541743345414862,50.0,51.0,51.0,41.0,42.0,26.0,30.0,26.0,52.0,92.27,3975442432,1588097024,1575206912,11.67,9.32,8.24,25297891328,9399459840
2026-05-06T15:37:27.979567+02:00,0.0007284738856436994,0.23312761639231186,0.04480053336486659,-1.5433951771687657,1.5256450872594478,-1.5080698774066583,1.5683779883218665,-0.5777174999331652,-0.7097825510558716,-0.009111231137520992,-0.32836454219732003,1.541743345414862,50.0,51.0,51.0,41.0,42.0,26.0,30.0,26.0,52.0,92.27,3975442432,1588097024,1575206912,11.67,9.32,8.24,25297891328,9399459840
2026-05-06T15:37:28.032254+02:00,0.0007284738856436994,0.23312761639231186,0.04480053336486659,-1.5433951771687657,1.5256450872594478,-1.5080698774066583,1.5683779883218665,-0.5777174999331652,-0.7097825510558716,-0.009111231137520992,-0.32836454219732003,1.541743345414862,50.0,51.0,51.0,41.0,42.0,26.0,30.0,26.0,52.0,92.27,3975442432,1588097024,1575206912,11.67,9.32,8.24,25297891328,9399459840
2026-05-06T15:37:28.082448+02:00,0.0007284738856436994,0.23312761639231186,0.04480053336486659,-1.5433951771687657,1.5256450872594478,-1.5080698774066583,1.5683779883218665,-0.5777174999331652,-0.7097825510558716,-0.009111231137520992,-0.32836454219732003,1.541743345414862,50.0,51.0,51.0,41.0,42.0,26.0,30.0,26.0,52.0,92.27,3975442432,1588097024,1575206912,11.67,9.32,8.24,25297891328,9399459840
2026-05-06T15:37:28.136528+02:00,0.0007284738856436994,0.23312761639231186,0.04480053336486659,-1.5433951771687657,1.5256450872594478,-1.5080698774066583,1.5683779883218665,-0.5777174999331652,-0.7097825510558716,-0.009111231137520992,-0.32836454219732003,1.541743345414862,50.0,51.0,51.0,41.0,42.0,26.0,30.0,26.0,52.0,95.42,3975442432,1588924416,1574367232,11.67,9.32,8.24,25297891328,9399476224
2026-05-06T15:37:28.191556+02:00,0.0007284738856436994,0.23312761639231186,0.04480053336486659,-1.5433951771687657,1.5256450872594478,-1.5080698774066583,1.5683779883218665,-0.5777174999331652,-0.7097825510558716,-0.009111231137520992,-0.32836454219732003,1.541743345414862,50.0,51.0,51.0,41.0,42.0,26.0,30.0,26.0,52.0,95.42,3975442432,1588924416,1574367232,11.67,9.32,8.24,25297891328,9399476224
2026-05-06T15:37:28.243376+02:00,0.0007284738856436994,0.23312761639231186,0.04480053336486659,-1.5433951771687657,1.5256450872594478,-1.5080698774066583,1.5683779883218665,-0.5777174999331652,-0.7097825510558716,-0.009111231137520992,-0.32836454219732003,1.541743345414862,50.0,51.0,51.0,41.0,42.0,26.0,30.0,26.0,52.0,95.42,3975442432,1588924416,1574367232,11.67,9.32,8.24,25297891328,9399476224
2026-05-06T15:37:28.295335+02:00,0.0007284738856436994,0.23312761639231186,0.04480053336486659,-1.5433951771687657,1.5256450872594478,-1.5080698774066583,1.5683779883218665,-0.5762025541424342,-0.7097825510558716,-0.009111231137520992,-0.32836454219732003,1.541743345414862,50.0,51.0,51.0,41.0,42.0,26.0,30.0,26.0,52.0,95.42,3975442432,1588924416,1574367232,11.67,9.32,8.24,25297891328,9399476224
2026-05-06T15:37:28.350327+02:00,0.0007284738856436994,0.23312761639231186,0.04480053336486659,-1.5433951771687657,1.5256450872594478,-1.5080698774066583,1.5683779883218665,-0.5746876083517031,-0.7097825510558716,-0.009111231137520992,-0.32836454219732003,1.541743345414862,50.0,51.0,51.0,41.0,42.0,26.0,30.0,26.0,52.0,95.42,3975442432,1588924416,1574367232,11.67,9.32,8.24,25297891328,9399476224
2026-05-06T15:37:28.401145+02:00,0.0007289183698072362,0.23331141336779412,0.04515384999135417,-1.5411345618996721,1.527156708229453,-1.5058114889092293,1.5683779883218665,-0.5701427709795098,-0.7097825510558716,-0.009111231137520992,-0.32989852298520583,1.541743345414862,50.0,51.0,51.0,41.0,42.0,26.0,30.0,26.0,52.0,95.42,3975442432,1588924416,1574367232,11.67,9.32,8.24,25297891328,9399476224
2026-05-06T15:37:28.452797+02:00,0.0007289183698072362,0.23331141336779412,0.04515384999135417,-1.5411345618996721,1.527156708229453,-1.5058114889092293,1.5683779883218665,-0.5701427709795098,-0.7097825510558716,-0.009111231137520992,-0.32989852298520583,1.541743345414862,50.0,51.0,51.0,41.0,42.0,26.0,30.0,26.0,52.0,95.42,3975442432,1588924416,1574367232,11.67,9.32,8.24,25297891328,9399476224
2026-05-06T15:37:28.505900+02:00,0.0007289183698072362,0.23331141336779412,0.04515384999135417,-1.5411345618996721,1.527156708229453,-1.5058114889092293,1.5683779883218665,-0.5610530962351233,-0.7097825510558716,-0.009111231137520992,-0.3406363885004051,1.541743345414862,50.0,51.0,51.0,41.0,42.0,26.0,30.0,26.0,52.0,95.42,3975442432,1588924416,1574367232,11.67,9.32,8.24,25297891328,9399476224
2026-05-06T15:37:28.560908+02:00,0.0007289183698072362,0.23331141336779412,0.04515384999135417,-1.5411345618996721,1.527156708229453,-1.5058114889092293,1.5683779883218665,-0.5504484757000058,-0.7112974968466027,-0.009111231137520992,-0.36211211953080413,1.541743345414862,50.0,51.0,51.0,41.0,42.0,26.0,30.0,26.0,52.0,95.42,3975442432,1588924416,1574367232,11.67,9.32,8.24,25297891328,9399476224
2026-05-06T15:37:28.611161+02:00,0.0007134207073937541,0.2336639465723541,0.04949032098803819,-1.5482491165844623,1.5269481237488303,-1.5144318756753892,1.5683779883218665,-0.5428737467463504,-0.7112974968466027,-0.009111231137520992,-0.36978202347023226,1.541743345414862,50.0,51.0,51.0,41.0,42.0,26.0,30.0,26.0,52.0,95.42,3975442432,1588924416,1574367232,11.67,9.32,8.24,25297891328,9399476224
2026-05-06T15:37:28.664706+02:00,0.0007134207073937541,0.2336639465723541,0.04949032098803819,-1.5482491165844623,1.5269481237488303,-1.5144318756753892,1.5683779883218665,-0.5307541804205017,-0.7112974968466027,-0.009111231137520992,-0.38205386977331734,1.541743345414862,50.0,51.0,51.0,41.0,42.0,26.0,30.0,26.0,52.0,95.42,3975442432,1588924416,1574367232,11.67,9.32,8.24,25297891328,9399476224
2026-05-06T15:37:28.714790+02:00,0.0007134207073937541,0.2336639465723541,0.04949032098803819,-1.5482491165844623,1.5269481237488303,-1.5144318756753892,1.5683779883218665,-0.5201495598853841,-0.7112974968466027,-0.0075772503496351895,-0.3897237737127459,1.541743345414862,50.0,51.0,51.0,41.0,42.0,26.0,30.0,26.0,52.0,95.42,3975442432,1588924416,1574367232,11.67,9.32,8.24,25297891328,9399476224
2026-05-06T15:37:28.765170+02:00,0.0007134207073937541,0.2336639465723541,0.04949032098803819,-1.5482491165844623,1.5269481237488303,-1.5144318756753892,1.5683779883218665,-0.5140897767224598,-0.7112974968466027,-0.0075772503496351895,-0.4004616392279452,1.541743345414862,50.0,51.0,51.0,41.0,42.0,26.0,30.0,26.0,52.0,95.42,3975442432,1588924416,1574367232,11.67,9.32,8.24,25297891328,9399476224
2026-05-06T15:37:28.820746+02:00,0.0007409942507005294,0.23417238349429087,0.057767582172474956,-1.5498089130482733,1.5203497721310073,-1.5160926772986918,1.5683779883218665,-0.498940318815149,-0.7128124426373338,-0.0075772503496351895,-0.41733542789468725,1.541743345414862,50.0,51.0,51.0,41.0,42.0,26.0,30.0,26.0,52.0,95.42,3975442432,1588924416,1574367232,11.67,9.32,8.24,25297891328,9399476224
2026-05-06T15:37:28.870809+02:00,0.0007409942507005294,0.23417238349429087,0.057767582172474956,-1.5498089130482733,1.5203497721310073,-1.5160926772986918,1.5683779883218665,-0.4913655898614938,-0.7128124426373338,-0.0075772503496351895,-0.4265393126220012,1.541743345414862,50.0,51.0,51.0,41.0,42.0,26.0,30.0,26.0,52.0,95.42,3975442432,1588924416,1574367232,11.67,9.32,8.24,25297891328,9399476224
2026-05-06T15:37:28.922202+02:00,0.0007409942507005294,0.23417238349429087,0.057767582172474956,-1.5498089130482733,1.5203497721310073,-1.5160926772986918,1.5683779883218665,-0.4747011861634519,-0.7128124426373338,-0.0075772503496351895,-0.4418791205008574,1.541743345414862,50.0,51.0,51.0,41.0,42.0,26.0,30.0,26.0,52.0,95.42,3975442432,1588924416,1574367232,11.67,9.32,8.24,25297891328,9399476224
2026-05-06T15:37:28.980719+02:00,0.0007723017235534439,0.2340715586591085,0.0679854457418449,-1.5515091821677003,1.5121215632742153,-1.5179301180068283,1.5683779883218665,-0.4610666740468722,-0.7143273884280649,-0.0075772503496351895,-0.45261698601605715,1.541743345414862,50.0,51.0,51.0,41.0,42.0,26.0,30.0,26.0,52.0,95.42,3975442432,1588924416,1574367232,11.67,9.32,8.24,25297891328,9399476224
2026-05-06T15:37:29.032142+02:00,0.0007723017235534439,0.2340715586591085,0.0679854457418449,-1.5515091821677003,1.5121215632742153,-1.5179301180068283,1.5683779883218665,-0.4504620535117546,-0.7143273884280649,-0.006043269561749831,-0.46182087074337064,1.541743345414862,50.0,51.0,51.0,41.0,42.0,26.0,30.0,26.0,52.0,95.42,3975442432,1588924416,1574367232,11.67,9.32,8.24,25297891328,9399476224
2026-05-06T15:37:29.085206+02:00,0.0007723017235534439,0.2340715586591085,0.0679854457418449,-1.5515091821677003,1.5121215632742153,-1.5179301180068283,1.5683779883218665,-0.4353125956044438,-0.7143273884280649,-0.006043269561749831,-0.47716067862222733,1.541743345414862,50.0,51.0,51.0,41.0,42.0,26.0,30.0,26.0,52.0,95.42,3975442432,1588924416,1574367232,11.67,9.32,8.24,25297891328,9399476224
2026-05-06T15:37:29.135310+02:00,0.0007723017235534439,0.2340715586591085,0.0679854457418449,-1.5515091821677003,1.5121215632742153,-1.5179301180068283,1.5683779883218665,-0.42319302927859515,-0.7143273884280649,-0.006043269561749831,-0.4878985441374266,1.541743345414862,50.0,51.0,51.0,41.0,42.0,26.0,30.0,26.0,52.0,91.67,3975442432,1551003648,1612271616,11.67,9.32,8.24,25297891328,9399476224
2026-05-06T15:37:29.186177+02:00,0.0007553207607096734,0.23468925027821283,0.08070697477076258,-1.5516606506908945,1.5175818983549356,-1.519620849362589,1.5683779883218665,-0.41561830032493974,-0.7143273884280649,-0.006043269561749831,-0.4925004865010836,1.541743345414862,50.0,51.0,51.0,41.0,42.0,26.0,30.0,26.0,52.0,91.67,3975442432,1551003648,1612271616,11.67,9.32,8.24,25297891328,9399476224
2026-05-06T15:37:29.237168+02:00,0.0007553207607096734,0.23468925027821283,0.08070697477076258,-1.5516606506908945,1.5175818983549356,-1.519620849362589,1.5683779883218665,-0.40804357137128433,-0.7143273884280649,-0.006043269561749831,-0.49710242886474054,1.541743345414862,50.0,51.0,51.0,41.0,42.0,26.0,30.0,26.0,52.0,91.67,3975442432,1551003648,1612271616,11.67,9.32,8.24,25297891328,9399476224
2026-05-06T15:37:29.289119+02:00,0.0007553207607096734,0.23468925027821283,0.08070697477076258,-1.5516606506908945,1.5175818983549356,-1.519620849362589,1.5683779883218665,-0.40804357137128433,-0.7143273884280649,-0.006043269561749831,-0.49710242886474054,1.541743345414862,50.0,51.0,51.0,41.0,42.0,26.0,30.0,26.0,52.0,91.67,3975442432,1551003648,1612271616,11.67,9.32,8.24,25297891328,9399476224
2026-05-06T15:37:29.341461+02:00,0.0007553207607096734,0.23468925027821283,0.08070697477076258,-1.5516606506908945,1.5175818983549356,-1.519620849362589,1.5683779883218665,-0.3883492760917804,-0.715842334218796,-0.006043269561749831,-0.5109082559557114,1.540209364626977,50.0,51.0,51.0,41.0,42.0,26.0,30.0,26.0,52.0,91.67,3975442432,1551003648,1612271616,11.67,9.32,8.24,25297891328,9399476224
2026-05-06T15:37:29.393628+02:00,0.0007656151092483724,0.23508804341575643,0.08751326460197527,-1.5400872536824908,1.5264021872091593,-1.50658160914162,1.5683779883218665,-0.3792596013473939,-0.715842334218796,-0.006043269561749831,-0.5170441791072538,1.541743345414862,50.0,51.0,51.0,41.0,42.0,26.0,30.0,26.0,52.0,91.67,3975442432,1551003648,1612271616,11.67,9.32,8.24,25297891328,9399476224
2026-05-06T15:37:29.444597+02:00,0.0007656151092483724,0.23508804341575643,0.08751326460197527,-1.5400872536824908,1.5264021872091593,-1.50658160914162,1.5683779883218665,-0.3716848723937386,-0.715842334218796,-0.006043269561749831,-0.5231801022587965,1.541743345414862,50.0,51.0,51.0,41.0,42.0,26.0,30.0,26.0,52.0,91.67,3975442432,1551003648,1612271616,11.67,9.32,8.24,25297891328,9399476224
2026-05-06T15:37:29.498501+02:00,0.0007656151092483724,0.23508804341575643,0.08751326460197527,-1.5400872536824908,1.5264021872091593,-1.50658160914162,1.5683779883218665,-0.3641101434400832,-0.715842334218796,-0.006043269561749831,-0.5262480638345677,1.541743345414862,50.0,51.0,51.0,41.0,42.0,26.0,30.0,26.0,52.0,91.67,3975442432,1551003648,1612271616,11.67,9.32,8.24,25297891328,9399476224
2026-05-06T15:37:29.553334+02:00,0.0007656151092483724,0.23508804341575643,0.08751326460197527,-1.5400872536824908,1.5264021872091593,-1.50658160914162,1.5683779883218665,-0.35956530606788994,-0.715842334218796,-0.004509288773864029,-0.5308500061982246,1.541743345414862,50.0,51.0,51.0,41.0,42.0,26.0,30.0,26.0,52.0,91.67,3975442432,1551003648,1612271616,11.67,9.32,8.24,25297891328,9399476224
2026-05-06T15:37:29.608800+02:00,0.0007232316672380706,0.2356132533864848,0.09382226496777737,-1.539605251483205,1.5352854313356388,-1.50903804836924,1.5683779883218665,-0.3565354144864278,-0.715842334218796,-0.004509288773864029,-0.5323839869861104,1.541743345414862,50.0,51.0,51.0,41.0,42.0,26.0,30.0,26.0,52.0,91.67,3975442432,1551003648,1612271616,11.67,9.32,8.24,25297891328,9399476224
2026-05-06T15:37:29.663922+02:00,0.0007232316672380706,0.2356132533864848,0.09382226496777737,-1.539605251483205,1.5352854313356388,-1.50903804836924,1.5683779883218665,-0.3565354144864278,-0.715842334218796,-0.004509288773864029,-0.5339179677739958,1.541743345414862,50.0,51.0,51.0,41.0,42.0,26.0,30.0,26.0,52.0,91.67,3975442432,1551003648,1612271616,11.67,9.32,8.24,25297891328,9399476224
2026-05-06T15:37:29.715506+02:00,0.0007232316672380706,0.2356132533864848,0.09382226496777737,-1.539605251483205,1.5352854313356388,-1.50903804836924,1.5683779883218665,-0.3565354144864278,-0.715842334218796,-0.004509288773864029,-0.5339179677739958,1.541743345414862,50.0,51.0,51.0,41.0,42.0,26.0,30.0,26.0,52.0,91.67,3975442432,1551003648,1612271616,11.67,9.32,8.24,25297891328,9399476224
2026-05-06T15:37:29.771018+02:00,0.0007246790814312217,0.23555613465573236,0.09486400450381255,-1.5391960253061798,1.5352273173152744,-1.5086389591033234,1.5683779883218665,-0.3565354144864278,-0.715842334218796,-0.004509288773864029,-0.5339179677739958,1.541743345414862,50.0,51.0,51.0,41.0,42.0,26.0,30.0,26.0,52.0,91.67,3975442432,1551003648,1612271616,11.67,9.32,8.24,25297891328,9399476224
2026-05-06T15:37:29.826598+02:00,0.0007246790814312217,0.23555613465573236,0.09486400450381255,-1.5391960253061798,1.5352273173152744,-1.5086389591033234,1.5683779883218665,-0.3565354144864278,-0.715842334218796,-0.004509288773864029,-0.5339179677739958,1.541743345414862,50.0,51.0,51.0,41.0,42.0,26.0,30.0,26.0,52.0,91.67,3975442432,1551003648,1612271616,11.67,9.32,8.24,25297891328,9399476224
2026-05-06T15:37:29.881689+02:00,0.0007246790814312217,0.23555613465573236,0.09486400450381255,-1.5391960253061798,1.5352273173152744,-1.5086389591033234,1.5668560612141271,-0.3565354144864278,-0.7143273884280649,-0.004509288773864029,-0.5354519485618816,1.540209364626977,50.0,51.0,51.0,41.0,42.0,26.0,30.0,26.0,52.0,91.67,3975442432,1551003648,1612271616,11.67,9.32,8.24,25297891328,9399476224
2026-05-06T15:37:29.933161+02:00,0.0007246790814312217,0.23555613465573236,0.09486400450381255,-1.5391960253061798,1.5352273173152744,-1.5086389591033234,1.56229027989091,-0.35805036027715886,-0.7112974968466027,-0.004509288773864029,-0.5369859293497674,1.5340734414754338,50.0,51.0,51.0,41.0,42.0,26.0,30.0,26.0,52.0,91.67,3975442432,1551003648,1612271616,11.67,9.32,8.24,25297891328,9399476224
2026-05-06T15:37:29.984674+02:00,0.002167209602962198,0.2364291208876384,0.09515738310227294,-1.5465945460443498,1.535188573039009,-1.5144620878691173,1.5531587172444756,-0.35956530606788994,-0.7052377136836784,-0.004509288773864029,-0.5431218525013097,1.514131691232921,50.0,51.0,51.0,41.0,42.0,26.0,30.0,26.0,52.0,91.67,3975442432,1551003648,1612271616,11.67,9.32,8.24,25297891328,9399476224
2026-05-06T15:37:30.038090+02:00,0.002167209602962198,0.2364291208876384,0.09515738310227294,-1.5465945460443498,1.535188573039009,-1.5144620878691173,1.5455490817057806,-0.35956530606788994,-0.7022078221022162,9.265358979293481e-05,-0.5492577756528525,1.4987918833540639,50.0,51.0,51.0,41.0,42.0,26.0,30.0,26.0,52.0,91.67,3975442432,1551003648,1612271616,11.67,9.32,8.24,25297891328,9399476224
2026-05-06T15:37:30.088467+02:00,0.002167209602962198,0.2364291208876384,0.09515738310227294,-1.5465945460443498,1.535188573039009,-1.5144620878691173,1.5333736648438685,-0.361080251858621,-0.6931181473578297,-0.0014413271980928677,-0.5584616603801664,1.480384113899437,50.0,51.0,51.0,41.0,42.0,26.0,30.0,26.0,52.0,91.67,3975442432,1551003648,1612271616,11.67,9.32,8.24,25297891328,9399476224
2026-05-06T15:37:30.139749+02:00,0.002167209602962198,0.2364291208876384,0.09515738310227294,-1.5465945460443498,1.535188573039009,-1.5144620878691173,1.5151105395509998,-0.3641101434400832,-0.6825135268227123,9.265358979293481e-05,-0.5707335066832515,1.4527724597174951,50.0,51.0,51.0,41.0,42.0,26.0,30.0,26.0,52.0,94.74,3975442432,1550204928,1613053952,11.67,9.32,8.24,25297891328,9399496704
2026-05-06T15:37:30.190502+02:00,0.013411912965179858,0.24066270705904028,0.09781533250916011,-1.6898165154220017,1.5242354517078742,-1.6275575695775524,1.5105447582277827,-0.36562508923081427,-0.677968689450519,0.0016266343776782932,-0.5753354490469085,1.4374326518386389,50.0,51.0,51.0,41.0,42.0,26.0,30.0,26.0,52.0,94.74,3975442432,1550204928,1613053952,11.67,9.32,8.24,25297891328,9399496704
2026-05-06T15:37:30.241037+02:00,0.013411912965179858,0.24066270705904028,0.09781533250916011,-1.6898165154220017,1.5242354517078742,-1.6275575695775524,1.4892377787194353,-0.36865498081227643,-0.6643341773339393,0.0031606151655640957,-0.5891412761378789,1.3990831321414974,50.0,51.0,51.0,41.0,42.0,26.0,30.0,26.0,52.0,94.74,3975442432,1550204928,1613053952,11.67,9.32,8.24,25297891328,9399496704
2026-05-06T15:37:30.291299+02:00,0.013411912965179858,0.24066270705904028,0.09781533250916011,-1.6898165154220017,1.5242354517078742,-1.6275575695775524,1.4831500702884797,-0.3701699266030075,-0.6613042857524771,0.0031606151655640957,-0.5922092377136505,1.3868112858384127,50.0,51.0,51.0,41.0,42.0,26.0,30.0,26.0,52.0,94.74,3975442432,1550204928,1613053952,11.67,9.32,8.24,25297891328,9399496704
2026-05-06T15:37:30.344012+02:00,0.013411912965179858,0.24066270705904028,0.09781533250916011,-1.6898165154220017,1.5242354517078742,-1.6275575695775524,1.4831500702884797,-0.3701699266030075,-0.6613042857524771,0.0031606151655640957,-0.5922092377136505,1.3868112858384127,50.0,51.0,51.0,41.0,42.0,26.0,30.0,26.0,52.0,94.74,3975442432,1550204928,1613053952,11.67,9.32,8.24,25297891328,9399496704
2026-05-06T15:37:30.399040+02:00,0.030748445234337646,0.24589295998955904,0.10157477759527132,-1.8822336284505665,1.5022045826330823,-1.7628944002690774,1.4237949130866565,-0.380774547138125,-0.6234306409842002,0.007762557529221059,-0.632092738198677,1.2993743809289309,50.0,51.0,51.0,41.0,42.0,26.0,30.0,26.0,52.0,94.74,3975442432,1550204928,1613053952,11.67,9.32,8.24,25297891328,9399496704
2026-05-06T15:37:30.454068+02:00,0.030748445234337646,0.24589295998955904,0.10157477759527132,-1.8822336284505665,1.5022045826330823,-1.7628944002690774,1.4070537149015263,-0.38228949292885606,-0.6128260204490826,0.012364499892878023,-0.653568469229076,1.2533549572923612,50.0,51.0,51.0,41.0,42.0,26.0,30.0,26.0,52.0,94.74,3975442432,1550204928,1613053952,11.67,9.32,8.24,25297891328,9399496704
2026-05-06T15:37:30.507638+02:00,0.030748445234337646,0.24589295998955904,0.10157477759527132,-1.8822336284505665,1.5022045826330823,-1.7628944002690774,1.3811809540699627,-0.3868343303010493,-0.5946466709603098,0.015432461468649183,-0.675044200259475,1.202733591292135,50.0,51.0,51.0,41.0,42.0,26.0,30.0,26.0,52.0,94.74,3975442432,1550204928,1613053952,11.67,9.32,8.24,25297891328,9399496704
2026-05-06T15:37:30.557663+02:00,0.030748445234337646,0.24589295998955904,0.10157477759527132,-1.8822336284505665,1.5022045826330823,-1.7628944002690774,1.3522643390229203,-0.39137916767324266,-0.5779822672622679,0.016966442256534986,-0.6873160465625601,1.1720539755344226,50.0,51.0,51.0,41.0,42.0,26.0,30.0,26.0,52.0,94.74,3975442432,1550204928,1613053952,11.67,9.32,8.24,25297891328,9399496704
2026-05-06T15:37:30.609209+02:00,0.055014472388280125,0.25129675446362926,0.10695426890937526,-2.080909059610754,1.4843148884696824,-1.9142755761317063,1.3233477239758789,-0.3959240050454359,-0.5582879719827638,0.02156838462019195,-0.7149277007445018,1.1030248400795686,50.0,51.0,51.0,41.0,42.0,26.0,30.0,26.0,52.0,94.74,3975442432,1550204928,1613053952,11.67,9.32,8.24,25297891328,9399496704
2026-05-06T15:37:30.660533+02:00,0.055014472388280125,0.25129675446362926,0.10695426890937526,-2.080909059610754,1.4843148884696824,-1.9142755761317063,1.28834340049788,-0.40198378820836,-0.5355637851217977,0.02463634619596311,-0.744073335714329,1.0416656085641436,50.0,51.0,51.0,41.0,42.0,26.0,30.0,26.0,52.0,94.74,3975442432,1550204928,1613053952,11.67,9.32,8.24,25297891328,9399496704
2026-05-06T15:37:30.711107+02:00,0.055014472388280125,0.25129675446362926,0.10695426890937526,-2.080909059610754,1.4843148884696824,-1.9142755761317063,1.2670364209895335,-0.40501367978982217,-0.521929273005218,0.02770430777173427,-0.7578791628052994,1.003316088867002,50.0,51.0,51.0,41.0,42.0,26.0,30.0,26.0,52.0,94.74,3975442432,1550204928,1613053952,11.67,9.32,8.24,25297891328,9399496704
2026-05-06T15:37:30.766117+02:00,0.055014472388280125,0.25129675446362926,0.10695426890937526,-2.080909059610754,1.4843148884696824,-1.9142755761317063,1.2168128264341447,-0.4110734629527465,-0.49163035719059645,0.029238288559620074,-0.7808888746235843,0.9465587997152336,50.0,51.0,51.0,41.0,42.0,26.0,30.0,26.0,52.0,94.74,3975442432,1550204928,1613053952,11.67,9.32,8.24,25297891328,9399496704
2026-05-06T15:37:30.820115+02:00,0.09225187975993353,0.25401852388145263,0.1160525222224953,-2.35430285330473,1.4563560364747024,-2.105979091303767,1.178764648740668,-0.4171332461156708,-0.4689061703296302,0.0369081924990482,-0.8115684903812972,0.8698597603209515,50.0,51.0,51.0,41.0,42.0,26.0,30.0,26.0,52.0,94.74,3975442432,1550204928,1613053952,11.67,9.32,8.24,25297891328,9399496704
2026-05-06T15:37:30.870821+02:00,0.09225187975993353,0.25401852388145263,0.1160525222224953,-2.35430285330473,1.4563560364747024,-2.105979091303767,1.136150689723975,-0.42319302927859515,-0.44466703767793303,0.038442173286934,-0.8437820869268955,0.8023646056539833,50.0,51.0,51.0,41.0,42.0,26.0,30.0,26.0,52.0,94.74,3975442432,1550204928,1613053952,11.67,9.32,8.24,25297891328,9399496704
2026-05-06T15:37:30.922759+02:00,0.09225187975993353,0.25401852388145263,0.1160525222224953,-2.35430285330473,1.4563560364747024,-2.105979091303767,1.1117998560001499,-0.4277378666507884,-0.4295175797706222,0.04151013486270516,-0.8545199524420948,0.765549066744728,50.0,51.0,51.0,41.0,42.0,26.0,30.0,26.0,52.0,94.74,3975442432,1550204928,1613053952,11.67,9.32,8.24,25297891328,9399496704
2026-05-06T15:37:30.973890+02:00,0.12127139927752212,0.2506985573385229,0.12236941928939331,-2.5664998183200227,1.4268223613824351,-2.249716518033567,1.0646201156602393,-0.43228270402298163,-0.40224855553746286,0.043044115650590964,-0.8729277218967231,0.7149277007445018,50.0,51.0,51.0,41.0,42.0,26.0,30.0,26.0,52.0,94.74,3975442432,1550204928,1613053952,11.67,9.32,8.24,25297891328,9399496704
2026-05-06T15:37:31.024332+02:00,0.12127139927752212,0.2506985573385229,0.12236941928939331,-2.5664998183200227,1.4268223613824351,-2.249716518033567,1.0326596463977191,-0.4368275413951749,-0.3840692060486899,0.046112077226362125,-0.8959374337150074,0.6597043923806187,50.0,51.0,51.0,41.0,42.0,26.0,30.0,26.0,52.0,94.74,3975442432,1550204928,1613053952,11.67,9.32,8.24,25297891328,9399496704
2026-05-06T15:37:31.076418+02:00,0.12127139927752212,0.2506985573385229,0.12236941928939331,-2.5664998183200227,1.4268223613824351,-2.249716518033567,1.0083088126738944,-0.43985743297663704,-0.36891974814137907,0.04764605801424793,-0.9082092800180921,0.62749079583502,50.0,51.0,51.0,41.0,42.0,26.0,30.0,26.0,52.0,94.74,3975442432,1550204928,1613053952,11.67,9.32,8.24,25297891328,9399496704
2026-05-06T15:37:31.128228+02:00,0.12127139927752212,0.2506985573385229,0.12236941928939331,-2.5664998183200227,1.4268223613824351,-2.249716518033567,0.9687387078726788,-0.4444022703488303,-0.34619556128041296,0.05071401959001909,-0.9204811263211776,0.5937432185015359,50.0,51.0,51.0,41.0,42.0,26.0,30.0,26.0,52.0,94.74,3975442432,1550204928,1613053952,11.67,9.32,8.24,25297891328,9399496704
2026-05-06T15:37:31.179540+02:00,0.16274318537821736,0.2422597203546257,0.13288283141316293,-2.796615220592073,1.4254564049226044,-2.455163696308854,0.9489536554720712,-0.44591721613956137,-0.3355909407452953,0.05071401959001909,-0.9281510302606057,0.5738014682590227,50.0,51.0,51.0,41.0,42.0,26.0,30.0,26.0,52.0,92.37,3975442432,1549914112,1613283328,11.67,9.32,8.24,25297891328,9399500800
2026-05-06T15:37:31.231185+02:00,0.16274318537821736,0.2422597203546257,0.13288283141316293,-2.796615220592073,1.4254564049226044,-2.455163696308854,0.9215589675327682,-0.44894710772102353,-0.32195642862871576,0.05378198116579025,-0.9419568573515762,0.5323839869861104,50.0,51.0,51.0,41.0,42.0,26.0,30.0,26.0,52.0,92.37,3975442432,1549914112,1613283328,11.67,9.32,8.24,25297891328,9399500800
2026-05-06T15:37:31.286142+02:00,0.16274318537821736,0.2422597203546257,0.13288283141316293,-2.796615220592073,1.4254564049226044,-2.455163696308854,0.8926423524857259,-0.4519769993024857,-0.30680697072140495,0.05378198116579025,-0.9588306460183182,0.5078402943799403,50.0,51.0,51.0,41.0,42.0,26.0,30.0,26.0,52.0,92.37,3975442432,1549914112,1613283328,11.67,9.32,8.24,25297891328,9399500800
2026-05-06T15:37:31.340133+02:00,0.16274318537821736,0.2422597203546257,0.13288283141316293,-2.796615220592073,1.4254564049226044,-2.455163696308854,0.8850327169470309,-0.4519769993024857,-0.3037770791399428,0.05684994274156141,-0.9634325883819757,0.4909665057131982,50.0,51.0,51.0,41.0,42.0,26.0,30.0,26.0,52.0,92.37,3975442432,1549914112,1613283328,11.67,9.32,8.24,25297891328,9399500800
2026-05-06T15:37:31.394693+02:00,0.16274318537821736,0.2422597203546257,0.13288283141316293,-2.796615220592073,1.4254564049226044,-2.455163696308854,0.8850327169470309,-0.4519769993024857,-0.3037770791399428,0.05684994274156141,-0.9634325883819757,0.4909665057131982,50.0,51.0,51.0,41.0,42.0,26.0,30.0,26.0,52.0,92.37,3975442432,1549914112,1613283328,11.67,9.32,8.24,25297891328,9399500800
2026-05-06T15:37:31.446661+02:00,0.18565243136834486,0.23254907405756456,0.13876849367625937,-2.922171165265329,1.416012663078662,-2.564025290588537,0.8393749037148592,-0.45500689088394786,-0.2855977296511698,0.05684994274156141,-0.9711024923214038,0.4541509668039425,50.0,51.0,51.0,41.0,42.0,26.0,30.0,26.0,52.0,92.37,3975442432,1549914112,1613283328,11.67,9.32,8.24,25297891328,9399500800
2026-05-06T15:37:31.501712+02:00,0.18565243136834486,0.23254907405756456,0.13876849367625937,-2.922171165265329,1.416012663078662,-2.564025290588537,0.8317652681761638,-0.45500689088394786,-0.28256783806970764,0.05684994274156141,-0.9757044346850603,0.44954902444028555,50.0,51.0,51.0,41.0,42.0,26.0,30.0,26.0,52.0,92.37,3975442432,1549914112,1613283328,11.67,9.32,8.24,25297891328,9399500800
2026-05-06T15:37:31.554865+02:00,0.18565243136834486,0.23254907405756456,0.13876849367625937,-2.922171165265329,1.416012663078662,-2.564025290588537,0.8226337055297295,-0.45652183667467894,-0.28105289227897656,0.05684994274156141,-0.9787723962608319,0.4464810628645144,50.0,51.0,51.0,41.0,42.0,26.0,30.0,26.0,52.0,92.37,3975442432,1549914112,1613283328,11.67,9.32,8.24,25297891328,9399500800
2026-05-06T15:37:31.604979+02:00,0.20092336826468107,0.22449656061032472,0.14180475371630225,-2.9773536751834175,1.4200305237172826,-2.631849468070335,0.8226337055297295,-0.45652183667467894,-0.28105289227897656,0.05684994274156141,-0.9787723962608319,0.4464810628645144,50.0,51.0,51.0,41.0,42.0,26.0,30.0,26.0,52.0,92.37,3975442432,1549914112,1613283328,11.67,9.32,8.24,25297891328,9399500800
2026-05-06T15:37:31.655440+02:00,0.20092336826468107,0.22449656061032472,0.14180475371630225,-2.9773536751834175,1.4200305237172826,-2.631849468070335,0.8226337055297295,-0.45652183667467894,-0.28105289227897656,0.05684994274156141,-0.9787723962608319,0.4464810628645144,50.0,51.0,51.0,41.0,42.0,26.0,30.0,26.0,52.0,92.37,3975442432,1549914112,1613283328,11.67,9.32,8.24,25297891328,9399500800
2026-05-06T15:37:31.706844+02:00,0.20092336826468107,0.22449656061032472,0.14180475371630225,-2.9773536751834175,1.4200305237172826,-2.631849468070335,0.8226337055297295,-0.45652183667467894,-0.28105289227897656,0.05684994274156141,-0.9787723962608319,0.4449470820766286,50.0,51.0,51.0,41.0,42.0,26.0,30.0,26.0,52.0,92.37,3975442432,1549914112,1613283328,11.67,9.32,8.24,25297891328,9399500800
2026-05-06T15:37:31.757330+02:00,0.20092336826468107,0.22449656061032472,0.14180475371630225,-2.9773536751834175,1.4200305237172826,-2.631849468070335,0.8226337055297295,-0.45652183667467894,-0.28105289227897656,0.05684994274156141,-0.9787723962608319,0.4449470820766286,50.0,51.0,51.0,41.0,42.0,26.0,30.0,26.0,52.0,92.37,3975442432,1549914112,1613283328,11.67,9.32,8.24,25297891328,9399500800
2026-05-06T15:37:31.810615+02:00,0.20219560001683431,0.223178457671827,0.1418092260401681,-2.977622003635694,1.4185572931837014,-2.6351051040459303,0.8226337055297295,-0.45652183667467894,-0.28105289227897656,0.05684994274156141,-0.9787723962608319,0.4449470820766286,50.0,51.0,51.0,41.0,42.0,26.0,30.0,26.0,52.0,92.37,3975442432,1549914112,1613283328,11.67,9.32,8.24,25297891328,9399500800
2026-05-06T15:37:31.861841+02:00,0.20219560001683431,0.223178457671827,0.1418092260401681,-2.977622003635694,1.4185572931837014,-2.6351051040459303,0.8226337055297295,-0.45652183667467894,-0.28105289227897656,0.05684994274156141,-0.9787723962608319,0.4449470820766286,50.0,51.0,51.0,41.0,42.0,26.0,30.0,26.0,52.0,92.37,3975442432,1549914112,1613283328,11.67,9.32,8.24,25297891328,9399500800
2026-05-06T15:37:31.916854+02:00,0.20219560001683431,0.223178457671827,0.1418092260401681,-2.977622003635694,1.4185572931837014,-2.6351051040459303,0.8226337055297295,-0.4595517282561411,-0.28105289227897656,0.05684994274156141,-0.9787723962608319,0.4449470820766286,50.0,51.0,51.0,41.0,42.0,26.0,30.0,26.0,52.0,92.37,3975442432,1549914112,1613283328,11.67,9.32,8.24,25297891328,9399500800
2026-05-06T15:37:31.968119+02:00,0.20219560001683431,0.223178457671827,0.1418092260401681,-2.977622003635694,1.4185572931837014,-2.6351051040459303,0.8226337055297295,-0.46258161983760326,-0.28256783806970764,0.05838392352944721,-0.9772384154729461,0.4449470820766286,50.0,51.0,51.0,41.0,42.0,26.0,30.0,26.0,52.0,92.37,3975442432,1549914112,1613283328,11.67,9.32,8.24,25297891328,9399500800
2026-05-06T15:37:32.021343+02:00,0.2021701245765682,0.22315101072660778,0.1413530606189248,-2.9745450473756585,1.417116710913048,-2.6320640719041717,0.8226337055297295,-0.4656115114190654,-0.28256783806970764,0.05838392352944721,-0.969568511533518,0.4449470820766286,50.0,51.0,51.0,41.0,42.0,26.0,30.0,26.0,52.0,92.37,3975442432,1549914112,1613283328,11.67,9.32,8.24,25297891328,9399500800
2026-05-06T15:37:32.071593+02:00,0.2021701245765682,0.22315101072660778,0.1413530606189248,-2.9745450473756585,1.417116710913048,-2.6320640719041717,0.8226337055297295,-0.47015634879125867,-0.2855977296511698,0.05838392352944721,-0.9618986075940898,0.4434131012887432,50.0,51.0,51.0,41.0,42.0,26.0,30.0,26.0,52.0,92.37,3975442432,1549914112,1613283328,11.67,9.32,8.24,25297891328,9399500800
2026-05-06T15:37:32.124674+02:00,0.2021701245765682,0.22315101072660778,0.1413530606189248,-2.9745450473756585,1.417116710913048,-2.6320640719041717,0.8226337055297295,-0.47924602353564516,-0.2871126754419009,0.05838392352944721,-0.9542287036546617,0.4434131012887432,50.0,51.0,51.0,41.0,42.0,26.0,30.0,26.0,52.0,92.37,3975442432,1549914112,1613283328,11.67,9.32,8.24,25297891328,9399500800
2026-05-06T15:37:32.174714+02:00,0.20246926034043888,0.22347953079940092,0.1332640851334565,-2.976528504402144,1.417423826769058,-2.6347816710276155,0.8226337055297295,-0.4837908609078384,-0.28862762123263197,0.059917904317333015,-0.943490838139462,0.4434131012887432,50.0,51.0,51.0,41.0,42.0,26.0,30.0,26.0,52.0,95.35,3975442432,1550483456,1612713984,11.13,9.25,8.22,25297891328,9399517184
2026-05-06T15:37:32.225081+02:00,0.20246926034043888,0.22347953079940092,0.1332640851334565,-2.976528504402144,1.417423826769058,-2.6347816710276155,0.8226337055297295,-0.48682075248930057,-0.28862762123263197,0.059917904317333015,-0.9419568573515762,0.4434131012887432,50.0,51.0,51.0,41.0,42.0,26.0,30.0,26.0,52.0,95.35,3975442432,1550483456,1612713984,11.13,9.25,8.22,25297891328,9399517184
2026-05-06T15:37:32.276546+02:00,0.20246926034043888,0.22347953079940092,0.1332640851334565,-2.976528504402144,1.417423826769058,-2.6347816710276155,0.8226337055297295,-0.498940318815149,-0.2931724586048252,0.059917904317333015,-0.92661704947272,0.4434131012887432,50.0,51.0,51.0,41.0,42.0,26.0,30.0,26.0,52.0,95.35,3975442432,1550483456,1612713984,11.13,9.25,8.22,25297891328,9399517184
2026-05-06T15:37:32.326897+02:00,0.20246926034043888,0.22347953079940092,0.1332640851334565,-2.976528504402144,1.417423826769058,-2.6347816710276155,0.8226337055297295,-0.5019702103966112,-0.2946874043955563,0.06145188510521837,-0.9204811263211776,0.4434131012887432,50.0,51.0,51.0,41.0,42.0,26.0,30.0,26.0,52.0,95.35,3975442432,1550483456,1612713984,11.13,9.25,8.22,25297891328,9399517184
2026-05-06T15:37:32.381757+02:00,0.20246926034043888,0.22347953079940092,0.1332640851334565,-2.976528504402144,1.417423826769058,-2.6347816710276155,0.8226337055297295,-0.5140897767224598,-0.2962023501862874,0.06145188510521837,-0.9112772415938637,0.4418791205008574,50.0,51.0,51.0,41.0,42.0,26.0,30.0,26.0,52.0,95.35,3975442432,1550483456,1612713984,11.13,9.25,8.22,25297891328,9399517184
2026-05-06T15:37:32.434112+02:00,0.20246926034043888,0.22347953079940092,0.1332640851334565,-2.976528504402144,1.417423826769058,-2.6347816710276155,0.8226337055297295,-0.5140897767224598,-0.2962023501862874,0.06145188510521837,-0.9112772415938637,0.4418791205008574,50.0,51.0,51.0,41.0,42.0,26.0,30.0,26.0,52.0,95.35,3975442432,1550483456,1612713984,11.13,9.25,8.22,25297891328,9399517184
2026-05-06T15:37:32.487440+02:00,0.20250533214262706,0.22360097302263265,0.12323959931943408,-2.9854467935910716,1.4190760569273833,-2.6458733030178894,0.8226337055297295,-0.5307541804205017,-0.3022621333492117,0.06451984668098998,-0.8790636450482654,0.43881115892508626,50.0,51.0,51.0,41.0,42.0,26.0,30.0,26.0,51.0,95.35,3975442432,1550483456,1612713984,11.13,9.25,8.22,25297891328,9399517184
2026-05-06T15:37:32.540496+02:00,0.20250533214262706,0.22360097302263265,0.12323959931943408,-2.9854467935910716,1.4190760569273833,-2.6458733030178894,0.8226337055297295,-0.5413588009556193,-0.3037770791399428,0.06451984668098998,-0.8652578179572941,0.4342092165614293,50.0,51.0,51.0,41.0,42.0,26.0,30.0,26.0,51.0,95.35,3975442432,1550483456,1612713984,11.13,9.25,8.22,25297891328,9399517184
2026-05-06T15:37:32.594187+02:00,0.20276581772421629,0.22383844065057013,0.10865308347709898,-2.9993752538753453,1.4226465578098624,-2.6551535421684345,0.8226337055297295,-0.5595381504443923,-0.30680697072140495,0.06605382746887534,-0.8483840292905525,0.4326752357735435,50.0,51.0,51.0,41.0,42.0,26.0,30.0,26.0,51.0,95.35,3975442432,1550483456,1612713984,11.13,9.25,8.22,25297891328,9399517184
2026-05-06T15:37:32.645012+02:00,0.20276581772421629,0.22383844065057013,0.10865308347709898,-2.9993752538753453,1.4226465578098624,-2.6551535421684345,0.8226337055297295,-0.5655979336073166,-0.30680697072140495,0.06605382746887534,-0.8422481061390097,0.43114125498565814,50.0,51.0,51.0,41.0,42.0,26.0,30.0,26.0,51.0,95.35,3975442432,1550483456,1612713984,11.13,9.25,8.22,25297891328,9399517184
2026-05-06T15:37:32.695546+02:00,0.20276581772421629,0.22383844065057013,0.10865308347709898,-2.9993752538753453,1.4226465578098624,-2.6551535421684345,0.8226337055297295,-0.5716577167702409,-0.30832191651213603,0.06605382746887534,-0.8376461637753527,0.43114125498565814,50.0,51.0,51.0,41.0,42.0,26.0,30.0,26.0,51.0,95.35,3975442432,1550483456,1612713984,11.13,9.25,8.22,25297891328,9399517184
2026-05-06T15:37:32.750997+02:00,0.20276581772421629,0.22383844065057013,0.10865308347709898,-2.9993752538753453,1.4226465578098624,-2.6551535421684345,0.8226337055297295,-0.5822623373053585,-0.3098368623028671,0.06758780825676114,-0.8238403366843823,0.42807329340988653,50.0,51.0,51.0,41.0,42.0,26.0,30.0,26.0,51.0,95.35,3975442432,1550483456,1612713984,11.13,9.25,8.22,25297891328,9399517184
2026-05-06T15:37:32.806560+02:00,0.20224727350483668,0.2232687301982088,0.1000326245343571,-2.984204953790093,1.4157534617899932,-2.6407809619843694,0.8226337055297295,-0.5883221204682828,-0.3113518080935982,0.06758780825676114,-0.8177044135328395,0.4265393126220012,50.0,51.0,51.0,41.0,42.0,26.0,30.0,26.0,51.0,95.35,3975442432,1550483456,1612713984,11.13,9.25,8.22,25297891328,9399517184
2026-05-06T15:37:32.860607+02:00,0.20224727350483668,0.2232687301982088,0.1000326245343571,-2.984204953790093,1.4157534617899932,-2.6407809619843694,0.8226337055297295,-0.5943819036312069,-0.3128667538843293,0.06758780825676114,-0.8131024711691826,0.4250053318341154,50.0,51.0,51.0,41.0,42.0,26.0,30.0,26.0,51.0,95.35,3975442432,1550483456,1612713984,11.13,9.25,8.22,25297891328,9399517184
2026-05-06T15:37:32.914301+02:00,0.20224727350483668,0.2232687301982088,0.1000326245343571,-2.984204953790093,1.4157534617899932,-2.6407809619843694,0.8226337055297295,-0.5974117952126691,-0.3128667538843293,0.06758780825676114,-0.8115684903812972,0.4250053318341154,50.0,51.0,51.0,41.0,42.0,26.0,30.0,26.0,51.0,95.35,3975442432,1550483456,1612713984,11.13,9.25,8.22,25297891328,9399517184
2026-05-06T15:37:32.966543+02:00,0.201884539570892,0.22286727956027946,0.09261297093634874,-2.980673965890558,1.4116965705331102,-2.6333261052464767,0.8226337055297295,-0.6004416867941312,-0.3128667538843293,0.06758780825676114,-0.8100345095934114,0.4250053318341154,50.0,51.0,51.0,41.0,42.0,26.0,30.0,26.0,51.0,95.35,3975442432,1550483456,1612713984,11.13,9.25,8.22,25297891328,9399517184
2026-05-06T15:37:33.021563+02:00,0.201884539570892,0.22286727956027946,0.09261297093634874,-2.980673965890558,1.4116965705331102,-2.6333261052464767,0.8226337055297295,-0.6004416867941312,-0.3128667538843293,0.06758780825676114,-0.8100345095934114,0.4250053318341154,50.0,51.0,51.0,41.0,42.0,26.0,30.0,26.0,51.0,95.35,3975442432,1550483456,1612713984,11.13,9.25,8.22,25297891328,9399517184
2026-05-06T15:37:33.076817+02:00,0.201884539570892,0.22286727956027946,0.09261297093634874,-2.980673965890558,1.4116965705331102,-2.6333261052464767,0.8226337055297295,-0.6004416867941312,-0.3128667538843293,0.06758780825676114,-0.8100345095934114,0.4250053318341154,50.0,51.0,51.0,41.0,42.0,26.0,30.0,26.0,51.0,95.35,3975442432,1550483456,1612713984,11.13,9.25,8.22,25297891328,9399517184
2026-05-06T15:37:33.126840+02:00,0.201884539570892,0.22286727956027946,0.09261297093634874,-2.980673965890558,1.4116965705331102,-2.6333261052464767,0.8226337055297295,-0.6004416867941312,-0.3128667538843293,0.06758780825676114,-0.8115684903812972,0.4250053318341154,50.0,51.0,51.0,41.0,42.0,26.0,30.0,26.0,51.0,95.35,3975442432,1550483456,1612713984,11.13,9.25,8.22,25297891328,9399517184
2026-05-06T15:37:33.180389+02:00,0.201808362471111,0.22278520723246864,0.0921575280713354,-2.9777434876147293,1.4102551911602264,-2.6304329725521676,0.8226337055297295,-0.6004416867941312,-0.3128667538843293,0.06758780825676114,-0.8115684903812972,0.4250053318341154,50.0,51.0,51.0,41.0,42.0,26.0,30.0,26.0,51.0,94.57,3975442432,1550536704,1612718080,11.13,9.25,8.22,25297891328,9399521280
2026-05-06T15:37:33.235403+02:00,0.201808362471111,0.22278520723246864,0.0921575280713354,-2.9777434876147293,1.4102551911602264,-2.6304329725521676,0.8226337055297295,-0.6004416867941312,-0.3128667538843293,0.06758780825676114,-0.8115684903812972,0.4250053318341154,50.0,51.0,51.0,41.0,42.0,26.0,30.0,26.0,51.0,94.57,3975442432,1550536704,1612718080,11.13,9.25,8.22,25297891328,9399521280
2026-05-06T15:37:33.290433+02:00,0.201808362471111,0.22278520723246864,0.0921575280713354,-2.9777434876147293,1.4102551911602264,-2.6304329725521676,0.8226337055297295,-0.6004416867941312,-0.3128667538843293,0.06758780825676114,-0.8100345095934114,0.4250053318341154,50.0,51.0,51.0,41.0,42.0,26.0,30.0,26.0,51.0,94.57,3975442432,1550536704,1612718080,11.13,9.25,8.22,25297891328,9399521280
2026-05-06T15:37:33.343892+02:00,0.201808362471111,0.22278520723246864,0.0921575280713354,-2.9777434876147293,1.4102551911602264,-2.6304329725521676,0.8226337055297295,-0.6004416867941312,-0.3128667538843293,0.06758780825676114,-0.8100345095934114,0.4250053318341154,50.0,51.0,51.0,41.0,42.0,26.0,30.0,26.0,51.0,94.57,3975442432,1550536704,1612718080,11.13,9.25,8.22,25297891328,9399521280
2026-05-06T15:37:33.395386+02:00,0.20190038275283007,0.22287459902608478,0.0921519235021387,-2.9802122345903963,1.4117366690085609,-2.6329335788828216,0.8226337055297295,-0.6004416867941312,-0.3128667538843293,0.06758780825676114,-0.8100345095934114,0.4250053318341154,50.0,51.0,51.0,41.0,42.0,26.0,30.0,26.0,51.0,94.57,3975442432,1550536704,1612718080,11.13,9.25,8.22,25297891328,9399521280
2026-05-06T15:37:33.450408+02:00,0.20190038275283007,0.22287459902608478,0.0921519235021387,-2.9802122345903963,1.4117366690085609,-2.6329335788828216,0.8226337055297295,-0.6004416867941312,-0.3128667538843293,0.06758780825676114,-0.8100345095934114,0.4250053318341154,50.0,51.0,51.0,41.0,42.0,26.0,30.0,26.0,51.0,94.57,3975442432,1550536704,1612718080,11.13,9.25,8.22,25297891328,9399521280
2026-05-06T15:37:33.500852+02:00,0.20190038275283007,0.22287459902608478,0.0921519235021387,-2.9802122345903963,1.4117366690085609,-2.6329335788828216,0.8226337055297295,-0.6004416867941312,-0.3128667538843293,0.06758780825676114,-0.8100345095934114,0.4250053318341154,50.0,51.0,51.0,41.0,42.0,26.0,30.0,26.0,51.0,94.57,3975442432,1550536704,1612718080,11.13,9.25,8.22,25297891328,9399521280
2026-05-06T15:37:33.555885+02:00,0.20190038275283007,0.22287459902608478,0.0921519235021387,-2.9802122345903963,1.4117366690085609,-2.6329335788828216,0.8226337055297295,-0.6004416867941312,-0.3128667538843293,0.06758780825676114,-0.8100345095934114,0.4250053318341154,50.0,51.0,51.0,41.0,42.0,26.0,30.0,26.0,51.0,94.57,3975442432,1550536704,1612718080,11.13,9.25,8.22,25297891328,9399521280
2026-05-06T15:37:33.606511+02:00,0.20190038275283007,0.22287459902608478,0.0921519235021387,-2.9802122345903963,1.4117366690085609,-2.6329335788828216,0.8226337055297295,-0.6004416867941312,-0.3128667538843293,0.06758780825676114,-0.8100345095934114,0.4250053318341154,50.0,51.0,51.0,41.0,42.0,26.0,30.0,26.0,51.0,94.57,3975442432,1550536704,1612718080,11.13,9.25,8.22,25297891328,9399521280
2026-05-06T15:37:33.659981+02:00,0.20190038275283007,0.22287459902608478,0.0921519235021387,-2.9802122345903963,1.4117366690085609,-2.6329335788828216,0.8226337055297295,-0.6004416867941312,-0.3128667538843293,0.06758780825676114,-0.8100345095934114,0.4250053318341154,50.0,51.0,51.0,41.0,42.0,26.0,30.0,26.0,51.0,94.57,3975442432,1550536704,1612718080,11.13,9.25,8.22,25297891328,9399521280
2026-05-06T15:37:33.714803+02:00,0.20190038275283007,0.22287459902608478,0.0921519235021387,-2.9802122345903963,1.4117366690085609,-2.6329335788828216,0.8226337055297295,-0.6004416867941312,-0.3128667538843293,0.06758780825676114,-0.8100345095934114,0.4250053318341154,50.0,51.0,51.0,41.0,42.0,26.0,30.0,26.0,51.0,94.57,3975442432,1550536704,1612718080,11.13,9.25,8.22,25297891328,9399521280
2026-05-06T15:37:33.767904+02:00,0.20190038275283007,0.22287459902608478,0.0921519235021387,-2.9802122345903963,1.4117366690085609,-2.6329335788828216,0.8226337055297295,-0.6004416867941312,-0.3128667538843293,0.06758780825676114,-0.8100345095934114,0.4250053318341154,50.0,51.0,51.0,41.0,42.0,26.0,30.0,26.0,51.0,94.57,3975442432,1550536704,1612718080,11.13,9.25,8.22,25297891328,9399521280
2026-05-06T15:37:33.822921+02:00,0.20190038275283007,0.22287459902608478,0.0921519235021387,-2.9802122345903963,1.4117366690085609,-2.6329335788828216,0.8226337055297295,-0.6004416867941312,-0.3128667538843293,0.06758780825676114,-0.8100345095934114,0.4250053318341154,50.0,51.0,51.0,41.0,42.0,26.0,30.0,26.0,51.0,94.57,3975442432,1550536704,1612718080,11.13,9.25,8.22,25297891328,9399521280
2026-05-06T15:37:33.873980+02:00,0.20190038275283007,0.22287459902608478,0.0921519235021387,-2.9802122345903963,1.4117366690085609,-2.6329335788828216,0.8226337055297295,-0.6004416867941312,-0.3128667538843293,0.06758780825676114,-0.8100345095934114,0.4250053318341154,50.0,51.0,51.0,41.0,42.0,26.0,30.0,26.0,51.0,94.57,3975442432,1550536704,1612718080,11.13,9.25,8.22,25297891328,9399521280
2026-05-06T15:37:33.929007+02:00,0.20190038275283007,0.22287459902608478,0.0921519235021387,-2.9802122345903963,1.4117366690085609,-2.6329335788828216,0.8226337055297295,-0.6004416867941312,-0.3128667538843293,0.06758780825676114,-0.8100345095934114,0.4250053318341154,50.0,51.0,51.0,41.0,42.0,26.0,30.0,26.0,51.0,94.57,3975442432,1550536704,1612718080,11.13,9.25,8.22,25297891328,9399521280
2026-05-06T15:37:33.983863+02:00,0.20190038275283007,0.22287459902608478,0.0921519235021387,-2.9802122345903963,1.4117366690085609,-2.6329335788828216,0.8226337055297295,-0.6004416867941312,-0.3128667538843293,0.06758780825676114,-0.8100345095934114,0.4250053318341154,50.0,51.0,51.0,41.0,42.0,26.0,30.0,26.0,51.0,94.57,3975442432,1550536704,1612718080,11.13,9.25,8.22,25297891328,9399521280
2026-05-06T15:37:34.035508+02:00,0.20190038275283007,0.22287459902608478,0.0921519235021387,-2.9802122345903963,1.4117366690085609,-2.6329335788828216,0.8226337055297295,-0.6004416867941312,-0.3128667538843293,0.06758780825676114,-0.8100345095934114,0.4250053318341154,50.0,51.0,51.0,41.0,42.0,26.0,30.0,26.0,51.0,94.57,3975442432,1550536704,1612718080,11.13,9.25,8.22,25297891328,9399521280
2026-05-06T15:37:34.087069+02:00,0.20190038275283007,0.22287459902608478,0.0921519235021387,-2.9802122345903963,1.4117366690085609,-2.6329335788828216,0.8226337055297295,-0.6004416867941312,-0.3128667538843293,0.06758780825676114,-0.8100345095934114,0.4250053318341154,50.0,51.0,51.0,41.0,42.0,26.0,30.0,26.0,51.0,94.57,3975442432,1550536704,1612718080,11.13,9.25,8.22,25297891328,9399521280
2026-05-06T15:37:34.138860+02:00,0.20190038275283007,0.22287459902608478,0.0921519235021387,-2.9802122345903963,1.4117366690085609,-2.6329335788828216,0.8226337055297295,-0.6004416867941312,-0.3128667538843293,0.06758780825676114,-0.8100345095934114,0.4250053318341154,50.0,51.0,51.0,41.0,42.0,26.0,30.0,26.0,51.0,98.5,3975442432,1557241856,1606008832,11.13,9.25,8.22,25297891328,9399521280
2026-05-06T15:37:34.189077+02:00,0.20190038275283007,0.22287459902608478,0.0921519235021387,-2.9802122345903963,1.4117366690085609,-2.6329335788828216,0.8226337055297295,-0.6004416867941312,-0.3128667538843293,0.06758780825676114,-0.8100345095934114,0.4250053318341154,50.0,51.0,51.0,41.0,42.0,26.0,30.0,26.0,51.0,98.5,3975442432,1557241856,1606008832,11.13,9.25,8.22,25297891328,9399521280
2026-05-06T15:37:34.240178+02:00,0.20190038275283007,0.22287459902608478,0.0921519235021387,-2.9802122345903963,1.4117366690085609,-2.6329335788828216,0.8226337055297295,-0.6004416867941312,-0.3128667538843293,0.06758780825676114,-0.8100345095934114,0.4250053318341154,50.0,51.0,51.0,41.0,42.0,26.0,30.0,26.0,51.0,98.5,3975442432,1557241856,1606008832,11.13,9.25,8.22,25297891328,9399521280
2026-05-06T15:37:34.291865+02:00,0.20190038275283007,0.22287459902608478,0.0921519235021387,-2.9802122345903963,1.4117366690085609,-2.6329335788828216,0.8226337055297295,-0.6004416867941312,-0.3128667538843293,0.06758780825676114,-0.8100345095934114,0.4250053318341154,50.0,51.0,51.0,41.0,42.0,26.0,30.0,26.0,51.0,98.5,3975442432,1557241856,1606008832,11.13,9.25,8.22,25297891328,9399521280
2026-05-06T15:37:34.345999+02:00,0.20190038275283007,0.22287459902608478,0.0921519235021387,-2.9802122345903963,1.4117366690085609,-2.6329335788828216,0.8226337055297295,-0.6004416867941312,-0.3128667538843293,0.06758780825676114,-0.8100345095934114,0.4250053318341154,50.0,51.0,51.0,41.0,42.0,26.0,30.0,26.0,51.0,98.5,3975442432,1557241856,1606008832,11.13,9.25,8.22,25297891328,9399521280
2026-05-06T15:37:34.396107+02:00,0.20190038275283007,0.22287459902608478,0.0921519235021387,-2.9802122345903963,1.4117366690085609,-2.6329335788828216,0.8226337055297295,-0.6004416867941312,-0.3128667538843293,0.06758780825676114,-0.8100345095934114,0.4250053318341154,50.0,51.0,51.0,41.0,42.0,26.0,30.0,26.0,51.0,98.5,3975442432,1557241856,1606008832,11.13,9.25,8.22,25297891328,9399521280
2026-05-06T15:37:34.447006+02:00,0.20190038275283007,0.22287459902608478,0.0921519235021387,-2.9802122345903963,1.4117366690085609,-2.6329335788828216,0.8226337055297295,-0.6004416867941312,-0.3128667538843293,0.06758780825676114,-0.8100345095934114,0.4250053318341154,50.0,51.0,51.0,41.0,42.0,26.0,30.0,26.0,51.0,98.5,3975442432,1557241856,1606008832,11.13,9.25,8.22,25297891328,9399521280
2026-05-06T15:37:34.498011+02:00,0.20190038275283007,0.22287459902608478,0.0921519235021387,-2.9802122345903963,1.4117366690085609,-2.6329335788828216,0.8226337055297295,-0.6004416867941312,-0.3128667538843293,0.06758780825676114,-0.8100345095934114,0.4250053318341154,50.0,51.0,51.0,41.0,42.0,26.0,30.0,26.0,51.0,98.5,3975442432,1557241856,1606008832,11.13,9.25,8.22,25297891328,9399521280
2026-05-06T15:37:34.551811+02:00,0.20190038275283007,0.22287459902608478,0.0921519235021387,-2.9802122345903963,1.4117366690085609,-2.6329335788828216,0.8226337055297295,-0.6004416867941312,-0.3128667538843293,0.06758780825676114,-0.8100345095934114,0.4250053318341154,50.0,51.0,51.0,41.0,42.0,26.0,30.0,26.0,51.0,98.5,3975442432,1557241856,1606008832,11.13,9.25,8.22,25297891328,9399521280
2026-05-06T15:37:34.604407+02:00,0.20190038275283007,0.22287459902608478,0.0921519235021387,-2.9802122345903963,1.4117366690085609,-2.6329335788828216,0.8226337055297295,-0.6004416867941312,-0.3128667538843293,0.06758780825676114,-0.8100345095934114,0.4250053318341154,50.0,51.0,51.0,41.0,42.0,26.0,30.0,26.0,51.0,98.5,3975442432,1557241856,1606008832,11.13,9.25,8.22,25297891328,9399521280
2026-05-06T15:37:34.659076+02:00,0.20190038275283007,0.22287459902608478,0.0921519235021387,-2.9802122345903963,1.4117366690085609,-2.6329335788828216,0.8226337055297295,-0.6004416867941312,-0.3128667538843293,0.06758780825676114,-0.8100345095934114,0.4250053318341154,50.0,51.0,51.0,41.0,42.0,26.0,30.0,26.0,51.0,98.5,3975442432,1557241856,1606008832,11.13,9.25,8.22,25297891328,9399521280
2026-05-06T15:37:34.710660+02:00,0.20190038275283007,0.22287459902608478,0.0921519235021387,-2.9802122345903963,1.4117366690085609,-2.6329335788828216,0.8226337055297295,-0.6004416867941312,-0.3128667538843293,0.06758780825676114,-0.8100345095934114,0.4250053318341154,50.0,51.0,51.0,41.0,42.0,26.0,30.0,26.0,51.0,98.5,3975442432,1557241856,1606008832,11.13,9.25,8.22,25297891328,9399521280
2026-05-06T15:37:34.760792+02:00,0.20190038275283007,0.22287459902608478,0.0921519235021387,-2.9802122345903963,1.4117366690085609,-2.6329335788828216,0.8226337055297295,-0.6004416867941312,-0.3128667538843293,0.06758780825676114,-0.8100345095934114,0.4250053318341154,50.0,51.0,51.0,41.0,42.0,26.0,30.0,26.0,51.0,98.5,3975442432,1557241856,1606008832,11.13,9.25,8.22,25297891328,9399521280
2026-05-06T15:37:34.812744+02:00,0.20190038275283007,0.22287459902608478,0.0921519235021387,-2.9802122345903963,1.4117366690085609,-2.6329335788828216,0.8226337055297295,-0.6004416867941312,-0.3128667538843293,0.06758780825676114,-0.8100345095934114,0.4250053318341154,50.0,51.0,51.0,41.0,42.0,26.0,30.0,26.0,51.0,98.5,3975442432,1557241856,1606008832,11.13,9.25,8.22,25297891328,9399521280
2026-05-06T15:37:34.867769+02:00,0.20190038275283007,0.22287459902608478,0.0921519235021387,-2.9802122345903963,1.4117366690085609,-2.6329335788828216,0.8226337055297295,-0.6004416867941312,-0.3128667538843293,0.06758780825676114,-0.8100345095934114,0.4250053318341154,50.0,51.0,51.0,41.0,42.0,26.0,30.0,26.0,51.0,98.5,3975442432,1557241856,1606008832,11.13,9.25,8.22,25297891328,9399521280
2026-05-06T15:37:34.922794+02:00,0.20190038275283007,0.22287459902608478,0.0921519235021387,-2.9802122345903963,1.4117366690085609,-2.6329335788828216,0.8226337055297295,-0.6004416867941312,-0.3128667538843293,0.06758780825676114,-0.8100345095934114,0.4250053318341154,50.0,51.0,51.0,41.0,42.0,26.0,30.0,26.0,51.0,98.5,3975442432,1557241856,1606008832,11.13,9.25,8.22,25297891328,9399521280
2026-05-06T15:37:34.977962+02:00,0.20190038275283007,0.22287459902608478,0.0921519235021387,-2.9802122345903963,1.4117366690085609,-2.6329335788828216,0.8226337055297295,-0.6004416867941312,-0.3128667538843293,0.06758780825676114,-0.8100345095934114,0.4250053318341154,50.0,51.0,51.0,41.0,42.0,26.0,30.0,26.0,51.0,98.5,3975442432,1557241856,1606008832,11.13,9.25,8.22,25297891328,9399521280
2026-05-06T15:37:35.032826+02:00,0.20190038275283007,0.22287459902608478,0.0921519235021387,-2.9802122345903963,1.4117366690085609,-2.6329335788828216,0.8226337055297295,-0.6004416867941312,-0.3128667538843293,0.06758780825676114,-0.8100345095934114,0.4250053318341154,50.0,51.0,51.0,41.0,42.0,26.0,30.0,26.0,51.0,98.5,3975442432,1557241856,1606008832,11.13,9.25,8.22,25297891328,9399521280
2026-05-06T15:37:35.086108+02:00,0.20190038275283007,0.22287459902608478,0.0921519235021387,-2.9802122345903963,1.4117366690085609,-2.6329335788828216,0.8226337055297295,-0.5989267410034002,-0.3128667538843293,0.06758780825676114,-0.8115684903812972,0.4250053318341154,50.0,51.0,51.0,41.0,42.0,26.0,30.0,26.0,51.0,98.5,3975442432,1557241856,1606008832,11.13,9.25,8.22,25297891328,9399521280
2026-05-06T15:37:35.136991+02:00,0.20190038275283007,0.22287459902608478,0.0921519235021387,-2.9802122345903963,1.4117366690085609,-2.6329335788828216,0.8226337055297295,-0.5928669578404758,-0.3113518080935982,0.06758780825676114,-0.8131024711691826,0.4250053318341154,50.0,51.0,51.0,41.0,42.0,26.0,30.0,26.0,51.0,98.5,3975442432,1557241856,1606008832,11.13,9.25,8.22,25297891328,9399521280
2026-05-06T15:37:35.187138+02:00,0.2023664316748467,0.22338646454945565,0.0942340754689149,-2.992941293060477,1.417448025801148,-2.6454440925438036,0.8226337055297295,-0.5898370662590137,-0.3113518080935982,0.06758780825676114,-0.8177044135328395,0.4250053318341154,50.0,51.0,51.0,41.0,42.0,26.0,30.0,26.0,51.0,98.5,3975442432,1557241856,1606008832,11.13,9.25,8.22,25297891328,9399521280
2026-05-06T15:37:35.239005+02:00,0.2023664316748467,0.22338646454945565,0.0942340754689149,-2.992941293060477,1.417448025801148,-2.6454440925438036,0.8226337055297295,-0.5868071746775517,-0.3098368623028671,0.06758780825676114,-0.8253743174722676,0.4250053318341154,50.0,51.0,51.0,41.0,42.0,26.0,30.0,26.0,51.0,99.23,3975442432,1584787456,1578463232,11.13,9.25,8.22,25297891328,9399537664
2026-05-06T15:37:35.292970+02:00,0.2023664316748467,0.22338646454945565,0.0942340754689149,-2.992941293060477,1.417448025801148,-2.6454440925438036,0.8226337055297295,-0.5792324457238963,-0.30680697072140495,0.06605382746887534,-0.8376461637753527,0.4250053318341154,50.0,51.0,51.0,41.0,42.0,26.0,30.0,26.0,51.0,99.23,3975442432,1584787456,1578463232,11.13,9.25,8.22,25297891328,9399537664
2026-05-06T15:37:35.343553+02:00,0.2023664316748467,0.22338646454945565,0.0942340754689149,-2.992941293060477,1.417448025801148,-2.6454440925438036,0.8226337055297295,-0.5746876083517031,-0.30680697072140495,0.06605382746887534,-0.8422481061390097,0.4250053318341154,50.0,51.0,51.0,41.0,42.0,26.0,30.0,26.0,51.0,99.23,3975442432,1584787456,1578463232,11.13,9.25,8.22,25297891328,9399537664
2026-05-06T15:37:35.394103+02:00,0.20233987548811688,0.2233964853903509,0.09965223727130848,-2.9826031138774023,1.4113180683902347,-2.6329465423438547,0.8226337055297295,-0.5686278251887787,-0.3037770791399428,0.06605382746887534,-0.8483840292905525,0.4265393126220012,50.0,51.0,51.0,41.0,42.0,26.0,30.0,26.0,51.0,99.23,3975442432,1584787456,1578463232,11.13,9.25,8.22,25297891328,9399537664
2026-05-06T15:37:35.447868+02:00,0.20233987548811688,0.2233964853903509,0.09965223727130848,-2.9826031138774023,1.4113180683902347,-2.6329465423438547,0.8226337055297295,-0.5610530962351233,-0.3022621333492117,0.06605382746887534,-0.8621898563815233,0.4265393126220012,50.0,51.0,51.0,41.0,42.0,26.0,30.0,26.0,51.0,99.23,3975442432,1584787456,1578463232,11.13,9.25,8.22,25297891328,9399537664
2026-05-06T15:37:35.502892+02:00,0.20233987548811688,0.2233964853903509,0.09965223727130848,-2.9826031138774023,1.4113180683902347,-2.6329465423438547,0.8226337055297295,-0.5534783672814679,-0.3007471875584806,0.06605382746887534,-0.8729277218967231,0.4265393126220012,50.0,51.0,51.0,41.0,42.0,26.0,30.0,26.0,51.0,99.23,3975442432,1584787456,1578463232,11.13,9.25,8.22,25297891328,9399537664
2026-05-06T15:37:35.554353+02:00,0.20233987548811688,0.2233964853903509,0.09965223727130848,-2.9826031138774023,1.4113180683902347,-2.6329465423438547,0.8226337055297295,-0.5534783672814679,-0.3007471875584806,0.06605382746887534,-0.8729277218967231,0.4265393126220012,50.0,51.0,51.0,41.0,42.0,26.0,30.0,26.0,51.0,99.23,3975442432,1584787456,1578463232,11.13,9.25,8.22,25297891328,9399537664
2026-05-06T15:37:35.605377+02:00,0.20233987548811688,0.2233964853903509,0.09965223727130848,-2.9826031138774023,1.4113180683902347,-2.6329465423438547,0.8226337055297295,-0.5534783672814679,-0.3007471875584806,0.06605382746887534,-0.8729277218967231,0.4265393126220012,50.0,51.0,51.0,41.0,42.0,26.0,30.0,26.0,51.0,99.23,3975442432,1584787456,1578463232,11.13,9.25,8.22,25297891328,9399537664
2026-05-06T15:37:35.656401+02:00,0.2024226361476436,0.22376804822030244,0.11191896720334242,-2.988366490153302,1.4072334255891268,-2.638110952672341,0.8226337055297295,-0.5156047225131909,-0.29014256702336305,0.06605382746887534,-0.92661704947272,0.42807329340988653,50.0,51.0,51.0,41.0,42.0,26.0,30.0,26.0,51.0,99.23,3975442432,1584787456,1578463232,11.13,9.25,8.22,25297891328,9399537664
2026-05-06T15:37:35.711565+02:00,0.2024226361476436,0.22376804822030244,0.11191896720334242,-2.988366490153302,1.4072334255891268,-2.638110952672341,0.8226337055297295,-0.5080299935595355,-0.28862762123263197,0.06605382746887534,-0.9327529726242623,0.42807329340988653,50.0,51.0,51.0,41.0,42.0,26.0,30.0,26.0,51.0,99.23,3975442432,1584787456,1578463232,11.13,9.25,8.22,25297891328,9399537664
2026-05-06T15:37:35.766931+02:00,0.20225072284979703,0.2238861998157445,0.1268500878398672,-3.0007161008590963,1.4058895985254924,-2.6493789691234704,0.8226337055297295,-0.498940318815149,-0.2871126754419009,0.06605382746887534,-0.9419568573515762,0.42807329340988653,50.0,51.0,51.0,41.0,42.0,26.0,30.0,26.0,51.0,99.23,3975442432,1584787456,1578463232,11.13,9.25,8.22,25297891328,9399537664
2026-05-06T15:37:35.817968+02:00,0.20225072284979703,0.2238861998157445,0.1268500878398672,-3.0007161008590963,1.4058895985254924,-2.6493789691234704,0.8226337055297295,-0.48985064407076273,-0.2855977296511698,0.06298586589310418,-0.9496267612910043,0.42960727419777234,50.0,51.0,51.0,41.0,42.0,26.0,30.0,26.0,51.0,99.23,3975442432,1584787456,1578463232,11.13,9.25,8.22,25297891328,9399537664
2026-05-06T15:37:35.871036+02:00,0.20225072284979703,0.2238861998157445,0.1268500878398672,-3.0007161008590963,1.4058895985254924,-2.6493789691234704,0.8226337055297295,-0.4822759151171073,-0.2840827838604387,0.06298586589310418,-0.9572966652304333,0.42960727419777234,50.0,51.0,51.0,41.0,42.0,26.0,30.0,26.0,51.0,99.23,3975442432,1584787456,1578463232,11.13,9.25,8.22,25297891328,9399537664
2026-05-06T15:37:35.926058+02:00,0.20225072284979703,0.2238861998157445,0.1268500878398672,-3.0007161008590963,1.4058895985254924,-2.6493789691234704,0.8226337055297295,-0.4747011861634519,-0.28256783806970764,0.06298586589310418,-0.9665005499577464,0.42960727419777234,50.0,51.0,51.0,41.0,42.0,26.0,30.0,26.0,51.0,99.23,3975442432,1584787456,1578463232,11.13,9.25,8.22,25297891328,9399537664
2026-05-06T15:37:35.981092+02:00,0.20208341668707538,0.22357083507304945,0.1360196638464236,-3.0021461347934792,1.4102278474311294,-2.6488872356994175,0.8226337055297295,-0.4671264572097965,-0.28256783806970764,0.06298586589310418,-0.969568511533518,0.43114125498565814,50.0,51.0,51.0,41.0,42.0,26.0,30.0,26.0,51.0,99.23,3975442432,1584787456,1578463232,11.13,9.25,8.22,25297891328,9399537664
2026-05-06T15:37:36.033012+02:00,0.20208341668707538,0.22357083507304945,0.1360196638464236,-3.0021461347934792,1.4102278474311294,-2.6488872356994175,0.8226337055297295,-0.4610666740468722,-0.28105289227897656,0.06298586589310418,-0.9726364731092896,0.43114125498565814,50.0,51.0,51.0,41.0,42.0,26.0,30.0,26.0,51.0,99.23,3975442432,1584787456,1578463232,11.13,9.25,8.22,25297891328,9399537664
2026-05-06T15:37:36.088066+02:00,0.20208341668707538,0.22357083507304945,0.1360196638464236,-3.0021461347934792,1.4102278474311294,-2.6488872356994175,0.8226337055297295,-0.45652183667467894,-0.28105289227897656,0.059917904317333015,-0.9787723962608319,0.43114125498565814,50.0,51.0,51.0,41.0,42.0,26.0,30.0,26.0,51.0,99.23,3975442432,1584787456,1578463232,11.13,9.25,8.22,25297891328,9399537664
2026-05-06T15:37:36.138725+02:00,0.20208341668707538,0.22357083507304945,0.1360196638464236,-3.0021461347934792,1.4102278474311294,-2.6488872356994175,0.8226337055297295,-0.45652183667467894,-0.28105289227897656,0.059917904317333015,-0.9787723962608319,0.43114125498565814,50.0,51.0,51.0,41.0,42.0,26.0,30.0,26.0,51.0,99.23,3975442432,1584787456,1578463232,11.13,9.25,8.22,25297891328,9399537664
2026-05-06T15:37:36.188906+02:00,0.20205743708599772,0.2233171887339957,0.14181768939866163,-3.0055872051832635,1.4178340267064753,-2.6511631296206977,0.8226337055297295,-0.45652183667467894,-0.28105289227897656,0.059917904317333015,-0.9787723962608319,0.43114125498565814,50.0,51.0,51.0,41.0,42.0,26.0,30.0,26.0,51.0,99.23,3975442432,1584787456,1578463232,11.13,9.25,8.22,25297891328,9399537664
2026-05-06T15:37:36.243916+02:00,0.20205743708599772,0.2233171887339957,0.14181768939866163,-3.0055872051832635,1.4178340267064753,-2.6511631296206977,0.8226337055297295,-0.45652183667467894,-0.28105289227897656,0.059917904317333015,-0.9787723962608319,0.43114125498565814,50.0,51.0,51.0,41.0,42.0,26.0,30.0,26.0,51.0,94.12,3975442432,1589055488,1574158336,11.13,9.25,8.22,25297891328,9399554048
2026-05-06T15:37:36.295103+02:00,0.20205743708599772,0.2233171887339957,0.14181768939866163,-3.0055872051832635,1.4178340267064753,-2.6511631296206977,0.8226337055297295,-0.45652183667467894,-0.28105289227897656,0.059917904317333015,-0.9787723962608319,0.43114125498565814,50.0,51.0,51.0,41.0,42.0,26.0,30.0,26.0,51.0,94.12,3975442432,1589055488,1574158336,11.13,9.25,8.22,25297891328,9399554048
2026-05-06T15:37:36.350170+02:00,0.20205743708599772,0.2233171887339957,0.14181768939866163,-3.0055872051832635,1.4178340267064753,-2.6511631296206977,0.8226337055297295,-0.45652183667467894,-0.28105289227897656,0.059917904317333015,-0.9787723962608319,0.43114125498565814,50.0,51.0,51.0,41.0,42.0,26.0,30.0,26.0,51.0,94.12,3975442432,1589055488,1574158336,11.13,9.25,8.22,25297891328,9399554048
2026-05-06T15:37:36.404644+02:00,0.20205743708599772,0.2233171887339957,0.14181768939866163,-3.0055872051832635,1.4178340267064753,-2.6511631296206977,0.8226337055297295,-0.45652183667467894,-0.28105289227897656,0.059917904317333015,-0.9787723962608319,0.43114125498565814,50.0,51.0,51.0,41.0,42.0,26.0,30.0,26.0,51.0,94.12,3975442432,1589055488,1574158336,11.13,9.25,8.22,25297891328,9399554048
2026-05-06T15:37:36.455930+02:00,0.20205743708599772,0.2233171887339957,0.14181768939866163,-3.0055872051832635,1.4178340267064753,-2.6511631296206977,0.8226337055297295,-0.45652183667467894,-0.28105289227897656,0.059917904317333015,-0.9787723962608319,0.43114125498565814,50.0,51.0,50.0,41.0,42.0,26.0,30.0,26.0,53.0,94.12,3975442432,1589055488,1574158336,11.13,9.25,8.22,25297891328,9399554048
2026-05-06T15:37:36.510622+02:00,0.20205743708599772,0.2233171887339957,0.14181768939866163,-3.0055872051832635,1.4178340267064753,-2.6511631296206977,0.8287214139606855,-0.4519769993024857,-0.28105289227897656,0.059917904317333015,-0.9787723962608319,0.43114125498565814,50.0,51.0,50.0,41.0,42.0,26.0,30.0,26.0,53.0,94.12,3975442432,1589055488,1574158336,11.13,9.25,8.22,25297891328,9399554048
2026-05-06T15:37:36.565645+02:00,0.20205743708599772,0.2233171887339957,0.14181768939866163,-3.0055872051832635,1.4178340267064753,-2.6511631296206977,0.8317652681761638,-0.44894710772102353,-0.28105289227897656,0.059917904317333015,-0.9803063770487177,0.43114125498565814,50.0,51.0,50.0,41.0,42.0,26.0,30.0,26.0,53.0,94.12,3975442432,1589055488,1574158336,11.13,9.25,8.22,25297891328,9399554048
2026-05-06T15:37:36.620656+02:00,0.20205743708599772,0.2233171887339957,0.14181768939866163,-3.0055872051832635,1.4178340267064753,-2.6511631296206977,0.8317652681761638,-0.44894710772102353,-0.28105289227897656,0.059917904317333015,-0.9803063770487177,0.43114125498565814,50.0,51.0,50.0,41.0,42.0,26.0,30.0,26.0,53.0,94.12,3975442432,1589055488,1574158336,11.13,9.25,8.22,25297891328,9399554048
2026-05-06T15:37:36.676163+02:00,0.20076730639849974,0.22462282937064718,0.14318655358425889,-3.0155936473396543,1.4221230478675109,-2.654968300213354,0.8469845392535542,-0.4368275413951749,-0.28105289227897656,0.06451984668098998,-0.9803063770487177,0.43114125498565814,50.0,51.0,50.0,41.0,42.0,26.0,30.0,26.0,53.0,94.12,3975442432,1589055488,1574158336,11.13,9.25,8.22,25297891328,9399554048
2026-05-06T15:37:36.730001+02:00,0.20076730639849974,0.22462282937064718,0.14318655358425889,-3.0155936473396543,1.4221230478675109,-2.654968300213354,0.8561161018999885,-0.43076775823225055,-0.28105289227897656,0.06605382746887534,-0.9849083194123742,0.43114125498565814,50.0,51.0,50.0,41.0,42.0,26.0,30.0,26.0,53.0,94.12,3975442432,1589055488,1574158336,11.13,9.25,8.22,25297891328,9399554048
2026-05-06T15:37:36.780692+02:00,0.20076730639849974,0.22462282937064718,0.14318655358425889,-3.0155936473396543,1.4221230478675109,-2.654968300213354,0.8591599561154668,-0.4262229208600573,-0.2795379464882455,0.0691217890446465,-0.9879762809881458,0.43114125498565814,50.0,51.0,50.0,41.0,42.0,26.0,30.0,26.0,53.0,94.12,3975442432,1589055488,1574158336,11.13,9.25,8.22,25297891328,9399554048
2026-05-06T15:37:36.834114+02:00,0.1941784360640559,0.23025214973392275,0.14960590475711277,-3.0866756230791763,1.4343463062978026,-2.701703853161631,0.86981344586964,-0.4186481919064019,-0.2795379464882455,0.0706557698325323,-0.9895102617760316,0.43114125498565814,50.0,51.0,50.0,41.0,42.0,26.0,30.0,26.0,53.0,94.12,3975442432,1589055488,1574158336,11.13,9.25,8.22,25297891328,9399554048
2026-05-06T15:37:36.884566+02:00,0.1941784360640559,0.23025214973392275,0.14960590475711277,-3.0866756230791763,1.4343463062978026,-2.701703853161631,0.8804669356238137,-0.4095585171620154,-0.2795379464882455,0.07525771219618926,-0.9925782233518023,0.43114125498565814,50.0,51.0,50.0,41.0,42.0,26.0,30.0,26.0,53.0,94.12,3975442432,1589055488,1574158336,11.13,9.25,8.22,25297891328,9399554048
2026-05-06T15:37:36.937925+02:00,0.1941784360640559,0.23025214973392275,0.14960590475711277,-3.0866756230791763,1.4343463062978026,-2.701703853161631,0.8926423524857259,-0.4004688424176289,-0.2795379464882455,0.07832567377196042,-1.0002481272912305,0.43114125498565814,50.0,51.0,50.0,41.0,42.0,26.0,30.0,26.0,53.0,94.12,3975442432,1589055488,1574158336,11.13,9.25,8.22,25297891328,9399554048
2026-05-06T15:37:36.992980+02:00,0.18462319414651265,0.23728132955803832,0.1590817454641214,3.069535908252578,1.4442924796611318,-2.7980782224512497,0.9063396964553774,-0.38986422188251146,-0.2795379464882455,0.08292761613561739,-1.0048500696548879,0.43114125498565814,50.0,51.0,50.0,41.0,42.0,26.0,30.0,26.0,53.0,94.12,3975442432,1589055488,1574158336,11.13,9.25,8.22,25297891328,9399554048
2026-05-06T15:37:37.044218+02:00,0.18462319414651265,0.23728132955803832,0.1590817454641214,3.069535908252578,1.4442924796611318,-2.7980782224512497,0.9200370404250289,-0.3792596013473939,-0.2780230006975144,0.08446159692350319,-1.0094520120185444,0.43114125498565814,50.0,51.0,50.0,41.0,42.0,26.0,30.0,26.0,53.0,94.12,3975442432,1589055488,1574158336,11.13,9.25,8.22,25297891328,9399554048
2026-05-06T15:37:37.097639+02:00,0.18462319414651265,0.23728132955803832,0.1590817454641214,3.069535908252578,1.4442924796611318,-2.7980782224512497,0.9337343843946804,-0.36714003502154535,-0.2780230006975144,0.09059752007504551,-1.0171219159579725,0.4326752357735435,50.0,51.0,50.0,41.0,42.0,26.0,30.0,26.0,53.0,94.12,3975442432,1589055488,1574158336,11.13,9.25,8.22,25297891328,9399554048
2026-05-06T15:37:37.149321+02:00,0.18462319414651265,0.23728132955803832,0.1590817454641214,3.069535908252578,1.4442924796611318,-2.7980782224512497,0.9443878741488541,-0.35956530606788994,-0.2780230006975144,0.09519946243870248,-1.0201898775337441,0.4326752357735435,50.0,51.0,50.0,41.0,42.0,26.0,30.0,26.0,53.0,94.12,3975442432,1589055488,1574158336,11.13,9.25,8.22,25297891328,9399554048
2026-05-06T15:37:37.204365+02:00,0.17039549045344357,0.24618575469364876,0.1717248641879986,2.8637817007624258,1.453415340376248,-2.9610580043573873,0.9672167807649399,-0.3398710107883859,-0.2780230006975144,0.10133538559024524,-1.029393762261058,0.4326752357735435,50.0,51.0,50.0,41.0,42.0,26.0,30.0,26.0,53.0,94.12,3975442432,1589055488,1574158336,11.13,9.25,8.22,25297891328,9399554048
2026-05-06T15:37:37.259337+02:00,0.17039549045344357,0.24618575469364876,0.1717248641879986,2.8637817007624258,1.453415340376248,-2.9610580043573873,0.9870018331655475,-0.3232066070903441,-0.2780230006975144,0.10900528952967337,-1.0370636662004862,0.4326752357735435,50.0,51.0,50.0,41.0,42.0,26.0,30.0,26.0,53.0,90.98,3975442432,1588711424,1574350848,10.64,9.18,8.21,25297891328,9399558144
2026-05-06T15:37:37.310194+02:00,0.17039549045344357,0.24618575469364876,0.1717248641879986,2.8637817007624258,1.453415340376248,-2.9610580043573873,0.9870018331655475,-0.3232066070903441,-0.2780230006975144,0.10900528952967337,-1.0370636662004862,0.4326752357735435,50.0,51.0,50.0,41.0,42.0,26.0,30.0,26.0,53.0,90.98,3975442432,1588711424,1574350848,10.64,9.18,8.21,25297891328,9399558144
2026-05-06T15:37:37.365402+02:00,0.17039549045344357,0.24618575469364876,0.1717248641879986,2.8637817007624258,1.453415340376248,-2.9610580043573873,1.0174403753203287,-0.29593758285718463,-0.2765080549067833,0.11207325110544453,-1.0431995893520285,0.4326752357735435,50.0,51.0,50.0,41.0,42.0,26.0,30.0,26.0,53.0,90.98,3975442432,1588711424,1574350848,10.64,9.18,8.21,25297891328,9399558144
2026-05-06T15:37:37.420421+02:00,0.1495903063422626,0.25646722309031833,0.19103857229098994,2.471231087150899,1.4652776011144317,2.997355613413359,1.0433131361518924,-0.2732133959962185,-0.2765080549067833,0.12281111662064426,-1.0539374548672282,0.4326752357735435,50.0,51.0,50.0,41.0,42.0,26.0,30.0,26.0,53.0,90.98,3975442432,1588711424,1574350848,10.64,9.18,8.21,25297891328,9399558144
2026-05-06T15:37:37.475434+02:00,0.1495903063422626,0.25646722309031833,0.19103857229098994,2.471231087150899,1.4652776011144317,2.997355613413359,1.0433131361518924,-0.2732133959962185,-0.2765080549067833,0.12281111662064426,-1.0539374548672282,0.4326752357735435,50.0,51.0,50.0,41.0,42.0,26.0,30.0,26.0,53.0,90.98,3975442432,1588711424,1574350848,10.64,9.18,8.21,25297891328,9399558144
2026-05-06T15:37:37.531102+02:00,0.1495903063422626,0.25646722309031833,0.19103857229098994,2.471231087150899,1.4652776011144317,2.997355613413359,1.0433131361518924,-0.2732133959962185,-0.2765080549067833,0.12281111662064426,-1.0539374548672282,0.4326752357735435,50.0,51.0,50.0,41.0,42.0,26.0,30.0,26.0,53.0,90.98,3975442432,1588711424,1574350848,10.64,9.18,8.21,25297891328,9399558144
2026-05-06T15:37:37.583746+02:00,0.1495903063422626,0.25646722309031833,0.19103857229098994,2.471231087150899,1.4652776011144317,2.997355613413359,1.0433131361518924,-0.2732133959962185,-0.2765080549067833,0.12281111662064426,-1.0539374548672282,0.4326752357735435,50.0,51.0,50.0,41.0,42.0,26.0,30.0,26.0,53.0,90.98,3975442432,1588711424,1574350848,10.64,9.18,8.21,25297891328,9399558144
2026-05-06T15:37:37.635680+02:00,0.1495903063422626,0.25646722309031833,0.19103857229098994,2.471231087150899,1.4652776011144317,2.997355613413359,1.0433131361518924,-0.2732133959962185,-0.2765080549067833,0.12281111662064426,-1.0539374548672282,0.4326752357735435,50.0,51.0,50.0,41.0,42.0,26.0,30.0,26.0,53.0,90.98,3975442432,1588711424,1574350848,10.64,9.18,8.21,25297891328,9399558144
2026-05-06T15:37:37.690679+02:00,0.1495903063422626,0.25646722309031833,0.19103857229098994,2.471231087150899,1.4652776011144317,2.997355613413359,1.0433131361518924,-0.2732133959962185,-0.2765080549067833,0.12281111662064426,-1.0539374548672282,0.4326752357735435,50.0,51.0,50.0,41.0,42.0,26.0,30.0,26.0,53.0,90.98,3975442432,1588711424,1574350848,10.64,9.18,8.21,25297891328,9399558144
2026-05-06T15:37:37.741773+02:00,0.1289326358780192,0.26359918893154183,0.2083340292338875,2.1125926601959555,1.4578717694120262,2.702943838910285,1.1346287626162357,-0.1944362148782024,-0.27499310911605224,0.14121888607527167,-1.0830830898370558,0.4342092165614293,50.0,51.0,50.0,41.0,42.0,26.0,30.0,26.0,53.0,90.98,3975442432,1588711424,1574350848,10.64,9.18,8.21,25297891328,9399558144
2026-05-06T15:37:37.793227+02:00,0.1289326358780192,0.26359918893154183,0.2083340292338875,2.1125926601959555,1.4578717694120262,2.702943838910285,1.14376032526267,-0.1853465401338159,-0.27499310911605224,0.14275286686315747,-1.0830830898370558,0.4342092165614293,50.0,51.0,50.0,41.0,42.0,26.0,30.0,26.0,53.0,90.98,3975442432,1588711424,1574350848,10.64,9.18,8.21,25297891328,9399558144
2026-05-06T15:37:37.843386+02:00,0.11087824254632878,0.2674258801153667,0.22373549310546326,1.82571825588901,1.4408964044264636,2.4700127810455546,1.1574576692323215,-0.1701970822265052,-0.27347816332532116,0.14582082843892863,-1.0846170706249407,0.4342092165614293,50.0,51.0,50.0,41.0,42.0,26.0,30.0,26.0,53.0,90.98,3975442432,1588711424,1574350848,10.64,9.18,8.21,25297891328,9399558144
2026-05-06T15:37:37.893917+02:00,0.11087824254632878,0.2674258801153667,0.22373549310546326,1.82571825588901,1.4408964044264636,2.4700127810455546,1.163545377663278,-0.16413729906358088,-0.27347816332532116,0.14888879001470023,-1.0861510514128265,0.4342092165614293,50.0,51.0,50.0,41.0,42.0,26.0,30.0,26.0,53.0,90.98,3975442432,1588711424,1574350848,10.64,9.18,8.21,25297891328,9399558144
2026-05-06T15:37:37.944190+02:00,0.11087824254632878,0.2674258801153667,0.22373549310546326,1.82571825588901,1.4408964044264636,2.4700127810455546,1.1650673047710165,-0.1626223532728498,-0.27347816332532116,0.1504227708025856,-1.0876850322007123,0.4342092165614293,50.0,51.0,50.0,41.0,42.0,26.0,30.0,26.0,53.0,90.98,3975442432,1588711424,1574350848,10.64,9.18,8.21,25297891328,9399558144
2026-05-06T15:37:38.000222+02:00,0.10249357864415469,0.26834454328602625,0.23235358186074845,1.6943984157636578,1.4272467275682243,2.363695057756244,1.1772427216329295,-0.14898784115627006,-0.27347816332532116,0.1504227708025856,-1.0938209553522547,0.4342092165614293,50.0,51.0,50.0,41.0,42.0,26.0,30.0,26.0,53.0,90.98,3975442432,1588711424,1574350848,10.64,9.18,8.21,25297891328,9399558144
2026-05-06T15:37:38.052478+02:00,0.10249357864415469,0.26834454328602625,0.23235358186074845,1.6943984157636578,1.4272467275682243,2.363695057756244,1.178764648740668,-0.1459579495748079,-0.27347816332532116,0.1504227708025856,-1.0938209553522547,0.4342092165614293,50.0,51.0,50.0,41.0,42.0,26.0,30.0,26.0,53.0,90.98,3975442432,1588711424,1574350848,10.64,9.18,8.21,25297891328,9399558144
2026-05-06T15:37:38.107556+02:00,0.10249357864415469,0.26834454328602625,0.23235358186074845,1.6943984157636578,1.4272467275682243,2.363695057756244,1.1833304300638852,-0.14141311220261465,-0.27347816332532116,0.1519567515904714,-1.0938209553522547,0.4342092165614293,50.0,51.0,50.0,41.0,42.0,26.0,30.0,26.0,53.0,90.98,3975442432,1588711424,1574350848,10.64,9.18,8.21,25297891328,9399558144
2026-05-06T15:37:38.159144+02:00,0.10249357864415469,0.26834454328602625,0.23235358186074845,1.6943984157636578,1.4272467275682243,2.363695057756244,1.1833304300638852,-0.13989816641188357,-0.27347816332532116,0.1519567515904714,-1.0938209553522547,0.4342092165614293,50.0,51.0,50.0,41.0,42.0,26.0,30.0,26.0,53.0,90.98,3975442432,1588711424,1574350848,10.64,9.18,8.21,25297891328,9399558144
2026-05-06T15:37:38.212098+02:00,0.09822460151993605,0.26860037973008904,0.23712102478313352,1.6043760625413874,1.4196786884277819,2.2879263143047153,1.1833304300638852,-0.13989816641188357,-0.27347816332532116,0.1519567515904714,-1.0938209553522547,0.4342092165614293,50.0,51.0,50.0,41.0,42.0,26.0,30.0,26.0,53.0,90.98,3975442432,1588711424,1574350848,10.64,9.18,8.21,25297891328,9399558144
2026-05-06T15:37:38.262358+02:00,0.09822460151993605,0.26860037973008904,0.23712102478313352,1.6043760625413874,1.4196786884277819,2.2879263143047153,1.1833304300638852,-0.13989816641188357,-0.27347816332532116,0.1519567515904714,-1.0938209553522547,0.4342092165614293,50.0,51.0,50.0,41.0,42.0,26.0,30.0,26.0,53.0,90.98,3975442432,1588711424,1574350848,10.64,9.18,8.21,25297891328,9399558144
2026-05-06T15:37:38.317358+02:00,0.09822460151993605,0.26860037973008904,0.23712102478313352,1.6043760625413874,1.4196786884277819,2.2879263143047153,1.1833304300638852,-0.13989816641188357,-0.27347816332532116,0.1519567515904714,-1.0938209553522547,0.4342092165614293,50.0,51.0,50.0,41.0,42.0,26.0,30.0,26.0,53.0,90.98,3975442432,1588711424,1574350848,10.64,9.18,8.21,25297891328,9399558144
2026-05-06T15:37:38.368079+02:00,0.09822460151993605,0.26860037973008904,0.23712102478313352,1.6043760625413874,1.4196786884277819,2.2879263143047153,1.1833304300638852,-0.13989816641188357,-0.27347816332532116,0.1519567515904714,-1.0938209553522547,0.4342092165614293,50.0,51.0,50.0,41.0,42.0,26.0,30.0,26.0,53.0,97.83,3975442432,1551499264,1611571200,10.64,9.18,8.21,25297891328,9399570432
2026-05-06T15:37:38.418891+02:00,0.09822460151993605,0.26860037973008904,0.23712102478313352,1.6043760625413874,1.4196786884277819,2.2879263143047153,1.1833304300638852,-0.13989816641188357,-0.27347816332532116,0.1519567515904714,-1.0938209553522547,0.4342092165614293,50.0,51.0,50.0,41.0,42.0,26.0,30.0,26.0,53.0,97.83,3975442432,1551499264,1611571200,10.64,9.18,8.21,25297891328,9399570432
2026-05-06T15:37:38.469240+02:00,0.09822460151993605,0.26860037973008904,0.23712102478313352,1.6043760625413874,1.4196786884277819,2.2879263143047153,1.1833304300638852,-0.13989816641188357,-0.27347816332532116,0.1519567515904714,-1.0938209553522547,0.4342092165614293,50.0,51.0,51.0,41.0,42.0,26.0,30.0,26.0,53.0,97.83,3975442432,1551499264,1611571200,10.64,9.18,8.21,25297891328,9399570432
2026-05-06T15:37:38.519883+02:00,0.09822460151993605,0.26860037973008904,0.23712102478313352,1.6043760625413874,1.4196786884277819,2.2879263143047153,1.1833304300638852,-0.13989816641188357,-0.27347816332532116,0.1519567515904714,-1.0938209553522547,0.4342092165614293,50.0,51.0,51.0,41.0,42.0,26.0,30.0,26.0,53.0,97.83,3975442432,1551499264,1611571200,10.64,9.18,8.21,25297891328,9399570432
2026-05-06T15:37:38.570927+02:00,0.09822460151993605,0.26860037973008904,0.23712102478313352,1.6043760625413874,1.4196786884277819,2.2879263143047153,1.1833304300638852,-0.13989816641188357,-0.27347816332532116,0.1519567515904714,-1.0938209553522547,0.4342092165614293,50.0,51.0,51.0,41.0,42.0,26.0,30.0,26.0,53.0,97.83,3975442432,1551499264,1611571200,10.64,9.18,8.21,25297891328,9399570432
2026-05-06T15:37:38.622403+02:00,0.09822460151993605,0.26860037973008904,0.23712102478313352,1.6043760625413874,1.4196786884277819,2.2879263143047153,1.1833304300638852,-0.13989816641188357,-0.27347816332532116,0.1519567515904714,-1.0938209553522547,0.4342092165614293,50.0,51.0,51.0,41.0,42.0,26.0,30.0,26.0,53.0,97.83,3975442432,1551499264,1611571200,10.64,9.18,8.21,25297891328,9399570432
2026-05-06T15:37:38.681867+02:00,0.09822460151993605,0.26860037973008904,0.23712102478313352,1.6043760625413874,1.4196786884277819,2.2879263143047153,1.1833304300638852,-0.13989816641188357,-0.27347816332532116,0.1519567515904714,-1.0938209553522547,0.4342092165614293,50.0,51.0,51.0,41.0,42.0,26.0,30.0,26.0,53.0,97.83,3975442432,1551499264,1611571200,10.64,9.18,8.21,25297891328,9399570432
2026-05-06T15:37:38.736954+02:00,0.09822460151993605,0.26860037973008904,0.23712102478313352,1.6043760625413874,1.4196786884277819,2.2879263143047153,1.1833304300638852,-0.13989816641188357,-0.27347816332532116,0.1519567515904714,-1.0938209553522547,0.4342092165614293,50.0,51.0,51.0,41.0,42.0,26.0,30.0,26.0,53.0,97.83,3975442432,1551499264,1611571200,10.64,9.18,8.21,25297891328,9399570432
2026-05-06T15:37:38.789010+02:00,0.09822460151993605,0.26860037973008904,0.23712102478313352,1.6043760625413874,1.4196786884277819,2.2879263143047153,1.1833304300638852,-0.13989816641188357,-0.27347816332532116,0.1519567515904714,-1.0938209553522547,0.4342092165614293,50.0,51.0,51.0,41.0,42.0,26.0,30.0,26.0,53.0,97.83,3975442432,1551499264,1611571200,10.64,9.18,8.21,25297891328,9399570432
2026-05-06T15:37:38.843266+02:00,0.09822460151993605,0.26860037973008904,0.23712102478313352,1.6043760625413874,1.4196786884277819,2.2879263143047153,1.1833304300638852,-0.13989816641188357,-0.27347816332532116,0.1519567515904714,-1.0938209553522547,0.4342092165614293,50.0,51.0,51.0,41.0,42.0,26.0,30.0,26.0,53.0,97.83,3975442432,1551499264,1611571200,10.64,9.18,8.21,25297891328,9399570432
2026-05-06T15:37:38.893977+02:00,0.09822460151993605,0.26860037973008904,0.23712102478313352,1.6043760625413874,1.4196786884277819,2.2879263143047153,1.1833304300638852,-0.13989816641188357,-0.27347816332532116,0.1534907323783572,-1.0938209553522547,0.4342092165614293,50.0,51.0,51.0,41.0,42.0,26.0,30.0,26.0,53.0,97.83,3975442432,1551499264,1611571200,10.64,9.18,8.21,25297891328,9399570432
2026-05-06T15:37:38.948996+02:00,0.09822460151993605,0.26860037973008904,0.23712102478313352,1.6043760625413874,1.4196786884277819,2.2879263143047153,1.1833304300638852,-0.13989816641188357,-0.27347816332532116,0.1519567515904714,-1.0938209553522547,0.4342092165614293,50.0,51.0,51.0,41.0,42.0,26.0,30.0,26.0,53.0,97.83,3975442432,1551499264,1611571200,10.64,9.18,8.21,25297891328,9399570432
2026-05-06T15:37:39.001346+02:00,0.09822460151993605,0.26860037973008904,0.23712102478313352,1.6043760625413874,1.4196786884277819,2.2879263143047153,1.1833304300638852,-0.13989816641188357,-0.27347816332532116,0.1534907323783572,-1.0953549361401405,0.4342092165614293,50.0,51.0,51.0,41.0,42.0,26.0,30.0,26.0,53.0,97.83,3975442432,1551499264,1611571200,10.64,9.18,8.21,25297891328,9399570432
2026-05-06T15:37:39.056405+02:00,0.09822460151993605,0.26860037973008904,0.23712102478313352,1.6043760625413874,1.4196786884277819,2.2879263143047153,1.1833304300638852,-0.13989816641188357,-0.27347816332532116,0.1519567515904714,-1.098422897715912,0.4342092165614293,50.0,51.0,51.0,41.0,42.0,26.0,30.0,26.0,53.0,97.83,3975442432,1551499264,1611571200,10.64,9.18,8.21,25297891328,9399570432
2026-05-06T15:37:39.108266+02:00,0.09822460151993605,0.26860037973008904,0.23712102478313352,1.6043760625413874,1.4196786884277819,2.2879263143047153,1.1833304300638852,-0.13989816641188357,-0.27347816332532116,0.1519567515904714,-1.098422897715912,0.4342092165614293,50.0,51.0,51.0,41.0,42.0,26.0,30.0,26.0,53.0,97.83,3975442432,1551499264,1611571200,10.64,9.18,8.21,25297891328,9399570432
2026-05-06T15:37:39.160017+02:00,0.09822460151993605,0.26860037973008904,0.23712102478313352,1.6043760625413874,1.4196786884277819,2.2879263143047153,1.1833304300638852,-0.13989816641188357,-0.27347816332532116,0.1519567515904714,-1.098422897715912,0.4342092165614293,50.0,51.0,51.0,41.0,42.0,26.0,30.0,26.0,53.0,97.83,3975442432,1551499264,1611571200,10.64,9.18,8.21,25297891328,9399570432
2026-05-06T15:37:39.211119+02:00,0.09805172946173618,0.26826204847094703,0.23705732781577696,1.6325318553113735,1.4214137800272064,2.3164028801357706,1.1833304300638852,-0.13989816641188357,-0.27347816332532116,0.1534907323783572,-1.098422897715912,0.4342092165614293,50.0,51.0,51.0,41.0,42.0,26.0,30.0,26.0,53.0,97.83,3975442432,1551499264,1611571200,10.64,9.18,8.21,25297891328,9399570432
2026-05-06T15:37:39.266136+02:00,0.09805172946173618,0.26826204847094703,0.23705732781577696,1.6325318553113735,1.4214137800272064,2.3164028801357706,1.1833304300638852,-0.13989816641188357,-0.27347816332532116,0.1519567515904714,-1.098422897715912,0.4342092165614293,50.0,51.0,51.0,41.0,42.0,26.0,30.0,26.0,53.0,91.54,3975442432,1550905344,1612169216,10.64,9.18,8.21,25297891328,9399570432
2026-05-06T15:37:39.320940+02:00,0.09805172946173618,0.26826204847094703,0.23705732781577696,1.6325318553113735,1.4214137800272064,2.3164028801357706,1.1833304300638852,-0.13989816641188357,-0.27347816332532116,0.1519567515904714,-1.098422897715912,0.4342092165614293,50.0,51.0,51.0,41.0,42.0,26.0,30.0,26.0,53.0,91.54,3975442432,1550905344,1612169216,10.64,9.18,8.21,25297891328,9399570432
2026-05-06T15:37:39.371670+02:00,0.09805172946173618,0.26826204847094703,0.23705732781577696,1.6325318553113735,1.4214137800272064,2.3164028801357706,1.1833304300638852,-0.13989816641188357,-0.27347816332532116,0.1519567515904714,-1.098422897715912,0.4342092165614293,50.0,51.0,51.0,41.0,42.0,26.0,30.0,26.0,53.0,91.54,3975442432,1550905344,1612169216,10.64,9.18,8.21,25297891328,9399570432
2026-05-06T15:37:39.423539+02:00,0.09805172946173618,0.26826204847094703,0.23705732781577696,1.6325318553113735,1.4214137800272064,2.3164028801357706,1.1833304300638852,-0.13989816641188357,-0.27347816332532116,0.1519567515904714,-1.098422897715912,0.4342092165614293,50.0,51.0,51.0,41.0,42.0,26.0,30.0,26.0,53.0,91.54,3975442432,1550905344,1612169216,10.64,9.18,8.21,25297891328,9399570432
2026-05-06T15:37:39.478561+02:00,0.09805172946173618,0.26826204847094703,0.23705732781577696,1.6325318553113735,1.4214137800272064,2.3164028801357706,1.1833304300638852,-0.13989816641188357,-0.27347816332532116,0.1519567515904714,-1.098422897715912,0.4342092165614293,50.0,51.0,51.0,41.0,42.0,26.0,30.0,26.0,53.0,91.54,3975442432,1550905344,1612169216,10.64,9.18,8.21,25297891328,9399570432
2026-05-06T15:37:39.530153+02:00,0.09805172946173618,0.26826204847094703,0.23705732781577696,1.6325318553113735,1.4214137800272064,2.3164028801357706,1.1833304300638852,-0.13989816641188357,-0.27347816332532116,0.1534907323783572,-1.098422897715912,0.4342092165614293,50.0,51.0,51.0,41.0,42.0,26.0,30.0,26.0,53.0,91.54,3975442432,1550905344,1612169216,10.64,9.18,8.21,25297891328,9399570432
2026-05-06T15:37:39.580995+02:00,0.09805172946173618,0.26826204847094703,0.23705732781577696,1.6325318553113735,1.4214137800272064,2.3164028801357706,1.1833304300638852,-0.13989816641188357,-0.27499310911605224,0.1519567515904714,-1.098422897715912,0.4342092165614293,50.0,51.0,51.0,41.0,42.0,26.0,30.0,26.0,53.0,91.54,3975442432,1550905344,1612169216,10.64,9.18,8.21,25297891328,9399570432
2026-05-06T15:37:39.632719+02:00,0.09805172946173618,0.26826204847094703,0.23705732781577696,1.6325318553113735,1.4214137800272064,2.3164028801357706,1.1878962113871023,-0.1368682748304214,-0.2780230006975144,0.1519567515904714,-1.098422897715912,0.4342092165614293,50.0,51.0,51.0,41.0,42.0,26.0,30.0,26.0,53.0,91.54,3975442432,1550905344,1612169216,10.64,9.18,8.21,25297891328,9399570432
2026-05-06T15:37:39.685140+02:00,0.09805172946173618,0.26826204847094703,0.23705732781577696,1.6325318553113735,1.4214137800272064,2.3164028801357706,1.1924619927103195,-0.13232343745822828,-0.28256783806970764,0.1504227708025856,-1.098422897715912,0.4342092165614293,50.0,51.0,51.0,41.0,42.0,26.0,30.0,26.0,53.0,91.54,3975442432,1550905344,1612169216,10.64,9.18,8.21,25297891328,9399570432
2026-05-06T15:37:39.740217+02:00,0.09805172946173618,0.26826204847094703,0.23705732781577696,1.6325318553113735,1.4214137800272064,2.3164028801357706,1.1924619927103195,-0.13232343745822828,-0.28256783806970764,0.1504227708025856,-1.098422897715912,0.4342092165614293,50.0,51.0,51.0,41.0,42.0,26.0,30.0,26.0,53.0,91.54,3975442432,1550905344,1612169216,10.64,9.18,8.21,25297891328,9399570432
2026-05-06T15:37:39.794807+02:00,0.09805172946173618,0.26826204847094703,0.23705732781577696,1.6325318553113735,1.4214137800272064,2.3164028801357706,1.1924619927103195,-0.13232343745822828,-0.28256783806970764,0.1504227708025856,-1.098422897715912,0.4342092165614293,50.0,51.0,51.0,41.0,42.0,26.0,30.0,26.0,53.0,91.54,3975442432,1550905344,1612169216,10.64,9.18,8.21,25297891328,9399570432
2026-05-06T15:37:39.849825+02:00,0.09271779051387243,0.26602215087917475,0.2364479083229446,1.6726852212406371,1.4268808584309132,2.373004195722421,1.2076812637877103,-0.11868892534164854,-0.29923224176774954,0.14888879001470023,-1.1060928016553402,0.4342092165614293,50.0,51.0,51.0,41.0,42.0,26.0,30.0,26.0,53.0,91.54,3975442432,1550905344,1612169216,10.64,9.18,8.21,25297891328,9399570432
2026-05-06T15:37:39.899881+02:00,0.09271779051387243,0.26602215087917475,0.2364479083229446,1.6726852212406371,1.4268808584309132,2.373004195722421,1.2152908993264053,-0.11111419638799314,-0.30832191651213603,0.14121888607527167,-1.1091607632311118,0.4342092165614293,50.0,51.0,51.0,41.0,42.0,26.0,30.0,26.0,53.0,91.54,3975442432,1550905344,1612169216,10.64,9.18,8.21,25297891328,9399570432
2026-05-06T15:37:39.952110+02:00,0.09271779051387243,0.26602215087917475,0.2364479083229446,1.6726852212406371,1.4268808584309132,2.373004195722421,1.2244224619728397,-0.10505441322506881,-0.3174115912565225,0.1381509244995005,-1.1122287248068825,0.4342092165614293,50.0,51.0,51.0,41.0,42.0,26.0,30.0,26.0,53.0,91.54,3975442432,1550905344,1612169216,10.64,9.18,8.21,25297891328,9399570432
2026-05-06T15:37:40.007147+02:00,0.08432631263387688,0.2622415703504432,0.23591413070763095,1.7536983942467508,1.440752336655436,2.484916751348569,1.2365978788347527,-0.09596473848068232,-0.33104610337310225,0.13048102056007238,-1.1214326095341964,0.4342092165614293,50.0,51.0,51.0,41.0,42.0,26.0,30.0,26.0,53.0,91.54,3975442432,1550905344,1612169216,10.64,9.18,8.21,25297891328,9399570432
2026-05-06T15:37:40.062186+02:00,0.08432631263387688,0.2622415703504432,0.23591413070763095,1.7536983942467508,1.440752336655436,2.484916751348569,1.2442075143734477,-0.08839000952702691,-0.33862083232675744,0.12894703977218658,-1.124500571109968,0.4342092165614293,50.0,51.0,51.0,41.0,42.0,26.0,30.0,26.0,53.0,91.54,3975442432,1550905344,1612169216,10.64,9.18,8.21,25297891328,9399570432
2026-05-06T15:37:40.117249+02:00,0.08432631263387688,0.2622415703504432,0.23591413070763095,1.7536983942467508,1.440752336655436,2.484916751348569,1.2579048583430992,-0.07627044320117837,-0.35377029023406836,0.12434509740852961,-1.1291025134736246,0.4342092165614293,50.0,51.0,51.0,41.0,42.0,26.0,30.0,26.0,53.0,91.54,3975442432,1550905344,1612169216,10.64,9.18,8.21,25297891328,9399570432
2026-05-06T15:37:40.172720+02:00,0.07085269343152602,0.25392397985653564,0.23407149093474877,2.0349712443708636,1.4648871995998871,2.818819501915631,1.2716022023127507,-0.0656658226660608,-0.36891974814137907,0.11360723189333033,-1.1398403789888243,0.4342092165614293,50.0,51.0,51.0,41.0,42.0,26.0,30.0,26.0,53.0,91.54,3975442432,1550905344,1612169216,10.64,9.18,8.21,25297891328,9399570432
2026-05-06T15:37:40.224018+02:00,0.07085269343152602,0.25392397985653564,0.23407149093474877,2.0349712443708636,1.4648871995998871,2.818819501915631,1.2852995462824022,-0.05354625634021215,-0.3840692060486899,0.10900528952967337,-1.1444423213524808,0.4342092165614293,50.0,51.0,51.0,41.0,42.0,26.0,30.0,26.0,53.0,91.54,3975442432,1550905344,1612169216,10.64,9.18,8.21,25297891328,9399570432
2026-05-06T15:37:40.275995+02:00,0.07085269343152602,0.25392397985653564,0.23407149093474877,2.0349712443708636,1.4648871995998871,2.818819501915631,1.3020407444675315,-0.03991174422363242,-0.40224855553746286,0.1044033471660164,-1.152112225291909,0.4342092165614293,50.0,51.0,51.0,41.0,42.0,26.0,30.0,26.0,53.0,91.54,3975442432,1550905344,1612169216,10.64,9.18,8.21,25297891328,9399570432
2026-05-06T15:37:40.328509+02:00,0.07085269343152602,0.25392397985653564,0.23407149093474877,2.0349712443708636,1.4648871995998871,2.818819501915631,1.3066065257907487,-0.035366906851439284,-0.406793392909656,0.09826742401447408,-1.1613161100192229,0.4342092165614293,50.0,51.0,51.0,41.0,42.0,26.0,30.0,26.0,53.0,96.88,3975442432,1551310848,1611747328,10.64,9.18,8.21,25297891328,9399586816
2026-05-06T15:37:40.380430+02:00,0.0530397205878384,0.24150970532434288,0.23124076036272118,2.5355976370207194,1.4761205523096725,-2.8912711596254113,1.3340012137300516,-0.01112777419974198,-0.4370923087242776,0.08906353928716015,-1.1720539755344226,0.4342092165614293,50.0,51.0,51.0,41.0,42.0,26.0,30.0,26.0,53.0,96.88,3975442432,1551310848,1611747328,10.64,9.18,8.21,25297891328,9399586816
2026-05-06T15:37:40.431415+02:00,0.0530397205878384,0.24150970532434288,0.23124076036272118,2.5355976370207194,1.4761205523096725,-2.8912711596254113,1.3583520474538768,0.011596412661224131,-0.4628463871667059,0.07679169298407507,-1.1873937834132788,0.4342092165614293,50.0,51.0,51.0,41.0,42.0,26.0,30.0,26.0,53.0,96.88,3975442432,1551310848,1611747328,10.64,9.18,8.21,25297891328,9399586816
2026-05-06T15:37:40.481866+02:00,0.0530397205878384,0.24150970532434288,0.23124076036272118,2.5355976370207194,1.4761205523096725,-2.8912711596254113,1.3720493914235283,0.025230924777803865,-0.4779958450740167,0.0691217890446465,-1.195063687352707,0.4342092165614293,50.0,51.0,51.0,41.0,42.0,26.0,30.0,26.0,51.0,96.88,3975442432,1551310848,1611747328,10.64,9.18,8.21,25297891328,9399586816
2026-05-06T15:37:40.533561+02:00,0.0530397205878384,0.24150970532434288,0.23124076036272118,2.5355976370207194,1.4761205523096725,-2.8912711596254113,1.3842248082854405,0.035835545312921435,-0.4931453029813275,0.06451984668098998,-1.1996656297163644,0.4342092165614293,50.0,51.0,51.0,41.0,42.0,26.0,30.0,26.0,51.0,96.88,3975442432,1551310848,1611747328,10.64,9.18,8.21,25297891328,9399586816
2026-05-06T15:37:40.588288+02:00,0.03822263291062439,0.2282705508084576,0.22943860764013607,2.987664640275884,1.4663371915152499,-2.3715044610873903,1.4055317877937878,0.057044786383156576,-0.5158694898422936,0.05531596195367605,-1.211937476019449,0.4342092165614293,50.0,51.0,51.0,41.0,42.0,26.0,30.0,26.0,51.0,96.88,3975442432,1551310848,1611747328,10.64,9.18,8.21,25297891328,9399586816
2026-05-06T15:37:40.643348+02:00,0.03822263291062439,0.2282705508084576,0.22943860764013607,2.987664640275884,1.4663371915152499,-2.3715044610873903,1.4268387673021343,0.07673908166266052,-0.5385936767032599,0.04764605801424793,-1.2196073799588771,0.4342092165614293,50.0,51.0,51.0,41.0,42.0,26.0,30.0,26.0,51.0,96.88,3975442432,1551310848,1611747328,10.64,9.18,8.21,25297891328,9399586816
2026-05-06T15:37:40.694780+02:00,0.03822263291062439,0.2282705508084576,0.22943860764013607,2.987664640275884,1.4663371915152499,-2.3715044610873903,1.445101892595003,0.09340348536070242,-0.5582879719827638,0.043044115650590964,-1.2242093223225345,0.4342092165614293,50.0,51.0,51.0,41.0,42.0,26.0,30.0,26.0,51.0,96.88,3975442432,1551310848,1611747328,10.64,9.18,8.21,25297891328,9399586816
2026-05-06T15:37:40.748431+02:00,0.03822263291062439,0.2282705508084576,0.22943860764013607,2.987664640275884,1.4663371915152499,-2.3715044610873903,1.464886944995611,0.11158283484947534,-0.58101215884373,0.035374211711162395,-1.2334132070498485,0.4342092165614293,50.0,51.0,51.0,41.0,42.0,26.0,30.0,26.0,51.0,96.88,3975442432,1551310848,1611747328,10.64,9.18,8.21,25297891328,9399586816
2026-05-06T15:37:40.799945+02:00,0.03822263291062439,0.2282705508084576,0.22943860764013607,2.987664640275884,1.4663371915152499,-2.3715044610873903,1.464886944995611,0.11158283484947534,-0.58101215884373,0.035374211711162395,-1.2334132070498485,0.4342092165614293,50.0,51.0,51.0,41.0,42.0,26.0,30.0,26.0,51.0,96.88,3975442432,1551310848,1611747328,10.64,9.18,8.21,25297891328,9399586816
2026-05-06T15:37:40.855009+02:00,0.019528549285020954,0.20894104135437974,0.22628601628918213,-2.942194545286953,1.4348098967303837,-1.9254346317145443,1.4831500702884797,0.12976218433824827,-0.6022213999139651,0.026170326983848913,-1.2441510725650482,0.4342092165614293,50.0,51.0,51.0,41.0,42.0,26.0,30.0,26.0,51.0,96.88,3975442432,1551310848,1611747328,10.64,9.18,8.21,25297891328,9399586816
2026-05-06T15:37:40.910151+02:00,0.019528549285020954,0.20894104135437974,0.22628601628918213,-2.942194545286953,1.4348098967303837,-1.9254346317145443,1.499891268473609,0.14491164224555902,-0.618885803612007,0.02156838462019195,-1.2502869957165905,0.4342092165614293,50.0,51.0,51.0,41.0,42.0,26.0,30.0,26.0,51.0,96.88,3975442432,1551310848,1611747328,10.64,9.18,8.21,25297891328,9399586816
2026-05-06T15:37:40.963288+02:00,0.019528549285020954,0.20894104135437974,0.22628601628918213,-2.942194545286953,1.4348098967303837,-1.9254346317145443,1.5242421021974342,0.16915077489725627,-0.6476697736358974,0.012364499892878023,-1.2625588420196752,0.4342092165614293,50.0,51.0,51.0,41.0,42.0,26.0,30.0,26.0,51.0,96.88,3975442432,1551310848,1611747328,10.64,9.18,8.21,25297891328,9399586816
2026-05-06T15:37:41.015002+02:00,0.00940082792030091,0.195161563540367,0.22375291934535635,-2.7902925541947963,1.404488303103228,-1.7138162982766962,1.534895591951607,0.17672550385091168,-0.658274394171015,0.009296538317106862,-1.2656268035954468,0.4342092165614293,50.0,51.0,51.0,41.0,42.0,26.0,30.0,26.0,51.0,96.88,3975442432,1551310848,1611747328,10.64,9.18,8.21,25297891328,9399586816
2026-05-06T15:37:41.067283+02:00,0.00940082792030091,0.195161563540367,0.22375291934535635,-2.7902925541947963,1.404488303103228,-1.7138162982766962,1.5455490817057806,0.18884507017676033,-0.6719089062875947,0.004694595953449898,-1.271762726746989,0.4342092165614293,50.0,51.0,51.0,41.0,42.0,26.0,30.0,26.0,51.0,96.88,3975442432,1551310848,1611747328,10.64,9.18,8.21,25297891328,9399586816
2026-05-06T15:37:41.119074+02:00,0.00940082792030091,0.195161563540367,0.22375291934535635,-2.7902925541947963,1.404488303103228,-1.7138162982766962,1.5607683527831715,0.20550947387480217,-0.6885733099856366,0.0016266343776782932,-1.2763646691106465,0.4342092165614293,50.0,51.0,51.0,41.0,42.0,26.0,30.0,26.0,51.0,96.88,3975442432,1551310848,1611747328,10.64,9.18,8.21,25297891328,9399586816
2026-05-06T15:37:41.169946+02:00,0.00940082792030091,0.195161563540367,0.22375291934535635,-2.7902925541947963,1.404488303103228,-1.7138162982766962,1.5638122069986493,0.20853936545626434,-0.6916032015670988,9.265358979293481e-05,-1.2778986498985323,0.4342092165614293,50.0,51.0,51.0,41.0,42.0,26.0,30.0,26.0,51.0,92.42,3975442432,1551454208,1611591680,10.64,9.18,8.21,25297891328,9399586816
2026-05-06T15:37:41.224971+02:00,0.0012678020460810862,0.18254476530438846,0.22117265658243232,-2.7078175227868604,1.3806301483270853,-1.5782497441094672,1.5714218425373443,0.21762904020065077,-0.7006928763114851,-0.002975307985978226,-1.2794326306864172,0.4342092165614293,50.0,51.0,51.0,41.0,42.0,26.0,30.0,26.0,51.0,92.42,3975442432,1551454208,1611591680,10.64,9.18,8.21,25297891328,9399586816
2026-05-06T15:37:41.278349+02:00,0.0012678020460810862,0.18254476530438846,0.22117265658243232,-2.7078175227868604,1.3806301483270853,-1.5782497441094672,1.5790314780760402,0.22671871494503726,-0.7082676052651405,-0.004509288773864029,-1.2840345730500746,0.4342092165614293,50.0,51.0,51.0,41.0,42.0,26.0,30.0,26.0,51.0,92.42,3975442432,1551454208,1611591680,10.64,9.18,8.21,25297891328,9399586816
2026-05-06T15:37:41.328933+02:00,0.0012678020460810862,0.18254476530438846,0.22117265658243232,-2.7078175227868604,1.3806301483270853,-1.5782497441094672,1.5835972593992573,0.2312635523172305,-0.7143273884280649,-0.004509288773864029,-1.2855685538379604,0.4342092165614293,50.0,51.0,51.0,41.0,42.0,26.0,30.0,26.0,51.0,92.42,3975442432,1551454208,1611591680,10.64,9.18,8.21,25297891328,9399586816
2026-05-06T15:37:41.380505+02:00,-0.0021801884665482154,0.1765240073670182,0.22060563753721718,-2.686898398544868,1.3744308870867514,-1.5342935000462454,1.5851191865069958,0.23580838968942375,-0.717357280009527,-0.0075772503496351895,-1.2855685538379604,0.4342092165614293,50.0,51.0,51.0,41.0,42.0,26.0,30.0,26.0,51.0,92.42,3975442432,1551454208,1611591680,10.64,9.18,8.21,25297891328,9399586816
2026-05-06T15:37:41.430935+02:00,-0.0021801884665482154,0.1765240073670182,0.22060563753721718,-2.686898398544868,1.3744308870867514,-1.5342935000462454,1.5866411136147351,0.23883828127088585,-0.717357280009527,-0.009111231137520992,-1.2855685538379604,0.4342092165614293,50.0,51.0,51.0,41.0,42.0,26.0,30.0,26.0,51.0,92.42,3975442432,1551454208,1611591680,10.64,9.18,8.21,25297891328,9399586816
2026-05-06T15:37:41.485950+02:00,-0.0021801884665482154,0.1765240073670182,0.22060563753721718,-2.686898398544868,1.3744308870867514,-1.5342935000462454,1.5866411136147351,0.23883828127088585,-0.7188722258002581,-0.009111231137520992,-1.2871025346258453,0.4342092165614293,50.0,51.0,51.0,41.0,42.0,26.0,30.0,26.0,51.0,92.42,3975442432,1551454208,1611591680,10.64,9.18,8.21,25297891328,9399586816
2026-05-06T15:37:41.537835+02:00,-0.0021801884665482154,0.1765240073670182,0.22060563753721718,-2.686898398544868,1.3744308870867514,-1.5342935000462454,1.5866411136147351,0.23883828127088585,-0.7188722258002581,-0.009111231137520992,-1.2886365154137311,0.4342092165614293,50.0,51.0,51.0,41.0,42.0,26.0,30.0,26.0,51.0,92.42,3975442432,1551454208,1611591680,10.64,9.18,8.21,25297891328,9399586816
2026-05-06T15:37:41.588830+02:00,-0.0020767713116634254,0.17552963120682546,0.22077504586111946,-2.6663000549441698,1.3727424033338305,-1.510462662811166,1.5866411136147351,0.23883828127088585,-0.7188722258002581,-0.009111231137520992,-1.2886365154137311,0.4342092165614293,50.0,51.0,51.0,41.0,42.0,26.0,30.0,26.0,51.0,92.42,3975442432,1551454208,1611591680,10.64,9.18,8.21,25297891328,9399586816
2026-05-06T15:37:41.643848+02:00,-0.0020767713116634254,0.17552963120682546,0.22077504586111946,-2.6663000549441698,1.3727424033338305,-1.510462662811166,1.5866411136147351,0.23883828127088585,-0.7188722258002581,-0.009111231137520992,-1.2886365154137311,0.4342092165614293,50.0,51.0,51.0,41.0,42.0,26.0,30.0,26.0,51.0,92.42,3975442432,1551454208,1611591680,10.64,9.18,8.21,25297891328,9399586816
2026-05-06T15:37:41.696862+02:00,-0.0020767713116634254,0.17552963120682546,0.22077504586111946,-2.6663000549441698,1.3727424033338305,-1.510462662811166,1.5866411136147351,0.23883828127088585,-0.7188722258002581,-0.009111231137520992,-1.2886365154137311,0.4342092165614293,50.0,51.0,51.0,41.0,42.0,26.0,30.0,26.0,51.0,92.42,3975442432,1551454208,1611591680,10.64,9.18,8.21,25297891328,9399586816
2026-05-06T15:37:41.751720+02:00,-0.0020767713116634254,0.17552963120682546,0.22077504586111946,-2.6663000549441698,1.3727424033338305,-1.510462662811166,1.5866411136147351,0.23883828127088585,-0.7188722258002581,-0.010645211925406795,-1.2886365154137311,0.4342092165614293,50.0,51.0,51.0,41.0,42.0,26.0,30.0,26.0,51.0,92.42,3975442432,1551454208,1611591680,10.64,9.18,8.21,25297891328,9399586816
2026-05-06T15:37:41.804338+02:00,-0.001958170966224179,0.17553205179138545,0.22077608525035702,-2.65939420003752,1.3726768082665635,-1.502983444907536,1.5866411136147351,0.23883828127088585,-0.7188722258002581,-0.010645211925406795,-1.2886365154137311,0.4342092165614293,50.0,51.0,51.0,41.0,42.0,26.0,30.0,26.0,51.0,92.42,3975442432,1551454208,1611591680,10.64,9.18,8.21,25297891328,9399586816
2026-05-06T15:37:41.859149+02:00,-0.001958170966224179,0.17553205179138545,0.22077608525035702,-2.65939420003752,1.3726768082665635,-1.502983444907536,1.5866411136147351,0.23883828127088585,-0.7188722258002581,-0.010645211925406795,-1.2886365154137311,0.4342092165614293,50.0,51.0,51.0,41.0,42.0,26.0,30.0,26.0,51.0,92.42,3975442432,1551454208,1611591680,10.64,9.18,8.21,25297891328,9399586816
2026-05-06T15:37:41.910511+02:00,-0.001958170966224179,0.17553205179138545,0.22077608525035702,-2.65939420003752,1.3726768082665635,-1.502983444907536,1.5866411136147351,0.23883828127088585,-0.7188722258002581,-0.010645211925406795,-1.2886365154137311,0.4342092165614293,50.0,51.0,51.0,41.0,42.0,26.0,30.0,26.0,51.0,92.42,3975442432,1551454208,1611591680,10.64,9.18,8.21,25297891328,9399586816
2026-05-06T15:37:41.961374+02:00,-0.001958170966224179,0.17553205179138545,0.22077608525035702,-2.65939420003752,1.3726768082665635,-1.502983444907536,1.5866411136147351,0.23883828127088585,-0.7188722258002581,-0.010645211925406795,-1.2886365154137311,0.4342092165614293,50.0,51.0,51.0,41.0,42.0,26.0,30.0,26.0,51.0,92.42,3975442432,1551454208,1611591680,10.64,9.18,8.21,25297891328,9399586816
2026-05-06T15:37:42.013085+02:00,-0.001958170966224179,0.17553205179138545,0.22077608525035702,-2.65939420003752,1.3726768082665635,-1.502983444907536,1.5866411136147351,0.23883828127088585,-0.7188722258002581,-0.010645211925406795,-1.2886365154137311,0.4342092165614293,50.0,51.0,51.0,41.0,42.0,26.0,30.0,26.0,51.0,92.42,3975442432,1551454208,1611591680,10.64,9.18,8.21,25297891328,9399586816
2026-05-06T15:37:42.063662+02:00,-0.001958170966224179,0.17553205179138545,0.22077608525035702,-2.65939420003752,1.3726768082665635,-1.502983444907536,1.5866411136147351,0.23883828127088585,-0.7188722258002581,-0.010645211925406795,-1.2886365154137311,0.4342092165614293,50.0,51.0,51.0,41.0,42.0,26.0,30.0,26.0,51.0,92.42,3975442432,1551454208,1611591680,10.64,9.18,8.21,25297891328,9399586816
2026-05-06T15:37:42.113830+02:00,-0.001958170966224179,0.17553205179138545,0.22077608525035702,-2.65939420003752,1.3726768082665635,-1.502983444907536,1.5866411136147351,0.23883828127088585,-0.7188722258002581,-0.010645211925406795,-1.2886365154137311,0.4342092165614293,50.0,51.0,51.0,41.0,42.0,26.0,30.0,26.0,51.0,92.42,3975442432,1551454208,1611591680,10.64,9.18,8.21,25297891328,9399586816
2026-05-06T15:37:42.165844+02:00,-0.001958170966224179,0.17553205179138545,0.22077608525035702,-2.65939420003752,1.3726768082665635,-1.502983444907536,1.5866411136147351,0.23883828127088585,-0.7188722258002581,-0.010645211925406795,-1.2886365154137311,0.4342092165614293,50.0,51.0,51.0,41.0,42.0,26.0,30.0,26.0,51.0,95.35,3975442432,1550159872,1612886016,10.91,9.26,8.24,25297891328,9399590912
2026-05-06T15:37:42.220817+02:00,-0.001958170966224179,0.17553205179138545,0.22077608525035702,-2.65939420003752,1.3726768082665635,-1.502983444907536,1.5866411136147351,0.23883828127088585,-0.7188722258002581,-0.010645211925406795,-1.2886365154137311,0.4342092165614293,50.0,51.0,51.0,41.0,42.0,26.0,30.0,26.0,51.0,95.35,3975442432,1550159872,1612886016,10.91,9.26,8.24,25297891328,9399590912
2026-05-06T15:37:42.273250+02:00,-0.001958170966224179,0.17553205179138545,0.22077608525035702,-2.65939420003752,1.3726768082665635,-1.502983444907536,1.5866411136147351,0.23883828127088585,-0.7188722258002581,-0.010645211925406795,-1.2886365154137311,0.4342092165614293,50.0,51.0,51.0,41.0,42.0,26.0,30.0,26.0,51.0,95.35,3975442432,1550159872,1612886016,10.91,9.26,8.24,25297891328,9399590912
2026-05-06T15:37:42.328275+02:00,-0.001958170966224179,0.17553205179138545,0.22077608525035702,-2.65939420003752,1.3726768082665635,-1.502983444907536,1.5866411136147351,0.23883828127088585,-0.7188722258002581,-0.010645211925406795,-1.2886365154137311,0.4342092165614293,50.0,51.0,51.0,41.0,42.0,26.0,30.0,26.0,51.0,95.35,3975442432,1550159872,1612886016,10.91,9.26,8.24,25297891328,9399590912
2026-05-06T15:37:42.380919+02:00,-0.001958170966224179,0.17553205179138545,0.22077608525035702,-2.65939420003752,1.3726768082665635,-1.502983444907536,1.5866411136147351,0.23883828127088585,-0.7188722258002581,-0.010645211925406795,-1.2886365154137311,0.4342092165614293,50.0,51.0,51.0,41.0,42.0,26.0,30.0,26.0,51.0,95.35,3975442432,1550159872,1612886016,10.91,9.26,8.24,25297891328,9399590912
2026-05-06T15:37:42.432418+02:00,-0.001958170966224179,0.17553205179138545,0.22077608525035702,-2.65939420003752,1.3726768082665635,-1.502983444907536,1.5866411136147351,0.23883828127088585,-0.7188722258002581,-0.010645211925406795,-1.2886365154137311,0.4342092165614293,50.0,51.0,51.0,41.0,42.0,26.0,30.0,26.0,51.0,95.35,3975442432,1550159872,1612886016,10.91,9.26,8.24,25297891328,9399590912
2026-05-06T15:37:42.484736+02:00,-0.001958170966224179,0.17553205179138545,0.22077608525035702,-2.65939420003752,1.3726768082665635,-1.502983444907536,1.5866411136147351,0.23883828127088585,-0.7188722258002581,-0.010645211925406795,-1.2886365154137311,0.4342092165614293,50.0,51.0,51.0,41.0,42.0,26.0,30.0,26.0,51.0,95.35,3975442432,1550159872,1612886016,10.91,9.26,8.24,25297891328,9399590912
2026-05-06T15:37:42.534837+02:00,-0.001958170966224179,0.17553205179138545,0.22077608525035702,-2.65939420003752,1.3726768082665635,-1.502983444907536,1.5866411136147351,0.23883828127088585,-0.7188722258002581,-0.010645211925406795,-1.2886365154137311,0.4342092165614293,50.0,51.0,51.0,41.0,42.0,26.0,30.0,26.0,51.0,95.35,3975442432,1550159872,1612886016,10.91,9.26,8.24,25297891328,9399590912
2026-05-06T15:37:42.589912+02:00,-0.001958170966224179,0.17553205179138545,0.22077608525035702,-2.65939420003752,1.3726768082665635,-1.502983444907536,1.5866411136147351,0.23883828127088585,-0.7188722258002581,-0.010645211925406795,-1.2886365154137311,0.4342092165614293,50.0,51.0,51.0,41.0,42.0,26.0,30.0,26.0,51.0,95.35,3975442432,1550159872,1612886016,10.91,9.26,8.24,25297891328,9399590912
2026-05-06T15:37:42.641795+02:00,-0.001958170966224179,0.17553205179138545,0.22077608525035702,-2.65939420003752,1.3726768082665635,-1.502983444907536,1.5866411136147351,0.23883828127088585,-0.7188722258002581,-0.010645211925406795,-1.2886365154137311,0.4342092165614293,50.0,51.0,51.0,41.0,42.0,26.0,30.0,26.0,51.0,95.35,3975442432,1550159872,1612886016,10.91,9.26,8.24,25297891328,9399590912
2026-05-06T15:37:42.696824+02:00,-0.001958170966224179,0.17553205179138545,0.22077608525035702,-2.65939420003752,1.3726768082665635,-1.502983444907536,1.5866411136147351,0.23883828127088585,-0.7188722258002581,-0.010645211925406795,-1.2886365154137311,0.4342092165614293,50.0,51.0,51.0,41.0,42.0,26.0,30.0,26.0,51.0,95.35,3975442432,1550159872,1612886016,10.91,9.26,8.24,25297891328,9399590912
2026-05-06T15:37:42.749821+02:00,-0.001958170966224179,0.17553205179138545,0.22077608525035702,-2.65939420003752,1.3726768082665635,-1.502983444907536,1.5835972593992573,0.23429344389869267,-0.7219021173817203,-0.013713173501177955,-1.2871025346258453,0.4265393126220012,50.0,51.0,51.0,41.0,42.0,26.0,30.0,26.0,51.0,95.35,3975442432,1550159872,1612886016,10.91,9.26,8.24,25297891328,9399590912
2026-05-06T15:37:42.800818+02:00,-0.0016922009291856738,0.17561714709616716,0.2205100876742439,-2.6628589835199437,1.371163892402917,-1.5048943723830441,1.5805534051837786,0.22974860652649942,-0.7234170631724514,-0.01831511586483492,-1.2748306883227607,0.41733542789468725,50.0,51.0,51.0,41.0,42.0,26.0,30.0,26.0,51.0,95.35,3975442432,1550159872,1612886016,10.91,9.26,8.24,25297891328,9399590912
2026-05-06T15:37:42.855407+02:00,-0.0016922009291856738,0.17561714709616716,0.2205100876742439,-2.6628589835199437,1.371163892402917,-1.5048943723830441,1.5759876238605615,0.22217387757284401,-0.7249320089631824,-0.02138307744060608,-1.2594908804439044,0.380519888985432,50.0,51.0,51.0,41.0,42.0,26.0,30.0,26.0,51.0,95.35,3975442432,1550159872,1612886016,10.91,9.26,8.24,25297891328,9399590912
2026-05-06T15:37:42.905964+02:00,-0.0016922009291856738,0.17561714709616716,0.2205100876742439,-2.6628589835199437,1.371163892402917,-1.5048943723830441,1.5759876238605615,0.22217387757284401,-0.7249320089631824,-0.02138307744060608,-1.2594908804439044,0.380519888985432,50.0,51.0,51.0,41.0,42.0,26.0,30.0,26.0,51.0,95.35,3975442432,1550159872,1612886016,10.91,9.26,8.24,25297891328,9399590912
2026-05-06T15:37:42.960277+02:00,-0.0016922009291856738,0.17561714709616716,0.2205100876742439,-2.6628589835199437,1.371163892402917,-1.5048943723830441,1.5698999154296058,0.21308420282845758,-0.7309917921261068,-0.025985019804263043,-1.2441510725650482,0.332966484560977,50.0,51.0,51.0,41.0,42.0,26.0,30.0,26.0,51.0,95.35,3975442432,1550159872,1612886016,10.91,9.26,8.24,25297891328,9399590912
2026-05-06T15:37:43.011596+02:00,0.0014759418915585398,0.17851442925148872,0.21541141070377023,-2.6787709324539293,1.382672160145035,-1.4442560651426337,1.56229027989091,0.20096463650260893,-0.7340216837075689,-0.03212094295580581,-1.2242093223225345,0.285413080136522,50.0,51.0,51.0,41.0,42.0,26.0,30.0,26.0,51.0,95.35,3975442432,1550159872,1612886016,10.91,9.26,8.24,25297891328,9399590912
2026-05-06T15:37:43.061792+02:00,0.0014759418915585398,0.17851442925148872,0.21541141070377023,-2.6787709324539293,1.382672160145035,-1.4442560651426337,1.5607683527831715,0.19793474492114677,-0.7355366294983,-0.03672288531946233,-1.210403495231564,0.2531994835909237,50.0,51.0,51.0,41.0,42.0,26.0,30.0,26.0,51.0,95.35,3975442432,1550159872,1612886016,10.91,9.26,8.24,25297891328,9399590912
2026-05-06T15:37:43.113507+02:00,0.0014759418915585398,0.17851442925148872,0.21541141070377023,-2.6787709324539293,1.382672160145035,-1.4442560651426337,1.5562025714599543,0.19187496175822244,-0.7385665210797622,-0.04132482768311929,-1.1965976681405928,0.2179179254695538,50.0,51.0,51.0,41.0,42.0,26.0,30.0,26.0,51.0,95.35,3975442432,1550159872,1612886016,10.91,9.26,8.24,25297891328,9399590912
2026-05-06T15:37:43.163879+02:00,0.0014759418915585398,0.17851442925148872,0.21541141070377023,-2.6787709324539293,1.382672160145035,-1.4442560651426337,1.5501148630289978,0.18127034122310492,-0.7400814668704933,-0.04746075083466206,-1.17665591789808,0.16883054025721345,50.0,51.0,51.0,41.0,42.0,26.0,30.0,26.0,51.0,95.35,3975442432,1550159872,1612886016,10.91,9.26,8.24,25297891328,9399590912
2026-05-06T15:37:43.213985+02:00,0.007055978034500452,0.18270993241953493,0.20534782334261323,-2.7320427633318225,1.3880023655318767,-1.3628011794805224,1.5425052274903028,0.16915077489725627,-0.7446263042426864,-0.05359667398620438,-1.1567141676555663,0.12281111662064426,50.0,51.0,51.0,41.0,42.0,26.0,30.0,26.0,51.0,99.28,3975442432,1556758528,1606201344,10.91,9.26,8.24,25297891328,9399599104
2026-05-06T15:37:43.264136+02:00,0.007055978034500452,0.18270993241953493,0.20534782334261323,-2.7320427633318225,1.3880023655318767,-1.3628011794805224,1.5409833003825635,0.16460593752506308,-0.7461412500334175,-0.056664635561975985,-1.1459763021403666,0.09826742401447408,50.0,51.0,51.0,41.0,42.0,26.0,30.0,26.0,51.0,99.28,3975442432,1556758528,1606201344,10.91,9.26,8.24,25297891328,9399599104
2026-05-06T15:37:43.314403+02:00,0.007055978034500452,0.18270993241953493,0.20534782334261323,-2.7320427633318225,1.3880023655318767,-1.3628011794805224,1.5288078835206513,0.14491164224555902,-0.7506860874056107,-0.0628005587135183,-1.1122287248068825,0.030772269347505876,50.0,51.0,51.0,41.0,42.0,26.0,30.0,26.0,51.0,99.28,3975442432,1556758528,1606201344,10.91,9.26,8.24,25297891328,9399599104
2026-05-06T15:37:43.369447+02:00,0.007055978034500452,0.18270993241953493,0.20534782334261323,-2.7320427633318225,1.3880023655318767,-1.3628011794805224,1.5288078835206513,0.14491164224555902,-0.7506860874056107,-0.06433453950140411,-1.1030248400795686,0.030772269347505876,50.0,51.0,51.0,41.0,42.0,26.0,30.0,26.0,51.0,99.28,3975442432,1556758528,1606201344,10.91,9.26,8.24,25297891328,9399599104
2026-05-06T15:37:43.423142+02:00,0.010583774725110994,0.18714528621287616,0.1993174708378676,-2.755612880147557,1.414955118762355,-1.2595477127845713,1.5181543937664777,0.12218745538459286,-0.7537159789870729,-0.07047046265294643,-1.08154910904917,-0.05513065477409018,50.0,51.0,51.0,41.0,42.0,26.0,30.0,26.0,51.0,99.28,3975442432,1556758528,1606201344,10.91,9.26,8.24,25297891328,9399599104
2026-05-06T15:37:43.475414+02:00,0.010583774725110994,0.18714528621287616,0.1993174708378676,-2.755612880147557,1.414955118762355,-1.2595477127845713,1.5135886124432605,0.1146127264309375,-0.755230924777804,-0.0766063858044892,-1.0585393972308856,-0.07967434738026036,50.0,51.0,51.0,41.0,42.0,26.0,30.0,26.0,51.0,99.28,3975442432,1556758528,1606201344,10.91,9.26,8.24,25297891328,9399599104
2026-05-06T15:37:43.530395+02:00,0.010583774725110994,0.18714528621287616,0.1993174708378676,-2.755612880147557,1.414955118762355,-1.2595477127845713,1.5059789769045655,0.09946326852362675,-0.756745870568535,-0.0766063858044892,-1.0585393972308856,-0.13489765574414347,50.0,51.0,51.0,41.0,42.0,26.0,30.0,26.0,51.0,99.28,3975442432,1556758528,1606201344,10.91,9.26,8.24,25297891328,9399599104
2026-05-06T15:37:43.581797+02:00,0.019474903290369033,0.19655690549075713,0.18332922542871488,-2.784297012268429,1.4441019288254053,-1.0438551334071202,1.492281632934914,0.07370919008119836,-0.7582608163592661,-0.08887823210757428,-0.9987141465033456,-0.2438102916840239,50.0,51.0,51.0,41.0,42.0,26.0,30.0,26.0,51.0,99.28,3975442432,1556758528,1606201344,10.91,9.26,8.24,25297891328,9399599104
2026-05-06T15:37:43.635118+02:00,0.019474903290369033,0.19655690549075713,0.18332922542871488,-2.784297012268429,1.4441019288254053,-1.0438551334071202,1.4861939245039575,0.06007467796461863,-0.7597757621499972,-0.09348017447123125,-0.9572966652304333,-0.3235772926540772,50.0,51.0,51.0,41.0,42.0,26.0,30.0,26.0,51.0,99.28,3975442432,1556758528,1606201344,10.91,9.26,8.24,25297891328,9399599104
2026-05-06T15:37:43.685759+02:00,0.019474903290369033,0.19655690549075713,0.18332922542871488,-2.784297012268429,1.4441019288254053,-1.0438551334071202,1.4770623618575232,0.04038038268511468,-0.7597757621499972,-0.09501415525911705,-0.9220151071090634,-0.39567438968470237,50.0,51.0,51.0,41.0,42.0,26.0,30.0,26.0,51.0,99.28,3975442432,1556758528,1606201344,10.91,9.26,8.24,25297891328,9399599104
2026-05-06T15:37:43.738845+02:00,0.019474903290369033,0.19655690549075713,0.18332922542871488,-2.784297012268429,1.4441019288254053,-1.0438551334071202,1.4664088721033495,0.02068608740561062,-0.7597757621499972,-0.09961609762277401,-0.8944034529271216,-0.4723734290789845,50.0,51.0,51.0,41.0,42.0,26.0,30.0,26.0,51.0,99.28,3975442432,1556758528,1606201344,10.91,9.26,8.24,25297891328,9399599104
2026-05-06T15:37:43.793865+02:00,0.026589220753258685,0.20438886392606131,0.17101264778517883,-2.807028047917437,1.468686231802947,-0.8307107145198398,1.4557553823491767,-0.005067991036817654,-0.7582608163592661,-0.10268405919854517,-0.8499180100784383,-0.5674802379278945,50.0,51.0,51.0,41.0,42.0,26.0,30.0,26.0,51.0,99.28,3975442432,1556758528,1606201344,10.91,9.26,8.24,25297891328,9399599104
2026-05-06T15:37:43.847623+02:00,0.026589220753258685,0.20438886392606131,0.17101264778517883,-2.807028047917437,1.468686231802947,-0.8307107145198398,1.4496676739182202,-0.02021744894412847,-0.756745870568535,-0.10115007841065937,-0.8407141253511243,-0.5904899497461789,50.0,51.0,51.0,41.0,42.0,26.0,30.0,26.0,51.0,99.28,3975442432,1556758528,1606201344,10.91,9.26,8.24,25297891328,9399599104
2026-05-06T15:37:43.902611+02:00,0.026589220753258685,0.20438886392606131,0.17101264778517883,-2.807028047917437,1.468686231802947,-0.8307107145198398,1.445101892595003,-0.03233701526997712,-0.755230924777804,-0.10268405919854517,-0.8177044135328395,-0.645713258110062,50.0,51.0,51.0,41.0,42.0,26.0,30.0,26.0,51.0,99.28,3975442432,1556758528,1606201344,10.91,9.26,8.24,25297891328,9399599104
2026-05-06T15:37:43.957708+02:00,0.026589220753258685,0.20438886392606131,0.17101264778517883,-2.807028047917437,1.468686231802947,-0.8307107145198398,1.445101892595003,-0.03233701526997712,-0.755230924777804,-0.10268405919854517,-0.8177044135328395,-0.645713258110062,50.0,51.0,51.0,41.0,42.0,26.0,30.0,26.0,51.0,99.28,3975442432,1556758528,1606201344,10.91,9.26,8.24,25297891328,9399599104
2026-05-06T15:37:44.011901+02:00,0.033491584449903945,0.21344497652545782,0.15835716860345983,-2.6679060862885633,1.492615561428186,-0.463308018310206,1.4268387673021343,-0.07475549741044729,-0.7506860874056107,-0.10268405919854517,-0.7471412972901001,-0.8083152216259402,50.0,51.0,51.0,41.0,42.0,26.0,30.0,26.0,51.0,99.28,3975442432,1556758528,1606201344,10.91,9.26,8.24,25297891328,9399599104
2026-05-06T15:37:44.063096+02:00,0.033491584449903945,0.21344497652545782,0.15835716860345983,-2.6679060862885633,1.492615561428186,-0.463308018310206,1.4131414233324828,-0.11262914217872422,-0.7461412500334175,-0.10115007841065937,-0.7210636238960442,-0.8972861073233074,50.0,51.0,51.0,41.0,42.0,26.0,30.0,26.0,51.0,99.28,3975442432,1556758528,1606201344,10.91,9.26,8.24,25297891328,9399599104
2026-05-06T15:37:44.118127+02:00,0.033491584449903945,0.21344497652545782,0.15835716860345983,-2.6679060862885633,1.492615561428186,-0.463308018310206,1.4055317877937878,-0.1308084916674972,-0.7415964126612242,-0.09501415525911705,-0.691917988926217,-0.978587089081246,50.0,51.0,51.0,41.0,42.0,26.0,30.0,26.0,51.0,99.28,3975442432,1556758528,1606201344,10.91,9.26,8.24,25297891328,9399599104
2026-05-06T15:37:44.168267+02:00,0.033491584449903945,0.21344497652545782,0.15835716860345983,-2.6679060862885633,1.492615561428186,-0.463308018310206,1.397922152255092,-0.1535326785284633,-0.7355366294983,-0.09041221289546009,-0.6551024500169618,-1.0629560324149563,50.0,51.0,51.0,41.0,42.0,26.0,30.0,26.0,51.0,99.28,3975442432,1556758528,1606201344,10.91,9.26,8.24,25297891328,9399599104
2026-05-06T15:37:44.218753+02:00,0.04159009119090563,0.22285815107691329,0.14175748586221817,-2.4799846874977582,1.5096100210108765,-0.02287634693107697,1.390312516716397,-0.17171202801723628,-0.7309917921261068,-0.08734425131968848,-0.6458985652896478,-1.0936356481726692,50.0,51.0,51.0,41.0,42.0,26.0,30.0,26.0,51.0,100.0,3975442432,1585315840,1577627648,10.91,9.26,8.24,25297891328,9399599104
2026-05-06T15:37:44.270007+02:00,0.04159009119090563,0.22285815107691329,0.14175748586221817,-2.4799846874977582,1.5096100210108765,-0.02287634693107697,1.3842248082854405,-0.19292126908747131,-0.7264469547539135,-0.0750724050166034,-0.6198208918955919,-1.1902764378094646,50.0,51.0,51.0,41.0,42.0,26.0,30.0,26.0,51.0,100.0,3975442432,1585315840,1577627648,10.91,9.26,8.24,25297891328,9399599104
2026-05-06T15:37:44.321867+02:00,0.04159009119090563,0.22285815107691329,0.14175748586221817,-2.4799846874977582,1.5096100210108765,-0.02287634693107697,1.3766151727467455,-0.21564545594843754,-0.7219021173817203,-0.07047046265294643,-0.6044810840167356,-1.2163541112035205,50.0,51.0,51.0,41.0,42.0,26.0,30.0,26.0,51.0,100.0,3975442432,1585315840,1577627648,10.91,9.26,8.24,25297891328,9399599104
2026-05-06T15:37:44.373698+02:00,0.04720965973292591,0.23029927821293636,0.12880127166594094,-2.206823830513656,1.518140418830041,0.4502674741044522,1.3735713185312677,-0.2262500764835551,-0.7188722258002581,-0.06433453950140411,-0.5952771992894217,-1.2899851890220313,50.0,51.0,51.0,41.0,42.0,26.0,30.0,26.0,51.0,100.0,3975442432,1585315840,1577627648,10.91,9.26,8.24,25297891328,9399599104
2026-05-06T15:37:44.424559+02:00,0.04720965973292591,0.23029927821293636,0.12880127166594094,-2.206823830513656,1.518140418830041,0.4502674741044522,1.3720493914235283,-0.2338248054372104,-0.717357280009527,-0.059732597137747145,-0.5891412761378789,-1.3099269392645447,50.0,51.0,51.0,41.0,42.0,26.0,30.0,26.0,51.0,100.0,3975442432,1585315840,1577627648,10.91,9.26,8.24,25297891328,9399599104
2026-05-06T15:37:44.478847+02:00,0.04720965973292591,0.23029927821293636,0.12880127166594094,-2.206823830513656,1.518140418830041,0.4502674741044522,1.3613959016693546,-0.2671536128332942,-0.7067526594744095,-0.0443927892588909,-0.5584616603801664,-1.4219075367801965,50.0,51.0,51.0,41.0,43.0,26.0,30.0,26.0,51.0,100.0,3975442432,1585315840,1577627648,10.91,9.26,8.24,25297891328,9399599104
2026-05-06T15:37:44.531314+02:00,0.04720965973292591,0.23029927821293636,0.12880127166594094,-2.206823830513656,1.518140418830041,0.4502674741044522,1.3568301203461375,-0.28533296232206706,-0.7022078221022162,-0.03518890453157697,-0.5461898140770809,-1.4602570564773374,50.0,51.0,51.0,41.0,43.0,26.0,30.0,26.0,51.0,100.0,3975442432,1585315840,1577627648,10.91,9.26,8.24,25297891328,9399599104
2026-05-06T15:37:44.582258+02:00,0.05247812544134098,0.23628303652400365,0.11509116891833296,-2.0251826639368598,1.5288992629119251,0.8144175338894453,1.3522643390229203,-0.30199736602010896,-0.6961480389392919,-0.02445103901637724,-0.5354519485618816,-1.5124124032654493,50.0,51.0,51.0,41.0,43.0,26.0,30.0,26.0,51.0,100.0,3975442432,1585315840,1577627648,10.91,9.26,8.24,25297891328,9399599104
2026-05-06T15:37:44.635757+02:00,0.05247812544134098,0.23628303652400365,0.11509116891833296,-2.0251826639368598,1.5288992629119251,0.8144175338894453,1.3492204848074425,-0.31260198655522653,-0.6931181473578297,-0.02138307744060608,-0.5293160254103388,-1.556897846114133,50.0,51.0,51.0,41.0,43.0,26.0,30.0,26.0,51.0,100.0,3975442432,1585315840,1577627648,10.91,9.26,8.24,25297891328,9399599104
2026-05-06T15:37:44.686940+02:00,0.05247812544134098,0.23628303652400365,0.11509116891833296,-2.0251826639368598,1.5288992629119251,0.8144175338894453,1.3476985576997031,-0.3232066070903441,-0.6900882557763677,-0.015247154289063758,-0.5231801022587965,-1.5937133850233882,50.0,51.0,51.0,41.0,43.0,26.0,30.0,26.0,51.0,100.0,3975442432,1585315840,1577627648,10.91,9.26,8.24,25297891328,9399599104
2026-05-06T15:37:44.737328+02:00,0.05247812544134098,0.23628303652400365,0.11509116891833296,-2.0251826639368598,1.5288992629119251,0.8144175338894453,1.343132776376486,-0.3368411192069237,-0.6855434184041744,-0.006043269561749831,-0.5170441791072538,-1.6197910584174442,50.0,51.0,51.0,41.0,43.0,26.0,30.0,26.0,51.0,100.0,3975442432,1585315840,1577627648,10.91,9.26,8.24,25297891328,9399599104
2026-05-06T15:37:44.789305+02:00,0.055739135758684326,0.24060000539669815,0.1036295116011089,-1.6382734064733155,1.5378566327866507,1.3445121746291426,1.3416108492687475,-0.35047563132350346,-0.6825135268227123,9.265358979293481e-05,-0.5093742751678256,-1.6566065973266995,50.0,51.0,51.0,41.0,43.0,26.0,30.0,26.0,51.0,100.0,3975442432,1585315840,1577627648,10.91,9.26,8.24,25297891328,9399599104
2026-05-06T15:37:44.840949+02:00,0.055739135758684326,0.24060000539669815,0.1036295116011089,-1.6382734064733155,1.5378566327866507,1.3445121746291426,1.3400889221610082,-0.361080251858621,-0.677968689450519,0.004694595953449898,-0.5063063135920545,-1.6811502899328699,50.0,51.0,51.0,41.0,43.0,26.0,30.0,26.0,51.0,100.0,3975442432,1585315840,1577627648,10.91,9.26,8.24,25297891328,9399599104
2026-05-06T15:37:44.891114+02:00,0.055739135758684326,0.24060000539669815,0.1036295116011089,-1.6382734064733155,1.5378566327866507,1.3445121746291426,1.3385669950532688,-0.36562508923081427,-0.677968689450519,0.01083051910499222,-0.5032383520162833,-1.70569398253904,50.0,51.0,51.0,41.0,43.0,26.0,30.0,26.0,51.0,100.0,3975442432,1585315840,1577627648,10.91,9.26,8.24,25297891328,9399599104
2026-05-06T15:37:44.942922+02:00,0.055739135758684326,0.24060000539669815,0.1036295116011089,-1.6382734064733155,1.5378566327866507,1.3445121746291426,1.335523140837791,-0.37471476397520065,-0.6734238520783258,0.013898480680763825,-0.5017043712283975,-1.7333056367209816,50.0,51.0,51.0,41.0,43.0,26.0,30.0,26.0,51.0,100.0,3975442432,1585315840,1577627648,10.91,9.26,8.24,25297891328,9399599104
2026-05-06T15:37:44.993867+02:00,0.055739135758684326,0.24060000539669815,0.1036295116011089,-1.6382734064733155,1.5378566327866507,1.3445121746291426,1.335523140837791,-0.37471476397520065,-0.6734238520783258,0.013898480680763825,-0.5017043712283975,-1.7333056367209816,50.0,51.0,51.0,41.0,43.0,26.0,30.0,26.0,51.0,100.0,3975442432,1585315840,1577627648,10.91,9.26,8.24,25297891328,9399599104
2026-05-06T15:37:45.047008+02:00,0.055739135758684326,0.24060000539669815,0.1036295116011089,-1.6382734064733155,1.5378566327866507,1.3445121746291426,1.335523140837791,-0.37471476397520065,-0.6734238520783258,0.013898480680763825,-0.5017043712283975,-1.7333056367209816,50.0,51.0,51.0,41.0,43.0,26.0,30.0,26.0,51.0,100.0,3975442432,1585315840,1577627648,10.91,9.26,8.24,25297891328,9399599104
2026-05-06T15:37:45.100797+02:00,0.05710261332508877,0.2415316510674808,0.09768189964006634,-1.4362282978522085,1.5489984227633347,1.614149290364791,1.3340012137300516,-0.3959240050454359,-0.6719089062875947,0.023102365408077308,-0.48329660177376965,-1.757849329327152,50.0,51.0,51.0,41.0,43.0,26.0,30.0,26.0,51.0,100.0,3975442432,1585315840,1577627648,10.91,9.26,8.24,25297891328,9399599104
2026-05-06T15:37:45.153742+02:00,0.05710261332508877,0.2415316510674808,0.09768189964006634,-1.4362282978522085,1.5489984227633347,1.614149290364791,1.3340012137300516,-0.40198378820836,-0.6719089062875947,0.023102365408077308,-0.47255873625857037,-1.7593833101150376,50.0,51.0,51.0,41.0,43.0,26.0,30.0,26.0,51.0,92.25,3975442432,1588174848,1574801408,10.91,9.26,8.24,25297891328,9399599104
2026-05-06T15:37:45.203802+02:00,0.05783702360020616,0.24258496248405872,0.09095518353599041,-1.3327978566499146,1.5441788892883852,1.7401439769511091,1.335523140837791,-0.41410335453420866,-0.6719089062875947,0.023102365408077308,-0.4572189283797141,-1.7593833101150376,50.0,51.0,51.0,41.0,43.0,26.0,30.0,26.0,51.0,92.25,3975442432,1588174848,1574801408,10.91,9.26,8.24,25297891328,9399599104
2026-05-06T15:37:45.254578+02:00,0.05783702360020616,0.24258496248405872,0.09095518353599041,-1.3327978566499146,1.5441788892883852,1.7401439769511091,1.335523140837791,-0.42319302927859515,-0.6719089062875947,0.023102365408077308,-0.44954902444028555,-1.7593833101150376,50.0,51.0,51.0,41.0,43.0,26.0,30.0,26.0,51.0,92.25,3975442432,1588174848,1574801408,10.91,9.26,8.24,25297891328,9399599104
2026-05-06T15:37:45.308143+02:00,0.05783702360020616,0.24258496248405872,0.09095518353599041,-1.3327978566499146,1.5441788892883852,1.7401439769511091,1.335523140837791,-0.4337976498137127,-0.6719089062875947,0.023102365408077308,-0.43727717813720046,-1.7593833101150376,50.0,51.0,51.0,41.0,43.0,26.0,30.0,26.0,51.0,92.25,3975442432,1588174848,1574801408,10.91,9.26,8.24,25297891328,9399599104
2026-05-06T15:37:45.360830+02:00,0.05783702360020616,0.24258496248405872,0.09095518353599041,-1.3327978566499146,1.5441788892883852,1.7401439769511091,1.335523140837791,-0.43985743297663704,-0.6703939604968636,0.023102365408077308,-0.4265393126220012,-1.7593833101150376,50.0,51.0,51.0,41.0,43.0,26.0,30.0,26.0,51.0,92.25,3975442432,1588174848,1574801408,10.91,9.26,8.24,25297891328,9399599104
2026-05-06T15:37:45.414547+02:00,0.0577224971899883,0.2434236931873763,0.08347067386412597,-1.448992645851135,1.536868667143343,1.6250972226010523,1.335523140837791,-0.45500689088394786,-0.6703939604968636,0.023102365408077308,-0.4142674663189161,-1.7593833101150376,50.0,51.0,51.0,41.0,43.0,26.0,30.0,26.0,51.0,92.25,3975442432,1588174848,1574801408,10.91,9.26,8.24,25297891328,9399599104
2026-05-06T15:37:45.464868+02:00,0.0577224971899883,0.2434236931873763,0.08347067386412597,-1.448992645851135,1.536868667143343,1.6250972226010523,1.3370450679455304,-0.4686414030005276,-0.6673640689154015,0.02463634619596311,-0.39432571607640243,-1.7593833101150376,50.0,51.0,51.0,41.0,43.0,26.0,30.0,26.0,51.0,92.25,3975442432,1588174848,1574801408,10.91,9.26,8.24,25297891328,9399599104
2026-05-06T15:37:45.515802+02:00,0.0577224971899883,0.2434236931873763,0.08347067386412597,-1.448992645851135,1.536868667143343,1.6250972226010523,1.3370450679455304,-0.4686414030005276,-0.6673640689154015,0.02463634619596311,-0.39432571607640243,-1.7593833101150376,50.0,51.0,51.0,41.0,43.0,26.0,30.0,26.0,51.0,92.25,3975442432,1588174848,1574801408,10.91,9.26,8.24,25297891328,9399599104
2026-05-06T15:37:45.570875+02:00,0.0577224971899883,0.2434236931873763,0.08347067386412597,-1.448992645851135,1.536868667143343,1.6250972226010523,1.3370450679455304,-0.4928805356522249,-0.6643341773339393,0.026170326983848913,-0.36978202347023226,-1.7593833101150376,50.0,51.0,51.0,41.0,43.0,26.0,30.0,26.0,51.0,92.25,3975442432,1588174848,1574801408,10.91,9.26,8.24,25297891328,9399599104
2026-05-06T15:37:45.621599+02:00,0.057815367179942116,0.24528051812923574,0.07174006951292297,-1.520340293317969,1.5259060996999063,1.551939642331247,1.3370450679455304,-0.5110598851409976,-0.6628192315432082,0.02770430777173427,-0.35904415795503297,-1.7609172909029231,50.0,51.0,51.0,41.0,43.0,26.0,30.0,26.0,51.0,92.25,3975442432,1588174848,1574801408,10.91,9.26,8.24,25297891328,9399599104
2026-05-06T15:37:45.671754+02:00,0.057815367179942116,0.24528051812923574,0.07174006951292297,-1.520340293317969,1.5259060996999063,1.551939642331247,1.3370450679455304,-0.5231794514668463,-0.6613042857524771,0.02770430777173427,-0.3467723116519479,-1.7593833101150376,50.0,51.0,51.0,41.0,43.0,26.0,30.0,26.0,51.0,92.25,3975442432,1588174848,1574801408,10.91,9.26,8.24,25297891328,9399599104
2026-05-06T15:37:45.726772+02:00,0.057815367179942116,0.24528051812923574,0.07174006951292297,-1.520340293317969,1.5259060996999063,1.551939642331247,1.3370450679455304,-0.5322691262112328,-0.659789339961746,0.029238288559620074,-0.3421703692882909,-1.7609172909029231,50.0,51.0,51.0,41.0,43.0,26.0,30.0,26.0,51.0,92.25,3975442432,1588174848,1574801408,10.91,9.26,8.24,25297891328,9399599104
2026-05-06T15:37:45.777244+02:00,0.0577955099071675,0.24515601637293014,0.06150409018312044,-1.4723323990997343,1.532806108860362,1.5982658029046728,1.3370450679455304,-0.5459036383278125,-0.658274394171015,0.030772269347505876,-0.32989852298520583,-1.7609172909029231,50.0,51.0,51.0,41.0,43.0,26.0,30.0,26.0,51.0,92.25,3975442432,1588174848,1574801408,10.91,9.26,8.24,25297891328,9399599104
2026-05-06T15:37:45.828573+02:00,0.0577955099071675,0.24515601637293014,0.06150409018312044,-1.4723323990997343,1.532806108860362,1.5982658029046728,1.3370450679455304,-0.5595381504443923,-0.6567594483802839,0.032306250135391235,-0.3206946382578919,-1.7609172909029231,50.0,51.0,51.0,41.0,43.0,26.0,30.0,26.0,51.0,92.25,3975442432,1588174848,1574801408,10.91,9.26,8.24,25297891328,9399599104
2026-05-06T15:37:45.881180+02:00,0.0577955099071675,0.24515601637293014,0.06150409018312044,-1.4723323990997343,1.532806108860362,1.5982658029046728,1.3370450679455304,-0.5671128793980477,-0.6552445025895528,0.032306250135391235,-0.3206946382578919,-1.7609172909029231,50.0,51.0,51.0,41.0,43.0,26.0,30.0,26.0,51.0,92.25,3975442432,1588174848,1574801408,10.91,9.26,8.24,25297891328,9399599104
2026-05-06T15:37:45.935927+02:00,0.0577955099071675,0.24515601637293014,0.06150409018312044,-1.4723323990997343,1.532806108860362,1.5982658029046728,1.3370450679455304,-0.5746876083517031,-0.6552445025895528,0.032306250135391235,-0.3191606574700061,-1.7609172909029231,50.0,51.0,51.0,41.0,43.0,26.0,30.0,26.0,51.0,92.25,3975442432,1588174848,1574801408,10.91,9.26,8.24,25297891328,9399599104
2026-05-06T15:37:45.988498+02:00,0.05746813938907202,0.2437731972441228,0.0516847927366201,-1.296154277143732,1.5467023134748075,1.7712430527934944,1.3370450679455304,-0.5413588009556193,-0.6522146110080906,0.03384023092327704,-0.31762667668212075,-1.7609172909029231,50.0,51.0,51.0,41.0,43.0,26.0,30.0,26.0,51.0,92.25,3975442432,1588174848,1574801408,10.91,9.26,8.24,25297891328,9399599104
2026-05-06T15:37:46.043552+02:00,0.05746813938907202,0.2437731972441228,0.0516847927366201,-1.296154277143732,1.5467023134748075,1.7712430527934944,1.3370450679455304,-0.5413588009556193,-0.6522146110080906,0.03384023092327704,-0.31762667668212075,-1.7609172909029231,50.0,51.0,51.0,41.0,43.0,26.0,30.0,26.0,51.0,92.25,3975442432,1588174848,1574801408,10.91,9.26,8.24,25297891328,9399599104
2026-05-06T15:37:46.095535+02:00,0.05746813938907202,0.2437731972441228,0.0516847927366201,-1.296154277143732,1.5467023134748075,1.7712430527934944,1.3370450679455304,-0.5625680420258544,-0.6506996652173596,0.0369081924990482,-0.28234511856075084,-1.7609172909029231,50.0,51.0,51.0,41.0,43.0,26.0,30.0,26.0,51.0,92.25,3975442432,1588174848,1574801408,10.91,9.26,8.24,25297891328,9399599104
2026-05-06T15:37:46.148230+02:00,0.05746813938907202,0.2437731972441228,0.0516847927366201,-1.296154277143732,1.5467023134748075,1.7712430527934944,1.3370450679455304,-0.5852922288868206,-0.6506996652173596,0.03384023092327704,-0.28387909934863664,-1.7624512716908087,50.0,51.0,51.0,41.0,43.0,26.0,30.0,26.0,51.0,92.25,3975442432,1588174848,1574801408,10.91,9.26,8.24,25297891328,9399599104
2026-05-06T15:37:46.200807+02:00,0.05839116274587592,0.24770083080808497,0.05194047681503852,-1.5415192669009858,1.509529378220929,1.5199177327339863,1.3370450679455304,-0.5883221204682828,-0.6491847194266285,0.038442173286934,-0.28387909934863664,-1.770121175630237,50.0,51.0,51.0,41.0,43.0,26.0,30.0,26.0,51.0,92.25,3975442432,1588174848,1574801408,10.91,9.26,8.24,25297891328,9399599104
2026-05-06T15:37:46.255506+02:00,0.05839116274587592,0.24770083080808497,0.05194047681503852,-1.5415192669009858,1.509529378220929,1.5199177327339863,1.3370450679455304,-0.5640829878165855,-0.6491847194266285,0.035374211711162395,-0.2930829840759501,-1.7731891372060082,50.0,51.0,51.0,41.0,43.0,26.0,30.0,26.0,51.0,92.25,3975442432,1588174848,1574801408,10.91,9.26,8.24,25297891328,9399599104
2026-05-06T15:37:46.309977+02:00,0.05839116274587592,0.24770083080808497,0.05194047681503852,-1.5415192669009858,1.509529378220929,1.5199177327339863,1.3370450679455304,-0.5701427709795098,-0.6491847194266285,0.0369081924990482,-0.2792771569849797,-1.7731891372060082,50.0,51.0,51.0,41.0,43.0,26.0,30.0,26.0,51.0,92.37,3975442432,1588817920,1574174720,10.91,9.26,8.24,25297891328,9399607296
2026-05-06T15:37:46.362093+02:00,0.05839116274587592,0.24770083080808497,0.05194047681503852,-1.5415192669009858,1.509529378220929,1.5199177327339863,1.3370450679455304,-0.5762025541424342,-0.6491847194266285,0.035374211711162395,-0.28234511856075084,-1.7731891372060082,50.0,51.0,51.0,41.0,43.0,26.0,30.0,26.0,51.0,92.37,3975442432,1588817920,1574174720,10.91,9.26,8.24,25297891328,9399607296
2026-05-06T15:37:46.417156+02:00,0.05856898116809309,0.24780124910638227,0.05171871336611453,-1.6080192891545952,1.5116128542823453,1.4759202490388208,1.3370450679455304,-0.5565082588629301,-0.6506996652173596,0.038442173286934,-0.29154900328806477,-1.7762570987817796,50.0,51.0,51.0,41.0,43.0,26.0,30.0,26.0,51.0,92.37,3975442432,1588817920,1574174720,10.91,9.26,8.24,25297891328,9399607296
2026-05-06T15:37:46.471148+02:00,0.05856898116809309,0.24780124910638227,0.05171871336611453,-1.6080192891545952,1.5116128542823453,1.4759202490388208,1.3370450679455304,-0.5655979336073166,-0.6491847194266285,0.038442173286934,-0.2762091954092081,-1.7762570987817796,50.0,51.0,51.0,41.0,43.0,26.0,30.0,26.0,51.0,92.37,3975442432,1588817920,1574174720,10.91,9.26,8.24,25297891328,9399607296
2026-05-06T15:37:46.521743+02:00,0.05856898116809309,0.24780124910638227,0.05171871336611453,-1.6080192891545952,1.5116128542823453,1.4759202490388208,1.3370450679455304,-0.5792324457238963,-0.6491847194266285,0.030772269347505876,-0.28081113777286504,-1.7762570987817796,50.0,51.0,51.0,41.0,43.0,26.0,30.0,26.0,51.0,92.37,3975442432,1588817920,1574174720,10.91,9.26,8.24,25297891328,9399607296
2026-05-06T15:37:46.572525+02:00,0.05838029018829079,0.24770442023287353,0.0506286512392792,-1.54590913386545,1.5109094016833111,1.5293597939911048,1.3370450679455304,-0.5489335299092747,-0.6491847194266285,0.04151013486270516,-0.2792771569849797,-1.7777910795696652,50.0,51.0,51.0,41.0,43.0,26.0,30.0,26.0,51.0,92.37,3975442432,1588817920,1574174720,10.91,9.26,8.24,25297891328,9399607296
2026-05-06T15:37:46.627568+02:00,0.05838029018829079,0.24770442023287353,0.0506286512392792,-1.54590913386545,1.5109094016833111,1.5293597939911048,1.3370450679455304,-0.5459036383278125,-0.6491847194266285,0.0369081924990482,-0.2930829840759501,-1.7777910795696652,50.0,51.0,51.0,41.0,43.0,26.0,30.0,26.0,51.0,92.37,3975442432,1588817920,1574174720,10.91,9.26,8.24,25297891328,9399607296
2026-05-06T15:37:46.680090+02:00,0.05838029018829079,0.24770442023287353,0.0506286512392792,-1.54590913386545,1.5109094016833111,1.5293597939911048,1.3370450679455304,-0.5610530962351233,-0.6491847194266285,0.038442173286934,-0.2746752146213227,-1.7777910795696652,50.0,51.0,51.0,41.0,43.0,26.0,30.0,26.0,51.0,92.37,3975442432,1588817920,1574174720,10.91,9.26,8.24,25297891328,9399607296
2026-05-06T15:37:46.730698+02:00,0.05838029018829079,0.24770442023287353,0.0506286512392792,-1.54590913386545,1.5109094016833111,1.5293597939911048,1.3370450679455304,-0.5792324457238963,-0.6491847194266285,0.038442173286934,-0.2731412338334369,-1.7777910795696652,50.0,51.0,51.0,41.0,43.0,26.0,30.0,26.0,51.0,92.37,3975442432,1588817920,1574174720,10.91,9.26,8.24,25297891328,9399607296
2026-05-06T15:37:46.784785+02:00,0.05879877752415338,0.24919208246086394,0.05303860646526427,-1.601780992384304,1.496099959629866,1.4764204248406356,1.3370450679455304,-0.5898370662590137,-0.6491847194266285,0.0369081924990482,-0.2731412338334369,-1.7777910795696652,50.0,51.0,51.0,41.0,43.0,26.0,30.0,26.0,51.0,92.37,3975442432,1588817920,1574174720,10.91,9.26,8.24,25297891328,9399607296
2026-05-06T15:37:46.839885+02:00,0.05879877752415338,0.24919208246086394,0.05303860646526427,-1.601780992384304,1.496099959629866,1.4764204248406356,1.3370450679455304,-0.5580232046536612,-0.6506996652173596,0.0369081924990482,-0.2762091954092081,-1.7777910795696652,50.0,51.0,51.0,41.0,43.0,26.0,30.0,26.0,51.0,92.37,3975442432,1588817920,1574174720,10.91,9.26,8.24,25297891328,9399607296
2026-05-06T15:37:46.893041+02:00,0.05879877752415338,0.24919208246086394,0.05303860646526427,-1.601780992384304,1.496099959629866,1.4764204248406356,1.3370450679455304,-0.5762025541424342,-0.6476697736358974,0.035374211711162395,-0.2792771569849797,-1.7777910795696652,50.0,51.0,51.0,41.0,43.0,26.0,30.0,26.0,51.0,92.37,3975442432,1588817920,1574174720,10.91,9.26,8.24,25297891328,9399607296
2026-05-06T15:37:46.943150+02:00,0.05879877752415338,0.24919208246086394,0.05303860646526427,-1.601780992384304,1.496099959629866,1.4764204248406356,1.3370450679455304,-0.5837772830960896,-0.6491847194266285,0.04151013486270516,-0.2762091954092081,-1.7777910795696652,50.0,51.0,51.0,41.0,43.0,26.0,30.0,26.0,51.0,92.37,3975442432,1588817920,1574174720,10.91,9.26,8.24,25297891328,9399607296
2026-05-06T15:37:46.993766+02:00,0.058449088919766565,0.24794799207177529,0.0506722356387418,-1.5571087845010874,1.5079196038693907,1.5181390245421849,1.3370450679455304,-0.5913520120497447,-0.6491847194266285,0.035374211711162395,-0.2777431761970939,-1.7777910795696652,50.0,51.0,51.0,41.0,43.0,26.0,30.0,26.0,51.0,92.37,3975442432,1588817920,1574174720,10.91,9.26,8.24,25297891328,9399607296
2026-05-06T15:37:47.045204+02:00,0.058449088919766565,0.24794799207177529,0.0506722356387418,-1.5571087845010874,1.5079196038693907,1.5181390245421849,1.3370450679455304,-0.5625680420258544,-0.6491847194266285,0.038442173286934,-0.285413080136522,-1.7777910795696652,50.0,51.0,51.0,41.0,43.0,26.0,30.0,26.0,51.0,92.37,3975442432,1588817920,1574174720,10.91,9.26,8.24,25297891328,9399607296
2026-05-06T15:37:47.095309+02:00,0.058449088919766565,0.24794799207177529,0.0506722356387418,-1.5571087845010874,1.5079196038693907,1.5181390245421849,1.3370450679455304,-0.5625680420258544,-0.6491847194266285,0.038442173286934,-0.285413080136522,-1.7777910795696652,50.0,51.0,51.0,41.0,43.0,26.0,30.0,26.0,51.0,92.37,3975442432,1588817920,1574174720,10.91,9.26,8.24,25297891328,9399607296
2026-05-06T15:37:47.145709+02:00,0.058449088919766565,0.24794799207177529,0.0506722356387418,-1.5571087845010874,1.5079196038693907,1.5181390245421849,1.3370450679455304,-0.5822623373053585,-0.6491847194266285,0.038442173286934,-0.28234511856075084,-1.7777910795696652,50.0,51.0,51.0,41.0,43.0,26.0,30.0,26.0,51.0,92.37,3975442432,1588817920,1574174720,10.91,9.26,8.24,25297891328,9399607296
2026-05-06T15:37:47.198101+02:00,0.058321649324702324,0.2471443635637233,0.050178777226341766,-1.5578893445902422,1.5172642129339808,1.52324791651996,1.3370450679455304,-0.5625680420258544,-0.6491847194266285,0.0369081924990482,-0.28387909934863664,-1.7777910795696652,50.0,51.0,51.0,41.0,43.0,26.0,30.0,26.0,51.0,92.37,3975442432,1588817920,1574174720,10.91,9.26,8.24,25297891328,9399607296
2026-05-06T15:37:47.249575+02:00,0.058321649324702324,0.2471443635637233,0.050178777226341766,-1.5578893445902422,1.5172642129339808,1.52324791651996,1.3370450679455304,-0.5640829878165855,-0.6491847194266285,0.0369081924990482,-0.29154900328806477,-1.7777910795696652,50.0,51.0,51.0,41.0,43.0,26.0,30.0,26.0,51.0,92.37,3975442432,1588817920,1574174720,10.91,9.26,8.24,25297891328,9399607296
2026-05-06T15:37:47.305177+02:00,0.058321649324702324,0.2471443635637233,0.050178777226341766,-1.5578893445902422,1.5172642129339808,1.52324791651996,1.3370450679455304,-0.5822623373053585,-0.6491847194266285,0.038442173286934,-0.28234511856075084,-1.7777910795696652,50.0,51.0,51.0,41.0,43.0,26.0,30.0,26.0,51.0,90.07,3975442432,1552048128,1610936320,10.92,9.29,8.25,25297891328,9399607296
2026-05-06T15:37:47.356995+02:00,0.058321649324702324,0.2471443635637233,0.050178777226341766,-1.5578893445902422,1.5172642129339808,1.52324791651996,1.3370450679455304,-0.554993313072199,-0.6491847194266285,0.0369081924990482,-0.28234511856075084,-1.7777910795696652,50.0,51.0,51.0,41.0,43.0,26.0,30.0,26.0,51.0,90.07,3975442432,1552048128,1610936320,10.92,9.29,8.25,25297891328,9399607296
2026-05-06T15:37:47.412015+02:00,0.058321649324702324,0.2471443635637233,0.050178777226341766,-1.5578893445902422,1.5172642129339808,1.52324791651996,1.3370450679455304,-0.5610530962351233,-0.6491847194266285,0.038442173286934,-0.2930829840759501,-1.7777910795696652,50.0,51.0,51.0,41.0,43.0,26.0,30.0,26.0,51.0,90.07,3975442432,1552048128,1610936320,10.92,9.29,8.25,25297891328,9399607296
2026-05-06T15:37:47.462504+02:00,0.058321649324702324,0.2471443635637233,0.050178777226341766,-1.5578893445902422,1.5172642129339808,1.52324791651996,1.3370450679455304,-0.5822623373053585,-0.6491847194266285,0.03384023092327704,-0.28387909934863664,-1.7777910795696652,50.0,51.0,51.0,41.0,43.0,26.0,30.0,26.0,51.0,90.07,3975442432,1552048128,1610936320,10.92,9.29,8.25,25297891328,9399607296
2026-05-06T15:37:47.512782+02:00,0.058321649324702324,0.2471443635637233,0.050178777226341766,-1.5578893445902422,1.5172642129339808,1.52324791651996,1.3370450679455304,-0.5898370662590137,-0.6491847194266285,0.035374211711162395,-0.28387909934863664,-1.7777910795696652,50.0,51.0,51.0,41.0,43.0,26.0,30.0,26.0,51.0,90.07,3975442432,1552048128,1610936320,10.92,9.29,8.25,25297891328,9399607296
2026-05-06T15:37:47.563750+02:00,0.058321649324702324,0.2471443635637233,0.050178777226341766,-1.5578893445902422,1.5172642129339808,1.52324791651996,1.3370450679455304,-0.5504484757000058,-0.6491847194266285,0.0369081924990482,-0.28234511856075084,-1.7777910795696652,50.0,51.0,51.0,41.0,43.0,26.0,30.0,26.0,51.0,90.07,3975442432,1552048128,1610936320,10.92,9.29,8.25,25297891328,9399607296
2026-05-06T15:37:47.616736+02:00,0.059235294612476064,0.25105683771239584,0.059121032748688795,-1.6276417353827435,1.4812058136530508,1.4522041637952694,1.3370450679455304,-0.5762025541424342,-0.6476697736358974,0.035374211711162395,-0.285413080136522,-1.7777910795696652,50.0,51.0,51.0,41.0,43.0,26.0,30.0,26.0,51.0,90.07,3975442432,1552048128,1610936320,10.92,9.29,8.25,25297891328,9399607296
2026-05-06T15:37:47.671793+02:00,0.059235294612476064,0.25105683771239584,0.059121032748688795,-1.6276417353827435,1.4812058136530508,1.4522041637952694,1.3370450679455304,-0.5837772830960896,-0.6491847194266285,0.0369081924990482,-0.28234511856075084,-1.7777910795696652,50.0,51.0,51.0,41.0,43.0,26.0,30.0,26.0,51.0,90.07,3975442432,1552048128,1610936320,10.92,9.29,8.25,25297891328,9399607296
2026-05-06T15:37:47.724502+02:00,0.059235294612476064,0.25105683771239584,0.059121032748688795,-1.6276417353827435,1.4812058136530508,1.4522041637952694,1.3370450679455304,-0.5898370662590137,-0.6491847194266285,0.0369081924990482,-0.28234511856075084,-1.7777910795696652,50.0,51.0,51.0,41.0,43.0,26.0,30.0,26.0,51.0,90.07,3975442432,1552048128,1610936320,10.92,9.29,8.25,25297891328,9399607296
2026-05-06T15:37:47.775915+02:00,0.059235294612476064,0.25105683771239584,0.059121032748688795,-1.6276417353827435,1.4812058136530508,1.4522041637952694,1.3370450679455304,-0.554993313072199,-0.6506996652173596,0.0369081924990482,-0.28387909934863664,-1.7777910795696652,50.0,51.0,51.0,41.0,43.0,26.0,30.0,26.0,51.0,90.07,3975442432,1552048128,1610936320,10.92,9.29,8.25,25297891328,9399607296
2026-05-06T15:37:47.829738+02:00,0.05821135572485144,0.24675644855726536,0.04904651360785403,-1.538176397475393,1.5201314994857364,1.541466777117412,1.3370450679455304,-0.5777174999331652,-0.6491847194266285,0.035374211711162395,-0.28234511856075084,-1.7808590411454366,50.0,51.0,51.0,41.0,43.0,26.0,30.0,26.0,51.0,90.07,3975442432,1552048128,1610936320,10.92,9.29,8.25,25297891328,9399607296
2026-05-06T15:37:47.884729+02:00,0.05821135572485144,0.24675644855726536,0.04904651360785403,-1.538176397475393,1.5201314994857364,1.541466777117412,1.3370450679455304,-0.5534783672814679,-0.6491847194266285,0.0369081924990482,-0.28234511856075084,-1.7808590411454366,50.0,51.0,51.0,41.0,43.0,26.0,30.0,26.0,51.0,90.07,3975442432,1552048128,1610936320,10.92,9.29,8.25,25297891328,9399607296
2026-05-06T15:37:47.936776+02:00,0.05821135572485144,0.24675644855726536,0.04904651360785403,-1.538176397475393,1.5201314994857364,1.541466777117412,1.3370450679455304,-0.5595381504443923,-0.6506996652173596,0.03997615407481936,-0.2930829840759501,-1.7808590411454366,50.0,51.0,51.0,41.0,43.0,26.0,30.0,26.0,51.0,90.07,3975442432,1552048128,1610936320,10.92,9.29,8.25,25297891328,9399607296
2026-05-06T15:37:47.989697+02:00,0.05821135572485144,0.24675644855726536,0.04904651360785403,-1.538176397475393,1.5201314994857364,1.541466777117412,1.3370450679455304,-0.5640829878165855,-0.6491847194266285,0.0369081924990482,-0.29001502250017897,-1.7808590411454366,50.0,51.0,51.0,41.0,43.0,26.0,30.0,26.0,51.0,90.07,3975442432,1552048128,1610936320,10.92,9.29,8.25,25297891328,9399607296
2026-05-06T15:37:48.043918+02:00,0.058722402360404845,0.249003482139218,0.055497978139233295,-1.591102223677475,1.502279892690409,1.4917910182716265,1.3370450679455304,-0.5762025541424342,-0.6491847194266285,0.03384023092327704,-0.28387909934863664,-1.7808590411454366,50.0,51.0,51.0,41.0,43.0,26.0,30.0,26.0,51.0,90.07,3975442432,1552048128,1610936320,10.92,9.29,8.25,25297891328,9399607296
2026-05-06T15:37:48.097215+02:00,0.058722402360404845,0.249003482139218,0.055497978139233295,-1.591102223677475,1.502279892690409,1.4917910182716265,1.3370450679455304,-0.5883221204682828,-0.6491847194266285,0.0369081924990482,-0.28234511856075084,-1.7808590411454366,50.0,51.0,51.0,41.0,43.0,26.0,30.0,26.0,51.0,90.07,3975442432,1552048128,1610936320,10.92,9.29,8.25,25297891328,9399607296
2026-05-06T15:37:48.148810+02:00,0.058722402360404845,0.249003482139218,0.055497978139233295,-1.591102223677475,1.502279892690409,1.4917910182716265,1.3370450679455304,-0.5883221204682828,-0.6491847194266285,0.0369081924990482,-0.28234511856075084,-1.7808590411454366,50.0,51.0,51.0,41.0,43.0,26.0,30.0,26.0,51.0,90.07,3975442432,1552048128,1610936320,10.92,9.29,8.25,25297891328,9399607296
2026-05-06T15:37:48.201110+02:00,0.058722402360404845,0.249003482139218,0.055497978139233295,-1.591102223677475,1.502279892690409,1.4917910182716265,1.3370450679455304,-0.5655979336073166,-0.6491847194266285,0.0369081924990482,-0.2869470609244078,-1.7808590411454366,50.0,51.0,51.0,41.0,43.0,26.0,30.0,26.0,51.0,90.07,3975442432,1552048128,1610936320,10.92,9.29,8.25,25297891328,9399607296
2026-05-06T15:37:48.251349+02:00,0.059126102495207916,0.2506184011008864,0.05831502110737667,-1.6239212430105163,1.4857303988116923,1.4589872167978997,1.3370450679455304,-0.5837772830960896,-0.6491847194266285,0.035374211711162395,-0.28234511856075084,-1.7808590411454366,50.0,51.0,51.0,41.0,43.0,26.0,30.0,26.0,51.0,90.07,3975442432,1552048128,1610936320,10.92,9.29,8.25,25297891328,9399607296
2026-05-06T15:37:48.301873+02:00,0.059126102495207916,0.2506184011008864,0.05831502110737667,-1.6239212430105163,1.4857303988116923,1.4589872167978997,1.3370450679455304,-0.5565082588629301,-0.6506996652173596,0.035374211711162395,-0.2884810417122936,-1.7808590411454366,50.0,51.0,51.0,41.0,43.0,26.0,30.0,26.0,51.0,90.07,3975442432,1552048128,1610936320,10.92,9.29,8.25,25297891328,9399607296
2026-05-06T15:37:48.352069+02:00,0.059126102495207916,0.2506184011008864,0.05831502110737667,-1.6239212430105163,1.4857303988116923,1.4589872167978997,1.3370450679455304,-0.5686278251887787,-0.6476697736358974,0.0369081924990482,-0.29154900328806477,-1.7808590411454366,50.0,51.0,51.0,41.0,43.0,26.0,30.0,26.0,51.0,97.55,3975442432,1551654912,1611329536,10.92,9.29,8.25,25297891328,9399615488
2026-05-06T15:37:48.407068+02:00,0.05867367298882106,0.2488189524485841,0.05450568737996526,-1.579289484765323,1.5067755595535663,1.5035975877764725,1.3370450679455304,-0.5777174999331652,-0.6491847194266285,0.035374211711162395,-0.28081113777286504,-1.7808590411454366,50.0,51.0,51.0,41.0,43.0,26.0,30.0,26.0,51.0,97.55,3975442432,1551654912,1611329536,10.92,9.29,8.25,25297891328,9399615488
2026-05-06T15:37:48.457618+02:00,0.05867367298882106,0.2488189524485841,0.05450568737996526,-1.579289484765323,1.5067755595535663,1.5035975877764725,1.3370450679455304,-0.5883221204682828,-0.6491847194266285,0.035374211711162395,-0.28234511856075084,-1.7808590411454366,50.0,51.0,51.0,41.0,43.0,26.0,30.0,26.0,51.0,97.55,3975442432,1551654912,1611329536,10.92,9.29,8.25,25297891328,9399615488
2026-05-06T15:37:48.507731+02:00,0.05867367298882106,0.2488189524485841,0.05450568737996526,-1.579289484765323,1.5067755595535663,1.5035975877764725,1.3370450679455304,-0.5625680420258544,-0.6491847194266285,0.038442173286934,-0.2930829840759501,-1.7808590411454366,50.0,51.0,51.0,41.0,43.0,26.0,30.0,26.0,53.0,97.55,3975442432,1551654912,1611329536,10.92,9.29,8.25,25297891328,9399615488
2026-05-06T15:37:48.559391+02:00,0.05867367298882106,0.2488189524485841,0.05450568737996526,-1.579289484765323,1.5067755595535663,1.5035975877764725,1.3370450679455304,-0.573172662560972,-0.6476697736358974,0.0369081924990482,-0.28234511856075084,-1.7808590411454366,50.0,51.0,51.0,41.0,43.0,26.0,30.0,26.0,53.0,97.55,3975442432,1551654912,1611329536,10.92,9.29,8.25,25297891328,9399615488
2026-05-06T15:37:48.609627+02:00,0.0587582693214769,0.2490534033151593,0.053477997523023645,-1.5951334436428228,1.5022313673577032,1.4876712235728695,1.3370450679455304,-0.5883221204682828,-0.6491847194266285,0.035374211711162395,-0.28387909934863664,-1.7808590411454366,50.0,51.0,51.0,41.0,43.0,26.0,30.0,26.0,53.0,97.55,3975442432,1551654912,1611329536,10.92,9.29,8.25,25297891328,9399615488
2026-05-06T15:37:48.661701+02:00,0.0587582693214769,0.2490534033151593,0.053477997523023645,-1.5951334436428228,1.5022313673577032,1.4876712235728695,1.3370450679455304,-0.554993313072199,-0.6506996652173596,0.0369081924990482,-0.2884810417122936,-1.7808590411454366,50.0,51.0,51.0,41.0,43.0,26.0,30.0,26.0,53.0,97.55,3975442432,1551654912,1611329536,10.92,9.29,8.25,25297891328,9399615488
2026-05-06T15:37:48.711842+02:00,0.0587582693214769,0.2490534033151593,0.053477997523023645,-1.5951334436428228,1.5022313673577032,1.4876712235728695,1.3370450679455304,-0.5640829878165855,-0.6506996652173596,0.0369081924990482,-0.29615094565172173,-1.7808590411454366,50.0,51.0,51.0,41.0,43.0,26.0,30.0,26.0,53.0,97.55,3975442432,1551654912,1611329536,10.92,9.29,8.25,25297891328,9399615488
2026-05-06T15:37:48.766827+02:00,0.0587582693214769,0.2490534033151593,0.053477997523023645,-1.5951334436428228,1.5022313673577032,1.4876712235728695,1.3370450679455304,-0.573172662560972,-0.6506996652173596,0.0369081924990482,-0.2884810417122936,-1.7808590411454366,50.0,51.0,51.0,41.0,43.0,26.0,30.0,26.0,53.0,97.55,3975442432,1551654912,1611329536,10.92,9.29,8.25,25297891328,9399615488
2026-05-06T15:37:48.821900+02:00,0.058529598860810696,0.24789731403180887,0.05375871185825571,-1.5975375229615378,1.510009403266723,1.4896861525440295,1.3370450679455304,-0.5792324457238963,-0.6506996652173596,0.0369081924990482,-0.29461696486383593,-1.7808590411454366,50.0,51.0,51.0,41.0,43.0,26.0,30.0,26.0,53.0,97.55,3975442432,1551654912,1611329536,10.92,9.29,8.25,25297891328,9399615488
2026-05-06T15:37:48.877238+02:00,0.058529598860810696,0.24789731403180887,0.05375871185825571,-1.5975375229615378,1.510009403266723,1.4896861525440295,1.3370450679455304,-0.5822623373053585,-0.6522146110080906,0.035374211711162395,-0.2976849264396071,-1.7808590411454366,50.0,51.0,51.0,41.0,43.0,26.0,30.0,26.0,53.0,97.55,3975442432,1551654912,1611329536,10.92,9.29,8.25,25297891328,9399615488
2026-05-06T15:37:48.928440+02:00,0.058529598860810696,0.24789731403180887,0.05375871185825571,-1.5975375229615378,1.510009403266723,1.4896861525440295,1.3370450679455304,-0.5822623373053585,-0.6522146110080906,0.035374211711162395,-0.3007528880153787,-1.7777910795696652,50.0,51.0,51.0,41.0,43.0,26.0,30.0,26.0,53.0,97.55,3975442432,1551654912,1611329536,10.92,9.29,8.25,25297891328,9399615488
2026-05-06T15:37:48.978724+02:00,0.05768906687243743,0.244718994067738,0.050160256406154964,-1.432581266250131,1.5364479818617223,1.6486554951768817,1.3370450679455304,-0.5822623373053585,-0.6537295567988217,0.035374211711162395,-0.30228686880326405,-1.7777910795696652,50.0,51.0,51.0,41.0,43.0,26.0,30.0,26.0,53.0,97.55,3975442432,1551654912,1611329536,10.92,9.29,8.25,25297891328,9399615488
2026-05-06T15:37:49.030802+02:00,0.05768906687243743,0.244718994067738,0.050160256406154964,-1.432581266250131,1.5364479818617223,1.6486554951768817,1.3370450679455304,-0.5762025541424342,-0.6552445025895528,0.035374211711162395,-0.30382084959114986,-1.7777910795696652,50.0,51.0,51.0,41.0,43.0,26.0,30.0,26.0,53.0,97.55,3975442432,1551654912,1611329536,10.92,9.29,8.25,25297891328,9399615488
2026-05-06T15:37:49.084834+02:00,0.05768906687243743,0.244718994067738,0.050160256406154964,-1.432581266250131,1.5364479818617223,1.6486554951768817,1.3370450679455304,-0.5686278251887787,-0.6567594483802839,0.035374211711162395,-0.31609269589423494,-1.7777910795696652,50.0,51.0,51.0,41.0,43.0,26.0,30.0,26.0,53.0,97.55,3975442432,1551654912,1611329536,10.92,9.29,8.25,25297891328,9399615488
2026-05-06T15:37:49.135226+02:00,0.05768906687243743,0.244718994067738,0.050160256406154964,-1.432581266250131,1.5364479818617223,1.6486554951768817,1.335523140837791,-0.554993313072199,-0.659789339961746,0.03384023092327704,-0.3452383308640621,-1.7777910795696652,50.0,51.0,51.0,41.0,43.0,26.0,30.0,26.0,53.0,97.55,3975442432,1551654912,1611329536,10.92,9.29,8.25,25297891328,9399615488
2026-05-06T15:37:49.190324+02:00,0.05768906687243743,0.244718994067738,0.050160256406154964,-1.432581266250131,1.5364479818617223,1.6486554951768817,1.335523140837791,-0.5489335299092747,-0.6613042857524771,0.032306250135391235,-0.3682480426823469,-1.7777910795696652,50.0,51.0,51.0,41.0,43.0,26.0,30.0,26.0,53.0,97.55,3975442432,1551654912,1611329536,10.92,9.29,8.25,25297891328,9399615488
2026-05-06T15:37:49.243821+02:00,0.05731527721495997,0.24343719198904673,0.05352634105323074,-1.2663289777868183,1.5462256820850875,1.8151100016165078,1.335523140837791,-0.5186346140946531,-0.6628192315432082,0.029238288559620074,-0.3989276584400594,-1.7777910795696652,50.0,51.0,51.0,41.0,43.0,26.0,30.0,26.0,53.0,97.55,3975442432,1551654912,1611329536,10.92,9.29,8.25,25297891328,9399615488
2026-05-06T15:37:49.293922+02:00,0.05731527721495997,0.24343719198904673,0.05352634105323074,-1.2663289777868183,1.5462256820850875,1.8151100016165078,1.335523140837791,-0.5034851561873422,-0.6628192315432082,0.029238288559620074,-0.4127334855310303,-1.7777910795696652,50.0,51.0,51.0,41.0,43.0,26.0,30.0,26.0,53.0,97.55,3975442432,1551654912,1611329536,10.92,9.29,8.25,25297891328,9399615488
2026-05-06T15:37:49.345212+02:00,0.05731527721495997,0.24343719198904673,0.05352634105323074,-1.2663289777868183,1.5462256820850875,1.8151100016165078,1.335523140837791,-0.48985064407076273,-0.6643341773339393,0.02770430777173427,-0.4111995047431445,-1.7762570987817796,50.0,51.0,51.0,41.0,43.0,26.0,30.0,26.0,53.0,93.57,3975442432,1551028224,1611976704,10.92,9.29,8.25,25297891328,9399627776
2026-05-06T15:37:49.397391+02:00,0.05739831883444817,0.24239071379512897,0.0707725086657988,-0.6449068046533777,1.55840964501475,2.441508205071132,1.335523140837791,-0.4610666740468722,-0.6658491231246704,0.02770430777173427,-0.4326752357735435,-1.7777910795696652,50.0,51.0,51.0,41.0,43.0,26.0,30.0,26.0,53.0,93.57,3975442432,1551028224,1611976704,10.92,9.29,8.25,25297891328,9399627776
2026-05-06T15:37:49.451565+02:00,0.05739831883444817,0.24239071379512897,0.0707725086657988,-0.6449068046533777,1.55840964501475,2.441508205071132,1.335523140837791,-0.4413723787673681,-0.6688790147061325,0.02770430777173427,-0.44034513971297207,-1.7762570987817796,50.0,51.0,51.0,41.0,43.0,26.0,30.0,26.0,53.0,93.57,3975442432,1551028224,1611976704,10.92,9.29,8.25,25297891328,9399627776
2026-05-06T15:37:49.505535+02:00,0.05739831883444817,0.24239071379512897,0.0707725086657988,-0.6449068046533777,1.55840964501475,2.441508205071132,1.335523140837791,-0.4337976498137127,-0.6688790147061325,0.02770430777173427,-0.45108300522817135,-1.7777910795696652,50.0,51.0,51.0,41.0,43.0,26.0,30.0,26.0,53.0,93.57,3975442432,1551028224,1611976704,10.92,9.29,8.25,25297891328,9399627776
2026-05-06T15:37:49.559484+02:00,0.05745583325746312,0.243035929935267,0.08518630871752556,-1.2109163182600169,1.5472402431587702,1.877623272506218,1.335523140837791,-0.42319302927859515,-0.6688790147061325,0.026170326983848913,-0.4572189283797141,-1.7777910795696652,50.0,51.0,51.0,41.0,43.0,26.0,30.0,26.0,53.0,93.57,3975442432,1551028224,1611976704,10.92,9.29,8.25,25297891328,9399627776
2026-05-06T15:37:49.614498+02:00,0.05745583325746312,0.243035929935267,0.08518630871752556,-1.2109163182600169,1.5472402431587702,1.877623272506218,1.335523140837791,-0.41410335453420866,-0.6703939604968636,0.023102365408077308,-0.46335485153125644,-1.7777910795696652,50.0,51.0,51.0,41.0,43.0,26.0,30.0,26.0,53.0,93.57,3975442432,1551028224,1611976704,10.92,9.29,8.25,25297891328,9399627776
2026-05-06T15:37:49.669730+02:00,0.05745583325746312,0.243035929935267,0.08518630871752556,-1.2109163182600169,1.5472402431587702,1.877623272506218,1.335523140837791,-0.41410335453420866,-0.6703939604968636,0.023102365408077308,-0.46335485153125644,-1.7777910795696652,50.0,51.0,51.0,41.0,43.0,26.0,30.0,26.0,53.0,93.57,3975442432,1551028224,1611976704,10.92,9.29,8.25,25297891328,9399627776
2026-05-06T15:37:49.724743+02:00,0.05745583325746312,0.243035929935267,0.08518630871752556,-1.2109163182600169,1.5472402431587702,1.877623272506218,1.335523140837791,-0.39743895083616676,-0.6719089062875947,0.023102365408077308,-0.47409271704645617,-1.7777910795696652,50.0,51.0,51.0,41.0,43.0,26.0,30.0,26.0,53.0,93.57,3975442432,1551028224,1611976704,10.92,9.29,8.25,25297891328,9399627776
2026-05-06T15:37:49.779764+02:00,0.057521467970463064,0.242944306183314,0.09353104843189983,-1.4048488497757166,1.5399788773431948,1.688112898546323,1.335523140837791,-0.38986422188251146,-0.6719089062875947,0.023102365408077308,-0.4802286401979985,-1.7777910795696652,50.0,51.0,51.0,41.0,43.0,26.0,30.0,26.0,53.0,93.57,3975442432,1551028224,1611976704,10.92,9.29,8.25,25297891328,9399627776
2026-05-06T15:37:49.831601+02:00,0.057521467970463064,0.242944306183314,0.09353104843189983,-1.4048488497757166,1.5399788773431948,1.688112898546323,1.335523140837791,-0.38986422188251146,-0.6719089062875947,0.023102365408077308,-0.4802286401979985,-1.7777910795696652,50.0,51.0,51.0,41.0,43.0,26.0,30.0,26.0,53.0,93.57,3975442432,1551028224,1611976704,10.92,9.29,8.25,25297891328,9399627776
2026-05-06T15:37:49.886619+02:00,0.057521467970463064,0.242944306183314,0.09353104843189983,-1.4048488497757166,1.5399788773431948,1.688112898546323,1.335523140837791,-0.3868343303010493,-0.6719089062875947,0.023102365408077308,-0.4817626209858843,-1.7777910795696652,50.0,51.0,51.0,41.0,43.0,26.0,30.0,26.0,53.0,93.57,3975442432,1551028224,1611976704,10.92,9.29,8.25,25297891328,9399627776
2026-05-06T15:37:49.941648+02:00,0.057521467970463064,0.242944306183314,0.09353104843189983,-1.4048488497757166,1.5399788773431948,1.688112898546323,1.335523140837791,-0.3868343303010493,-0.6719089062875947,0.023102365408077308,-0.4817626209858843,-1.7777910795696652,50.0,51.0,51.0,41.0,43.0,26.0,30.0,26.0,53.0,93.57,3975442432,1551028224,1611976704,10.92,9.29,8.25,25297891328,9399627776
2026-05-06T15:37:49.996680+02:00,0.05753333273416579,0.24301753492821387,0.09463000576333802,-1.418884587054715,1.538567561783442,1.6741187146413523,1.335523140837791,-0.3868343303010493,-0.6719089062875947,0.023102365408077308,-0.4817626209858843,-1.7777910795696652,50.0,51.0,51.0,41.0,43.0,26.0,30.0,26.0,53.0,93.57,3975442432,1551028224,1611976704,10.92,9.29,8.25,25297891328,9399627776
2026-05-06T15:37:50.048996+02:00,0.05753333273416579,0.24301753492821387,0.09463000576333802,-1.418884587054715,1.538567561783442,1.6741187146413523,1.335523140837791,-0.3868343303010493,-0.6719089062875947,0.023102365408077308,-0.4817626209858843,-1.7777910795696652,50.0,51.0,51.0,41.0,43.0,26.0,30.0,26.0,53.0,93.57,3975442432,1551028224,1611976704,10.92,9.29,8.25,25297891328,9399627776
2026-05-06T15:37:50.100340+02:00,0.05753333273416579,0.24301753492821387,0.09463000576333802,-1.418884587054715,1.538567561783442,1.6741187146413523,1.335523140837791,-0.3868343303010493,-0.6719089062875947,0.023102365408077308,-0.4817626209858843,-1.7777910795696652,50.0,51.0,51.0,41.0,43.0,26.0,30.0,26.0,53.0,93.57,3975442432,1551028224,1611976704,10.92,9.29,8.25,25297891328,9399627776
2026-05-06T15:37:50.154476+02:00,0.05753333273416579,0.24301753492821387,0.09463000576333802,-1.418884587054715,1.538567561783442,1.6741187146413523,1.335523140837791,-0.3868343303010493,-0.6719089062875947,0.023102365408077308,-0.4817626209858843,-1.7777910795696652,50.0,51.0,51.0,41.0,43.0,26.0,30.0,26.0,53.0,93.57,3975442432,1551028224,1611976704,10.92,9.29,8.25,25297891328,9399627776
2026-05-06T15:37:50.207322+02:00,0.05753333273416579,0.24301753492821387,0.09463000576333802,-1.418884587054715,1.538567561783442,1.6741187146413523,1.335523140837791,-0.3868343303010493,-0.6719089062875947,0.02156838462019195,-0.48329660177376965,-1.7777910795696652,50.0,51.0,51.0,41.0,43.0,26.0,30.0,26.0,53.0,98.47,3975442432,1551241216,1611743232,10.92,9.29,8.25,25297891328,9399648256
2026-05-06T15:37:50.260900+02:00,0.05753333273416579,0.24301753492821387,0.09463000576333802,-1.418884587054715,1.538567561783442,1.6741187146413523,1.335523140837791,-0.3868343303010493,-0.6719089062875947,0.02156838462019195,-0.48329660177376965,-1.7777910795696652,50.0,51.0,51.0,41.0,43.0,26.0,30.0,26.0,53.0,98.47,3975442432,1551241216,1611743232,10.92,9.29,8.25,25297891328,9399648256
2026-05-06T15:37:50.312425+02:00,0.05753333273416579,0.24301753492821387,0.09463000576333802,-1.418884587054715,1.538567561783442,1.6741187146413523,1.3309573595145738,-0.3868343303010493,-0.6688790147061325,0.02156838462019195,-0.4817626209858843,-1.7762570987817796,50.0,51.0,51.0,41.0,43.0,26.0,30.0,26.0,53.0,98.47,3975442432,1551241216,1611743232,10.92,9.29,8.25,25297891328,9399648256
2026-05-06T15:37:50.362743+02:00,0.05753333273416579,0.24301753492821387,0.09463000576333802,-1.418884587054715,1.538567561783442,1.6741187146413523,1.3263915781913567,-0.3883492760917804,-0.6643341773339393,0.02156838462019195,-0.4878985441374266,-1.7379075790846386,50.0,51.0,51.0,41.0,43.0,26.0,30.0,26.0,53.0,98.47,3975442432,1551241216,1611743232,10.92,9.29,8.25,25297891328,9399648256
2026-05-06T15:37:50.417243+02:00,0.060133212229220974,0.24386874998578795,0.09535820527245159,-1.397009633456884,1.5388445478955404,1.6483903246636311,1.3203038697604002,-0.3883492760917804,-0.6613042857524771,0.02156838462019195,-0.4940344672889694,-1.7072279633269256,50.0,51.0,51.0,41.0,43.0,26.0,30.0,26.0,53.0,98.47,3975442432,1551241216,1611743232,10.92,9.29,8.25,25297891328,9399648256
2026-05-06T15:37:50.468107+02:00,0.060133212229220974,0.24386874998578795,0.09535820527245159,-1.397009633456884,1.5388445478955404,1.6483903246636311,1.3172600155449223,-0.3883492760917804,-0.658274394171015,0.02156838462019195,-0.49863640965262634,-1.693422136235955,50.0,51.0,51.0,41.0,43.0,26.0,30.0,26.0,53.0,98.47,3975442432,1551241216,1611743232,10.92,9.29,8.25,25297891328,9399648256
2026-05-06T15:37:50.518776+02:00,0.060133212229220974,0.24386874998578795,0.09535820527245159,-1.397009633456884,1.5388445478955404,1.6483903246636311,1.3111723071139658,-0.38986422188251146,-0.6522146110080906,0.02156838462019195,-0.5063063135920545,-1.6612085396903564,50.0,51.0,50.0,41.0,43.0,26.0,30.0,26.0,53.0,98.47,3975442432,1551241216,1611743232,10.92,9.29,8.25,25297891328,9399648256
2026-05-06T15:37:50.571809+02:00,0.0649809797920293,0.2443715576091526,0.09649155480094126,-1.138919074710793,1.5486922590134558,1.8040192849203378,1.3020407444675315,-0.39137916767324266,-0.6461548278451663,0.023102365408077308,-0.5155101983193684,-1.6243930007811012,50.0,51.0,50.0,41.0,43.0,26.0,30.0,26.0,53.0,98.47,3975442432,1551241216,1611743232,10.92,9.29,8.25,25297891328,9399648256
2026-05-06T15:37:50.623828+02:00,0.0649809797920293,0.2443715576091526,0.09649155480094126,-1.138919074710793,1.5486922590134558,1.8040192849203378,1.2913872547133587,-0.39289411346397374,-0.6370651531007799,0.023102365408077308,-0.5216461214709107,-1.590645423447617,50.0,51.0,50.0,41.0,43.0,26.0,30.0,26.0,53.0,98.47,3975442432,1551241216,1611743232,10.92,9.29,8.25,25297891328,9399648256
2026-05-06T15:37:50.674427+02:00,0.0649809797920293,0.2443715576091526,0.09649155480094126,-1.138919074710793,1.5486922590134558,1.8040192849203378,1.2852995462824022,-0.3944090592547048,-0.6340352615193178,0.023102365408077308,-0.5339179677739958,-1.552295903750476,50.0,51.0,50.0,41.0,43.0,26.0,30.0,26.0,53.0,98.47,3975442432,1551241216,1611743232,10.92,9.29,8.25,25297891328,9399648256
2026-05-06T15:37:50.727191+02:00,0.0649809797920293,0.2443715576091526,0.09649155480094126,-1.138919074710793,1.5486922590134558,1.8040192849203378,1.2792118378514457,-0.3944090592547048,-0.6279754783563934,0.02463634619596311,-0.5400538909255386,-1.52621823035642,50.0,51.0,50.0,41.0,43.0,26.0,30.0,26.0,53.0,98.47,3975442432,1551241216,1611743232,10.92,9.29,8.25,25297891328,9399648256
2026-05-06T15:37:50.782574+02:00,0.07160532405914885,0.24541540762465383,0.09855752108436217,-0.5721596487924904,1.5562320321252985,2.2303066156076716,1.2716022023127507,-0.3959240050454359,-0.6219156951934691,0.026170326983848913,-0.5461898140770809,-1.487868710659279,50.0,51.0,50.0,41.0,43.0,26.0,30.0,26.0,53.0,98.47,3975442432,1551241216,1611743232,10.92,9.29,8.25,25297891328,9399648256
2026-05-06T15:37:50.837850+02:00,0.07160532405914885,0.24541540762465383,0.09855752108436217,-0.5721596487924904,1.5562320321252985,2.2303066156076716,1.2685583480972729,-0.3959240050454359,-0.618885803612007,0.026170326983848913,-0.5477237948649667,-1.4755968643561939,50.0,51.0,50.0,41.0,43.0,26.0,30.0,26.0,53.0,98.47,3975442432,1551241216,1611743232,10.92,9.29,8.25,25297891328,9399648256
2026-05-06T15:37:50.891880+02:00,0.07160532405914885,0.24541540762465383,0.09855752108436217,-0.5721596487924904,1.5562320321252985,2.2303066156076716,1.245729441481187,-0.39895389662689784,-0.6022213999139651,0.026170326983848913,-0.5738014682590227,-1.3758881131436271,50.0,51.0,50.0,41.0,43.0,26.0,30.0,26.0,53.0,98.47,3975442432,1551241216,1611743232,10.92,9.29,8.25,25297891328,9399648256
2026-05-06T15:37:50.942745+02:00,0.07160532405914885,0.24541540762465383,0.09855752108436217,-0.5721596487924904,1.5562320321252985,2.2303066156076716,1.2365978788347527,-0.4004688424176289,-0.5946466709603098,0.02770430777173427,-0.5830053529863366,-1.3375385934464863,50.0,51.0,50.0,41.0,43.0,26.0,30.0,26.0,53.0,98.47,3975442432,1551241216,1611743232,10.92,9.29,8.25,25297891328,9399648256
2026-05-06T15:37:50.997787+02:00,0.08547046575560209,0.2471424264424561,0.10252389109256642,0.7672010114220154,1.552443881377363,-2.9861967453492144,1.2198566806496225,-0.4034987339990911,-0.5825271046344611,0.029238288559620074,-0.5937432185015359,-1.2869172274462601,50.0,51.0,50.0,41.0,43.0,26.0,30.0,26.0,53.0,98.47,3975442432,1551241216,1611743232,10.92,9.29,8.25,25297891328,9399648256
2026-05-06T15:37:51.051817+02:00,0.08547046575560209,0.2471424264424561,0.10252389109256642,0.7672010114220154,1.552443881377363,-2.9861967453492144,1.2092031908954497,-0.40501367978982217,-0.5734374298900746,0.029238288559620074,-0.6106170071682779,-1.2209560535671775,50.0,51.0,50.0,41.0,43.0,26.0,30.0,26.0,53.0,98.47,3975442432,1551241216,1611743232,10.92,9.29,8.25,25297891328,9399648256
2026-05-06T15:37:51.103172+02:00,0.08547046575560209,0.2471424264424561,0.10252389109256642,0.7672010114220154,1.552443881377363,-2.9861967453492144,1.1939839198180588,-0.40804357137128433,-0.561317863564226,0.032306250135391235,-0.62749079583502,-1.171868668354837,50.0,51.0,50.0,41.0,43.0,26.0,30.0,26.0,53.0,98.47,3975442432,1551241216,1611743232,10.92,9.29,8.25,25297891328,9399648256
2026-05-06T15:37:51.153970+02:00,0.08547046575560209,0.2471424264424561,0.10252389109256642,0.7672010114220154,1.552443881377363,-2.9861967453492144,1.1833304300638852,-0.40804357137128433,-0.5537431346105706,0.030772269347505876,-0.6366946805623339,-1.1059074944757543,50.0,51.0,50.0,41.0,43.0,26.0,30.0,26.0,53.0,98.47,3975442432,1551241216,1611743232,10.92,9.29,8.25,25297891328,9399648256
2026-05-06T15:37:51.205217+02:00,0.1025632769411927,0.24744714914740398,0.10785776665988264,1.5827471542930192,1.5318625827900005,-2.4954484119933604,1.1665892318787559,-0.4110734629527465,-0.5401086224939909,0.032306250135391235,-0.6566364308048471,-1.0322764166572438,50.0,51.0,50.0,41.0,43.0,26.0,30.0,26.0,53.0,98.47,3975442432,1551241216,1611743232,10.92,9.29,8.25,25297891328,9399648256
2026-05-06T15:37:51.256138+02:00,0.1025632769411927,0.24744714914740398,0.10785776665988264,1.5827471542930192,1.5318625827900005,-2.4954484119933604,1.14376032526267,-0.41410335453420866,-0.523444218795949,0.035374211711162395,-0.6719762386837038,-0.9632472812023898,50.0,51.0,50.0,41.0,43.0,26.0,30.0,26.0,53.0,98.47,3975442432,1551241216,1611743232,10.92,9.29,8.25,25297891328,9399648256
2026-05-06T15:37:51.307417+02:00,0.1025632769411927,0.24744714914740398,0.10785776665988264,1.5827471542930192,1.5318625827900005,-2.4954484119933604,1.14376032526267,-0.41410335453420866,-0.523444218795949,0.035374211711162395,-0.6719762386837038,-0.9632472812023898,50.0,51.0,50.0,41.0,43.0,26.0,30.0,26.0,53.0,98.47,3975442432,1551241216,1611743232,10.92,9.29,8.25,25297891328,9399648256
2026-05-06T15:37:51.358520+02:00,0.1025632769411927,0.24744714914740398,0.10785776665988264,1.5827471542930192,1.5318625827900005,-2.4954484119933604,1.1270191270775407,-0.4171332461156708,-0.5098097066793693,0.035374211711162395,-0.696519931289874,-0.8543346452625094,50.0,51.0,50.0,41.0,43.0,26.0,30.0,26.0,53.0,98.47,3975442432,1551241216,1611743232,10.92,9.29,8.25,25297891328,9399648256
2026-05-06T15:37:51.409948+02:00,0.11970754017004011,0.24690475758754546,0.1128734671059554,1.9243146690086461,1.5149519351002287,-2.4509758599332767,1.0859270951685862,-0.42319302927859515,-0.47648089928328563,0.038442173286934,-0.7348694509870151,-0.705538508837602,50.0,51.0,50.0,41.0,43.0,26.0,30.0,26.0,53.0,93.12,3975442432,1550352384,1612648448,10.92,9.29,8.25,25297891328,9399648256
2026-05-06T15:37:51.461046+02:00,0.11970754017004011,0.24690475758754546,0.1128734671059554,1.9243146690086461,1.5149519351002287,-2.4509758599332767,1.0767955325221519,-0.42319302927859515,-0.4719360619110924,0.038442173286934,-0.7425393549264432,-0.6334414118069769,50.0,51.0,50.0,41.0,43.0,26.0,30.0,26.0,53.0,93.12,3975442432,1550352384,1612648448,10.92,9.29,8.25,25297891328,9399648256
2026-05-06T15:37:51.515267+02:00,0.11970754017004011,0.24690475758754546,0.1128734671059554,1.9243146690086461,1.5149519351002287,-2.4509758599332767,1.0494008445828489,-0.4277378666507884,-0.4492118750501263,0.043044115650590964,-0.7732189706841561,-0.5260627566549823,50.0,51.0,50.0,41.0,43.0,26.0,30.0,26.0,53.0,93.12,3975442432,1550352384,1612648448,10.92,9.29,8.25,25297891328,9399648256
2026-05-06T15:37:51.569638+02:00,0.1378038200736187,0.2443507061418835,0.11888822208589242,2.2831236018976258,1.4863668765356182,-2.4565992755951935,1.0372254277209363,-0.42925281244151947,-0.4401222003057398,0.043044115650590964,-0.7870247977751266,-0.47083944829109914,50.0,51.0,50.0,41.0,43.0,26.0,30.0,26.0,53.0,93.12,3975442432,1550352384,1612648448,10.92,9.29,8.25,25297891328,9399648256
2026-05-06T15:37:51.623796+02:00,0.1378038200736187,0.2443507061418835,0.11888822208589242,2.2831236018976258,1.4863668765356182,-2.4565992755951935,1.0311377192899802,-0.43076775823225055,-0.43406241714281546,0.04457809643847632,-0.7931607209266693,-0.43555789016972923,50.0,51.0,50.0,41.0,43.0,26.0,30.0,26.0,53.0,93.12,3975442432,1550352384,1612648448,10.92,9.29,8.25,25297891328,9399648256
2026-05-06T15:37:51.678812+02:00,0.1378038200736187,0.2443507061418835,0.11888822208589242,2.2831236018976258,1.4863668765356182,-2.4565992755951935,1.0311377192899802,-0.43076775823225055,-0.43406241714281546,0.04457809643847632,-0.7931607209266693,-0.43555789016972923,50.0,51.0,50.0,41.0,43.0,26.0,30.0,26.0,53.0,93.12,3975442432,1550352384,1612648448,10.92,9.29,8.25,25297891328,9399648256
2026-05-06T15:37:51.733945+02:00,0.1378038200736187,0.2443507061418835,0.11888822208589242,2.2831236018976258,1.4863668765356182,-2.4565992755951935,0.9854799060578086,-0.4368275413951749,-0.4007336097467318,0.04764605801424793,-0.8269082982601534,-0.2576161187749948,50.0,51.0,50.0,41.0,43.0,26.0,30.0,26.0,53.0,93.12,3975442432,1550352384,1612648448,10.92,9.29,8.25,25297891328,9399648256
2026-05-06T15:37:51.786358+02:00,0.1565256813959106,0.24089851300027942,0.12495565908348424,2.5571993516420064,1.4713267893326438,-2.5168001041107635,0.9611290723339834,-0.43985743297663704,-0.3825542602579588,0.049180038802133286,-0.8560539332299806,-0.1456355212593432,50.0,51.0,50.0,41.0,43.0,26.0,30.0,26.0,53.0,93.12,3975442432,1550352384,1612648448,10.92,9.29,8.25,25297891328,9399648256
2026-05-06T15:37:51.841357+02:00,0.1565256813959106,0.24089851300027942,0.12495565908348424,2.5571993516420064,1.4713267893326438,-2.5168001041107635,0.9504755825798101,-0.4413723787673681,-0.3749795313043034,0.049180038802133286,-0.8575879140178664,-0.10728600156220214,50.0,51.0,50.0,41.0,43.0,26.0,30.0,26.0,53.0,93.12,3975442432,1550352384,1612648448,10.92,9.29,8.25,25297891328,9399648256
2026-05-06T15:37:51.892389+02:00,0.1565256813959106,0.24089851300027942,0.12495565908348424,2.5571993516420064,1.4713267893326438,-2.5168001041107635,0.9322124572869415,-0.4428873245580992,-0.36134501918772366,0.05071401959001909,-0.8775296642603796,-0.03212094295580581,50.0,51.0,50.0,41.0,43.0,26.0,30.0,26.0,53.0,93.12,3975442432,1550352384,1612648448,10.92,9.29,8.25,25297891328,9399648256
2026-05-06T15:37:51.944744+02:00,0.1565256813959106,0.24089851300027942,0.12495565908348424,2.5571993516420064,1.4713267893326438,-2.5168001041107635,0.9215589675327682,-0.4444022703488303,-0.3522553444433373,0.05071401959001909,-0.89133549135135,0.018500423044420344,50.0,51.0,50.0,41.0,43.0,26.0,30.0,26.0,53.0,93.12,3975442432,1550352384,1612648448,10.92,9.29,8.25,25297891328,9399648256
2026-05-06T15:37:52.000171+02:00,0.17469373436822566,0.23510192499649946,0.1317071104795937,2.867145877499294,1.4477643798731,-2.5471666554259866,0.9002519880244213,-0.44591721613956137,-0.33862083232675744,0.05224800037790445,-0.9020733568665498,0.09519946243870248,50.0,51.0,50.0,41.0,43.0,26.0,30.0,26.0,53.0,93.12,3975442432,1550352384,1612648448,10.92,9.29,8.25,25297891328,9399648256
2026-05-06T15:37:52.053623+02:00,0.17469373436822566,0.23510192499649946,0.1317071104795937,2.867145877499294,1.4477643798731,-2.5471666554259866,0.8880765711625087,-0.44743216193029245,-0.3280162117916401,0.05378198116579025,-0.9158791839575202,0.1504227708025856,50.0,51.0,50.0,41.0,43.0,26.0,30.0,26.0,53.0,93.12,3975442432,1550352384,1612648448,10.92,9.29,8.25,25297891328,9399648256
2026-05-06T15:37:52.105945+02:00,0.17469373436822566,0.23510192499649946,0.1317071104795937,2.867145877499294,1.4477643798731,-2.5471666554259866,0.8804669356238137,-0.44894710772102353,-0.32347137441944684,0.05378198116579025,-0.9235490878969492,0.18110238656029853,50.0,51.0,50.0,41.0,43.0,26.0,30.0,26.0,53.0,93.12,3975442432,1550352384,1612648448,10.92,9.29,8.25,25297891328,9399648256
2026-05-06T15:37:52.156309+02:00,0.17469373436822566,0.23510192499649946,0.1317071104795937,2.867145877499294,1.4477643798731,-2.5471666554259866,0.8728573000851183,-0.4504620535117546,-0.31589664546579144,0.05378198116579025,-0.9312189918363774,0.21638394468166844,50.0,51.0,50.0,41.0,43.0,26.0,30.0,26.0,53.0,93.12,3975442432,1550352384,1612648448,10.92,9.29,8.25,25297891328,9399648256
2026-05-06T15:37:52.206540+02:00,0.18871629085149877,0.23011352762394344,0.1368297020351803,3.0621289800900486,1.4375678536873595,-2.599427060460111,0.8606818832232057,-0.4504620535117546,-0.30832191651213603,0.05378198116579025,-0.9419568573515762,0.2654713298940088,50.0,51.0,50.0,41.0,43.0,26.0,30.0,26.0,53.0,93.12,3975442432,1550352384,1612648448,10.92,9.29,8.25,25297891328,9399648256
2026-05-06T15:37:52.260662+02:00,0.18871629085149877,0.23011352762394344,0.1368297020351803,3.0621289800900486,1.4375678536873595,-2.599427060460111,0.8515503205767714,-0.4534919450932168,-0.3007471875584806,0.05531596195367605,-0.9480927805031194,0.30228686880326405,50.0,51.0,50.0,41.0,43.0,26.0,30.0,26.0,53.0,99.29,3975442432,1554698240,1608302592,10.6,9.25,8.25,25297891328,9399648256
2026-05-06T15:37:52.311550+02:00,0.18871629085149877,0.23011352762394344,0.1368297020351803,3.0621289800900486,1.4375678536873595,-2.599427060460111,0.8515503205767714,-0.4534919450932168,-0.3007471875584806,0.05531596195367605,-0.9480927805031194,0.30228686880326405,50.0,51.0,50.0,41.0,43.0,26.0,30.0,26.0,53.0,99.29,3975442432,1554698240,1608302592,10.6,9.25,8.25,25297891328,9399648256
2026-05-06T15:37:52.365277+02:00,0.18871629085149877,0.23011352762394344,0.1368297020351803,3.0621289800900486,1.4375678536873595,-2.599427060460111,0.8515503205767714,-0.4534919450932168,-0.3007471875584806,0.05531596195367605,-0.9480927805031194,0.30228686880326405,50.0,51.0,50.0,41.0,43.0,26.0,30.0,26.0,53.0,99.29,3975442432,1554698240,1608302592,10.6,9.25,8.25,25297891328,9399648256
2026-05-06T15:37:52.419420+02:00,0.1965563991484109,0.22624773332195625,0.13974349137572067,-3.1015844948118287,1.4280182997860424,-2.6209456064658103,0.8317652681761638,-0.45500689088394786,-0.2871126754419009,0.05838392352944721,-0.9649665691698615,0.36057813874291833,50.0,51.0,50.0,41.0,43.0,26.0,30.0,26.0,53.0,99.29,3975442432,1554698240,1608302592,10.6,9.25,8.25,25297891328,9399648256
2026-05-06T15:37:52.471134+02:00,0.1965563991484109,0.22624773332195625,0.13974349137572067,-3.1015844948118287,1.4280182997860424,-2.6209456064658103,0.8287214139606855,-0.45500689088394786,-0.2855977296511698,0.05684994274156141,-0.9680345307456322,0.3866558121369743,50.0,51.0,50.0,41.0,43.0,26.0,30.0,26.0,53.0,99.29,3975442432,1554698240,1608302592,10.6,9.25,8.25,25297891328,9399648256
2026-05-06T15:37:52.526138+02:00,0.1965563991484109,0.22624773332195625,0.13974349137572067,-3.1015844948118287,1.4280182997860424,-2.6209456064658103,0.8256775597452077,-0.45500689088394786,-0.2840827838604387,0.05684994274156141,-0.969568511533518,0.39585969686428824,50.0,51.0,50.0,41.0,43.0,26.0,30.0,26.0,53.0,99.29,3975442432,1554698240,1608302592,10.6,9.25,8.25,25297891328,9399648256
2026-05-06T15:37:52.580683+02:00,0.20163598928354892,0.22388170228370108,0.1416558282071661,-3.0409313156548885,1.425945642582101,-2.6465134360982305,0.8226337055297295,-0.45652183667467894,-0.28105289227897656,0.05684994274156141,-0.969568511533518,0.41733542789468725,50.0,51.0,50.0,41.0,43.0,26.0,30.0,27.0,51.0,99.29,3975442432,1554698240,1608302592,10.6,9.25,8.25,25297891328,9399648256
2026-05-06T15:37:52.632029+02:00,0.20163598928354892,0.22388170228370108,0.1416558282071661,-3.0409313156548885,1.425945642582101,-2.6465134360982305,0.8226337055297295,-0.45652183667467894,-0.28105289227897656,0.05684994274156141,-0.9726364731092896,0.41886940868257305,50.0,51.0,50.0,41.0,43.0,26.0,30.0,27.0,51.0,99.29,3975442432,1554698240,1608302592,10.6,9.25,8.25,25297891328,9399648256
2026-05-06T15:37:52.683262+02:00,0.20163598928354892,0.22388170228370108,0.1416558282071661,-3.0409313156548885,1.425945642582101,-2.6465134360982305,0.8226337055297295,-0.45652183667467894,-0.28105289227897656,0.05684994274156141,-0.9772384154729461,0.4204033894704584,50.0,51.0,50.0,41.0,43.0,26.0,30.0,27.0,51.0,99.29,3975442432,1554698240,1608302592,10.6,9.25,8.25,25297891328,9399648256
2026-05-06T15:37:52.736856+02:00,0.20163598928354892,0.22388170228370108,0.1416558282071661,-3.0409313156548885,1.425945642582101,-2.6465134360982305,0.8226337055297295,-0.45652183667467894,-0.28105289227897656,0.05684994274156141,-0.9772384154729461,0.42347135104623,50.0,51.0,50.0,41.0,43.0,26.0,30.0,27.0,51.0,99.29,3975442432,1554698240,1608302592,10.6,9.25,8.25,25297891328,9399648256
2026-05-06T15:37:52.789668+02:00,0.20163598928354892,0.22388170228370108,0.1416558282071661,-3.0409313156548885,1.425945642582101,-2.6465134360982305,0.8226337055297295,-0.45652183667467894,-0.28105289227897656,0.05684994274156141,-0.9772384154729461,0.42347135104623,50.0,51.0,50.0,41.0,43.0,26.0,30.0,27.0,51.0,99.29,3975442432,1554698240,1608302592,10.6,9.25,8.25,25297891328,9399648256
2026-05-06T15:37:52.840633+02:00,0.20228630630993896,0.22326924535226836,0.14180475371630225,-3.0018973677895717,1.4200305237172823,-2.637937176501276,0.8226337055297295,-0.45652183667467894,-0.28105289227897656,0.05684994274156141,-0.9772384154729461,0.42347135104623,50.0,51.0,50.0,41.0,43.0,26.0,30.0,27.0,51.0,99.29,3975442432,1554698240,1608302592,10.6,9.25,8.25,25297891328,9399648256
2026-05-06T15:37:52.891519+02:00,0.20228630630993896,0.22326924535226836,0.14180475371630225,-3.0018973677895717,1.4200305237172823,-2.637937176501276,0.8226337055297295,-0.45652183667467894,-0.28105289227897656,0.05684994274156141,-0.9772384154729461,0.42347135104623,50.0,51.0,50.0,41.0,43.0,26.0,30.0,27.0,51.0,99.29,3975442432,1554698240,1608302592,10.6,9.25,8.25,25297891328,9399648256
2026-05-06T15:37:52.943899+02:00,0.20228630630993896,0.22326924535226836,0.14180475371630225,-3.0018973677895717,1.4200305237172823,-2.637937176501276,0.8226337055297295,-0.45652183667467894,-0.28105289227897656,0.05684994274156141,-0.9772384154729461,0.42347135104623,50.0,51.0,50.0,41.0,43.0,26.0,30.0,27.0,51.0,99.29,3975442432,1554698240,1608302592,10.6,9.25,8.25,25297891328,9399648256
2026-05-06T15:37:52.994527+02:00,0.20219560001683431,0.22317845767182698,0.14180922604016807,-2.99909773466608,1.4185572931837012,-2.6351051040459175,0.8226337055297295,-0.45652183667467894,-0.28105289227897656,0.05684994274156141,-0.9787723962608319,0.42347135104623,50.0,51.0,50.0,41.0,43.0,26.0,30.0,27.0,51.0,99.29,3975442432,1554698240,1608302592,10.6,9.25,8.25,25297891328,9399648256
2026-05-06T15:37:53.049276+02:00,0.20219560001683431,0.22317845767182698,0.14180922604016807,-2.99909773466608,1.4185572931837012,-2.6351051040459175,0.8226337055297295,-0.45652183667467894,-0.28105289227897656,0.05684994274156141,-0.9787723962608319,0.42347135104623,50.0,51.0,50.0,41.0,43.0,26.0,30.0,27.0,51.0,99.29,3975442432,1554698240,1608302592,10.6,9.25,8.25,25297891328,9399648256
2026-05-06T15:37:53.100007+02:00,0.20219560001683431,0.22317845767182698,0.14180922604016807,-2.99909773466608,1.4185572931837012,-2.6351051040459175,0.8226337055297295,-0.45652183667467894,-0.28105289227897656,0.05684994274156141,-0.9787723962608319,0.42347135104623,50.0,51.0,50.0,41.0,43.0,26.0,30.0,27.0,51.0,99.29,3975442432,1554698240,1608302592,10.6,9.25,8.25,25297891328,9399648256
2026-05-06T15:37:53.155074+02:00,0.20219560001683431,0.22317845767182698,0.14180922604016807,-2.99909773466608,1.4185572931837012,-2.6351051040459175,0.8226337055297295,-0.45803678246541,-0.28105289227897656,0.05684994274156141,-0.9787723962608319,0.42347135104623,50.0,51.0,50.0,41.0,43.0,26.0,30.0,27.0,51.0,99.29,3975442432,1554698240,1608302592,10.6,9.25,8.25,25297891328,9399648256
2026-05-06T15:37:53.208788+02:00,0.20219560001683431,0.22317845767182698,0.14180922604016807,-2.99909773466608,1.4185572931837012,-2.6351051040459175,0.8226337055297295,-0.4610666740468722,-0.28256783806970764,0.05684994274156141,-0.9772384154729461,0.42347135104623,50.0,51.0,50.0,41.0,43.0,26.0,30.0,27.0,51.0,98.51,3975442432,1585094656,1577906176,10.6,9.25,8.25,25297891328,9399672832
2026-05-06T15:37:53.259949+02:00,0.20219560001683431,0.22317845767182698,0.14180922604016807,-2.99909773466608,1.4185572931837012,-2.6351051040459175,0.8226337055297295,-0.4686414030005276,-0.2840827838604387,0.05684994274156141,-0.9649665691698615,0.42347135104623,50.0,51.0,50.0,41.0,43.0,26.0,30.0,27.0,51.0,98.51,3975442432,1585094656,1577906176,10.6,9.25,8.25,25297891328,9399672832
2026-05-06T15:37:53.314179+02:00,0.20219560001683431,0.22317845767182698,0.14180922604016807,-2.99909773466608,1.4185572931837012,-2.6351051040459175,0.8226337055297295,-0.47015634879125867,-0.2840827838604387,0.05684994274156141,-0.9618986075940898,0.42347135104623,50.0,51.0,50.0,41.0,43.0,26.0,30.0,27.0,51.0,98.51,3975442432,1585094656,1577906176,10.6,9.25,8.25,25297891328,9399672832
2026-05-06T15:37:53.364854+02:00,0.20219560001683431,0.22317845767182698,0.14180922604016807,-2.99909773466608,1.4185572931837012,-2.6351051040459175,0.8226337055297295,-0.4747011861634519,-0.2855977296511698,0.05684994274156141,-0.9572966652304333,0.42347135104623,50.0,51.0,50.0,41.0,43.0,26.0,30.0,27.0,51.0,98.51,3975442432,1585094656,1577906176,10.6,9.25,8.25,25297891328,9399672832
2026-05-06T15:37:53.415484+02:00,0.20219560001683431,0.22317845767182698,0.14180922604016807,-2.99909773466608,1.4185572931837012,-2.6351051040459175,0.8226337055297295,-0.4747011861634519,-0.2855977296511698,0.05684994274156141,-0.9572966652304333,0.42347135104623,50.0,51.0,50.0,41.0,43.0,26.0,30.0,27.0,51.0,98.51,3975442432,1585094656,1577906176,10.6,9.25,8.25,25297891328,9399672832
2026-05-06T15:37:53.470491+02:00,0.20232510637104908,0.22323390363481885,0.13631978761491076,-2.9919887142139365,1.4175239065901613,-2.628845973619347,0.8226337055297295,-0.4928805356522249,-0.29014256702336305,0.059917904317333015,-0.9327529726242623,0.4204033894704584,50.0,51.0,50.0,41.0,43.0,26.0,30.0,27.0,51.0,98.51,3975442432,1585094656,1577906176,10.6,9.25,8.25,25297891328,9399672832
2026-05-06T15:37:53.520867+02:00,0.20232510637104908,0.22323390363481885,0.13631978761491076,-2.9919887142139365,1.4175239065901613,-2.628845973619347,0.8226337055297295,-0.5019702103966112,-0.2931724586048252,0.06145188510521837,-0.9204811263211776,0.41886940868257305,50.0,51.0,50.0,41.0,43.0,26.0,30.0,27.0,51.0,98.51,3975442432,1585094656,1577906176,10.6,9.25,8.25,25297891328,9399672832
2026-05-06T15:37:53.573165+02:00,0.20232510637104908,0.22323390363481885,0.13631978761491076,-2.9919887142139365,1.4175239065901613,-2.628845973619347,0.8226337055297295,-0.5095449393502666,-0.2962023501862874,0.06145188510521837,-0.9097432608059779,0.41886940868257305,50.0,51.0,50.0,41.0,43.0,26.0,30.0,27.0,51.0,98.51,3975442432,1585094656,1577906176,10.6,9.25,8.25,25297891328,9399672832
2026-05-06T15:37:53.627132+02:00,0.20264753911198577,0.22382631353331228,0.12686232510127077,-3.01040845166036,1.4187429206248736,-2.6487268224756173,0.8226337055297295,-0.5156047225131909,-0.29771729597701846,0.06298586589310418,-0.8990053952907782,0.41886940868257305,50.0,51.0,50.0,41.0,43.0,26.0,30.0,27.0,51.0,98.51,3975442432,1585094656,1577906176,10.6,9.25,8.25,25297891328,9399672832
2026-05-06T15:37:53.680248+02:00,0.20264753911198577,0.22382631353331228,0.12686232510127077,-3.01040845166036,1.4187429206248736,-2.6487268224756173,0.8226337055297295,-0.5322691262112328,-0.3007471875584806,0.06451984668098998,-0.8698597603209515,0.41733542789468725,50.0,51.0,50.0,41.0,43.0,26.0,30.0,27.0,51.0,98.51,3975442432,1585094656,1577906176,10.6,9.25,8.25,25297891328,9399672832
2026-05-06T15:37:53.733067+02:00,0.20264753911198577,0.22382631353331228,0.12686232510127077,-3.01040845166036,1.4187429206248736,-2.6487268224756173,0.8226337055297295,-0.5428737467463504,-0.3037770791399428,0.06451984668098998,-0.8637238371694091,0.41733542789468725,50.0,51.0,50.0,41.0,43.0,26.0,30.0,27.0,51.0,98.51,3975442432,1585094656,1577906176,10.6,9.25,8.25,25297891328,9399672832
2026-05-06T15:37:53.785011+02:00,0.20264753911198577,0.22382631353331228,0.12686232510127077,-3.01040845166036,1.4187429206248736,-2.6487268224756173,0.8226337055297295,-0.5519634214907368,-0.30529202493067387,0.06605382746887534,-0.8621898563815233,0.41733542789468725,50.0,51.0,50.0,41.0,43.0,26.0,30.0,27.0,51.0,98.51,3975442432,1585094656,1577906176,10.6,9.25,8.25,25297891328,9399672832
2026-05-06T15:37:53.836751+02:00,0.20276013779349114,0.2239965895336676,0.11031333900164138,-3.0229279897646664,1.422149130771751,-2.6641680070396974,0.8226337055297295,-0.5610530962351233,-0.30680697072140495,0.06451984668098998,-0.8468500485026667,0.41733542789468725,50.0,51.0,50.0,41.0,43.0,26.0,30.0,27.0,51.0,98.51,3975442432,1585094656,1577906176,10.6,9.25,8.25,25297891328,9399672832
2026-05-06T15:37:53.891763+02:00,0.20276013779349114,0.2239965895336676,0.11031333900164138,-3.0229279897646664,1.422149130771751,-2.6641680070396974,0.8226337055297295,-0.5701427709795098,-0.30832191651213603,0.06758780825676114,-0.8376461637753527,0.41580144710680145,50.0,51.0,50.0,41.0,43.0,26.0,30.0,27.0,51.0,98.51,3975442432,1585094656,1577906176,10.6,9.25,8.25,25297891328,9399672832
2026-05-06T15:37:53.944926+02:00,0.20276013779349114,0.2239965895336676,0.11031333900164138,-3.0229279897646664,1.422149130771751,-2.6641680070396974,0.8226337055297295,-0.5807473915146274,-0.3098368623028671,0.06758780825676114,-0.8299762598359246,0.41580144710680145,50.0,51.0,50.0,41.0,43.0,26.0,30.0,27.0,51.0,98.51,3975442432,1585094656,1577906176,10.6,9.25,8.25,25297891328,9399672832
2026-05-06T15:37:54.000046+02:00,0.20216507480931403,0.22328553236444182,0.09865714247929651,-3.001445542876843,1.4140896985344529,-2.6439782838315122,0.8226337055297295,-0.5807473915146274,-0.3098368623028671,0.06758780825676114,-0.8269082982601534,0.41580144710680145,50.0,51.0,50.0,41.0,43.0,26.0,30.0,27.0,51.0,98.51,3975442432,1585094656,1577906176,10.6,9.25,8.25,25297891328,9399672832
2026-05-06T15:37:54.053807+02:00,0.20216507480931403,0.22328553236444182,0.09865714247929651,-3.001445542876843,1.4140896985344529,-2.6439782838315122,0.8226337055297295,-0.5898370662590137,-0.3098368623028671,0.06758780825676114,-0.8223063558964965,0.41580144710680145,50.0,51.0,50.0,41.0,43.0,26.0,30.0,27.0,51.0,98.51,3975442432,1585094656,1577906176,10.6,9.25,8.25,25297891328,9399672832
2026-05-06T15:37:54.103841+02:00,0.20216507480931403,0.22328553236444182,0.09865714247929651,-3.001445542876843,1.4140896985344529,-2.6439782838315122,0.8226337055297295,-0.5974117952126691,-0.3128667538843293,0.0691217890446465,-0.8177044135328395,0.41580144710680145,50.0,51.0,50.0,41.0,43.0,26.0,30.0,27.0,51.0,98.51,3975442432,1585094656,1577906176,10.6,9.25,8.25,25297891328,9399672832
2026-05-06T15:37:54.153949+02:00,0.20216507480931403,0.22328553236444182,0.09865714247929651,-3.001445542876843,1.4140896985344529,-2.6439782838315122,0.8226337055297295,-0.6004416867941312,-0.3128667538843293,0.0691217890446465,-0.8100345095934114,0.4142674663189161,50.0,51.0,50.0,41.0,43.0,26.0,30.0,27.0,51.0,98.51,3975442432,1585094656,1577906176,10.6,9.25,8.25,25297891328,9399672832
2026-05-06T15:37:54.205618+02:00,0.20184298048556318,0.22293397512963903,0.09215537376939795,-2.9965681315165735,1.4114441281546382,-2.6396947540208915,0.8226337055297295,-0.6019566325848623,-0.3128667538843293,0.0691217890446465,-0.8115684903812972,0.4142674663189161,50.0,51.0,50.0,41.0,43.0,26.0,30.0,27.0,51.0,98.51,3975442432,1585094656,1577906176,10.6,9.25,8.25,25297891328,9399672832
2026-05-06T15:37:54.255671+02:00,0.20184298048556318,0.22293397512963903,0.09215537376939795,-2.9965681315165735,1.4114441281546382,-2.6396947540208915,0.8226337055297295,-0.6004416867941312,-0.3128667538843293,0.0691217890446465,-0.8115684903812972,0.4142674663189161,50.0,51.0,50.0,41.0,43.0,26.0,30.0,27.0,51.0,98.51,3975442432,1585094656,1577906176,10.6,9.25,8.25,25297891328,9399672832
2026-05-06T15:37:54.306500+02:00,0.20184298048556318,0.22293397512963903,0.09215537376939795,-2.9965681315165735,1.4114441281546382,-2.6396947540208915,0.8226337055297295,-0.6004416867941312,-0.3128667538843293,0.0691217890446465,-0.8115684903812972,0.4142674663189161,50.0,51.0,50.0,41.0,43.0,26.0,30.0,27.0,51.0,93.79,3975442432,1588842496,1574109184,10.6,9.25,8.25,25297891328,9399676928
2026-05-06T15:37:54.360706+02:00,0.20184298048556318,0.22293397512963903,0.09215537376939795,-2.9965681315165735,1.4114441281546382,-2.6396947540208915,0.8226337055297295,-0.6004416867941312,-0.3128667538843293,0.0691217890446465,-0.8115684903812972,0.4142674663189161,50.0,51.0,50.0,41.0,43.0,26.0,30.0,27.0,51.0,93.79,3975442432,1588842496,1574109184,10.6,9.25,8.25,25297891328,9399676928
2026-05-06T15:37:54.412860+02:00,0.20175085558382416,0.22284469155351017,0.09216098462697046,-2.9940526651180757,1.4099648995537604,-2.6371467055619706,0.8226337055297295,-0.6004416867941312,-0.3128667538843293,0.0691217890446465,-0.8100345095934114,0.4127334855310303,50.0,51.0,50.0,41.0,43.0,26.0,30.0,27.0,51.0,93.79,3975442432,1588842496,1574109184,10.6,9.25,8.25,25297891328,9399676928
2026-05-06T15:37:54.464960+02:00,0.20175085558382416,0.22284469155351017,0.09216098462697046,-2.9940526651180757,1.4099648995537604,-2.6371467055619706,0.8226337055297295,-0.6004416867941312,-0.3128667538843293,0.0691217890446465,-0.8100345095934114,0.4127334855310303,50.0,51.0,50.0,41.0,43.0,26.0,30.0,27.0,51.0,93.79,3975442432,1588842496,1574109184,10.6,9.25,8.25,25297891328,9399676928
2026-05-06T15:37:54.519993+02:00,0.20175085558382416,0.22284469155351017,0.09216098462697046,-2.9940526651180757,1.4099648995537604,-2.6371467055619706,0.8226337055297295,-0.6004416867941312,-0.3128667538843293,0.0691217890446465,-0.8115684903812972,0.4127334855310303,50.0,51.0,50.0,41.0,43.0,26.0,30.0,27.0,51.0,93.79,3975442432,1588842496,1574109184,10.6,9.25,8.25,25297891328,9399676928
2026-05-06T15:37:54.573453+02:00,0.20175085558382416,0.22284469155351017,0.09216098462697046,-2.99558664590596,1.4099648995537608,-2.637146705561969,0.8226337055297295,-0.6004416867941312,-0.3128667538843293,0.0691217890446465,-0.8115684903812972,0.4127334855310303,50.0,51.0,51.0,41.0,43.0,26.0,30.0,27.0,51.0,93.79,3975442432,1588842496,1574109184,10.6,9.25,8.25,25297891328,9399676928
2026-05-06T15:37:54.632161+02:00,0.20175085558382416,0.22284469155351017,0.09216098462697046,-2.99558664590596,1.4099648995537608,-2.637146705561969,0.8226337055297295,-0.6004416867941312,-0.3128667538843293,0.0691217890446465,-0.8115684903812972,0.4127334855310303,50.0,51.0,51.0,41.0,43.0,26.0,30.0,27.0,51.0,93.79,3975442432,1588842496,1574109184,10.6,9.25,8.25,25297891328,9399676928
2026-05-06T15:37:54.687195+02:00,0.20175085558382416,0.22284469155351017,0.09216098462697046,-2.99558664590596,1.4099648995537608,-2.637146705561969,0.8226337055297295,-0.6004416867941312,-0.3128667538843293,0.0691217890446465,-0.8115684903812972,0.4127334855310303,50.0,51.0,51.0,41.0,43.0,26.0,30.0,27.0,51.0,93.79,3975442432,1588842496,1574109184,10.6,9.25,8.25,25297891328,9399676928
2026-05-06T15:37:54.737494+02:00,0.20175085558382416,0.22284469155351017,0.09216098462697046,-2.99558664590596,1.4099648995537608,-2.637146705561969,0.8226337055297295,-0.6004416867941312,-0.3128667538843293,0.0691217890446465,-0.8100345095934114,0.4127334855310303,50.0,51.0,51.0,41.0,43.0,26.0,30.0,27.0,51.0,93.79,3975442432,1588842496,1574109184,10.6,9.25,8.25,25297891328,9399676928
2026-05-06T15:37:54.788585+02:00,0.20184298048556315,0.22293397512963897,0.09215537376939796,-2.998102112304459,1.4114441281546384,-2.639694754020891,0.8226337055297295,-0.6004416867941312,-0.3128667538843293,0.0691217890446465,-0.8115684903812972,0.4127334855310303,50.0,51.0,51.0,41.0,43.0,26.0,30.0,27.0,51.0,93.79,3975442432,1588842496,1574109184,10.6,9.25,8.25,25297891328,9399676928
2026-05-06T15:37:54.840499+02:00,0.20184298048556315,0.22293397512963897,0.09215537376939796,-2.998102112304459,1.4114441281546384,-2.639694754020891,0.8226337055297295,-0.6004416867941312,-0.3128667538843293,0.0691217890446465,-0.8100345095934114,0.4127334855310303,50.0,51.0,51.0,41.0,43.0,26.0,30.0,27.0,51.0,93.79,3975442432,1588842496,1574109184,10.6,9.25,8.25,25297891328,9399676928
2026-05-06T15:37:54.890557+02:00,0.20184298048556315,0.22293397512963897,0.09215537376939796,-2.998102112304459,1.4114441281546384,-2.639694754020891,0.8226337055297295,-0.6004416867941312,-0.3128667538843293,0.0691217890446465,-0.8115684903812972,0.4127334855310303,50.0,51.0,51.0,41.0,43.0,26.0,30.0,27.0,51.0,93.79,3975442432,1588842496,1574109184,10.6,9.25,8.25,25297891328,9399676928
2026-05-06T15:37:54.945538+02:00,0.20184298048556315,0.22293397512963897,0.09215537376939796,-2.998102112304459,1.4114441281546384,-2.639694754020891,0.8226337055297295,-0.6004416867941312,-0.3128667538843293,0.0691217890446465,-0.8100345095934114,0.4127334855310303,50.0,51.0,51.0,41.0,43.0,26.0,30.0,27.0,51.0,93.79,3975442432,1588842496,1574109184,10.6,9.25,8.25,25297891328,9399676928
2026-05-06T15:37:54.995642+02:00,0.20175085558382416,0.22284469155351017,0.09216098462697046,-2.9940526651180757,1.4099648995537604,-2.6371467055619706,0.8226337055297295,-0.6004416867941312,-0.3128667538843293,0.0691217890446465,-0.8100345095934114,0.4127334855310303,50.0,51.0,51.0,41.0,43.0,26.0,30.0,27.0,51.0,93.79,3975442432,1588842496,1574109184,10.6,9.25,8.25,25297891328,9399676928
2026-05-06T15:37:55.050692+02:00,0.20175085558382416,0.22284469155351017,0.09216098462697046,-2.9940526651180757,1.4099648995537604,-2.6371467055619706,0.8226337055297295,-0.6004416867941312,-0.3128667538843293,0.0691217890446465,-0.8115684903812972,0.4127334855310303,50.0,51.0,51.0,41.0,43.0,26.0,30.0,27.0,51.0,93.79,3975442432,1588842496,1574109184,10.6,9.25,8.25,25297891328,9399676928
2026-05-06T15:37:55.100897+02:00,0.20175085558382416,0.22284469155351017,0.09216098462697046,-2.9940526651180757,1.4099648995537604,-2.6371467055619706,0.8226337055297295,-0.6004416867941312,-0.3128667538843293,0.0691217890446465,-0.8115684903812972,0.4127334855310303,50.0,51.0,51.0,41.0,43.0,26.0,30.0,27.0,51.0,93.79,3975442432,1588842496,1574109184,10.6,9.25,8.25,25297891328,9399676928
2026-05-06T15:37:55.155293+02:00,0.20175085558382416,0.22284469155351017,0.09216098462697046,-2.99558664590596,1.4099648995537608,-2.637146705561969,0.8226337055297295,-0.6004416867941312,-0.3128667538843293,0.0691217890446465,-0.8100345095934114,0.4127334855310303,50.0,51.0,51.0,41.0,43.0,26.0,30.0,27.0,51.0,93.79,3975442432,1588842496,1574109184,10.6,9.25,8.25,25297891328,9399676928
2026-05-06T15:37:55.208416+02:00,0.20175085558382416,0.22284469155351017,0.09216098462697046,-2.99558664590596,1.4099648995537608,-2.637146705561969,0.8226337055297295,-0.6004416867941312,-0.3128667538843293,0.0691217890446465,-0.8115684903812972,0.4127334855310303,50.0,51.0,51.0,41.0,43.0,26.0,30.0,27.0,51.0,90.62,3975442432,1589387264,1573560320,10.6,9.25,8.25,25297891328,9399676928
2026-05-06T15:37:55.262183+02:00,0.20175085558382416,0.22284469155351017,0.09216098462697046,-2.99558664590596,1.4099648995537608,-2.637146705561969,0.8226337055297295,-0.6004416867941312,-0.3128667538843293,0.0691217890446465,-0.8115684903812972,0.4127334855310303,50.0,51.0,51.0,41.0,43.0,26.0,30.0,27.0,51.0,90.62,3975442432,1589387264,1573560320,10.6,9.25,8.25,25297891328,9399676928
2026-05-06T15:37:55.312826+02:00,0.20175085558382416,0.22284469155351017,0.09216098462697046,-2.99558664590596,1.4099648995537608,-2.637146705561969,0.8226337055297295,-0.6004416867941312,-0.3128667538843293,0.0691217890446465,-0.8100345095934114,0.4142674663189161,50.0,51.0,51.0,41.0,43.0,26.0,30.0,27.0,51.0,90.62,3975442432,1589387264,1573560320,10.6,9.25,8.25,25297891328,9399676928
2026-05-06T15:37:55.363108+02:00,0.20184298048556318,0.22293397512963903,0.09215537376939795,-2.9965681315165735,1.4114441281546382,-2.6396947540208915,0.8226337055297295,-0.6004416867941312,-0.3128667538843293,0.0691217890446465,-0.8115684903812972,0.4142674663189161,50.0,51.0,51.0,41.0,43.0,26.0,30.0,27.0,51.0,90.62,3975442432,1589387264,1573560320,10.6,9.25,8.25,25297891328,9399676928
2026-05-06T15:37:55.418122+02:00,0.20184298048556318,0.22293397512963903,0.09215537376939795,-2.9965681315165735,1.4114441281546382,-2.6396947540208915,0.8226337055297295,-0.6004416867941312,-0.3128667538843293,0.0691217890446465,-0.8115684903812972,0.4142674663189161,50.0,51.0,51.0,41.0,43.0,26.0,30.0,27.0,51.0,90.62,3975442432,1589387264,1573560320,10.6,9.25,8.25,25297891328,9399676928
2026-05-06T15:37:55.470217+02:00,0.20184298048556318,0.22293397512963903,0.09215537376939795,-2.9965681315165735,1.4114441281546382,-2.6396947540208915,0.8226337055297295,-0.6004416867941312,-0.3128667538843293,0.0691217890446465,-0.8100345095934114,0.4127334855310303,50.0,51.0,51.0,41.0,43.0,26.0,30.0,27.0,51.0,90.62,3975442432,1589387264,1573560320,10.6,9.25,8.25,25297891328,9399676928
2026-05-06T15:37:55.520491+02:00,0.20184298048556318,0.22293397512963903,0.09215537376939795,-2.9965681315165735,1.4114441281546382,-2.6396947540208915,0.8226337055297295,-0.6004416867941312,-0.3128667538843293,0.0691217890446465,-0.8100345095934114,0.4127334855310303,50.0,51.0,51.0,41.0,43.0,26.0,30.0,27.0,51.0,90.62,3975442432,1589387264,1573560320,10.6,9.25,8.25,25297891328,9399676928
2026-05-06T15:37:55.571639+02:00,0.20184298048556318,0.22293397512963903,0.09215537376939795,-2.9965681315165735,1.4114441281546382,-2.6396947540208915,0.8226337055297295,-0.6004416867941312,-0.3128667538843293,0.0691217890446465,-0.8115684903812972,0.4127334855310303,50.0,51.0,51.0,41.0,43.0,26.0,30.0,27.0,51.0,90.62,3975442432,1589387264,1573560320,10.6,9.25,8.25,25297891328,9399676928
2026-05-06T15:37:55.622395+02:00,0.20175085558382416,0.22284469155351017,0.09216098462697046,-2.99558664590596,1.4099648995537608,-2.637146705561969,0.8226337055297295,-0.6004416867941312,-0.3128667538843293,0.0691217890446465,-0.8115684903812972,0.4142674663189161,50.0,51.0,51.0,41.0,43.0,26.0,30.0,27.0,51.0,90.62,3975442432,1589387264,1573560320,10.6,9.25,8.25,25297891328,9399676928
2026-05-06T15:37:55.677129+02:00,0.20175085558382416,0.22284469155351017,0.09216098462697046,-2.99558664590596,1.4099648995537608,-2.637146705561969,0.8226337055297295,-0.6004416867941312,-0.3128667538843293,0.0691217890446465,-0.8115684903812972,0.4142674663189161,50.0,51.0,51.0,41.0,43.0,26.0,30.0,27.0,51.0,90.62,3975442432,1589387264,1573560320,10.6,9.25,8.25,25297891328,9399676928
2026-05-06T15:37:55.732148+02:00,0.20175085558382416,0.22284469155351017,0.09216098462697046,-2.99558664590596,1.4099648995537608,-2.637146705561969,0.8226337055297295,-0.6004416867941312,-0.3128667538843293,0.0691217890446465,-0.8115684903812972,0.4142674663189161,50.0,51.0,51.0,41.0,43.0,26.0,30.0,27.0,51.0,90.62,3975442432,1589387264,1573560320,10.6,9.25,8.25,25297891328,9399676928
2026-05-06T15:37:55.787347+02:00,0.20175085558382416,0.22284469155351017,0.09216098462697046,-2.99558664590596,1.4099648995537608,-2.637146705561969,0.8226337055297295,-0.6004416867941312,-0.3128667538843293,0.0691217890446465,-0.8115684903812972,0.4142674663189161,50.0,51.0,51.0,41.0,43.0,26.0,30.0,27.0,51.0,90.62,3975442432,1589387264,1573560320,10.6,9.25,8.25,25297891328,9399676928
2026-05-06T15:37:55.841919+02:00,0.20175085558382416,0.22284469155351017,0.09216098462697046,-2.99558664590596,1.4099648995537608,-2.637146705561969,0.8226337055297295,-0.6004416867941312,-0.3128667538843293,0.0691217890446465,-0.8115684903812972,0.4142674663189161,50.0,51.0,51.0,41.0,43.0,26.0,30.0,27.0,51.0,90.62,3975442432,1589387264,1573560320,10.6,9.25,8.25,25297891328,9399676928
2026-05-06T15:37:55.893075+02:00,0.20175085558382416,0.22284469155351017,0.09216098462697046,-2.99558664590596,1.4099648995537608,-2.637146705561969,0.8226337055297295,-0.6004416867941312,-0.3128667538843293,0.0691217890446465,-0.8115684903812972,0.4142674663189161,50.0,51.0,51.0,41.0,43.0,26.0,30.0,27.0,51.0,90.62,3975442432,1589387264,1573560320,10.6,9.25,8.25,25297891328,9399676928
2026-05-06T15:37:55.943455+02:00,0.20175085558382416,0.22284469155351017,0.09216098462697046,-2.99558664590596,1.4099648995537608,-2.637146705561969,0.8226337055297295,-0.6004416867941312,-0.3128667538843293,0.0691217890446465,-0.8115684903812972,0.4142674663189161,50.0,51.0,51.0,41.0,43.0,26.0,30.0,27.0,51.0,90.62,3975442432,1589387264,1573560320,10.6,9.25,8.25,25297891328,9399676928
2026-05-06T15:37:55.993539+02:00,0.20175085558382416,0.22284469155351017,0.09216098462697046,-2.9940526651180757,1.4099648995537604,-2.6371467055619706,0.8226337055297295,-0.6004416867941312,-0.3128667538843293,0.0691217890446465,-0.8115684903812972,0.4142674663189161,50.0,51.0,51.0,41.0,43.0,26.0,30.0,27.0,51.0,90.62,3975442432,1589387264,1573560320,10.6,9.25,8.25,25297891328,9399676928
2026-05-06T15:37:56.044586+02:00,0.20175085558382416,0.22284469155351017,0.09216098462697046,-2.9940526651180757,1.4099648995537604,-2.6371467055619706,0.8226337055297295,-0.6004416867941312,-0.3128667538843293,0.0691217890446465,-0.8115684903812972,0.4127334855310303,50.0,51.0,51.0,41.0,43.0,26.0,30.0,27.0,51.0,90.62,3975442432,1589387264,1573560320,10.6,9.25,8.25,25297891328,9399676928
2026-05-06T15:37:56.098471+02:00,0.20175085558382416,0.22284469155351017,0.09216098462697046,-2.9940526651180757,1.4099648995537604,-2.6371467055619706,0.8226337055297295,-0.6004416867941312,-0.3128667538843293,0.0691217890446465,-0.8115684903812972,0.4142674663189161,50.0,51.0,51.0,41.0,43.0,26.0,30.0,27.0,51.0,90.62,3975442432,1589387264,1573560320,10.6,9.25,8.25,25297891328,9399676928
2026-05-06T15:37:56.148772+02:00,0.20175085558382416,0.22284469155351017,0.09216098462697046,-2.9940526651180757,1.4099648995537604,-2.6371467055619706,0.8226337055297295,-0.6004416867941312,-0.3128667538843293,0.0691217890446465,-0.8115684903812972,0.4127334855310303,50.0,51.0,51.0,41.0,43.0,26.0,30.0,27.0,51.0,90.62,3975442432,1589387264,1573560320,10.6,9.25,8.25,25297891328,9399676928
2026-05-06T15:37:56.203781+02:00,0.20175085558382416,0.22284469155351017,0.09216098462697046,-2.9940526651180757,1.4099648995537604,-2.6371467055619706,0.8226337055297295,-0.5974117952126691,-0.3113518080935982,0.0691217890446465,-0.8115684903812972,0.4127334855310303,50.0,51.0,51.0,41.0,43.0,26.0,30.0,27.0,51.0,90.62,3975442432,1589387264,1573560320,10.6,9.25,8.25,25297891328,9399676928
2026-05-06T15:37:56.253955+02:00,0.20175085558382416,0.22284469155351017,0.09216098462697046,-2.9940526651180757,1.4099648995537604,-2.6371467055619706,0.8226337055297295,-0.595896849421938,-0.3113518080935982,0.0691217890446465,-0.8115684903812972,0.4142674663189161,50.0,51.0,51.0,41.0,43.0,26.0,30.0,27.0,51.0,96.09,3975442432,1552109568,1610833920,10.6,9.25,8.25,25297891328,9399697408
2026-05-06T15:37:56.306501+02:00,0.20175085558382416,0.22284469155351017,0.09216098462697046,-2.9940526651180757,1.4099648995537604,-2.6371467055619706,0.8226337055297295,-0.5928669578404758,-0.3113518080935982,0.0691217890446465,-0.8131024711691826,0.4142674663189161,50.0,51.0,51.0,41.0,43.0,26.0,30.0,27.0,51.0,96.09,3975442432,1552109568,1610833920,10.6,9.25,8.25,25297891328,9399697408
2026-05-06T15:37:56.362095+02:00,0.20175085558382416,0.22284469155351017,0.09216098462697046,-2.9940526651180757,1.4099648995537604,-2.6371467055619706,0.8226337055297295,-0.5868071746775517,-0.30832191651213603,0.06758780825676114,-0.8269082982601534,0.4127334855310303,50.0,51.0,51.0,41.0,43.0,26.0,30.0,27.0,51.0,96.09,3975442432,1552109568,1610833920,10.6,9.25,8.25,25297891328,9399697408
2026-05-06T15:37:56.413086+02:00,0.20232064285719661,0.22343393279992305,0.09707761255922918,-3.0005310175823734,1.412733848235265,-2.6401749701243427,0.8226337055297295,-0.5792324457238963,-0.30680697072140495,0.06758780825676114,-0.8361121829874674,0.4127334855310303,50.0,51.0,51.0,41.0,43.0,26.0,30.0,27.0,51.0,96.09,3975442432,1552109568,1610833920,10.6,9.25,8.25,25297891328,9399697408
2026-05-06T15:37:56.463877+02:00,0.20232064285719661,0.22343393279992305,0.09707761255922918,-3.0005310175823734,1.412733848235265,-2.6401749701243427,0.8226337055297295,-0.5716577167702409,-0.30529202493067387,0.06758780825676114,-0.8468500485026667,0.4142674663189161,50.0,51.0,51.0,41.0,43.0,26.0,30.0,27.0,51.0,96.09,3975442432,1552109568,1610833920,10.6,9.25,8.25,25297891328,9399697408
2026-05-06T15:37:56.518934+02:00,0.20232064285719661,0.22343393279992305,0.09707761255922918,-3.0005310175823734,1.412733848235265,-2.6401749701243427,0.8226337055297295,-0.5716577167702409,-0.30529202493067387,0.06758780825676114,-0.8468500485026667,0.4142674663189161,50.0,51.0,51.0,41.0,43.0,26.0,30.0,27.0,51.0,96.09,3975442432,1552109568,1610833920,10.6,9.25,8.25,25297891328,9399697408
2026-05-06T15:37:56.575147+02:00,0.20232064285719661,0.22343393279992305,0.09707761255922918,-3.0005310175823734,1.412733848235265,-2.6401749701243427,0.8226337055297295,-0.5640829878165855,-0.3022621333492117,0.06758780825676114,-0.8560539332299806,0.4142674663189161,50.0,51.0,50.0,41.0,43.0,26.0,30.0,27.0,52.0,96.09,3975442432,1552109568,1610833920,10.6,9.25,8.25,25297891328,9399697408
2026-05-06T15:37:56.626773+02:00,0.20258909938723324,0.22390353037013372,0.1050733348138624,-3.0075178965040803,1.4119697292891797,-2.6473360990673203,0.8226337055297295,-0.5459036383278125,-0.29771729597701846,0.06758780825676114,-0.8821316066240361,0.4142674663189161,50.0,51.0,50.0,41.0,43.0,26.0,30.0,27.0,52.0,96.09,3975442432,1552109568,1610833920,10.6,9.25,8.25,25297891328,9399697408
2026-05-06T15:37:56.676855+02:00,0.20258909938723324,0.22390353037013372,0.1050733348138624,-3.0075178965040803,1.4119697292891797,-2.6473360990673203,0.8226337055297295,-0.536813963583426,-0.2962023501862874,0.06758780825676114,-0.8959374337150074,0.41580144710680145,50.0,51.0,50.0,41.0,43.0,26.0,30.0,27.0,52.0,96.09,3975442432,1552109568,1610833920,10.6,9.25,8.25,25297891328,9399697408
2026-05-06T15:37:56.727010+02:00,0.20258909938723324,0.22390353037013372,0.1050733348138624,-3.0075178965040803,1.4119697292891797,-2.6473360990673203,0.8226337055297295,-0.5277242888390395,-0.2931724586048252,0.06758780825676114,-0.9066752992302072,0.41886940868257305,50.0,51.0,50.0,41.0,43.0,26.0,30.0,27.0,52.0,96.09,3975442432,1552109568,1610833920,10.6,9.25,8.25,25297891328,9399697408
2026-05-06T15:37:56.779583+02:00,0.20222834751870034,0.22379879557074797,0.11664953810528525,-3.0039654167262673,1.4050027539320358,-2.646242479870244,0.8226337055297295,-0.517119668303922,-0.29165751281409413,0.06758780825676114,-0.9143452031696353,0.4204033894704584,50.0,51.0,50.0,41.0,43.0,26.0,30.0,27.0,52.0,96.09,3975442432,1552109568,1610833920,10.6,9.25,8.25,25297891328,9399697408
2026-05-06T15:37:56.830511+02:00,0.20222834751870034,0.22379879557074797,0.11664953810528525,-3.0039654167262673,1.4050027539320358,-2.646242479870244,0.8226337055297295,-0.5095449393502666,-0.28862762123263197,0.06605382746887534,-0.9296850110484915,0.4204033894704584,50.0,51.0,50.0,41.0,43.0,26.0,30.0,27.0,52.0,96.09,3975442432,1552109568,1610833920,10.6,9.25,8.25,25297891328,9399697408
2026-05-06T15:37:56.881523+02:00,0.20222834751870034,0.22379879557074797,0.11664953810528525,-3.0039654167262673,1.4050027539320358,-2.646242479870244,0.8226337055297295,-0.498940318815149,-0.2871126754419009,0.06451984668098998,-0.9404228765636913,0.4204033894704584,50.0,51.0,50.0,41.0,43.0,26.0,30.0,27.0,52.0,96.09,3975442432,1552109568,1610833920,10.6,9.25,8.25,25297891328,9399697408
2026-05-06T15:37:56.933911+02:00,0.20222834751870034,0.22379879557074797,0.11664953810528525,-3.0039654167262673,1.4050027539320358,-2.646242479870244,0.8226337055297295,-0.48985064407076273,-0.2855977296511698,0.06451984668098998,-0.9480927805031194,0.4219373702583442,50.0,51.0,50.0,41.0,43.0,26.0,30.0,27.0,52.0,96.09,3975442432,1552109568,1610833920,10.6,9.25,8.25,25297891328,9399697408
2026-05-06T15:37:56.988920+02:00,0.2020959975456396,0.22362171498032735,0.12961659391459687,-3.005451507668458,1.4074852210862157,-2.646559390675676,0.8226337055297295,-0.4837908609078384,-0.2840827838604387,0.06298586589310418,-0.9542287036546617,0.4219373702583442,50.0,51.0,50.0,41.0,43.0,26.0,30.0,27.0,52.0,96.09,3975442432,1552109568,1610833920,10.6,9.25,8.25,25297891328,9399697408
2026-05-06T15:37:57.039499+02:00,0.2020959975456396,0.22362171498032735,0.12961659391459687,-3.005451507668458,1.4074852210862157,-2.646559390675676,0.8226337055297295,-0.4747011861634519,-0.2840827838604387,0.06298586589310418,-0.9618986075940898,0.4250053318341154,50.0,51.0,50.0,41.0,43.0,26.0,30.0,27.0,52.0,96.09,3975442432,1552109568,1610833920,10.6,9.25,8.25,25297891328,9399697408
2026-05-06T15:37:57.094519+02:00,0.2020959975456396,0.22362171498032735,0.12961659391459687,-3.005451507668458,1.4074852210862157,-2.646559390675676,0.8226337055297295,-0.4671264572097965,-0.28256783806970764,0.06298586589310418,-0.9665005499577464,0.4250053318341154,50.0,51.0,50.0,41.0,43.0,26.0,30.0,27.0,52.0,96.09,3975442432,1552109568,1610833920,10.6,9.25,8.25,25297891328,9399697408
2026-05-06T15:37:57.149559+02:00,0.2020959975456396,0.22362171498032735,0.12961659391459687,-3.005451507668458,1.4074852210862157,-2.646559390675676,0.8226337055297295,-0.4610666740468722,-0.28105289227897656,0.06298586589310418,-0.969568511533518,0.4250053318341154,50.0,51.0,50.0,41.0,43.0,26.0,30.0,27.0,52.0,96.09,3975442432,1552109568,1610833920,10.6,9.25,8.25,25297891328,9399697408
2026-05-06T15:37:57.199593+02:00,0.20236137175619645,0.22388585286003082,0.13997350525116758,-3.0303981827884963,1.4201463838245412,-2.672110658366583,0.8226337055297295,-0.45803678246541,-0.28105289227897656,0.059917904317333015,-0.969568511533518,0.4250053318341154,50.0,51.0,50.0,41.0,43.0,26.0,30.0,27.0,52.0,96.09,3975442432,1552109568,1610833920,10.6,9.25,8.25,25297891328,9399697408
2026-05-06T15:37:57.254824+02:00,0.20236137175619645,0.22388585286003082,0.13997350525116758,-3.0303981827884963,1.4201463838245412,-2.672110658366583,0.8226337055297295,-0.45500689088394786,-0.28105289227897656,0.059917904317333015,-0.9757044346850603,0.4250053318341154,50.0,51.0,50.0,41.0,43.0,26.0,30.0,27.0,52.0,90.78,3975442432,1551601664,1611243520,10.96,9.34,8.28,25297891328,9399697408
2026-05-06T15:37:57.305079+02:00,0.20236137175619645,0.22388585286003082,0.13997350525116758,-3.0303981827884963,1.4201463838245412,-2.672110658366583,0.8226337055297295,-0.45500689088394786,-0.28105289227897656,0.059917904317333015,-0.9772384154729461,0.4250053318341154,50.0,51.0,50.0,41.0,43.0,26.0,30.0,27.0,52.0,90.78,3975442432,1551601664,1611243520,10.96,9.34,8.28,25297891328,9399697408
2026-05-06T15:37:57.356360+02:00,0.20236137175619645,0.22388585286003082,0.13997350525116758,-3.0303981827884963,1.4201463838245412,-2.672110658366583,0.8226337055297295,-0.45652183667467894,-0.28105289227897656,0.059917904317333015,-0.9787723962608319,0.4265393126220012,50.0,51.0,50.0,41.0,43.0,26.0,30.0,27.0,52.0,90.78,3975442432,1551601664,1611243520,10.96,9.34,8.28,25297891328,9399697408
2026-05-06T15:37:57.410671+02:00,0.20205743708599774,0.2233171887339957,0.14181768939866166,-3.0101891475469165,1.4178340267064755,-2.651163129620693,0.8226337055297295,-0.45652183667467894,-0.28105289227897656,0.059917904317333015,-0.9787723962608319,0.4265393126220012,50.0,51.0,50.0,41.0,43.0,26.0,30.0,27.0,52.0,90.78,3975442432,1551601664,1611243520,10.96,9.34,8.28,25297891328,9399697408
2026-05-06T15:37:57.462662+02:00,0.20205743708599774,0.2233171887339957,0.14181768939866166,-3.0101891475469165,1.4178340267064755,-2.651163129620693,0.8226337055297295,-0.45652183667467894,-0.28105289227897656,0.059917904317333015,-0.9787723962608319,0.42807329340988653,50.0,51.0,50.0,41.0,43.0,26.0,30.0,27.0,52.0,90.78,3975442432,1551601664,1611243520,10.96,9.34,8.28,25297891328,9399697408
2026-05-06T15:37:57.513449+02:00,0.20205743708599774,0.2233171887339957,0.14181768939866166,-3.0101891475469165,1.4178340267064755,-2.651163129620693,0.8226337055297295,-0.45652183667467894,-0.28105289227897656,0.059917904317333015,-0.9787723962608319,0.42807329340988653,50.0,51.0,50.0,41.0,43.0,26.0,30.0,27.0,52.0,90.78,3975442432,1551601664,1611243520,10.96,9.34,8.28,25297891328,9399697408
2026-05-06T15:37:57.564901+02:00,0.20205743708599774,0.2233171887339957,0.14181768939866166,-3.0101891475469165,1.4178340267064755,-2.651163129620693,0.8226337055297295,-0.45652183667467894,-0.28105289227897656,0.059917904317333015,-0.9787723962608319,0.42807329340988653,50.0,51.0,50.0,41.0,43.0,26.0,30.0,27.0,52.0,90.78,3975442432,1551601664,1611243520,10.96,9.34,8.28,25297891328,9399697408
2026-05-06T15:37:57.615313+02:00,0.20205743708599774,0.2233171887339957,0.14181768939866166,-3.0101891475469165,1.4178340267064755,-2.651163129620693,0.8226337055297295,-0.45652183667467894,-0.28105289227897656,0.059917904317333015,-0.9787723962608319,0.42807329340988653,50.0,51.0,50.0,41.0,43.0,26.0,30.0,27.0,52.0,90.78,3975442432,1551601664,1611243520,10.96,9.34,8.28,25297891328,9399697408
2026-05-06T15:37:57.665762+02:00,0.20205743708599774,0.2233171887339957,0.14181768939866166,-3.0086551667590298,1.4178340267064748,-2.651163129620693,0.8241556326374684,-0.45500689088394786,-0.28105289227897656,0.059917904317333015,-0.9787723962608319,0.42807329340988653,50.0,51.0,50.0,41.0,43.0,26.0,30.0,27.0,52.0,90.78,3975442432,1551601664,1611243520,10.96,9.34,8.28,25297891328,9399697408
2026-05-06T15:37:57.718766+02:00,0.20205743708599774,0.2233171887339957,0.14181768939866166,-3.0086551667590298,1.4178340267064748,-2.651163129620693,0.8317652681761638,-0.44894710772102353,-0.28105289227897656,0.059917904317333015,-0.9787723962608319,0.42807329340988653,50.0,51.0,50.0,41.0,43.0,26.0,30.0,27.0,52.0,90.78,3975442432,1551601664,1611243520,10.96,9.34,8.28,25297891328,9399697408
2026-05-06T15:37:57.769893+02:00,0.2001288978813674,0.22528363376759125,0.14409939668710936,-3.025656659360032,1.4249738508357483,-2.65884380787449,0.836331049499381,-0.44591721613956137,-0.28105289227897656,0.06145188510521837,-0.9787723962608319,0.42807329340988653,50.0,51.0,50.0,41.0,43.0,26.0,30.0,27.0,52.0,90.78,3975442432,1551601664,1611243520,10.96,9.34,8.28,25297891328,9399697408
2026-05-06T15:37:57.821914+02:00,0.2001288978813674,0.22528363376759125,0.14409939668710936,-3.025656659360032,1.4249738508357483,-2.65884380787449,0.8408968308225981,-0.4413723787673681,-0.28105289227897656,0.06298586589310418,-0.9787723962608319,0.42807329340988653,50.0,51.0,50.0,41.0,43.0,26.0,30.0,27.0,52.0,90.78,3975442432,1551601664,1611243520,10.96,9.34,8.28,25297891328,9399697408
2026-05-06T15:37:57.875236+02:00,0.2001288978813674,0.22528363376759125,0.14409939668710936,-3.025656659360032,1.4249738508357483,-2.65884380787449,0.8500283934690325,-0.4353125956044438,-0.28105289227897656,0.06451984668098998,-0.9787723962608319,0.42807329340988653,50.0,51.0,50.0,41.0,43.0,26.0,30.0,27.0,52.0,90.78,3975442432,1551601664,1611243520,10.96,9.34,8.28,25297891328,9399697408
2026-05-06T15:37:57.927495+02:00,0.2001288978813674,0.22528363376759125,0.14409939668710936,-3.025656659360032,1.4249738508357483,-2.65884380787449,0.8576380290077279,-0.4277378666507884,-0.2795379464882455,0.06758780825676114,-0.9818403578366035,0.42807329340988653,50.0,51.0,50.0,41.0,43.0,26.0,30.0,27.0,52.0,90.78,3975442432,1551601664,1611243520,10.96,9.34,8.28,25297891328,9399697408
2026-05-06T15:37:57.978343+02:00,0.19322180573370024,0.2314080429153266,0.15128290016463744,-3.1120858335049237,1.4379569259155462,-2.7201988944831954,0.8667695916541622,-0.42167808348786406,-0.2795379464882455,0.0691217890446465,-0.9879762809881458,0.42807329340988653,50.0,51.0,50.0,41.0,43.0,26.0,30.0,27.0,52.0,90.78,3975442432,1551601664,1611243520,10.96,9.34,8.28,25297891328,9399697408
2026-05-06T15:37:58.029646+02:00,0.19322180573370024,0.2314080429153266,0.15128290016463744,-3.1120858335049237,1.4379569259155462,-2.7201988944831954,0.8728573000851183,-0.41561830032493974,-0.2795379464882455,0.0721897506204181,-0.9895102617760316,0.42807329340988653,50.0,51.0,50.0,41.0,43.0,26.0,30.0,27.0,52.0,90.78,3975442432,1551601664,1611243520,10.96,9.34,8.28,25297891328,9399697408
2026-05-06T15:37:58.084665+02:00,0.19322180573370024,0.2314080429153266,0.15128290016463744,-3.1120858335049237,1.4379569259155462,-2.7201988944831954,0.8835107898392915,-0.40804357137128433,-0.2795379464882455,0.07525771219618926,-0.9941122041396881,0.42807329340988653,50.0,51.0,50.0,41.0,43.0,26.0,30.0,27.0,52.0,90.78,3975442432,1551601664,1611243520,10.96,9.34,8.28,25297891328,9399697408
2026-05-06T15:37:58.139692+02:00,0.19322180573370024,0.2314080429153266,0.15128290016463744,-3.1120858335049237,1.4379569259155462,-2.7201988944831954,0.8956862067012041,-0.39743895083616676,-0.2795379464882455,0.07832567377196042,-1.0017821080791163,0.42807329340988653,50.0,51.0,50.0,41.0,43.0,26.0,30.0,27.0,52.0,90.78,3975442432,1551601664,1611243520,10.96,9.34,8.28,25297891328,9399697408
2026-05-06T15:37:58.192370+02:00,0.18259165917031242,0.23858198984949605,0.16090852980816275,3.0446198126389383,1.4461187910242337,-2.812916666548308,0.9093835506708556,-0.3868343303010493,-0.2795379464882455,0.08446159692350319,-1.0048500696548879,0.42807329340988653,50.0,51.0,50.0,41.0,43.0,26.0,30.0,27.0,52.0,98.5,3975442432,1551835136,1610993664,10.96,9.34,8.28,25297891328,9399713792
2026-05-06T15:37:58.243629+02:00,0.18259165917031242,0.23858198984949605,0.16090852980816275,3.0446198126389383,1.4461187910242337,-2.812916666548308,0.9230808946405071,-0.37622970976593173,-0.2780230006975144,0.08446159692350319,-1.0109859928064302,0.42807329340988653,50.0,51.0,50.0,41.0,43.0,26.0,30.0,27.0,52.0,98.5,3975442432,1551835136,1610993664,10.96,9.34,8.28,25297891328,9399713792
2026-05-06T15:37:58.297340+02:00,0.18259165917031242,0.23858198984949605,0.16090852980816275,3.0446198126389383,1.4461187910242337,-2.812916666548308,0.9383001657178975,-0.3641101434400832,-0.2780230006975144,0.09213150086293131,-1.0171219159579725,0.42807329340988653,50.0,51.0,50.0,41.0,43.0,26.0,30.0,27.0,52.0,98.5,3975442432,1551835136,1610993664,10.96,9.34,8.28,25297891328,9399713792
2026-05-06T15:37:58.352397+02:00,0.18259165917031242,0.23858198984949605,0.16090852980816275,3.0446198126389383,1.4461187910242337,-2.812916666548308,0.9489536554720712,-0.3550204686956967,-0.2780230006975144,0.09519946243870248,-1.0201898775337441,0.42807329340988653,50.0,51.0,50.0,41.0,43.0,26.0,30.0,27.0,52.0,98.5,3975442432,1551835136,1610993664,10.96,9.34,8.28,25297891328,9399713792
2026-05-06T15:37:58.407391+02:00,0.16925352469044094,0.24693862195543376,0.17308524126489286,2.831574367790111,1.4566544119010705,-2.9839129133288047,0.973304489195896,-0.33532617341619264,-0.2780230006975144,0.10133538559024524,-1.029393762261058,0.42807329340988653,50.0,51.0,50.0,41.0,43.0,26.0,30.0,27.0,52.0,98.5,3975442432,1551835136,1610993664,10.96,9.34,8.28,25297891328,9399713792
2026-05-06T15:37:58.460181+02:00,0.16925352469044094,0.24693862195543376,0.17308524126489286,2.831574367790111,1.4566544119010705,-2.9839129133288047,0.9930895415965035,-0.31866176971815086,-0.2765080549067833,0.10747130874178756,-1.0370636662004862,0.42807329340988653,50.0,51.0,50.0,41.0,43.0,26.0,30.0,27.0,52.0,98.5,3975442432,1551835136,1610993664,10.96,9.34,8.28,25297891328,9399713792
2026-05-06T15:37:58.514367+02:00,0.16925352469044094,0.24693862195543376,0.17308524126489286,2.831574367790111,1.4566544119010705,-2.9839129133288047,1.0052649584584161,-0.3065422033923022,-0.2765080549067833,0.10900528952967337,-1.0401316277762578,0.42807329340988653,50.0,51.0,50.0,41.0,43.0,26.0,30.0,27.0,52.0,98.5,3975442432,1551835136,1610993664,10.96,9.34,8.28,25297891328,9399713792
2026-05-06T15:37:58.569361+02:00,0.16925352469044094,0.24693862195543376,0.17308524126489286,2.831574367790111,1.4566544119010705,-2.9839129133288047,1.0250500108590237,-0.2898777996942603,-0.2765080549067833,0.11514121268121613,-1.0462675509278,0.42807329340988653,50.0,51.0,50.0,41.0,43.0,27.0,30.0,27.0,52.0,98.5,3975442432,1551835136,1610993664,10.96,9.34,8.28,25297891328,9399713792
2026-05-06T15:37:58.619675+02:00,0.15315095869625234,0.2549210365776445,0.18788451016485425,2.5423561020132825,1.464491587675865,3.0618752649552787,1.0372254277209363,-0.27927317915914274,-0.2765080549067833,0.11974315504487265,-1.0508694932914566,0.42807329340988653,50.0,51.0,50.0,41.0,43.0,27.0,30.0,27.0,52.0,98.5,3975442432,1551835136,1610993664,10.96,9.34,8.28,25297891328,9399713792
2026-05-06T15:37:58.670224+02:00,0.15315095869625234,0.2549210365776445,0.18788451016485425,2.5423561020132825,1.464491587675865,3.0618752649552787,1.0372254277209363,-0.27927317915914274,-0.2765080549067833,0.11974315504487265,-1.0508694932914566,0.42807329340988653,50.0,51.0,50.0,41.0,43.0,27.0,30.0,27.0,52.0,98.5,3975442432,1551835136,1610993664,10.96,9.34,8.28,25297891328,9399713792
2026-05-06T15:37:58.723287+02:00,0.15315095869625234,0.2549210365776445,0.18788451016485425,2.5423561020132825,1.464491587675865,3.0618752649552787,1.088970949384064,-0.2338248054372104,-0.27499310911605224,0.12741305898430122,-1.064675320382428,0.42960727419777234,50.0,51.0,50.0,41.0,43.0,27.0,30.0,27.0,52.0,98.5,3975442432,1551835136,1610993664,10.96,9.34,8.28,25297891328,9399713792
2026-05-06T15:37:58.774511+02:00,0.15315095869625234,0.2549210365776445,0.18788451016485425,2.5423561020132825,1.464491587675865,3.0618752649552787,1.088970949384064,-0.2338248054372104,-0.27499310911605224,0.12894703977218658,-1.0662093011703138,0.42960727419777234,50.0,51.0,50.0,41.0,43.0,27.0,30.0,27.0,52.0,98.5,3975442432,1551835136,1610993664,10.96,9.34,8.28,25297891328,9399713792
2026-05-06T15:37:58.825491+02:00,0.1281962715725436,0.2638729776399292,0.20966815329707889,2.055576216953391,1.4594254522744514,2.652957221339247,1.116365637323367,-0.2111006185762443,-0.27347816332532116,0.13508296292372934,-1.0738792051097419,0.42960727419777234,50.0,51.0,50.0,41.0,43.0,27.0,30.0,27.0,52.0,98.5,3975442432,1551835136,1610993664,10.96,9.34,8.28,25297891328,9399713792
2026-05-06T15:37:58.876540+02:00,0.1281962715725436,0.2638729776399292,0.20966815329707889,2.055576216953391,1.4594254522744514,2.652957221339247,1.1300629812930185,-0.19746610645966456,-0.27347816332532116,0.14121888607527167,-1.0784811474733984,0.42960727419777234,50.0,51.0,50.0,41.0,43.0,27.0,30.0,27.0,52.0,98.5,3975442432,1551835136,1610993664,10.96,9.34,8.28,25297891328,9399713792
2026-05-06T15:37:58.927360+02:00,0.1281962715725436,0.2638729776399292,0.20966815329707889,2.055576216953391,1.4594254522744514,2.652957221339247,1.1346287626162357,-0.1944362148782024,-0.27347816332532116,0.1396849052873863,-1.0800151282612842,0.42960727419777234,50.0,51.0,50.0,41.0,43.0,27.0,30.0,27.0,52.0,98.5,3975442432,1551835136,1610993664,10.96,9.34,8.28,25297891328,9399713792
2026-05-06T15:37:58.977393+02:00,0.11198235557368798,0.2674443461661381,0.22365935648630608,1.8068805436982884,1.4419432515223427,2.453339125227364,1.151369960801365,-0.1777718111801606,-0.27347816332532116,0.14428684765104327,-1.0830830898370558,0.42960727419777234,50.0,51.0,50.0,41.0,43.0,27.0,30.0,27.0,52.0,98.5,3975442432,1551835136,1610993664,10.96,9.34,8.28,25297891328,9399713792
2026-05-06T15:37:59.027471+02:00,0.11198235557368798,0.2674443461661381,0.22365935648630608,1.8068805436982884,1.4419432515223427,2.453339125227364,1.1544138150168437,-0.17474191959869845,-0.27347816332532116,0.14582082843892863,-1.0830830898370558,0.42960727419777234,50.0,51.0,50.0,41.0,43.0,27.0,30.0,27.0,52.0,98.5,3975442432,1551835136,1610993664,10.96,9.34,8.28,25297891328,9399713792
2026-05-06T15:37:59.079112+02:00,0.11198235557368798,0.2674443461661381,0.22365935648630608,1.8068805436982884,1.4419432515223427,2.453339125227364,1.163545377663278,-0.16413729906358088,-0.27347816332532116,0.14888879001470023,-1.0830830898370558,0.43114125498565814,50.0,51.0,50.0,41.0,43.0,27.0,30.0,27.0,52.0,98.5,3975442432,1551835136,1610993664,10.96,9.34,8.28,25297891328,9399713792
2026-05-06T15:37:59.130170+02:00,0.11198235557368798,0.2674443461661381,0.22365935648630608,1.8068805436982884,1.4419432515223427,2.453339125227364,1.171155013201973,-0.1550476243191944,-0.27347816332532116,0.14888879001470023,-1.090752993776484,0.4326752357735435,50.0,51.0,50.0,41.0,43.0,27.0,30.0,27.0,52.0,98.5,3975442432,1551835136,1610993664,10.96,9.34,8.28,25297891328,9399713792
2026-05-06T15:37:59.180586+02:00,0.10120888519073772,0.2686424773161552,0.2336778426879568,1.6553532716059578,1.424995289762854,2.3294143180204117,1.1772427216329295,-0.14898784115627006,-0.27347816332532116,0.1504227708025856,-1.0922869745643697,0.4342092165614293,50.0,51.0,50.0,41.0,43.0,27.0,30.0,27.0,52.0,98.5,3975442432,1551835136,1610993664,10.96,9.34,8.28,25297891328,9399713792
2026-05-06T15:37:59.235050+02:00,0.10120888519073772,0.2686424773161552,0.2336778426879568,1.6553532716059578,1.424995289762854,2.3294143180204117,1.1802865758484073,-0.1459579495748079,-0.27347816332532116,0.1504227708025856,-1.0953549361401405,0.4342092165614293,50.0,51.0,50.0,41.0,43.0,27.0,30.0,27.0,52.0,94.07,3975442432,1551601664,1611218944,10.96,9.34,8.28,25297891328,9399713792
2026-05-06T15:37:59.285998+02:00,0.10120888519073772,0.2686424773161552,0.2336778426879568,1.6553532716059578,1.424995289762854,2.3294143180204117,1.1833304300638852,-0.13989816641188357,-0.27347816332532116,0.1519567515904714,-1.0953549361401405,0.4342092165614293,50.0,51.0,50.0,41.0,43.0,27.0,30.0,27.0,52.0,94.07,3975442432,1551601664,1611218944,10.96,9.34,8.28,25297891328,9399713792
2026-05-06T15:37:59.341350+02:00,0.10120888519073772,0.2686424773161552,0.2336778426879568,1.6553532716059578,1.424995289762854,2.3294143180204117,1.1833304300638852,-0.13989816641188357,-0.27347816332532116,0.1519567515904714,-1.0953549361401405,0.4342092165614293,50.0,51.0,50.0,41.0,43.0,27.0,30.0,27.0,52.0,94.07,3975442432,1551601664,1611218944,10.96,9.34,8.28,25297891328,9399713792
2026-05-06T15:37:59.394222+02:00,0.09816696753994356,0.2684876440011146,0.2370996001250909,1.613688652846283,1.4202703609231644,2.2973458336387984,1.1833304300638852,-0.13989816641188357,-0.27347816332532116,0.1519567515904714,-1.0953549361401405,0.4342092165614293,50.0,51.0,50.0,41.0,43.0,27.0,30.0,27.0,52.0,94.07,3975442432,1551601664,1611218944,10.96,9.34,8.28,25297891328,9399713792
2026-05-06T15:37:59.444485+02:00,0.09816696753994356,0.2684876440011146,0.2370996001250909,1.613688652846283,1.4202703609231644,2.2973458336387984,1.1833304300638852,-0.13989816641188357,-0.27347816332532116,0.1519567515904714,-1.0953549361401405,0.4342092165614293,50.0,51.0,50.0,41.0,43.0,27.0,30.0,27.0,52.0,94.07,3975442432,1551601664,1611218944,10.96,9.34,8.28,25297891328,9399713792
2026-05-06T15:37:59.495401+02:00,0.09816696753994356,0.2684876440011146,0.2370996001250909,1.613688652846283,1.4202703609231644,2.2973458336387984,1.1833304300638852,-0.13989816641188357,-0.27347816332532116,0.1519567515904714,-1.0953549361401405,0.4342092165614293,50.0,51.0,50.0,41.0,43.0,27.0,30.0,27.0,52.0,94.07,3975442432,1551601664,1611218944,10.96,9.34,8.28,25297891328,9399713792
2026-05-06T15:37:59.548512+02:00,0.09816696753994356,0.2684876440011146,0.2370996001250909,1.613688652846283,1.4202703609231644,2.2973458336387984,1.1833304300638852,-0.13989816641188357,-0.27347816332532116,0.1519567515904714,-1.0953549361401405,0.4342092165614293,50.0,51.0,50.0,41.0,43.0,27.0,30.0,27.0,52.0,94.07,3975442432,1551601664,1611218944,10.96,9.34,8.28,25297891328,9399713792
2026-05-06T15:37:59.598825+02:00,0.09816696753994356,0.2684876440011146,0.2370996001250909,1.613688652846283,1.4202703609231644,2.2973458336387984,1.1833304300638852,-0.13989816641188357,-0.27347816332532116,0.1519567515904714,-1.0953549361401405,0.4342092165614293,50.0,51.0,50.0,41.0,43.0,27.0,30.0,27.0,52.0,94.07,3975442432,1551601664,1611218944,10.96,9.34,8.28,25297891328,9399713792
