timestamp,x_m,y_m,z_m,roll_rad,pitch_rad,yaw_rad,j1_rad,j2_rad,j3_rad,j4_rad,j5_rad,j6_rad,temp_m1_C,temp_m2_C,temp_m3_C,temp_m4_C,temp_m5_C,temp_m6_C,temp_m7_C,temp_m8_C,rpi_temp_C,cpu_percent,mem_total_B,mem_used_B,mem_free_B,load1,load5,load15,disk_total_B,disk_used_B
2026-04-27 15:22:25.783291+02:00,-0.0018435196380702,0.1757076999151957,0.2210215788206532,-2.6496335791505676,1.3771764936232114,-1.494175642412978,1.5866411136147351,0.2403532270616169,-0.7188722258002581,-0.0121791927132921,-1.2855685538379604,0.4357431973493151,50.0,51.0,51.0,41.0,42.0,25.0,29.0,27.0,53.0,,,,,,,,,
2026-04-27 15:22:25.834390+02:00,-0.0018435196380702,0.1757076999151957,0.2210215788206532,-2.6496335791505676,1.3771764936232114,-1.494175642412978,1.5866411136147351,0.2403532270616169,-0.7188722258002581,-0.0121791927132921,-1.2855685538379604,0.4357431973493151,50.0,51.0,51.0,41.0,42.0,25.0,29.0,27.0,53.0,,,,,,,,,
2026-04-27 15:22:25.888052+02:00,-0.0018435196380702,0.1757076999151957,0.2210215788206532,-2.6496335791505676,1.3771764936232114,-1.494175642412978,1.5866411136147351,0.2403532270616169,-0.7188722258002581,-0.0121791927132921,-1.2855685538379604,0.4357431973493151,50.0,51.0,51.0,41.0,42.0,25.0,29.0,27.0,53.0,,,,,,,,,
2026-04-27 15:22:25.941184+02:00,-0.0018435196380702,0.1757076999151957,0.2210215788206532,-2.6496335791505676,1.3771764936232114,-1.494175642412978,1.5866411136147351,0.2403532270616169,-0.7188722258002581,-0.0121791927132921,-1.2855685538379604,0.4357431973493151,50.0,51.0,51.0,41.0,42.0,25.0,29.0,27.0,53.0,,,,,,,,,
2026-04-27 15:22:25.994770+02:00,-0.0018435196380702,0.1757076999151957,0.2210215788206532,-2.6496335791505676,1.3771764936232114,-1.494175642412978,1.5866411136147351,0.2403532270616169,-0.7188722258002581,-0.0121791927132921,-1.2855685538379604,0.4357431973493151,50.0,51.0,51.0,41.0,42.0,25.0,29.0,27.0,53.0,,,,,,,,,
2026-04-27 15:22:26.046661+02:00,-0.0018435196380702,0.1757076999151957,0.2210215788206532,-2.6496335791505676,1.3771764936232114,-1.494175642412978,1.5866411136147351,0.2403532270616169,-0.7188722258002581,-0.0121791927132921,-1.2855685538379604,0.4357431973493151,50.0,51.0,51.0,41.0,42.0,25.0,29.0,27.0,53.0,,,,,,,,,
2026-04-27 15:22:26.099340+02:00,-0.0018435196380702,0.1757076999151957,0.2210215788206532,-2.6496335791505676,1.3771764936232114,-1.494175642412978,1.5866411136147351,0.2403532270616169,-0.7188722258002581,-0.0121791927132921,-1.2855685538379604,0.4357431973493151,50.0,51.0,51.0,41.0,42.0,25.0,29.0,27.0,53.0,,,,,,,,,
2026-04-27 15:22:26.149379+02:00,-0.0018435196380702,0.1757076999151957,0.2210215788206532,-2.6496335791505676,1.3771764936232114,-1.494175642412978,1.5866411136147351,0.2403532270616169,-0.7188722258002581,-0.0121791927132921,-1.2855685538379604,0.4357431973493151,50.0,51.0,51.0,41.0,42.0,25.0,29.0,27.0,53.0,,,,,,,,,
2026-04-27 15:22:26.199880+02:00,-0.0018435196380702,0.1757076999151957,0.2210215788206532,-2.6496335791505676,1.3771764936232114,-1.494175642412978,1.5866411136147351,0.2403532270616169,-0.7188722258002581,-0.0121791927132921,-1.2855685538379604,0.4357431973493151,50.0,51.0,51.0,41.0,42.0,25.0,29.0,27.0,53.0,,,,,,,,,
2026-04-27 15:22:26.250452+02:00,-0.0018435196380702,0.1757076999151957,0.2210215788206532,-2.6496335791505676,1.3771764936232114,-1.494175642412978,1.5866411136147351,0.2403532270616169,-0.7188722258002581,-0.0121791927132921,-1.2855685538379604,0.4357431973493151,50.0,51.0,51.0,41.0,42.0,25.0,29.0,27.0,53.0,,,,,,,,,
2026-04-27 15:22:26.300561+02:00,-0.0018435196380702,0.1757076999151957,0.2210215788206532,-2.6496335791505676,1.3771764936232114,-1.494175642412978,1.5866411136147351,0.2403532270616169,-0.7188722258002581,-0.0121791927132921,-1.2855685538379604,0.4357431973493151,50.0,51.0,51.0,41.0,42.0,25.0,29.0,27.0,53.0,,,,,,,,,
2026-04-27 15:22:26.353479+02:00,-0.0018435196380702,0.1757076999151957,0.2210215788206532,-2.6496335791505676,1.3771764936232114,-1.494175642412978,1.5866411136147351,0.2403532270616169,-0.7188722258002581,-0.0121791927132921,-1.2855685538379604,0.4357431973493151,50.0,51.0,51.0,41.0,42.0,25.0,29.0,27.0,53.0,,,,,,,,,
2026-04-27 15:22:26.404292+02:00,-0.0018435196380702,0.1757076999151957,0.2210215788206532,-2.6496335791505676,1.3771764936232114,-1.494175642412978,1.5866411136147351,0.2403532270616169,-0.7188722258002581,-0.0121791927132921,-1.2855685538379604,0.4357431973493151,50.0,51.0,51.0,41.0,42.0,25.0,29.0,27.0,53.0,98.51,3975442432.0,1538822144.0,1526075392.0,8.69,8.44,8.93,25297891328.0,9721151488.0
2026-04-27 15:22:26.458374+02:00,-0.0018435196380702,0.1757076999151957,0.2210215788206532,-2.6496335791505676,1.3771764936232114,-1.494175642412978,1.5866411136147351,0.2403532270616169,-0.7188722258002581,-0.0121791927132921,-1.2855685538379604,0.4357431973493151,50.0,51.0,51.0,41.0,42.0,25.0,29.0,27.0,53.0,98.51,3975442432.0,1538822144.0,1526075392.0,8.69,8.44,8.93,25297891328.0,9721151488.0
2026-04-27 15:22:26.513237+02:00,-0.0018435196380702,0.1757076999151957,0.2210215788206532,-2.6496335791505676,1.3771764936232114,-1.494175642412978,1.5866411136147351,0.2403532270616169,-0.7188722258002581,-0.0121791927132921,-1.2855685538379604,0.4357431973493151,50.0,51.0,51.0,41.0,42.0,25.0,29.0,27.0,53.0,98.51,3975442432.0,1538822144.0,1526075392.0,8.69,8.44,8.93,25297891328.0,9721151488.0
2026-04-27 15:22:26.565801+02:00,-0.0018435196380702,0.1757076999151957,0.2210215788206532,-2.6496335791505676,1.3771764936232114,-1.494175642412978,1.5866411136147351,0.2403532270616169,-0.7188722258002581,-0.0121791927132921,-1.2855685538379604,0.4357431973493151,50.0,51.0,51.0,41.0,42.0,25.0,29.0,27.0,53.0,98.51,3975442432.0,1538822144.0,1526075392.0,8.69,8.44,8.93,25297891328.0,9721151488.0
2026-04-27 15:22:26.619162+02:00,-0.0018435196380702,0.1757076999151957,0.2210215788206532,-2.6496335791505676,1.3771764936232114,-1.494175642412978,1.5866411136147351,0.2403532270616169,-0.7188722258002581,-0.0121791927132921,-1.2855685538379604,0.4357431973493151,50.0,51.0,51.0,41.0,42.0,25.0,29.0,27.0,53.0,98.51,3975442432.0,1538822144.0,1526075392.0,8.69,8.44,8.93,25297891328.0,9721151488.0
2026-04-27 15:22:26.673545+02:00,-0.0018435196380702,0.1757076999151957,0.2210215788206532,-2.6496335791505676,1.3771764936232114,-1.494175642412978,1.5866411136147351,0.2403532270616169,-0.7188722258002581,-0.0121791927132921,-1.2855685538379604,0.4357431973493151,50.0,51.0,51.0,41.0,42.0,25.0,29.0,27.0,53.0,98.51,3975442432.0,1538822144.0,1526075392.0,8.69,8.44,8.93,25297891328.0,9721151488.0
2026-04-27 15:22:26.724990+02:00,-0.0018435196380702,0.1757076999151957,0.2210215788206532,-2.6496335791505676,1.3771764936232114,-1.494175642412978,1.5866411136147351,0.2403532270616169,-0.7188722258002581,-0.0121791927132921,-1.2855685538379604,0.4357431973493151,50.0,51.0,51.0,41.0,42.0,25.0,29.0,27.0,53.0,98.51,3975442432.0,1538822144.0,1526075392.0,8.69,8.44,8.93,25297891328.0,9721151488.0
2026-04-27 15:22:26.778491+02:00,-0.0018435196380702,0.1757076999151957,0.2210215788206532,-2.6496335791505676,1.3771764936232114,-1.494175642412978,1.5866411136147351,0.2403532270616169,-0.7188722258002581,-0.0121791927132921,-1.2855685538379604,0.4357431973493151,50.0,51.0,51.0,41.0,42.0,25.0,29.0,27.0,53.0,98.51,3975442432.0,1538822144.0,1526075392.0,8.69,8.44,8.93,25297891328.0,9721151488.0
2026-04-27 15:22:26.830183+02:00,-0.0018435196380702,0.1757076999151957,0.2210215788206532,-2.6496335791505676,1.3771764936232114,-1.494175642412978,1.5866411136147351,0.2403532270616169,-0.7188722258002581,-0.0121791927132921,-1.2855685538379604,0.4357431973493151,50.0,51.0,51.0,41.0,42.0,25.0,29.0,27.0,53.0,98.51,3975442432.0,1538822144.0,1526075392.0,8.69,8.44,8.93,25297891328.0,9721151488.0
2026-04-27 15:22:26.880534+02:00,-0.0018435196380702,0.1757076999151957,0.2210215788206532,-2.6496335791505676,1.3771764936232114,-1.494175642412978,1.5866411136147351,0.2403532270616169,-0.7188722258002581,-0.0121791927132921,-1.2855685538379604,0.4357431973493151,50.0,51.0,51.0,41.0,42.0,25.0,29.0,27.0,53.0,98.51,3975442432.0,1538822144.0,1526075392.0,8.69,8.44,8.93,25297891328.0,9721151488.0
2026-04-27 15:22:26.931699+02:00,-0.0018435196380702,0.1757076999151957,0.2210215788206532,-2.6496335791505676,1.3771764936232114,-1.494175642412978,1.5866411136147351,0.2403532270616169,-0.7188722258002581,-0.0121791927132921,-1.2855685538379604,0.4357431973493151,50.0,51.0,51.0,41.0,42.0,25.0,29.0,27.0,53.0,98.51,3975442432.0,1538822144.0,1526075392.0,8.69,8.44,8.93,25297891328.0,9721151488.0
2026-04-27 15:22:26.986200+02:00,-0.0018435196380702,0.1757076999151957,0.2210215788206532,-2.6496335791505676,1.3771764936232114,-1.494175642412978,1.5866411136147351,0.2403532270616169,-0.7188722258002581,-0.0121791927132921,-1.2855685538379604,0.4357431973493151,50.0,51.0,51.0,41.0,42.0,25.0,29.0,27.0,53.0,98.51,3975442432.0,1538822144.0,1526075392.0,8.69,8.44,8.93,25297891328.0,9721151488.0
2026-04-27 15:22:27.039110+02:00,-0.0018435196380702,0.1757076999151957,0.2210215788206532,-2.6496335791505676,1.3771764936232114,-1.494175642412978,1.5866411136147351,0.2403532270616169,-0.7188722258002581,-0.0121791927132921,-1.2855685538379604,0.4357431973493151,50.0,51.0,51.0,41.0,42.0,25.0,29.0,27.0,53.0,98.51,3975442432.0,1538822144.0,1526075392.0,8.69,8.44,8.93,25297891328.0,9721151488.0
2026-04-27 15:22:27.090190+02:00,-0.0018435196380702,0.1757076999151957,0.2210215788206532,-2.6496335791505676,1.3771764936232114,-1.494175642412978,1.5866411136147351,0.2403532270616169,-0.7188722258002581,-0.0121791927132921,-1.2855685538379604,0.4357431973493151,50.0,51.0,51.0,41.0,42.0,25.0,29.0,27.0,53.0,98.51,3975442432.0,1538822144.0,1526075392.0,8.69,8.44,8.93,25297891328.0,9721151488.0
2026-04-27 15:22:27.140909+02:00,-0.0018435196380702,0.1757076999151957,0.2210215788206532,-2.6496335791505676,1.3771764936232114,-1.494175642412978,1.5866411136147351,0.2403532270616169,-0.7188722258002581,-0.0121791927132921,-1.2855685538379604,0.4357431973493151,50.0,51.0,51.0,41.0,42.0,25.0,29.0,27.0,53.0,98.51,3975442432.0,1538822144.0,1526075392.0,8.69,8.44,8.93,25297891328.0,9721151488.0
2026-04-27 15:22:27.191433+02:00,-0.0018435196380702,0.1757076999151957,0.2210215788206532,-2.6496335791505676,1.3771764936232114,-1.494175642412978,1.5866411136147351,0.2403532270616169,-0.7188722258002581,-0.0121791927132921,-1.2855685538379604,0.4357431973493151,50.0,51.0,51.0,41.0,42.0,25.0,29.0,27.0,53.0,98.51,3975442432.0,1538822144.0,1526075392.0,8.69,8.44,8.93,25297891328.0,9721151488.0
2026-04-27 15:22:27.241535+02:00,-0.0018435196380702,0.1757076999151957,0.2210215788206532,-2.6496335791505676,1.3771764936232114,-1.494175642412978,1.5866411136147351,0.2403532270616169,-0.7188722258002581,-0.0121791927132921,-1.2855685538379604,0.4357431973493151,50.0,51.0,51.0,41.0,42.0,25.0,29.0,27.0,53.0,98.51,3975442432.0,1538822144.0,1526075392.0,8.69,8.44,8.93,25297891328.0,9721151488.0
2026-04-27 15:22:27.295306+02:00,-0.0018435196380702,0.1757076999151957,0.2210215788206532,-2.6496335791505676,1.3771764936232114,-1.494175642412978,1.5866411136147351,0.2403532270616169,-0.7188722258002581,-0.0121791927132921,-1.2855685538379604,0.4357431973493151,50.0,51.0,51.0,41.0,42.0,25.0,29.0,27.0,53.0,98.51,3975442432.0,1538822144.0,1526075392.0,8.69,8.44,8.93,25297891328.0,9721151488.0
2026-04-27 15:22:27.346100+02:00,-0.0018435196380702,0.1757076999151957,0.2210215788206532,-2.6496335791505676,1.3771764936232114,-1.494175642412978,1.5866411136147351,0.2403532270616169,-0.7188722258002581,-0.0121791927132921,-1.2855685538379604,0.4357431973493151,50.0,51.0,51.0,41.0,42.0,25.0,29.0,27.0,53.0,99.23,3975442432.0,1547108352.0,1517772800.0,8.4,8.39,8.91,25297891328.0,9721155584.0
2026-04-27 15:22:27.397322+02:00,-0.0018435196380702,0.1757076999151957,0.2210215788206532,-2.6496335791505676,1.3771764936232114,-1.494175642412978,1.5866411136147351,0.2403532270616169,-0.7188722258002581,-0.0121791927132921,-1.2855685538379604,0.4357431973493151,50.0,51.0,51.0,41.0,42.0,25.0,29.0,27.0,53.0,99.23,3975442432.0,1547108352.0,1517772800.0,8.4,8.39,8.91,25297891328.0,9721155584.0
2026-04-27 15:22:27.447839+02:00,-0.0018435196380702,0.1757076999151957,0.2210215788206532,-2.6496335791505676,1.3771764936232114,-1.494175642412978,1.5866411136147351,0.2403532270616169,-0.7188722258002581,-0.0121791927132921,-1.2855685538379604,0.4357431973493151,50.0,51.0,51.0,41.0,42.0,25.0,29.0,27.0,52.0,99.23,3975442432.0,1547108352.0,1517772800.0,8.4,8.39,8.91,25297891328.0,9721155584.0
2026-04-27 15:22:27.500889+02:00,-0.0018435196380702,0.1757076999151957,0.2210215788206532,-2.6496335791505676,1.3771764936232114,-1.494175642412978,1.5866411136147351,0.2403532270616169,-0.7188722258002581,-0.0121791927132921,-1.2855685538379604,0.4357431973493151,50.0,51.0,51.0,41.0,42.0,25.0,29.0,27.0,52.0,99.23,3975442432.0,1547108352.0,1517772800.0,8.4,8.39,8.91,25297891328.0,9721155584.0
2026-04-27 15:22:27.551288+02:00,-0.0018435196380702,0.1757076999151957,0.2210215788206532,-2.6496335791505676,1.3771764936232114,-1.494175642412978,1.5866411136147351,0.2403532270616169,-0.7188722258002581,-0.0121791927132921,-1.2855685538379604,0.4357431973493151,50.0,51.0,51.0,41.0,42.0,25.0,29.0,27.0,52.0,99.23,3975442432.0,1547108352.0,1517772800.0,8.4,8.39,8.91,25297891328.0,9721155584.0
2026-04-27 15:22:27.601369+02:00,-0.0018435196380702,0.1757076999151957,0.2210215788206532,-2.6496335791505676,1.3771764936232114,-1.494175642412978,1.5866411136147351,0.2403532270616169,-0.7188722258002581,-0.0121791927132921,-1.2855685538379604,0.4357431973493151,50.0,51.0,51.0,41.0,42.0,25.0,29.0,27.0,52.0,99.23,3975442432.0,1547108352.0,1517772800.0,8.4,8.39,8.91,25297891328.0,9721155584.0
2026-04-27 15:22:27.651935+02:00,-0.0018435196380702,0.1757076999151957,0.2210215788206532,-2.6496335791505676,1.3771764936232114,-1.494175642412978,1.5866411136147351,0.2403532270616169,-0.7188722258002581,-0.0121791927132921,-1.2855685538379604,0.4357431973493151,50.0,51.0,51.0,41.0,42.0,25.0,29.0,27.0,52.0,99.23,3975442432.0,1547108352.0,1517772800.0,8.4,8.39,8.91,25297891328.0,9721155584.0
2026-04-27 15:22:27.704160+02:00,-0.0018435196380702,0.1757076999151957,0.2210215788206532,-2.6496335791505676,1.3771764936232114,-1.494175642412978,1.5866411136147351,0.2403532270616169,-0.7188722258002581,-0.0121791927132921,-1.2855685538379604,0.4357431973493151,50.0,51.0,51.0,41.0,42.0,25.0,29.0,27.0,52.0,99.23,3975442432.0,1547108352.0,1517772800.0,8.4,8.39,8.91,25297891328.0,9721155584.0
2026-04-27 15:22:27.754719+02:00,-0.0018435196380702,0.1757076999151957,0.2210215788206532,-2.6496335791505676,1.3771764936232114,-1.494175642412978,1.5866411136147351,0.2403532270616169,-0.7188722258002581,-0.0121791927132921,-1.2855685538379604,0.4357431973493151,50.0,51.0,51.0,41.0,42.0,25.0,29.0,27.0,52.0,99.23,3975442432.0,1547108352.0,1517772800.0,8.4,8.39,8.91,25297891328.0,9721155584.0
2026-04-27 15:22:27.804859+02:00,-0.0018435196380702,0.1757076999151957,0.2210215788206532,-2.6496335791505676,1.3771764936232114,-1.494175642412978,1.5866411136147351,0.2403532270616169,-0.7188722258002581,-0.0121791927132921,-1.2855685538379604,0.4357431973493151,50.0,51.0,51.0,41.0,42.0,25.0,29.0,27.0,52.0,99.23,3975442432.0,1547108352.0,1517772800.0,8.4,8.39,8.91,25297891328.0,9721155584.0
2026-04-27 15:22:27.857959+02:00,-0.0018435196380702,0.1757076999151957,0.2210215788206532,-2.6496335791505676,1.3771764936232114,-1.494175642412978,1.5866411136147351,0.2403532270616169,-0.7188722258002581,-0.0121791927132921,-1.2855685538379604,0.4357431973493151,50.0,51.0,51.0,41.0,42.0,25.0,29.0,27.0,52.0,99.23,3975442432.0,1547108352.0,1517772800.0,8.4,8.39,8.91,25297891328.0,9721155584.0
2026-04-27 15:22:27.911907+02:00,-0.0018435196380702,0.1757076999151957,0.2210215788206532,-2.6496335791505676,1.3771764936232114,-1.494175642412978,1.5866411136147351,0.2403532270616169,-0.7188722258002581,-0.0121791927132921,-1.2855685538379604,0.4357431973493151,50.0,51.0,51.0,41.0,42.0,25.0,29.0,27.0,52.0,99.23,3975442432.0,1547108352.0,1517772800.0,8.4,8.39,8.91,25297891328.0,9721155584.0
2026-04-27 15:22:27.963220+02:00,-0.0018435196380702,0.1757076999151957,0.2210215788206532,-2.6496335791505676,1.3771764936232114,-1.494175642412978,1.5866411136147351,0.2403532270616169,-0.7188722258002581,-0.0121791927132921,-1.2855685538379604,0.4342092165614293,50.0,51.0,51.0,41.0,42.0,25.0,29.0,27.0,52.0,99.23,3975442432.0,1547108352.0,1517772800.0,8.4,8.39,8.91,25297891328.0,9721155584.0
2026-04-27 15:22:28.018225+02:00,-0.0018435196380702,0.1757076999151957,0.2210215788206532,-2.6496335791505676,1.3771764936232114,-1.494175642412978,1.5866411136147351,0.2403532270616169,-0.7188722258002581,-0.0121791927132921,-1.2855685538379604,0.4357431973493151,50.0,51.0,51.0,41.0,42.0,25.0,29.0,27.0,52.0,99.23,3975442432.0,1547108352.0,1517772800.0,8.4,8.39,8.91,25297891328.0,9721155584.0
2026-04-27 15:22:28.072947+02:00,-0.0018435196380702,0.1757076999151957,0.2210215788206531,-2.6511675599384525,1.377176493623211,-1.494175642412976,1.5866411136147351,0.2403532270616169,-0.7188722258002581,-0.0121791927132921,-1.2855685538379604,0.4342092165614293,50.0,51.0,51.0,41.0,42.0,25.0,29.0,27.0,52.0,99.23,3975442432.0,1547108352.0,1517772800.0,8.4,8.39,8.91,25297891328.0,9721155584.0
2026-04-27 15:22:28.123271+02:00,-0.0018435196380702,0.1757076999151957,0.2210215788206531,-2.6511675599384525,1.377176493623211,-1.494175642412976,1.5866411136147351,0.2403532270616169,-0.7188722258002581,-0.0121791927132921,-1.2855685538379604,0.4357431973493151,50.0,51.0,51.0,41.0,42.0,25.0,29.0,27.0,52.0,99.23,3975442432.0,1547108352.0,1517772800.0,8.4,8.39,8.91,25297891328.0,9721155584.0
2026-04-27 15:22:28.174100+02:00,-0.0018435196380702,0.1757076999151957,0.2210215788206531,-2.6511675599384525,1.377176493623211,-1.494175642412976,1.5866411136147351,0.2403532270616169,-0.7188722258002581,-0.0121791927132921,-1.2855685538379604,0.4357431973493151,50.0,51.0,51.0,41.0,42.0,25.0,29.0,27.0,52.0,99.23,3975442432.0,1547108352.0,1517772800.0,8.4,8.39,8.91,25297891328.0,9721155584.0
2026-04-27 15:22:28.225650+02:00,-0.0018435196380702,0.1757076999151957,0.2210215788206531,-2.6511675599384525,1.377176493623211,-1.494175642412976,1.5866411136147351,0.2403532270616169,-0.7188722258002581,-0.0121791927132921,-1.2855685538379604,0.4357431973493151,50.0,51.0,51.0,41.0,42.0,25.0,29.0,27.0,52.0,99.23,3975442432.0,1547108352.0,1517772800.0,8.4,8.39,8.91,25297891328.0,9721155584.0
2026-04-27 15:22:28.276400+02:00,-0.0018435196380702,0.1757076999151957,0.2210215788206532,-2.6496335791505676,1.3771764936232114,-1.494175642412978,1.5866411136147351,0.2403532270616169,-0.7188722258002581,-0.0121791927132921,-1.2855685538379604,0.4357431973493151,50.0,51.0,51.0,41.0,42.0,25.0,29.0,27.0,52.0,99.23,3975442432.0,1547108352.0,1517772800.0,8.4,8.39,8.91,25297891328.0,9721155584.0
2026-04-27 15:22:28.328299+02:00,-0.0018435196380702,0.1757076999151957,0.2210215788206532,-2.6496335791505676,1.3771764936232114,-1.494175642412978,1.5866411136147351,0.2403532270616169,-0.7188722258002581,-0.0121791927132921,-1.2855685538379604,0.4357431973493151,50.0,51.0,51.0,41.0,42.0,25.0,29.0,27.0,52.0,99.23,3975442432.0,1547108352.0,1517772800.0,8.4,8.39,8.91,25297891328.0,9721155584.0
2026-04-27 15:22:28.383144+02:00,-0.0018435196380702,0.1757076999151957,0.2210215788206532,-2.6496335791505676,1.3771764936232114,-1.494175642412978,1.5866411136147351,0.2403532270616169,-0.7188722258002581,-0.0121791927132921,-1.2855685538379604,0.4357431973493151,50.0,51.0,51.0,41.0,42.0,25.0,29.0,27.0,52.0,99.28,3975442432.0,1577066496.0,1487810560.0,8.4,8.39,8.91,25297891328.0,9721163776.0
2026-04-27 15:22:28.433661+02:00,-0.0018435196380702,0.1757076999151957,0.2210215788206532,-2.6496335791505676,1.3771764936232114,-1.494175642412978,1.5866411136147351,0.2403532270616169,-0.7188722258002581,-0.0121791927132921,-1.2855685538379604,0.4357431973493151,50.0,51.0,51.0,41.0,42.0,25.0,29.0,27.0,52.0,99.28,3975442432.0,1577066496.0,1487810560.0,8.4,8.39,8.91,25297891328.0,9721163776.0
2026-04-27 15:22:28.484385+02:00,-0.0018435196380702,0.1757076999151957,0.2210215788206532,-2.6496335791505676,1.3771764936232114,-1.494175642412978,1.5866411136147351,0.2403532270616169,-0.7188722258002581,-0.0121791927132921,-1.2855685538379604,0.4357431973493151,50.0,51.0,51.0,41.0,42.0,25.0,29.0,27.0,52.0,99.28,3975442432.0,1577066496.0,1487810560.0,8.4,8.39,8.91,25297891328.0,9721163776.0
2026-04-27 15:22:28.536295+02:00,-0.0018435196380702,0.1757076999151957,0.2210215788206532,-2.6496335791505676,1.3771764936232114,-1.494175642412978,1.5866411136147351,0.2403532270616169,-0.7188722258002581,-0.0121791927132921,-1.2855685538379604,0.4357431973493151,50.0,51.0,51.0,41.0,42.0,25.0,29.0,27.0,52.0,99.28,3975442432.0,1577066496.0,1487810560.0,8.4,8.39,8.91,25297891328.0,9721163776.0
2026-04-27 15:22:28.586642+02:00,-0.0018435196380702,0.1757076999151957,0.2210215788206532,-2.6496335791505676,1.3771764936232114,-1.494175642412978,1.5866411136147351,0.2403532270616169,-0.7188722258002581,-0.0121791927132921,-1.2855685538379604,0.4357431973493151,50.0,51.0,51.0,41.0,42.0,25.0,29.0,27.0,52.0,99.28,3975442432.0,1577066496.0,1487810560.0,8.4,8.39,8.91,25297891328.0,9721163776.0
2026-04-27 15:22:28.638648+02:00,-0.0018435196380702,0.1757076999151957,0.2210215788206532,-2.6496335791505676,1.3771764936232114,-1.494175642412978,1.5866411136147351,0.2403532270616169,-0.7188722258002581,-0.0121791927132921,-1.2855685538379604,0.4357431973493151,50.0,51.0,51.0,41.0,42.0,25.0,29.0,27.0,52.0,99.28,3975442432.0,1577066496.0,1487810560.0,8.4,8.39,8.91,25297891328.0,9721163776.0
2026-04-27 15:22:28.690034+02:00,-0.0018435196380702,0.1757076999151957,0.2210215788206532,-2.6496335791505676,1.3771764936232114,-1.494175642412978,1.5866411136147351,0.2403532270616169,-0.7188722258002581,-0.0121791927132921,-1.2855685538379604,0.4357431973493151,50.0,51.0,51.0,41.0,42.0,25.0,29.0,27.0,52.0,99.28,3975442432.0,1577066496.0,1487810560.0,8.4,8.39,8.91,25297891328.0,9721163776.0
2026-04-27 15:22:28.740229+02:00,-0.0018435196380702,0.1757076999151957,0.2210215788206532,-2.6496335791505676,1.3771764936232114,-1.494175642412978,1.5866411136147351,0.2403532270616169,-0.7188722258002581,-0.0121791927132921,-1.2855685538379604,0.4357431973493151,50.0,51.0,51.0,41.0,42.0,25.0,29.0,27.0,52.0,99.28,3975442432.0,1577066496.0,1487810560.0,8.4,8.39,8.91,25297891328.0,9721163776.0
2026-04-27 15:22:28.794370+02:00,-0.0018435196380702,0.1757076999151957,0.2210215788206532,-2.6496335791505676,1.3771764936232114,-1.494175642412978,1.5866411136147351,0.2403532270616169,-0.7188722258002581,-0.0121791927132921,-1.2855685538379604,0.4357431973493151,50.0,51.0,51.0,41.0,42.0,25.0,29.0,27.0,52.0,99.28,3975442432.0,1577066496.0,1487810560.0,8.4,8.39,8.91,25297891328.0,9721163776.0
2026-04-27 15:22:28.848516+02:00,-0.0018435196380702,0.1757076999151957,0.2210215788206532,-2.6496335791505676,1.3771764936232114,-1.494175642412978,1.5866411136147351,0.2403532270616169,-0.7188722258002581,-0.0121791927132921,-1.2855685538379604,0.4357431973493151,50.0,51.0,51.0,41.0,42.0,25.0,29.0,27.0,52.0,99.28,3975442432.0,1577066496.0,1487810560.0,8.4,8.39,8.91,25297891328.0,9721163776.0
2026-04-27 15:22:28.899381+02:00,-0.0018435196380702,0.1757076999151957,0.2210215788206532,-2.6496335791505676,1.3771764936232114,-1.494175642412978,1.5866411136147351,0.2403532270616169,-0.7188722258002581,-0.0121791927132921,-1.2855685538379604,0.4357431973493151,50.0,51.0,51.0,41.0,42.0,25.0,29.0,27.0,52.0,99.28,3975442432.0,1577066496.0,1487810560.0,8.4,8.39,8.91,25297891328.0,9721163776.0
2026-04-27 15:22:28.949540+02:00,-0.0018435196380702,0.1757076999151957,0.2210215788206532,-2.6496335791505676,1.3771764936232114,-1.494175642412978,1.5866411136147351,0.2403532270616169,-0.7188722258002581,-0.0121791927132921,-1.2855685538379604,0.4357431973493151,50.0,51.0,51.0,41.0,42.0,25.0,29.0,27.0,52.0,99.28,3975442432.0,1577066496.0,1487810560.0,8.4,8.39,8.91,25297891328.0,9721163776.0
2026-04-27 15:22:29.000176+02:00,-0.0018435196380702,0.1757076999151957,0.2210215788206532,-2.6496335791505676,1.3771764936232114,-1.494175642412978,1.5866411136147351,0.2403532270616169,-0.7188722258002581,-0.0121791927132921,-1.2855685538379604,0.4357431973493151,50.0,51.0,51.0,41.0,42.0,25.0,29.0,27.0,52.0,99.28,3975442432.0,1577066496.0,1487810560.0,8.4,8.39,8.91,25297891328.0,9721163776.0
2026-04-27 15:22:29.050268+02:00,-0.0018435196380702,0.1757076999151957,0.2210215788206532,-2.6496335791505676,1.3771764936232114,-1.494175642412978,1.5866411136147351,0.2403532270616169,-0.7188722258002581,-0.0121791927132921,-1.2855685538379604,0.4357431973493151,50.0,51.0,51.0,41.0,42.0,25.0,29.0,27.0,52.0,99.28,3975442432.0,1577066496.0,1487810560.0,8.4,8.39,8.91,25297891328.0,9721163776.0
2026-04-27 15:22:29.102695+02:00,-0.0018435196380702,0.1757076999151957,0.2210215788206532,-2.6496335791505676,1.3771764936232114,-1.494175642412978,1.5866411136147351,0.2403532270616169,-0.7188722258002581,-0.0121791927132921,-1.2855685538379604,0.4357431973493151,50.0,51.0,51.0,41.0,42.0,25.0,29.0,27.0,52.0,99.28,3975442432.0,1577066496.0,1487810560.0,8.4,8.39,8.91,25297891328.0,9721163776.0
2026-04-27 15:22:29.153891+02:00,-0.0018435196380702,0.1757076999151957,0.2210215788206532,-2.6496335791505676,1.3771764936232114,-1.494175642412978,1.5866411136147351,0.2403532270616169,-0.7188722258002581,-0.0121791927132921,-1.2855685538379604,0.4357431973493151,50.0,51.0,51.0,41.0,42.0,25.0,29.0,27.0,52.0,99.28,3975442432.0,1577066496.0,1487810560.0,8.4,8.39,8.91,25297891328.0,9721163776.0
2026-04-27 15:22:29.204295+02:00,-0.0018435196380702,0.1757076999151957,0.2210215788206532,-2.6496335791505676,1.3771764936232114,-1.494175642412978,1.5866411136147351,0.2403532270616169,-0.7188722258002581,-0.0121791927132921,-1.2855685538379604,0.4357431973493151,50.0,51.0,51.0,41.0,42.0,25.0,29.0,27.0,52.0,99.28,3975442432.0,1577066496.0,1487810560.0,8.4,8.39,8.91,25297891328.0,9721163776.0
2026-04-27 15:22:29.255804+02:00,-0.0018435196380702,0.1757076999151957,0.2210215788206532,-2.6496335791505676,1.3771764936232114,-1.494175642412978,1.5866411136147351,0.2403532270616169,-0.7188722258002581,-0.0121791927132921,-1.2855685538379604,0.4357431973493151,50.0,51.0,51.0,41.0,42.0,25.0,29.0,27.0,52.0,99.28,3975442432.0,1577066496.0,1487810560.0,8.4,8.39,8.91,25297891328.0,9721163776.0
2026-04-27 15:22:29.307356+02:00,-0.0018435196380702,0.1757076999151957,0.2210215788206532,-2.6496335791505676,1.3771764936232114,-1.494175642412978,1.5866411136147351,0.2403532270616169,-0.7188722258002581,-0.0121791927132921,-1.2855685538379604,0.4357431973493151,50.0,51.0,51.0,41.0,42.0,25.0,29.0,27.0,52.0,99.28,3975442432.0,1577066496.0,1487810560.0,8.4,8.39,8.91,25297891328.0,9721163776.0
2026-04-27 15:22:29.357532+02:00,-0.0018435196380702,0.1757076999151957,0.2210215788206532,-2.6496335791505676,1.3771764936232114,-1.494175642412978,1.5866411136147351,0.2403532270616169,-0.7188722258002581,-0.0121791927132921,-1.2855685538379604,0.4357431973493151,50.0,51.0,51.0,41.0,42.0,25.0,29.0,27.0,52.0,99.28,3975442432.0,1577066496.0,1487810560.0,8.4,8.39,8.91,25297891328.0,9721163776.0
2026-04-27 15:22:29.412606+02:00,-0.0018435196380702,0.1757076999151957,0.2210215788206532,-2.6496335791505676,1.3771764936232114,-1.494175642412978,1.5866411136147351,0.2403532270616169,-0.7188722258002581,-0.0121791927132921,-1.2855685538379604,0.4357431973493151,50.0,51.0,51.0,41.0,42.0,25.0,29.0,27.0,52.0,94.66,3975442432.0,1582149632.0,1482686464.0,8.4,8.39,8.91,25297891328.0,9721176064.0
2026-04-27 15:22:29.467565+02:00,-0.0018435196380702,0.1757076999151957,0.2210215788206532,-2.6496335791505676,1.3771764936232114,-1.494175642412978,1.5866411136147351,0.2403532270616169,-0.7188722258002581,-0.0121791927132921,-1.2855685538379604,0.4357431973493151,51.0,51.0,51.0,41.0,42.0,25.0,29.0,0.0,52.0,94.66,3975442432.0,1582149632.0,1482686464.0,8.4,8.39,8.91,25297891328.0,9721176064.0
2026-04-27 15:22:29.518485+02:00,-0.0018435196380702,0.1757076999151957,0.2210215788206532,-2.6496335791505676,1.3771764936232114,-1.494175642412978,1.5866411136147351,0.2403532270616169,-0.7188722258002581,-0.0121791927132921,-1.2855685538379604,0.4357431973493151,51.0,51.0,51.0,41.0,42.0,25.0,29.0,0.0,52.0,94.66,3975442432.0,1582149632.0,1482686464.0,8.4,8.39,8.91,25297891328.0,9721176064.0
2026-04-27 15:22:29.569352+02:00,-0.0018435196380702,0.1757076999151957,0.2210215788206532,-2.6496335791505676,1.3771764936232114,-1.494175642412978,1.5866411136147351,0.2403532270616169,-0.7188722258002581,-0.0121791927132921,-1.2855685538379604,0.4357431973493151,51.0,51.0,51.0,41.0,42.0,25.0,29.0,0.0,52.0,94.66,3975442432.0,1582149632.0,1482686464.0,8.4,8.39,8.91,25297891328.0,9721176064.0
2026-04-27 15:22:29.619455+02:00,-0.0018435196380702,0.1757076999151957,0.2210215788206532,-2.6496335791505676,1.3771764936232114,-1.494175642412978,1.5866411136147351,0.2388382812708858,-0.7188722258002581,-0.0121791927132921,-1.2855685538379604,0.4357431973493151,51.0,51.0,51.0,41.0,42.0,25.0,29.0,0.0,52.0,94.66,3975442432.0,1582149632.0,1482686464.0,8.4,8.39,8.91,25297891328.0,9721176064.0
2026-04-27 15:22:29.672339+02:00,-0.0018448299242277,0.17579038809007,0.2207553176509203,-2.650108140106153,1.375664323432979,-1.4946412667620927,1.5866411136147351,0.2388382812708858,-0.7188722258002581,-0.0121791927132921,-1.2855685538379604,0.4357431973493151,51.0,51.0,51.0,41.0,42.0,25.0,29.0,0.0,52.0,94.66,3975442432.0,1582149632.0,1482686464.0,8.4,8.39,8.91,25297891328.0,9721176064.0
2026-04-27 15:22:29.723321+02:00,-0.0018448299242277,0.17579038809007,0.2207553176509203,-2.650108140106153,1.375664323432979,-1.4946412667620927,1.5866411136147351,0.2388382812708858,-0.7188722258002581,-0.0121791927132921,-1.2855685538379604,0.4342092165614293,51.0,51.0,51.0,41.0,42.0,25.0,29.0,0.0,52.0,94.66,3975442432.0,1582149632.0,1482686464.0,8.4,8.39,8.91,25297891328.0,9721176064.0
2026-04-27 15:22:29.775859+02:00,-0.0018448299242277,0.17579038809007,0.2207553176509203,-2.650108140106153,1.375664323432979,-1.4946412667620927,1.5866411136147351,0.2388382812708858,-0.7188722258002581,-0.0121791927132921,-1.2855685538379604,0.4342092165614293,51.0,51.0,51.0,41.0,42.0,25.0,29.0,0.0,52.0,94.66,3975442432.0,1582149632.0,1482686464.0,8.4,8.39,8.91,25297891328.0,9721176064.0
2026-04-27 15:22:29.827292+02:00,-0.0018448299242278,0.1757903880900699,0.2207553176509203,-2.651642120894039,1.375664323432979,-1.4946412667620943,1.5866411136147351,0.2388382812708858,-0.7188722258002581,-0.0121791927132921,-1.2855685538379604,0.4342092165614293,51.0,51.0,51.0,41.0,42.0,25.0,29.0,0.0,52.0,94.66,3975442432.0,1582149632.0,1482686464.0,8.4,8.39,8.91,25297891328.0,9721176064.0
2026-04-27 15:22:29.882346+02:00,-0.0018448299242278,0.1757903880900699,0.2207553176509203,-2.651642120894039,1.375664323432979,-1.4946412667620943,1.5866411136147351,0.2388382812708858,-0.7188722258002581,-0.0121791927132921,-1.2855685538379604,0.4342092165614293,51.0,51.0,51.0,41.0,42.0,25.0,29.0,0.0,52.0,94.66,3975442432.0,1582149632.0,1482686464.0,8.4,8.39,8.91,25297891328.0,9721176064.0
2026-04-27 15:22:29.933364+02:00,-0.0018448299242278,0.1757903880900699,0.2207553176509203,-2.651642120894039,1.375664323432979,-1.4946412667620943,1.5866411136147351,0.2388382812708858,-0.7188722258002581,-0.0121791927132921,-1.2855685538379604,0.4342092165614293,51.0,51.0,51.0,41.0,42.0,25.0,29.0,0.0,52.0,94.66,3975442432.0,1582149632.0,1482686464.0,8.4,8.39,8.91,25297891328.0,9721176064.0
2026-04-27 15:22:29.985333+02:00,-0.0018448299242278,0.1757903880900699,0.2207553176509203,-2.651642120894039,1.375664323432979,-1.4946412667620943,1.5866411136147351,0.2388382812708858,-0.7188722258002581,-0.0121791927132921,-1.2855685538379604,0.4342092165614293,51.0,51.0,51.0,41.0,42.0,25.0,29.0,0.0,52.0,94.66,3975442432.0,1582149632.0,1482686464.0,8.4,8.39,8.91,25297891328.0,9721176064.0
2026-04-27 15:22:30.037263+02:00,-0.0018448299242278,0.1757903880900699,0.2207553176509203,-2.651642120894039,1.375664323432979,-1.4946412667620943,1.5866411136147351,0.2388382812708858,-0.7188722258002581,-0.0121791927132921,-1.2855685538379604,0.4342092165614293,51.0,51.0,51.0,41.0,42.0,25.0,29.0,0.0,52.0,94.66,3975442432.0,1582149632.0,1482686464.0,8.4,8.39,8.91,25297891328.0,9721176064.0
2026-04-27 15:22:30.089342+02:00,-0.0018448299242278,0.1757903880900699,0.2207553176509203,-2.651642120894039,1.375664323432979,-1.4946412667620943,1.5866411136147351,0.2388382812708858,-0.7188722258002581,-0.0121791927132921,-1.2855685538379604,0.4342092165614293,51.0,51.0,51.0,41.0,42.0,25.0,29.0,0.0,52.0,94.66,3975442432.0,1582149632.0,1482686464.0,8.4,8.39,8.91,25297891328.0,9721176064.0
2026-04-27 15:22:30.144355+02:00,-0.0018448299242278,0.1757903880900699,0.2207553176509203,-2.651642120894039,1.375664323432979,-1.4946412667620943,1.5866411136147351,0.2388382812708858,-0.7188722258002581,-0.0121791927132921,-1.2855685538379604,0.4342092165614293,51.0,51.0,51.0,41.0,42.0,25.0,29.0,0.0,52.0,94.66,3975442432.0,1582149632.0,1482686464.0,8.4,8.39,8.91,25297891328.0,9721176064.0
2026-04-27 15:22:30.194399+02:00,-0.0018448299242278,0.1757903880900699,0.2207553176509203,-2.651642120894039,1.375664323432979,-1.4946412667620943,1.5866411136147351,0.2388382812708858,-0.7188722258002581,-0.0121791927132921,-1.2855685538379604,0.4342092165614293,51.0,51.0,51.0,41.0,42.0,25.0,29.0,0.0,52.0,94.66,3975442432.0,1582149632.0,1482686464.0,8.4,8.39,8.91,25297891328.0,9721176064.0
2026-04-27 15:22:30.248295+02:00,-0.0018448299242278,0.1757903880900699,0.2207553176509203,-2.651642120894039,1.375664323432979,-1.4946412667620943,1.5866411136147351,0.2388382812708858,-0.7188722258002581,-0.0121791927132921,-1.2871025346258451,0.4342092165614293,51.0,51.0,51.0,41.0,42.0,25.0,29.0,0.0,52.0,94.66,3975442432.0,1582149632.0,1482686464.0,8.4,8.39,8.91,25297891328.0,9721176064.0
2026-04-27 15:22:30.300292+02:00,-0.0018448299242278,0.1757903880900699,0.2207553176509203,-2.651642120894039,1.375664323432979,-1.4946412667620943,1.5866411136147351,0.2388382812708858,-0.7188722258002581,-0.0121791927132921,-1.2871025346258451,0.4342092165614293,51.0,51.0,51.0,41.0,42.0,25.0,29.0,0.0,52.0,94.66,3975442432.0,1582149632.0,1482686464.0,8.4,8.39,8.91,25297891328.0,9721176064.0
2026-04-27 15:22:30.350376+02:00,-0.0018448299242278,0.1757903880900699,0.2207553176509203,-2.651642120894039,1.375664323432979,-1.4946412667620943,1.5866411136147351,0.2388382812708858,-0.7188722258002581,-0.0121791927132921,-1.2871025346258451,0.4342092165614293,51.0,51.0,51.0,41.0,42.0,25.0,29.0,0.0,52.0,94.66,3975442432.0,1582149632.0,1482686464.0,8.4,8.39,8.91,25297891328.0,9721176064.0
2026-04-27 15:22:30.405244+02:00,-0.0018448299242278,0.1757903880900699,0.2207553176509203,-2.651642120894039,1.375664323432979,-1.4946412667620943,1.5866411136147351,0.2388382812708858,-0.7188722258002581,-0.0121791927132921,-1.2871025346258451,0.4342092165614293,51.0,51.0,51.0,41.0,42.0,25.0,29.0,0.0,52.0,99.22,3975442432.0,1584025600.0,1480744960.0,8.4,8.39,8.91,25297891328.0,9721192448.0
2026-04-27 15:22:30.455951+02:00,-0.0018422006659871,0.1756624638284299,0.220766203719742,-2.652071127715665,1.374132706806831,-1.4950786389404669,1.5866411136147351,0.2388382812708858,-0.7188722258002581,-0.0121791927132921,-1.2871025346258451,0.4342092165614293,51.0,51.0,51.0,41.0,42.0,25.0,29.0,0.0,52.0,99.22,3975442432.0,1584025600.0,1480744960.0,8.4,8.39,8.91,25297891328.0,9721192448.0
2026-04-27 15:22:30.506303+02:00,-0.0018422006659871,0.1756624638284299,0.220766203719742,-2.652071127715665,1.374132706806831,-1.4950786389404669,1.5866411136147351,0.2388382812708858,-0.7188722258002581,-0.0121791927132921,-1.2871025346258451,0.4342092165614293,51.0,51.0,51.0,41.0,42.0,25.0,29.0,0.0,52.0,99.22,3975442432.0,1584025600.0,1480744960.0,8.4,8.39,8.91,25297891328.0,9721192448.0
2026-04-27 15:22:30.556443+02:00,-0.0018422006659871,0.1756624638284299,0.220766203719742,-2.652071127715665,1.374132706806831,-1.4950786389404669,1.5866411136147351,0.2388382812708858,-0.7188722258002581,-0.0121791927132921,-1.2871025346258451,0.4342092165614293,51.0,51.0,51.0,41.0,42.0,25.0,29.0,0.0,52.0,99.22,3975442432.0,1584025600.0,1480744960.0,8.4,8.39,8.91,25297891328.0,9721192448.0
2026-04-27 15:22:30.607192+02:00,-0.0018422006659871,0.1756624638284299,0.220766203719742,-2.652071127715665,1.374132706806831,-1.4950786389404669,1.5866411136147351,0.2388382812708858,-0.7188722258002581,-0.0121791927132921,-1.2871025346258451,0.4342092165614293,51.0,51.0,51.0,41.0,42.0,25.0,29.0,0.0,52.0,99.22,3975442432.0,1584025600.0,1480744960.0,8.4,8.39,8.91,25297891328.0,9721192448.0
2026-04-27 15:22:30.661904+02:00,-0.0018422006659871,0.1756624638284299,0.220766203719742,-2.652071127715665,1.374132706806831,-1.4950786389404669,1.5866411136147351,0.2388382812708858,-0.7188722258002581,-0.0121791927132921,-1.2871025346258451,0.4342092165614293,51.0,51.0,51.0,41.0,42.0,25.0,29.0,0.0,52.0,99.22,3975442432.0,1584025600.0,1480744960.0,8.4,8.39,8.91,25297891328.0,9721192448.0
2026-04-27 15:22:30.714165+02:00,-0.0018422006659871,0.1756624638284299,0.220766203719742,-2.652071127715665,1.374132706806831,-1.4950786389404669,1.5866411136147351,0.2388382812708858,-0.7188722258002581,-0.0121791927132921,-1.2871025346258451,0.4342092165614293,51.0,51.0,51.0,41.0,42.0,25.0,29.0,0.0,52.0,99.22,3975442432.0,1584025600.0,1480744960.0,8.4,8.39,8.91,25297891328.0,9721192448.0
2026-04-27 15:22:30.764851+02:00,-0.0018422006659871,0.1756624638284299,0.220766203719742,-2.652071127715665,1.374132706806831,-1.4950786389404669,1.5866411136147351,0.2388382812708858,-0.7188722258002581,-0.0121791927132921,-1.2871025346258451,0.4342092165614293,51.0,51.0,51.0,41.0,42.0,25.0,29.0,0.0,52.0,99.22,3975442432.0,1584025600.0,1480744960.0,8.4,8.39,8.91,25297891328.0,9721192448.0
2026-04-27 15:22:30.816270+02:00,-0.0018422006659871,0.1756624638284299,0.220766203719742,-2.652071127715665,1.374132706806831,-1.4950786389404669,1.5866411136147351,0.2388382812708858,-0.7188722258002581,-0.0121791927132921,-1.2871025346258451,0.4342092165614293,51.0,51.0,51.0,41.0,42.0,25.0,29.0,0.0,52.0,99.22,3975442432.0,1584025600.0,1480744960.0,8.4,8.39,8.91,25297891328.0,9721192448.0
2026-04-27 15:22:30.867210+02:00,-0.0018422006659871,0.1756624638284299,0.220766203719742,-2.652071127715665,1.374132706806831,-1.4950786389404669,1.5866411136147351,0.2388382812708858,-0.7188722258002581,-0.0121791927132921,-1.2871025346258451,0.4342092165614293,51.0,51.0,51.0,41.0,42.0,25.0,29.0,0.0,52.0,99.22,3975442432.0,1584025600.0,1480744960.0,8.4,8.39,8.91,25297891328.0,9721192448.0
2026-04-27 15:22:30.920020+02:00,-0.0018422006659871,0.1756624638284299,0.220766203719742,-2.652071127715665,1.374132706806831,-1.4950786389404669,1.583597259399257,0.2358083896894237,-0.7143273884280649,-0.0121791927132921,-1.2871025346258451,0.4342092165614293,51.0,51.0,51.0,41.0,42.0,25.0,29.0,0.0,52.0,99.22,3975442432.0,1584025600.0,1480744960.0,8.4,8.39,8.91,25297891328.0,9721192448.0
2026-04-27 15:22:30.971025+02:00,-0.0018422006659871,0.1756624638284299,0.220766203719742,-2.652071127715665,1.374132706806831,-1.4950786389404669,1.5790314780760402,0.2327784981079615,-0.7112974968466027,-0.0106452119254067,-1.2871025346258451,0.4342092165614293,51.0,51.0,51.0,41.0,42.0,25.0,29.0,0.0,52.0,99.22,3975442432.0,1584025600.0,1480744960.0,8.4,8.39,8.91,25297891328.0,9721192448.0
2026-04-27 15:22:31.023658+02:00,-0.0001020898263346,0.1781432807457481,0.2217813556386494,-2.658200638090032,1.3772346869751495,-1.5124516901227896,1.5729437696450836,0.2267187149450372,-0.7037227678929473,-0.0091112311375209,-1.2871025346258451,0.4342092165614293,51.0,51.0,51.0,41.0,42.0,25.0,29.0,0.0,52.0,99.22,3975442432.0,1584025600.0,1480744960.0,8.4,8.39,8.91,25297891328.0,9721192448.0
2026-04-27 15:22:31.075337+02:00,-0.0001020898263346,0.1781432807457481,0.2217813556386494,-2.658200638090032,1.3772346869751495,-1.5124516901227896,1.5683779883218665,0.2236888233635751,-0.697662984730023,-0.0060432695617498,-1.2825005922621888,0.4342092165614293,51.0,51.0,51.0,41.0,42.0,25.0,29.0,0.0,52.0,99.22,3975442432.0,1584025600.0,1480744960.0,8.4,8.39,8.91,25297891328.0,9721192448.0
2026-04-27 15:22:31.126418+02:00,-0.0001020898263346,0.1781432807457481,0.2217813556386494,-2.658200638090032,1.3772346869751495,-1.5124516901227896,1.56229027989091,0.2176290402006507,-0.6916032015670988,-0.004509288773864,-1.280966611474303,0.4342092165614293,51.0,51.0,51.0,41.0,42.0,25.0,29.0,0.0,52.0,99.22,3975442432.0,1584025600.0,1480744960.0,8.4,8.39,8.91,25297891328.0,9721192448.0
2026-04-27 15:22:31.180389+02:00,-0.0001020898263346,0.1781432807457481,0.2217813556386494,-2.658200638090032,1.3772346869751495,-1.5124516901227896,1.56229027989091,0.2176290402006507,-0.6916032015670988,-0.004509288773864,-1.280966611474303,0.4342092165614293,51.0,51.0,51.0,41.0,42.0,25.0,29.0,0.0,52.0,99.22,3975442432.0,1584025600.0,1480744960.0,8.4,8.39,8.91,25297891328.0,9721192448.0
2026-04-27 15:22:31.233063+02:00,0.0026200576623468,0.1828891635889973,0.2230004673173104,-2.6928066396405863,1.3881650898249935,-1.5681757367775917,1.5516367901367372,0.2085393654562643,-0.6794836352412501,-0.0014413271980928,-1.2763646691106465,0.4342092165614293,51.0,51.0,51.0,41.0,42.0,25.0,29.0,0.0,52.0,99.22,3975442432.0,1584025600.0,1480744960.0,8.4,8.39,8.91,25297891328.0,9721192448.0
2026-04-27 15:22:31.286667+02:00,0.0026200576623468,0.1828891635889973,0.2230004673173104,-2.6928066396405863,1.3881650898249935,-1.5681757367775917,1.539461373274824,0.1979347449211467,-0.6673640689154015,0.0062285767413352,-1.2686947651712184,0.4342092165614293,51.0,51.0,51.0,41.0,42.0,25.0,29.0,0.0,52.0,99.22,3975442432.0,1584025600.0,1480744960.0,8.4,8.39,8.91,25297891328.0,9721192448.0
2026-04-27 15:22:31.341109+02:00,0.0026200576623468,0.1828891635889973,0.2230004673173104,-2.6928066396405863,1.3881650898249935,-1.5681757367775917,1.5303298106283898,0.1918749617582224,-0.658274394171015,0.0092965383171068,-1.264092822807561,0.4342092165614293,51.0,51.0,51.0,41.0,42.0,25.0,29.0,0.0,52.0,99.22,3975442432.0,1584025600.0,1480744960.0,8.4,8.39,8.91,25297891328.0,9721192448.0
2026-04-27 15:22:31.391416+02:00,0.0026200576623468,0.1828891635889973,0.2230004673173104,-2.6928066396405863,1.3881650898249935,-1.5681757367775917,1.5151105395509998,0.1782404496416427,-0.6416099904729732,0.0185004230444203,-1.2579568996560186,0.4342092165614293,51.0,51.0,51.0,41.0,42.0,25.0,29.0,0.0,52.0,97.67,3975442432.0,1552637952.0,1511972864.0,8.4,8.39,8.91,25297891328.0,9721225216.0
2026-04-27 15:22:31.444112+02:00,0.010028008943196,0.1945880923123773,0.2264047849991796,-2.8183695145858945,1.4208226781698368,-1.7475460587908975,1.509022831120043,0.1721806664787184,-0.6340352615193178,0.0200344038323061,-1.2564229188681328,0.4342092165614293,51.0,51.0,51.0,41.0,42.0,25.0,29.0,0.0,52.0,97.67,3975442432.0,1552637952.0,1511972864.0,8.4,8.39,8.91,25297891328.0,9721225216.0
2026-04-27 15:22:31.496535+02:00,0.010028008943196,0.1945880923123773,0.2264047849991796,-2.8183695145858945,1.4208226781698368,-1.7475460587908975,1.4938035600426525,0.1600611001528698,-0.6173708578212759,0.0261703269838489,-1.2441510725650482,0.4342092165614293,50.0,51.0,51.0,41.0,42.0,25.0,29.0,27.0,53.0,97.67,3975442432.0,1552637952.0,1511972864.0,8.4,8.39,8.91,25297891328.0,9721225216.0
2026-04-27 15:22:31.549456+02:00,0.010028008943196,0.1945880923123773,0.2264047849991796,-2.8183695145858945,1.4208226781698368,-1.7475460587908975,1.4755404347497838,0.1433966964548279,-0.5976765625417718,0.0369081924990482,-1.2364811686256192,0.4342092165614293,50.0,51.0,51.0,41.0,42.0,25.0,29.0,27.0,53.0,97.67,3975442432.0,1552637952.0,1511972864.0,8.4,8.39,8.91,25297891328.0,9721225216.0
2026-04-27 15:22:31.600238+02:00,0.010028008943196,0.1945880923123773,0.2264047849991796,-2.8183695145858945,1.4208226781698368,-1.7475460587908975,1.4603211636723938,0.1297621843382482,-0.579497213052999,0.0415101348627051,-1.2334132070498485,0.4342092165614293,50.0,51.0,51.0,41.0,42.0,25.0,29.0,27.0,53.0,97.67,3975442432.0,1552637952.0,1511972864.0,8.4,8.39,8.91,25297891328.0,9721225216.0
2026-04-27 15:22:31.650784+02:00,0.0199255294960908,0.2080261242915628,0.2304482354194499,-3.028446934962354,1.4520938616866192,-2.0182803056772096,1.4435799654872636,0.1161276722216685,-0.562832809354957,0.0522480003779044,-1.2180733991709922,0.4342092165614293,50.0,51.0,51.0,41.0,42.0,25.0,29.0,27.0,53.0,97.67,3975442432.0,1552637952.0,1511972864.0,8.4,8.39,8.91,25297891328.0,9721225216.0
2026-04-27 15:22:31.705825+02:00,0.0199255294960908,0.2080261242915628,0.2304482354194499,-3.028446934962354,1.4520938616866192,-2.0182803056772096,1.4268387673021343,0.1009782143143578,-0.5446534598661842,0.0583839235294472,-1.211937476019449,0.4342092165614293,50.0,51.0,51.0,41.0,42.0,25.0,29.0,27.0,53.0,97.67,3975442432.0,1552637952.0,1511972864.0,8.4,8.39,8.91,25297891328.0,9721225216.0
2026-04-27 15:22:31.756919+02:00,0.0199255294960908,0.2080261242915628,0.2304482354194499,-3.028446934962354,1.4520938616866192,-2.0182803056772096,1.4146633504402222,0.0888586479885091,-0.5310189477496045,0.0645198466809899,-1.2058015528679067,0.4342092165614293,50.0,51.0,51.0,41.0,42.0,25.0,29.0,27.0,53.0,97.67,3975442432.0,1552637952.0,1511972864.0,8.4,8.39,8.91,25297891328.0,9721225216.0
2026-04-27 15:22:31.809233+02:00,0.0199255294960908,0.2080261242915628,0.2304482354194499,-3.028446934962354,1.4520938616866192,-2.0182803056772096,1.3918344438241363,0.067649406918274,-0.5067798150979071,0.0737237314083034,-1.193529706564822,0.4342092165614293,50.0,51.0,51.0,41.0,42.0,25.0,29.0,27.0,53.0,97.67,3975442432.0,1552637952.0,1511972864.0,8.4,8.39,8.91,25297891328.0,9721225216.0
2026-04-27 15:22:31.860634+02:00,0.0297068374892845,0.2195735851969359,0.2327870423231082,2.932676917420121,1.4734698641681137,-2.395418218526737,1.379659026962223,0.0555298405924254,-0.4916303571905964,0.0783256737719604,-1.185859802625393,0.4342092165614293,50.0,51.0,51.0,41.0,42.0,25.0,29.0,27.0,53.0,97.67,3975442432.0,1552637952.0,1511972864.0,8.4,8.39,8.91,25297891328.0,9721225216.0
2026-04-27 15:22:31.912871+02:00,0.0297068374892845,0.2195735851969359,0.2327870423231082,2.932676917420121,1.4734698641681137,-2.395418218526737,1.3583520474538768,0.0373504911036525,-0.4704211161203613,0.0859955777113885,-1.1827918410496223,0.4342092165614293,50.0,51.0,51.0,41.0,42.0,25.0,29.0,27.0,53.0,97.67,3975442432.0,1552637952.0,1511972864.0,8.4,8.39,8.91,25297891328.0,9721225216.0
2026-04-27 15:22:31.963160+02:00,0.0297068374892845,0.2195735851969359,0.2327870423231082,2.932676917420121,1.4734698641681137,-2.395418218526737,1.3340012137300516,0.0146263042426862,-0.4431520918872019,0.0936654816508171,-1.1751219371101942,0.4342092165614293,50.0,51.0,51.0,41.0,42.0,25.0,29.0,27.0,53.0,97.67,3975442432.0,1552637952.0,1511972864.0,8.4,8.39,8.91,25297891328.0,9721225216.0
2026-04-27 15:22:32.014153+02:00,0.0297068374892845,0.2195735851969359,0.2327870423231082,2.932676917420121,1.4734698641681137,-2.395418218526737,1.327913505299096,0.008566521079762,-0.4355773629335465,0.1013353855902452,-1.1643840715949945,0.4342092165614293,50.0,51.0,51.0,41.0,42.0,25.0,29.0,27.0,53.0,97.67,3975442432.0,1552637952.0,1511972864.0,8.4,8.39,8.91,25297891328.0,9721225216.0
2026-04-27 15:22:32.064315+02:00,0.0518148862798396,0.2397288865705391,0.2366176456398,2.2440818966415748,1.475879744373211,3.0967385720320193,1.2974749631443143,-0.0187025031533973,-0.4037635013281939,0.1105392703175591,-1.1536462060797947,0.4342092165614293,50.0,51.0,51.0,41.0,42.0,25.0,29.0,27.0,53.0,97.67,3975442432.0,1552637952.0,1511972864.0,8.4,8.39,8.91,25297891328.0,9721225216.0
2026-04-27 15:22:32.115077+02:00,0.0518148862798396,0.2397288865705391,0.2366176456398,2.2440818966415748,1.475879744373211,3.0967385720320193,1.2913872547133587,-0.0262772321070527,-0.3961887723745385,0.1105392703175591,-1.152112225291909,0.4342092165614293,50.0,51.0,51.0,41.0,42.0,25.0,29.0,27.0,53.0,97.67,3975442432.0,1552637952.0,1511972864.0,8.4,8.39,8.91,25297891328.0,9721225216.0
2026-04-27 15:22:32.166018+02:00,0.0518148862798396,0.2397288865705391,0.2366176456398,2.2440818966415748,1.475879744373211,3.0967385720320193,1.2746460565282285,-0.0429416358050945,-0.3764944770950345,0.1197431550448726,-1.142908340564596,0.4342092165614293,50.0,51.0,51.0,41.0,42.0,25.0,29.0,27.0,53.0,97.67,3975442432.0,1552637952.0,1511972864.0,8.4,8.39,8.91,25297891328.0,9721225216.0
2026-04-27 15:22:32.216523+02:00,0.0518148862798396,0.2397288865705391,0.2366176456398,2.2440818966415748,1.475879744373211,3.0967385720320193,1.2746460565282285,-0.0429416358050945,-0.3764944770950345,0.1197431550448726,-1.142908340564596,0.4342092165614293,50.0,51.0,51.0,41.0,42.0,25.0,29.0,27.0,53.0,97.67,3975442432.0,1552637952.0,1511972864.0,8.4,8.39,8.91,25297891328.0,9721225216.0
2026-04-27 15:22:32.269515+02:00,0.0692528811098649,0.2516613593991532,0.2382127806833205,1.92803531598637,1.4582671224253476,2.711841921151384,1.2502952228044042,-0.0641508768753297,-0.3492254528618751,0.1274130589843012,-1.136772417413053,0.4342092165614293,50.0,51.0,51.0,41.0,42.0,25.0,29.0,27.0,53.0,97.67,3975442432.0,1552637952.0,1511972864.0,8.4,8.39,8.91,25297891328.0,9721225216.0
2026-04-27 15:22:32.324553+02:00,0.0692528811098649,0.2516613593991532,0.2382127806833205,1.92803531598637,1.4582671224253476,2.711841921151384,1.2350759517270131,-0.0793003347826405,-0.3325610491638333,0.1320150013479581,-1.1291025134736246,0.4326752357735435,50.0,51.0,51.0,41.0,42.0,25.0,29.0,27.0,53.0,97.67,3975442432.0,1552637952.0,1511972864.0,8.4,8.39,8.91,25297891328.0,9721225216.0
2026-04-27 15:22:32.376890+02:00,0.0692528811098649,0.2516613593991532,0.2382127806833205,1.92803531598637,1.4582671224253476,2.711841921151384,1.2198566806496225,-0.0944497926899512,-0.3158966454657914,0.1412188860752716,-1.1229665903220822,0.4342092165614293,50.0,51.0,51.0,41.0,42.0,25.0,29.0,27.0,53.0,97.67,3975442432.0,1552637952.0,1511972864.0,8.4,8.39,8.91,25297891328.0,9721225216.0
2026-04-27 15:22:32.427951+02:00,0.0847745294988111,0.26062980397962,0.2390904677552111,1.7508925651567258,1.437050424000953,2.4776958911525035,1.2107251180031882,-0.1050544132250688,-0.3037770791399428,0.1427528668631574,-1.1198986287463106,0.4326752357735435,50.0,51.0,51.0,41.0,42.0,25.0,29.0,27.0,53.0,93.21,3975442432.0,1550852096.0,1513750528.0,8.53,8.41,8.91,25297891328.0,9721225216.0
2026-04-27 15:22:32.482367+02:00,0.0847745294988111,0.26062980397962,0.2390904677552111,1.7508925651567258,1.437050424000953,2.4776958911525035,1.2015935553567538,-0.1141440879694553,-0.2946874043955563,0.1442868476510432,-1.11683066717054,0.4326752357735435,50.0,51.0,51.0,41.0,42.0,25.0,29.0,27.0,53.0,93.21,3975442432.0,1550852096.0,1513750528.0,8.53,8.41,8.91,25297891328.0,9721225216.0
2026-04-27 15:22:32.533828+02:00,0.0847745294988111,0.26062980397962,0.2390904677552111,1.7508925651567258,1.437050424000953,2.4776958911525035,1.1955058469257982,-0.1232337627138417,-0.2871126754419009,0.1488887900147002,-1.115296686382654,0.4342092165614293,50.0,51.0,51.0,41.0,42.0,25.0,29.0,27.0,53.0,93.21,3975442432.0,1550852096.0,1513750528.0,8.53,8.41,8.91,25297891328.0,9721225216.0
2026-04-27 15:22:32.588733+02:00,0.0847745294988111,0.26062980397962,0.2390904677552111,1.7508925651567258,1.437050424000953,2.4776958911525035,1.1924619927103195,-0.127778600086035,-0.2825678380697076,0.1504227708025856,-1.1137627055947683,0.4326752357735435,50.0,51.0,51.0,41.0,42.0,25.0,29.0,27.0,53.0,93.21,3975442432.0,1550852096.0,1513750528.0,8.53,8.41,8.91,25297891328.0,9721225216.0
2026-04-27 15:22:32.639195+02:00,0.0948470928543083,0.2660904577815964,0.238015429159002,1.706175587932219,1.4265767111229486,2.4011139025145054,1.186374284279364,-0.1338383832489592,-0.2780230006975144,0.1504227708025856,-1.1122287248068825,0.4326752357735435,50.0,51.0,51.0,41.0,42.0,25.0,29.0,27.0,53.0,93.21,3975442432.0,1550852096.0,1513750528.0,8.53,8.41,8.91,25297891328.0,9721225216.0
2026-04-27 15:22:32.690363+02:00,0.0948470928543083,0.2660904577815964,0.238015429159002,1.706175587932219,1.4265767111229486,2.4011139025145054,1.1833304300638852,-0.1383832206211525,-0.2734781633253211,0.1550247131662425,-1.1106947440189967,0.4326752357735435,50.0,51.0,51.0,41.0,42.0,25.0,29.0,27.0,53.0,93.21,3975442432.0,1550852096.0,1513750528.0,8.53,8.41,8.91,25297891328.0,9721225216.0
2026-04-27 15:22:32.745410+02:00,0.0948470928543083,0.2660904577815964,0.238015429159002,1.706175587932219,1.4265767111229486,2.4011139025145054,1.1833304300638852,-0.1398981664118835,-0.2734781633253211,0.1534907323783572,-1.1106947440189967,0.4326752357735435,50.0,51.0,51.0,41.0,42.0,25.0,29.0,27.0,53.0,93.21,3975442432.0,1550852096.0,1513750528.0,8.53,8.41,8.91,25297891328.0,9721225216.0
2026-04-27 15:22:32.798688+02:00,0.0948470928543083,0.2660904577815964,0.238015429159002,1.706175587932219,1.4265767111229486,2.4011139025145054,1.1833304300638852,-0.1414131122026146,-0.2719632175345901,0.1534907323783572,-1.1091607632311118,0.4326752357735435,50.0,51.0,51.0,41.0,42.0,25.0,29.0,27.0,53.0,93.21,3975442432.0,1550852096.0,1513750528.0,8.53,8.41,8.91,25297891328.0,9721225216.0
2026-04-27 15:22:32.849247+02:00,0.0976767253800255,0.2678221725414608,0.2368655407613501,1.7025944470350176,1.4236696513132951,2.3880945450333284,1.1833304300638852,-0.1414131122026146,-0.2719632175345901,0.1534907323783572,-1.1091607632311118,0.4326752357735435,50.0,51.0,51.0,41.0,42.0,25.0,29.0,27.0,53.0,93.21,3975442432.0,1550852096.0,1513750528.0,8.53,8.41,8.91,25297891328.0,9721225216.0
2026-04-27 15:22:32.900587+02:00,0.0976767253800255,0.2678221725414608,0.2368655407613501,1.7025944470350176,1.4236696513132951,2.3880945450333284,1.1833304300638852,-0.1414131122026146,-0.2719632175345901,0.1534907323783572,-1.1091607632311118,0.4326752357735435,50.0,51.0,51.0,41.0,42.0,25.0,29.0,27.0,53.0,93.21,3975442432.0,1550852096.0,1513750528.0,8.53,8.41,8.91,25297891328.0,9721225216.0
2026-04-27 15:22:32.950690+02:00,0.0976767253800255,0.2678221725414608,0.2368655407613501,1.7025944470350176,1.4236696513132951,2.3880945450333284,1.1833304300638852,-0.1414131122026146,-0.2719632175345901,0.1534907323783572,-1.1091607632311118,0.4326752357735435,50.0,51.0,51.0,41.0,42.0,25.0,29.0,27.0,53.0,93.21,3975442432.0,1550852096.0,1513750528.0,8.53,8.41,8.91,25297891328.0,9721225216.0
2026-04-27 15:22:33.004429+02:00,0.0976767253800255,0.2678221725414608,0.2368655407613501,1.7025944470350176,1.4236696513132951,2.3880945450333284,1.1833304300638852,-0.1414131122026146,-0.2719632175345901,0.1534907323783572,-1.1091607632311118,0.4326752357735435,50.0,51.0,51.0,41.0,42.0,25.0,29.0,27.0,53.0,93.21,3975442432.0,1550852096.0,1513750528.0,8.53,8.41,8.91,25297891328.0,9721225216.0
2026-04-27 15:22:33.059546+02:00,0.0976767253800255,0.2678221725414608,0.2368655407613501,1.7025944470350176,1.4236696513132951,2.3880945450333284,1.1833304300638852,-0.1414131122026146,-0.2719632175345901,0.1534907323783572,-1.1091607632311118,0.4326752357735435,50.0,51.0,51.0,41.0,42.0,25.0,29.0,27.0,53.0,93.21,3975442432.0,1550852096.0,1513750528.0,8.53,8.41,8.91,25297891328.0,9721225216.0
2026-04-27 15:22:33.111982+02:00,0.0976767253800255,0.2678221725414608,0.2368655407613501,1.7025944470350176,1.4236696513132951,2.3880945450333284,1.1833304300638852,-0.1414131122026146,-0.2719632175345901,0.1534907323783572,-1.1091607632311118,0.4326752357735435,50.0,51.0,51.0,41.0,42.0,25.0,29.0,27.0,53.0,93.21,3975442432.0,1550852096.0,1513750528.0,8.53,8.41,8.91,25297891328.0,9721225216.0
2026-04-27 15:22:33.165371+02:00,0.0976767253800255,0.2678221725414608,0.2368655407613501,1.7025944470350176,1.4236696513132951,2.3880945450333284,1.1833304300638852,-0.1414131122026146,-0.2719632175345901,0.1534907323783572,-1.1091607632311118,0.4326752357735435,50.0,51.0,51.0,41.0,42.0,25.0,29.0,27.0,53.0,93.21,3975442432.0,1550852096.0,1513750528.0,8.53,8.41,8.91,25297891328.0,9721225216.0
2026-04-27 15:22:33.217224+02:00,0.0976767253800255,0.2678221725414608,0.2368655407613501,1.7025944470350176,1.4236696513132951,2.3880945450333284,1.1833304300638852,-0.1414131122026146,-0.2719632175345901,0.1534907323783572,-1.1091607632311118,0.4326752357735435,50.0,51.0,51.0,41.0,42.0,25.0,29.0,27.0,53.0,93.21,3975442432.0,1550852096.0,1513750528.0,8.53,8.41,8.91,25297891328.0,9721225216.0
2026-04-27 15:22:33.271310+02:00,0.0976767253800255,0.2678221725414608,0.2368655407613501,1.7025944470350176,1.4236696513132951,2.3880945450333284,1.1833304300638852,-0.1414131122026146,-0.2719632175345901,0.1534907323783572,-1.1091607632311118,0.4326752357735435,50.0,51.0,51.0,41.0,42.0,25.0,29.0,27.0,53.0,93.21,3975442432.0,1550852096.0,1513750528.0,8.53,8.41,8.91,25297891328.0,9721225216.0
2026-04-27 15:22:33.324652+02:00,0.0976767253800255,0.2678221725414608,0.2368655407613502,1.7041284278229036,1.4236696513132951,2.3880945450333297,1.1833304300638852,-0.1414131122026146,-0.2719632175345901,0.1534907323783572,-1.1091607632311118,0.4326752357735435,50.0,51.0,51.0,41.0,42.0,25.0,29.0,27.0,53.0,93.21,3975442432.0,1550852096.0,1513750528.0,8.53,8.41,8.91,25297891328.0,9721225216.0
2026-04-27 15:22:33.377014+02:00,0.0976767253800255,0.2678221725414608,0.2368655407613502,1.7041284278229036,1.4236696513132951,2.3880945450333297,1.1833304300638852,-0.1414131122026146,-0.2719632175345901,0.1534907323783572,-1.1091607632311118,0.4326752357735435,50.0,51.0,51.0,41.0,42.0,25.0,29.0,27.0,53.0,93.21,3975442432.0,1550852096.0,1513750528.0,8.53,8.41,8.91,25297891328.0,9721225216.0
2026-04-27 15:22:33.427395+02:00,0.0976767253800255,0.2678221725414608,0.2368655407613501,1.7025944470350176,1.4236696513132951,2.3880945450333284,1.1833304300638852,-0.1414131122026146,-0.2719632175345901,0.1534907323783572,-1.1091607632311118,0.4326752357735435,50.0,51.0,51.0,41.0,42.0,25.0,29.0,27.0,53.0,92.06,3975442432.0,1551331328.0,1513287680.0,8.53,8.41,8.91,25297891328.0,9721237504.0
2026-04-27 15:22:33.477592+02:00,0.0976767253800255,0.2678221725414608,0.2368655407613501,1.7025944470350176,1.4236696513132951,2.3880945450333284,1.1833304300638852,-0.1414131122026146,-0.2719632175345901,0.1534907323783572,-1.1091607632311118,0.4326752357735435,50.0,51.0,51.0,41.0,42.0,25.0,29.0,27.0,53.0,92.06,3975442432.0,1551331328.0,1513287680.0,8.53,8.41,8.91,25297891328.0,9721237504.0
2026-04-27 15:22:33.528706+02:00,0.0976767253800255,0.2678221725414608,0.2368655407613501,1.7025944470350176,1.4236696513132951,2.3880945450333284,1.1833304300638852,-0.1414131122026146,-0.2719632175345901,0.1534907323783572,-1.1091607632311118,0.4326752357735435,50.0,51.0,51.0,41.0,42.0,25.0,29.0,27.0,53.0,92.06,3975442432.0,1551331328.0,1513287680.0,8.53,8.41,8.91,25297891328.0,9721237504.0
2026-04-27 15:22:33.580494+02:00,0.0976767253800255,0.2678221725414608,0.2368655407613501,1.7025944470350176,1.4236696513132951,2.3880945450333284,1.1833304300638852,-0.1414131122026146,-0.2719632175345901,0.1534907323783572,-1.1091607632311118,0.4326752357735435,50.0,51.0,51.0,41.0,42.0,25.0,29.0,27.0,53.0,92.06,3975442432.0,1551331328.0,1513287680.0,8.53,8.41,8.91,25297891328.0,9721237504.0
2026-04-27 15:22:33.632578+02:00,0.0976767253800255,0.2678221725414608,0.2368655407613501,1.7025944470350176,1.4236696513132951,2.3880945450333284,1.1833304300638852,-0.1414131122026146,-0.2719632175345901,0.1534907323783572,-1.1091607632311118,0.4326752357735435,50.0,51.0,51.0,41.0,42.0,25.0,29.0,27.0,53.0,92.06,3975442432.0,1551331328.0,1513287680.0,8.53,8.41,8.91,25297891328.0,9721237504.0
2026-04-27 15:22:33.683205+02:00,0.0976767253800255,0.2678221725414608,0.2368655407613501,1.7025944470350176,1.4236696513132951,2.3880945450333284,1.1833304300638852,-0.1414131122026146,-0.2719632175345901,0.1534907323783572,-1.1091607632311118,0.4342092165614293,50.0,51.0,51.0,41.0,42.0,25.0,29.0,27.0,53.0,92.06,3975442432.0,1551331328.0,1513287680.0,8.53,8.41,8.91,25297891328.0,9721237504.0
2026-04-27 15:22:33.734265+02:00,0.0976767253800255,0.2678221725414608,0.2368655407613501,1.7025944470350176,1.4236696513132951,2.3880945450333284,1.1833304300638852,-0.1414131122026146,-0.2719632175345901,0.1534907323783572,-1.1091607632311118,0.4326752357735435,50.0,51.0,51.0,41.0,42.0,25.0,29.0,27.0,53.0,92.06,3975442432.0,1551331328.0,1513287680.0,8.53,8.41,8.91,25297891328.0,9721237504.0
2026-04-27 15:22:33.784358+02:00,0.0976767253800255,0.2678221725414608,0.2368655407613501,1.7025944470350176,1.4236696513132951,2.3880945450333284,1.1833304300638852,-0.1414131122026146,-0.2719632175345901,0.1534907323783572,-1.1091607632311118,0.4326752357735435,50.0,51.0,51.0,41.0,42.0,25.0,29.0,27.0,53.0,92.06,3975442432.0,1551331328.0,1513287680.0,8.53,8.41,8.91,25297891328.0,9721237504.0
2026-04-27 15:22:33.835205+02:00,0.0976767253800255,0.2678221725414608,0.2368655407613501,1.7025944470350176,1.4236696513132951,2.3880945450333284,1.1833304300638852,-0.1414131122026146,-0.2719632175345901,0.1534907323783572,-1.1091607632311118,0.4326752357735435,50.0,51.0,51.0,41.0,42.0,25.0,29.0,27.0,53.0,92.06,3975442432.0,1551331328.0,1513287680.0,8.53,8.41,8.91,25297891328.0,9721237504.0
2026-04-27 15:22:33.885363+02:00,0.0976767253800255,0.2678221725414608,0.2368655407613501,1.7025944470350176,1.4236696513132951,2.3880945450333284,1.1833304300638852,-0.1414131122026146,-0.2719632175345901,0.1534907323783572,-1.1091607632311118,0.4342092165614293,50.0,51.0,51.0,41.0,42.0,25.0,29.0,27.0,53.0,92.06,3975442432.0,1551331328.0,1513287680.0,8.53,8.41,8.91,25297891328.0,9721237504.0
2026-04-27 15:22:33.939726+02:00,0.0976767253800255,0.2678221725414608,0.2368655407613501,1.7025944470350176,1.4236696513132951,2.3880945450333284,1.1833304300638852,-0.1414131122026146,-0.2719632175345901,0.1534907323783572,-1.1091607632311118,0.4326752357735435,50.0,51.0,51.0,41.0,42.0,25.0,29.0,27.0,53.0,92.06,3975442432.0,1551331328.0,1513287680.0,8.53,8.41,8.91,25297891328.0,9721237504.0
2026-04-27 15:22:33.990817+02:00,0.0976767253800255,0.2678221725414608,0.2368655407613501,1.7025944470350176,1.4236696513132951,2.3880945450333284,1.1833304300638852,-0.1414131122026146,-0.2719632175345901,0.1534907323783572,-1.1091607632311118,0.4326752357735435,50.0,51.0,51.0,41.0,42.0,25.0,29.0,27.0,53.0,92.06,3975442432.0,1551331328.0,1513287680.0,8.53,8.41,8.91,25297891328.0,9721237504.0
2026-04-27 15:22:34.041786+02:00,0.0976767253800255,0.2678221725414608,0.2368655407613501,1.7025944470350176,1.4236696513132951,2.3880945450333284,1.1833304300638852,-0.1414131122026146,-0.2719632175345901,0.1534907323783572,-1.1091607632311118,0.4326752357735435,50.0,51.0,51.0,41.0,42.0,25.0,29.0,27.0,53.0,92.06,3975442432.0,1551331328.0,1513287680.0,8.53,8.41,8.91,25297891328.0,9721237504.0
2026-04-27 15:22:34.096111+02:00,0.0976767253800255,0.2678221725414608,0.2368655407613501,1.7025944470350176,1.4236696513132951,2.3880945450333284,1.1833304300638852,-0.1398981664118835,-0.2719632175345901,0.1534907323783572,-1.1091607632311118,0.4326752357735435,50.0,51.0,51.0,41.0,42.0,25.0,29.0,27.0,53.0,92.06,3975442432.0,1551331328.0,1513287680.0,8.53,8.41,8.91,25297891328.0,9721237504.0
2026-04-27 15:22:34.146214+02:00,0.0976767253800255,0.2678221725414608,0.2368655407613501,1.7025944470350176,1.4236696513132951,2.3880945450333284,1.1848523571716243,-0.1398981664118835,-0.2734781633253211,0.1534907323783572,-1.1091607632311118,0.4326752357735435,50.0,51.0,51.0,41.0,42.0,25.0,29.0,27.0,53.0,92.06,3975442432.0,1551331328.0,1513287680.0,8.53,8.41,8.91,25297891328.0,9721237504.0
2026-04-27 15:22:34.201286+02:00,0.0976767253800255,0.2678221725414608,0.2368655407613501,1.7025944470350176,1.4236696513132951,2.3880945450333284,1.186374284279364,-0.1383832206211525,-0.2749931091160522,0.1534907323783572,-1.1091607632311118,0.4326752357735435,50.0,51.0,51.0,41.0,42.0,25.0,29.0,27.0,53.0,92.06,3975442432.0,1551331328.0,1513287680.0,8.53,8.41,8.91,25297891328.0,9721237504.0
2026-04-27 15:22:34.256067+02:00,0.0966142993632642,0.2675082746377332,0.2369949155842912,1.7025944470350132,1.4236696513132951,2.3911383992488036,1.1894181384948417,-0.1353533290396903,-0.2780230006975144,0.1519567515904714,-1.1091607632311118,0.4342092165614293,50.0,51.0,51.0,41.0,42.0,25.0,29.0,27.0,53.0,92.06,3975442432.0,1551331328.0,1513287680.0,8.53,8.41,8.91,25297891328.0,9721237504.0
2026-04-27 15:22:34.308306+02:00,0.0966142993632642,0.2675082746377332,0.2369949155842912,1.7025944470350132,1.4236696513132951,2.3911383992488036,1.1894181384948417,-0.1353533290396903,-0.2780230006975144,0.1519567515904714,-1.1091607632311118,0.4342092165614293,50.0,51.0,51.0,41.0,42.0,25.0,29.0,27.0,53.0,92.06,3975442432.0,1551331328.0,1513287680.0,8.53,8.41,8.91,25297891328.0,9721237504.0
2026-04-27 15:22:34.361406+02:00,0.0966142993632642,0.2675082746377332,0.2369949155842912,1.7025944470350132,1.4236696513132951,2.3911383992488036,1.1894181384948417,-0.1353533290396903,-0.2780230006975144,0.1519567515904714,-1.1091607632311118,0.4342092165614293,50.0,51.0,51.0,41.0,42.0,25.0,29.0,27.0,53.0,92.06,3975442432.0,1551331328.0,1513287680.0,8.53,8.41,8.91,25297891328.0,9721237504.0
2026-04-27 15:22:34.413176+02:00,0.0902306120538557,0.2646113647890715,0.23601259093566,1.7864446787398671,1.4315642765931598,2.4937949490367792,1.2122470451109275,-0.1171739795509174,-0.3022621333492117,0.1458208284389286,-1.1183646479584248,0.4342092165614293,50.0,51.0,51.0,41.0,42.0,25.0,29.0,27.0,53.0,92.06,3975442432.0,1551331328.0,1513287680.0,8.53,8.41,8.91,25297891328.0,9721237504.0
2026-04-27 15:22:34.465055+02:00,0.0902306120538557,0.2646113647890715,0.23601259093566,1.7864446787398671,1.4315642765931598,2.4937949490367792,1.2122470451109275,-0.1171739795509174,-0.3022621333492117,0.1458208284389286,-1.1183646479584248,0.4342092165614293,50.0,51.0,51.0,41.0,42.0,25.0,29.0,27.0,53.0,92.06,3975442432.0,1551331328.0,1513287680.0,8.53,8.41,8.91,25297891328.0,9721237504.0
2026-04-27 15:22:34.515440+02:00,0.0902306120538557,0.2646113647890715,0.23601259093566,1.7864446787398671,1.4315642765931598,2.4937949490367792,1.2198566806496225,-0.109599250597262,-0.3113518080935982,0.1412188860752716,-1.1229665903220822,0.4342092165614293,50.0,51.0,51.0,41.0,42.0,25.0,29.0,27.0,53.0,92.55,3975442432.0,1551667200.0,1512935424.0,8.53,8.41,8.91,25297891328.0,9721249792.0
2026-04-27 15:22:34.566164+02:00,0.0902306120538557,0.2646113647890715,0.23601259093566,1.7864446787398671,1.4315642765931598,2.4937949490367792,1.2305101704037962,-0.1005095758528755,-0.3249863202101779,0.1350829629237293,-1.1291025134736246,0.4342092165614293,50.0,51.0,51.0,41.0,42.0,25.0,29.0,27.0,53.0,92.55,3975442432.0,1551667200.0,1512935424.0,8.53,8.41,8.91,25297891328.0,9721249792.0
2026-04-27 15:22:34.617604+02:00,0.0818821551250192,0.2600212603799112,0.2351331649198059,1.902239890401089,1.4471667285675691,2.6417146439762194,1.2426855872657083,-0.089904955317758,-0.3371058865360263,0.1304810205600723,-1.136772417413053,0.4342092165614293,50.0,51.0,51.0,41.0,42.0,25.0,29.0,27.0,53.0,92.55,3975442432.0,1551667200.0,1512935424.0,8.53,8.41,8.91,25297891328.0,9721249792.0
2026-04-27 15:22:34.669209+02:00,0.0818821551250192,0.2600212603799112,0.2351331649198059,1.902239890401089,1.4471667285675691,2.6417146439762194,1.2548610041276214,-0.0808152805733716,-0.3492254528618751,0.1243450974085296,-1.14137435977671,0.4342092165614293,50.0,51.0,51.0,41.0,42.0,25.0,29.0,27.0,53.0,92.55,3975442432.0,1551667200.0,1512935424.0,8.53,8.41,8.91,25297891328.0,9721249792.0
2026-04-27 15:22:34.721097+02:00,0.0818821551250192,0.2600212603799112,0.2351331649198059,1.902239890401089,1.4471667285675691,2.6417146439762194,1.2685583480972729,-0.0686957142475229,-0.3643749107691858,0.1197431550448726,-1.1444423213524808,0.4342092165614293,50.0,51.0,51.0,41.0,42.0,25.0,29.0,27.0,53.0,92.55,3975442432.0,1551667200.0,1512935424.0,8.53,8.41,8.91,25297891328.0,9721249792.0
2026-04-27 15:22:34.771825+02:00,0.0818821551250192,0.2600212603799112,0.2351331649198059,1.902239890401089,1.4471667285675691,2.6417146439762194,1.2746460565282285,-0.0641508768753297,-0.3704346939321101,0.1197431550448726,-1.1444423213524808,0.4342092165614293,50.0,51.0,51.0,41.0,42.0,25.0,29.0,27.0,53.0,92.55,3975442432.0,1551667200.0,1512935424.0,8.53,8.41,8.91,25297891328.0,9721249792.0
2026-04-27 15:22:34.822232+02:00,0.0818821551250192,0.2600212603799112,0.2351331649198059,1.902239890401089,1.4471667285675691,2.6417146439762194,1.2746460565282285,-0.0641508768753297,-0.3704346939321101,0.1197431550448726,-1.1444423213524808,0.4342092165614293,50.0,51.0,51.0,41.0,42.0,25.0,29.0,27.0,53.0,92.55,3975442432.0,1551667200.0,1512935424.0,8.53,8.41,8.91,25297891328.0,9721249792.0
2026-04-27 15:22:34.874740+02:00,0.0681750857713723,0.2528759153123234,0.2338058061015062,2.1054254028030672,1.4616782723260109,2.895843905690406,1.3035626715752708,-0.0383967984329013,-0.4037635013281939,0.1013353855902452,-1.1659180523828805,0.4342092165614293,50.0,51.0,51.0,41.0,42.0,25.0,29.0,27.0,53.0,92.55,3975442432.0,1551667200.0,1512935424.0,8.53,8.41,8.91,25297891328.0,9721249792.0
2026-04-27 15:22:34.925121+02:00,0.0681750857713723,0.2528759153123234,0.2338058061015062,2.1054254028030672,1.4616782723260109,2.895843905690406,1.324869651083617,-0.0202174489441284,-0.42648768818916,0.0936654816508171,-1.1751219371101942,0.4342092165614293,50.0,51.0,51.0,41.0,42.0,25.0,29.0,27.0,53.0,92.55,3975442432.0,1551667200.0,1512935424.0,8.53,8.41,8.91,25297891328.0,9721249792.0
2026-04-27 15:22:34.978649+02:00,0.0681750857713723,0.2528759153123234,0.2338058061015062,2.1054254028030672,1.4616782723260109,2.895843905690406,1.3309573595145738,-0.0141576657812041,-0.4325474713520844,0.0890635392871601,-1.1797238794738507,0.4342092165614293,50.0,51.0,51.0,41.0,42.0,25.0,29.0,27.0,53.0,92.55,3975442432.0,1551667200.0,1512935424.0,8.53,8.41,8.91,25297891328.0,9721249792.0
2026-04-27 15:22:35.033650+02:00,0.048756408316697,0.237494661291533,0.2309613483573169,2.741610639125313,1.4700630685196747,-2.6677742387660346,1.355308193238399,0.0070515752890309,-0.4598164955852437,0.0798596545598462,-1.1904617449890504,0.4357431973493151,50.0,51.0,51.0,41.0,42.0,25.0,29.0,27.0,53.0,92.55,3975442432.0,1551667200.0,1512935424.0,8.53,8.41,8.91,25297891328.0,9721249792.0
2026-04-27 15:22:35.083715+02:00,0.048756408316697,0.237494661291533,0.2309613483573169,2.741610639125313,1.4700630685196747,-2.6677742387660346,1.3735713185312677,0.0267458705685349,-0.4810257366554789,0.0691217890446465,-1.2011996105042502,0.4357431973493151,50.0,51.0,51.0,41.0,42.0,25.0,29.0,27.0,53.0,92.55,3975442432.0,1551667200.0,1512935424.0,8.53,8.41,8.91,25297891328.0,9721249792.0
2026-04-27 15:22:35.135231+02:00,0.048756408316697,0.237494661291533,0.2309613483573169,2.741610639125313,1.4700630685196747,-2.6677742387660346,1.3933563709318748,0.0449252200573079,-0.5007200319349828,0.0629858658931041,-1.2088695144436783,0.4357431973493151,50.0,51.0,51.0,41.0,42.0,25.0,29.0,27.0,53.0,92.55,3975442432.0,1551667200.0,1512935424.0,8.53,8.41,8.91,25297891328.0,9721249792.0
2026-04-27 15:22:35.186542+02:00,0.048756408316697,0.237494661291533,0.2309613483573169,2.741610639125313,1.4700630685196747,-2.6677742387660346,1.4070537149015263,0.0570447863831565,-0.5173844356330247,0.055315961953676,-1.2150054375952206,0.4342092165614293,50.0,51.0,51.0,41.0,42.0,25.0,29.0,27.0,53.0,92.55,3975442432.0,1551667200.0,1512935424.0,8.53,8.41,8.91,25297891328.0,9721249792.0
2026-04-27 15:22:35.238098+02:00,0.0325867347519063,0.2225884858868172,0.2287336007653238,3.1344146911799844,1.4545867297148298,-2.197912130549183,1.4314045486253515,0.0812839190348537,-0.5446534598661842,0.0445780964384763,-1.2257433031104203,0.4342092165614293,50.0,51.0,51.0,41.0,42.0,25.0,29.0,27.0,53.0,92.55,3975442432.0,1551667200.0,1512935424.0,8.53,8.41,8.91,25297891328.0,9721249792.0
2026-04-27 15:22:35.288310+02:00,0.0325867347519063,0.2225884858868172,0.2287336007653238,3.1344146911799844,1.4545867297148298,-2.197912130549183,1.4390141841640465,0.0873437021977781,-0.5507132430291084,0.0415101348627051,-1.228811264686191,0.4342092165614293,50.0,51.0,51.0,41.0,42.0,25.0,29.0,27.0,53.0,92.55,3975442432.0,1551667200.0,1512935424.0,8.53,8.41,8.91,25297891328.0,9721249792.0
2026-04-27 15:22:35.339914+02:00,0.0325867347519063,0.2225884858868172,0.2287336007653238,3.1344146911799844,1.4545867297148298,-2.197912130549183,1.4618430907801323,0.1100678890587442,-0.5779822672622679,0.033840230923277,-1.2410831109892766,0.4342092165614293,50.0,51.0,51.0,41.0,42.0,25.0,29.0,27.0,53.0,92.55,3975442432.0,1551667200.0,1512935424.0,8.53,8.41,8.91,25297891328.0,9721249792.0
2026-04-27 15:22:35.390091+02:00,0.0325867347519063,0.2225884858868172,0.2287336007653238,3.1344146911799844,1.4545867297148298,-2.197912130549183,1.4618430907801323,0.1100678890587442,-0.5779822672622679,0.033840230923277,-1.2410831109892766,0.4342092165614293,50.0,51.0,51.0,41.0,42.0,25.0,29.0,27.0,53.0,92.55,3975442432.0,1551667200.0,1512935424.0,8.53,8.41,8.91,25297891328.0,9721249792.0
2026-04-27 15:22:35.444167+02:00,0.0176720631507816,0.2061802907150552,0.22617551649026,-2.897695834985047,1.4252289842410817,-1.8698454399849196,1.4968474142581312,0.1418817506640969,-0.6173708578212759,0.0231023654080773,-1.2502869957165903,0.4342092165614293,50.0,51.0,51.0,41.0,42.0,25.0,29.0,27.0,53.0,92.55,3975442432.0,1551667200.0,1512935424.0,8.53,8.41,8.91,25297891328.0,9721249792.0
2026-04-27 15:22:35.495569+02:00,0.0176720631507816,0.2061802907150552,0.22617551649026,-2.897695834985047,1.4252289842410817,-1.8698454399849196,1.4968474142581312,0.1418817506640969,-0.6173708578212759,0.0231023654080773,-1.2502869957165903,0.4342092165614293,50.0,51.0,51.0,41.0,42.0,25.0,29.0,27.0,53.0,97.2,3975442432.0,1552076800.0,1512505344.0,8.53,8.41,8.91,25297891328.0,9721249792.0
2026-04-27 15:22:35.547198+02:00,0.0176720631507816,0.2061802907150552,0.22617551649026,-2.897695834985047,1.4252289842410817,-1.8698454399849196,1.527285956412912,0.1706657206879873,-0.6506996652173596,0.012364499892878,-1.2625588420196752,0.4342092165614293,50.0,51.0,50.0,41.0,42.0,25.0,29.0,27.0,52.0,97.2,3975442432.0,1552076800.0,1512505344.0,8.53,8.41,8.91,25297891328.0,9721249792.0
2026-04-27 15:22:35.602231+02:00,0.0176720631507816,0.2061802907150552,0.22617551649026,-2.897695834985047,1.4252289842410817,-1.8698454399849196,1.5318517377361291,0.1752105580601806,-0.6552445025895528,0.0108305191049922,-1.2656268035954468,0.4342092165614293,50.0,51.0,50.0,41.0,42.0,25.0,29.0,27.0,52.0,97.2,3975442432.0,1552076800.0,1512505344.0,8.53,8.41,8.91,25297891328.0,9721249792.0
2026-04-27 15:22:35.653461+02:00,0.0066280787511734,0.1913930212726632,0.222765259632362,-2.763021013087618,1.39717856442478,-1.669545525500144,1.5485929359212585,0.1918749617582224,-0.6749387978690569,0.003160615165564,-1.273296707534875,0.4342092165614293,50.0,51.0,50.0,41.0,42.0,25.0,29.0,27.0,52.0,97.2,3975442432.0,1552076800.0,1512505344.0,8.53,8.41,8.91,25297891328.0,9721249792.0
2026-04-27 15:22:35.707893+02:00,0.0066280787511734,0.1913930212726632,0.222765259632362,-2.763021013087618,1.39717856442478,-1.669545525500144,1.554680644352215,0.1979347449211467,-0.6825135268227123,0.0016266343776782,-1.2748306883227607,0.4342092165614293,50.0,51.0,50.0,41.0,42.0,25.0,29.0,27.0,52.0,97.2,3975442432.0,1552076800.0,1512505344.0,8.53,8.41,8.91,25297891328.0,9721249792.0
2026-04-27 15:22:35.758386+02:00,0.0066280787511734,0.1913930212726632,0.222765259632362,-2.763021013087618,1.39717856442478,-1.669545525500144,1.5653341341063889,0.2115692570377265,-0.6946330931485608,0.0016266343776782,-1.2794326306864172,0.4342092165614293,50.0,51.0,50.0,41.0,42.0,25.0,29.0,27.0,52.0,97.2,3975442432.0,1552076800.0,1512505344.0,8.53,8.41,8.91,25297891328.0,9721249792.0
2026-04-27 15:22:35.812022+02:00,0.0066280787511734,0.1913930212726632,0.222765259632362,-2.763021013087618,1.39717856442478,-1.669545525500144,1.5668560612141271,0.2130842028284575,-0.6961480389392919,9.26535897929348e-05,-1.2794326306864172,0.4342092165614293,50.0,51.0,50.0,41.0,42.0,25.0,29.0,27.0,52.0,97.2,3975442432.0,1552076800.0,1512505344.0,8.53,8.41,8.91,25297891328.0,9721249792.0
2026-04-27 15:22:35.862092+02:00,0.0007077333820172,0.1814262024571424,0.221026099979835,-2.707814091386473,1.379096167682582,-1.5752023949835978,1.5759876238605617,0.2267187149450372,-0.7082676052651405,-0.0060432695617498,-1.2794326306864172,0.4342092165614293,50.0,51.0,50.0,41.0,42.0,25.0,29.0,27.0,52.0,97.2,3975442432.0,1552076800.0,1512505344.0,8.53,8.41,8.91,25297891328.0,9721249792.0
2026-04-27 15:22:35.912299+02:00,0.0007077333820172,0.1814262024571424,0.221026099979835,-2.707814091386473,1.379096167682582,-1.5752023949835978,1.5790314780760402,0.2297486065264994,-0.7112974968466027,-0.0075772503496351,-1.280966611474303,0.4342092165614293,50.0,51.0,50.0,41.0,42.0,25.0,29.0,27.0,52.0,97.2,3975442432.0,1552076800.0,1512505344.0,8.53,8.41,8.91,25297891328.0,9721249792.0
2026-04-27 15:22:35.962703+02:00,0.0007077333820172,0.1814262024571424,0.221026099979835,-2.707814091386473,1.379096167682582,-1.5752023949835978,1.583597259399257,0.2342934438986926,-0.7143273884280649,-0.0075772503496351,-1.2855685538379604,0.4342092165614293,50.0,51.0,50.0,41.0,42.0,25.0,29.0,27.0,52.0,97.2,3975442432.0,1552076800.0,1512505344.0,8.53,8.41,8.91,25297891328.0,9721249792.0
2026-04-27 15:22:36.014143+02:00,0.0007077333820172,0.1814262024571424,0.221026099979835,-2.707814091386473,1.379096167682582,-1.5752023949835978,1.5866411136147351,0.2388382812708858,-0.7188722258002581,-0.0075772503496351,-1.2855685538379604,0.4342092165614293,50.0,51.0,50.0,41.0,42.0,25.0,29.0,27.0,52.0,97.2,3975442432.0,1552076800.0,1512505344.0,8.53,8.41,8.91,25297891328.0,9721249792.0
2026-04-27 15:22:36.064833+02:00,-0.0020792470169164,0.1756575418041812,0.2207639649686893,-2.6659836478941927,1.3742750797765906,-1.5101399967276752,1.5866411136147351,0.2388382812708858,-0.7188722258002581,-0.0091112311375209,-1.2871025346258451,0.4342092165614293,50.0,51.0,50.0,41.0,42.0,25.0,29.0,27.0,52.0,97.2,3975442432.0,1552076800.0,1512505344.0,8.53,8.41,8.91,25297891328.0,9721249792.0
2026-04-27 15:22:36.119520+02:00,-0.0020792470169164,0.1756575418041812,0.2207639649686893,-2.6659836478941927,1.3742750797765906,-1.5101399967276752,1.5866411136147351,0.2388382812708858,-0.7188722258002581,-0.0091112311375209,-1.2871025346258451,0.4342092165614293,50.0,51.0,50.0,41.0,42.0,25.0,29.0,27.0,52.0,97.2,3975442432.0,1552076800.0,1512505344.0,8.53,8.41,8.91,25297891328.0,9721249792.0
2026-04-27 15:22:36.169887+02:00,-0.0020792470169164,0.1756575418041812,0.2207639649686893,-2.6659836478941927,1.3742750797765906,-1.5101399967276752,1.5866411136147351,0.2388382812708858,-0.7188722258002581,-0.0091112311375209,-1.2871025346258451,0.4342092165614293,50.0,51.0,50.0,41.0,42.0,25.0,29.0,27.0,52.0,97.2,3975442432.0,1552076800.0,1512505344.0,8.53,8.41,8.91,25297891328.0,9721249792.0
2026-04-27 15:22:36.224910+02:00,-0.0020792470169164,0.1756575418041812,0.2207639649686893,-2.6659836478941927,1.3742750797765906,-1.5101399967276752,1.5866411136147351,0.2388382812708858,-0.7188722258002581,-0.0091112311375209,-1.2871025346258451,0.4342092165614293,50.0,51.0,50.0,41.0,42.0,25.0,29.0,27.0,52.0,97.2,3975442432.0,1552076800.0,1512505344.0,8.53,8.41,8.91,25297891328.0,9721249792.0
2026-04-27 15:22:36.279389+02:00,-0.0020792470169164,0.1756575418041812,0.2207639649686893,-2.6659836478941927,1.3742750797765906,-1.5101399967276752,1.5866411136147351,0.2388382812708858,-0.7188722258002581,-0.0106452119254067,-1.2871025346258451,0.4342092165614293,50.0,51.0,50.0,41.0,42.0,25.0,29.0,27.0,52.0,97.2,3975442432.0,1552076800.0,1512505344.0,8.53,8.41,8.91,25297891328.0,9721249792.0
2026-04-27 15:22:36.330123+02:00,-0.0020792470169164,0.1756575418041812,0.2207639649686893,-2.6659836478941927,1.3742750797765906,-1.5101399967276752,1.5866411136147351,0.2388382812708858,-0.7188722258002581,-0.0106452119254067,-1.2871025346258451,0.4342092165614293,50.0,51.0,50.0,41.0,42.0,25.0,29.0,27.0,52.0,97.2,3975442432.0,1552076800.0,1512505344.0,8.53,8.41,8.91,25297891328.0,9721249792.0
2026-04-27 15:22:36.380274+02:00,-0.0020792470169164,0.1756575418041812,0.2207639649686893,-2.6659836478941927,1.3742750797765906,-1.5101399967276752,1.5866411136147351,0.2388382812708858,-0.7188722258002581,-0.0106452119254067,-1.2871025346258451,0.4342092165614293,50.0,51.0,50.0,41.0,42.0,25.0,29.0,27.0,52.0,97.2,3975442432.0,1552076800.0,1512505344.0,8.53,8.41,8.91,25297891328.0,9721249792.0
2026-04-27 15:22:36.431324+02:00,-0.0020792470169164,0.1756575418041812,0.2207639649686893,-2.6659836478941927,1.3742750797765906,-1.5101399967276752,1.5866411136147351,0.2388382812708858,-0.7188722258002581,-0.0106452119254067,-1.2871025346258451,0.4342092165614293,50.0,51.0,50.0,41.0,42.0,25.0,29.0,27.0,52.0,97.2,3975442432.0,1552076800.0,1512505344.0,8.53,8.41,8.91,25297891328.0,9721249792.0
2026-04-27 15:22:36.483520+02:00,-0.0019607222083322,0.1756599608470649,0.2207650036959373,-2.6590247723303353,1.374209009448231,-1.502606704375683,1.5866411136147351,0.2388382812708858,-0.7188722258002581,-0.0106452119254067,-1.2871025346258451,0.4342092165614293,50.0,51.0,50.0,41.0,42.0,25.0,29.0,27.0,52.0,97.2,3975442432.0,1552076800.0,1512505344.0,8.53,8.41,8.91,25297891328.0,9721249792.0
2026-04-27 15:22:36.534454+02:00,-0.0019607222083322,0.1756599608470649,0.2207650036959373,-2.6590247723303353,1.374209009448231,-1.502606704375683,1.5866411136147351,0.2388382812708858,-0.7188722258002581,-0.0106452119254067,-1.2871025346258451,0.4342092165614293,50.0,51.0,50.0,41.0,42.0,25.0,29.0,27.0,52.0,98.62,3975442432.0,1552064512.0,1512517632.0,8.53,8.41,8.91,25297891328.0,9721262080.0
2026-04-27 15:22:36.585864+02:00,-0.0019607222083322,0.1756599608470649,0.2207650036959373,-2.6590247723303353,1.374209009448231,-1.502606704375683,1.5866411136147351,0.2388382812708858,-0.7188722258002581,-0.0106452119254067,-1.2871025346258451,0.4342092165614293,50.0,51.0,50.0,41.0,42.0,25.0,29.0,27.0,52.0,98.62,3975442432.0,1552064512.0,1512517632.0,8.53,8.41,8.91,25297891328.0,9721262080.0
2026-04-27 15:22:36.637940+02:00,-0.0019607222083322,0.1756599608470649,0.2207650036959373,-2.6590247723303353,1.374209009448231,-1.502606704375683,1.5866411136147351,0.2388382812708858,-0.7188722258002581,-0.0106452119254067,-1.2871025346258451,0.4342092165614293,50.0,51.0,50.0,41.0,42.0,25.0,29.0,27.0,52.0,98.62,3975442432.0,1552064512.0,1512517632.0,8.53,8.41,8.91,25297891328.0,9721262080.0
2026-04-27 15:22:36.690552+02:00,-0.0019607222083322,0.1756599608470649,0.2207650036959373,-2.6590247723303353,1.374209009448231,-1.502606704375683,1.5866411136147351,0.2388382812708858,-0.7188722258002581,-0.0106452119254067,-1.2871025346258451,0.4342092165614293,50.0,51.0,50.0,41.0,42.0,25.0,29.0,27.0,52.0,98.62,3975442432.0,1552064512.0,1512517632.0,8.53,8.41,8.91,25297891328.0,9721262080.0
2026-04-27 15:22:36.744769+02:00,-0.0019607222083322,0.1756599608470649,0.2207650036959373,-2.6590247723303353,1.374209009448231,-1.502606704375683,1.5866411136147351,0.2388382812708858,-0.7188722258002581,-0.0106452119254067,-1.2871025346258451,0.4342092165614293,50.0,51.0,50.0,41.0,42.0,25.0,29.0,27.0,52.0,98.62,3975442432.0,1552064512.0,1512517632.0,8.53,8.41,8.91,25297891328.0,9721262080.0
2026-04-27 15:22:36.799137+02:00,-0.0019607222083322,0.1756599608470649,0.2207650036959373,-2.6590247723303353,1.374209009448231,-1.502606704375683,1.5866411136147351,0.2388382812708858,-0.7188722258002581,-0.0106452119254067,-1.2871025346258451,0.4342092165614293,50.0,51.0,50.0,41.0,42.0,25.0,29.0,27.0,52.0,98.62,3975442432.0,1552064512.0,1512517632.0,8.53,8.41,8.91,25297891328.0,9721262080.0
2026-04-27 15:22:36.853309+02:00,-0.0019607222083322,0.1756599608470649,0.2207650036959373,-2.6590247723303353,1.374209009448231,-1.502606704375683,1.5866411136147351,0.2388382812708858,-0.7188722258002581,-0.0106452119254067,-1.2871025346258451,0.4342092165614293,50.0,51.0,50.0,41.0,42.0,25.0,29.0,27.0,52.0,98.62,3975442432.0,1552064512.0,1512517632.0,8.53,8.41,8.91,25297891328.0,9721262080.0
2026-04-27 15:22:36.903280+02:00,-0.0019607222083322,0.1756599608470649,0.2207650036959373,-2.6590247723303353,1.374209009448231,-1.502606704375683,1.5866411136147351,0.2388382812708858,-0.7188722258002581,-0.0106452119254067,-1.2871025346258451,0.4342092165614293,50.0,51.0,50.0,41.0,42.0,25.0,29.0,27.0,52.0,98.62,3975442432.0,1552064512.0,1512517632.0,8.53,8.41,8.91,25297891328.0,9721262080.0
2026-04-27 15:22:36.956266+02:00,-0.0019607222083322,0.1756599608470649,0.2207650036959373,-2.6590247723303353,1.374209009448231,-1.502606704375683,1.5866411136147351,0.2388382812708858,-0.7188722258002581,-0.0106452119254067,-1.2871025346258451,0.4342092165614293,50.0,51.0,50.0,41.0,42.0,25.0,29.0,27.0,52.0,98.62,3975442432.0,1552064512.0,1512517632.0,8.53,8.41,8.91,25297891328.0,9721262080.0
2026-04-27 15:22:37.006635+02:00,-0.0019607222083322,0.1756599608470649,0.2207650036959373,-2.6590247723303353,1.374209009448231,-1.502606704375683,1.5851191865069958,0.2388382812708858,-0.717357280009527,-0.0106452119254067,-1.2871025346258451,0.4342092165614293,50.0,51.0,50.0,41.0,42.0,25.0,29.0,27.0,52.0,98.62,3975442432.0,1552064512.0,1512517632.0,8.53,8.41,8.91,25297891328.0,9721262080.0
2026-04-27 15:22:37.057514+02:00,-0.0016969137192638,0.1759095562254033,0.2210928621142515,-2.658615860230605,1.3757218643555245,-1.5037275350787382,1.5790314780760402,0.2342934438986926,-0.7097825510558716,-0.0106452119254067,-1.2871025346258451,0.4342092165614293,50.0,51.0,50.0,41.0,42.0,25.0,29.0,27.0,52.0,98.62,3975442432.0,1552064512.0,1512517632.0,8.53,8.41,8.91,25297891328.0,9721262080.0
2026-04-27 15:22:37.110397+02:00,-0.0016969137192638,0.1759095562254033,0.2210928621142515,-2.658615860230605,1.3757218643555245,-1.5037275350787382,1.5759876238605617,0.2312635523172305,-0.7067526594744095,-0.0106452119254067,-1.2871025346258451,0.4342092165614293,50.0,51.0,50.0,41.0,42.0,25.0,29.0,27.0,52.0,98.62,3975442432.0,1552064512.0,1512517632.0,8.53,8.41,8.91,25297891328.0,9721262080.0
2026-04-27 15:22:37.161237+02:00,-0.0016969137192638,0.1759095562254033,0.2210928621142515,-2.658615860230605,1.3757218643555245,-1.5037275350787382,1.5668560612141271,0.2236888233635751,-0.697662984730023,-0.0060432695617498,-1.2825005922621888,0.4342092165614293,50.0,51.0,50.0,41.0,42.0,25.0,29.0,27.0,52.0,98.62,3975442432.0,1552064512.0,1512517632.0,8.53,8.41,8.91,25297891328.0,9721262080.0
2026-04-27 15:22:37.213921+02:00,-0.0016969137192638,0.1759095562254033,0.2210928621142515,-2.658615860230605,1.3757218643555245,-1.5037275350787382,1.563812206998649,0.2191439859913818,-0.6931181473578297,-0.0029753079859782,-1.280966611474303,0.4342092165614293,50.0,51.0,50.0,41.0,42.0,25.0,29.0,27.0,52.0,98.62,3975442432.0,1552064512.0,1512517632.0,8.53,8.41,8.91,25297891328.0,9721262080.0
2026-04-27 15:22:37.266411+02:00,0.0014966503909256,0.1814500337550421,0.2227936403524593,-2.6929266923897197,1.3866312706644215,-1.5622101287272092,1.559246425675432,0.2161140944099197,-0.6885733099856366,-0.0029753079859782,-1.2778986498985323,0.4342092165614293,50.0,51.0,50.0,41.0,42.0,25.0,29.0,27.0,52.0,98.62,3975442432.0,1552064512.0,1512517632.0,8.53,8.41,8.91,25297891328.0,9721262080.0
2026-04-27 15:22:37.316611+02:00,0.0014966503909256,0.1814500337550421,0.2227936403524593,-2.6929266923897197,1.3866312706644215,-1.5622101287272092,1.5577244985676928,0.2130842028284575,-0.6855434184041744,-0.0014413271980928,-1.2763646691106465,0.4342092165614293,50.0,51.0,50.0,41.0,42.0,25.0,29.0,27.0,52.0,98.62,3975442432.0,1552064512.0,1512517632.0,8.53,8.41,8.91,25297891328.0,9721262080.0
2026-04-27 15:22:37.369074+02:00,0.0014966503909256,0.1814500337550421,0.2227936403524593,-2.6929266923897197,1.3866312706644215,-1.5622101287272092,1.5501148630289978,0.2085393654562643,-0.6794836352412501,0.003160615165564,-1.271762726746989,0.4342092165614293,50.0,51.0,50.0,41.0,42.0,25.0,29.0,27.0,52.0,98.62,3975442432.0,1552064512.0,1512517632.0,8.53,8.41,8.91,25297891328.0,9721262080.0
2026-04-27 15:22:37.419148+02:00,0.0014966503909256,0.1814500337550421,0.2227936403524593,-2.6929266923897197,1.3866312706644215,-1.5622101287272092,1.539461373274824,0.1994496907118778,-0.6688790147061325,0.0062285767413352,-1.2686947651712184,0.4342092165614293,50.0,51.0,50.0,41.0,42.0,25.0,29.0,27.0,52.0,98.48,3975442432.0,1584332800.0,1480237056.0,9.37,8.59,8.97,25297891328.0,9721274368.0
2026-04-27 15:22:37.472643+02:00,0.0014966503909256,0.1814500337550421,0.2227936403524593,-2.6929266923897197,1.3866312706644215,-1.5622101287272092,1.539461373274824,0.1994496907118778,-0.6688790147061325,0.0062285767413352,-1.2686947651712184,0.4342092165614293,50.0,51.0,50.0,41.0,42.0,25.0,29.0,27.0,52.0,98.48,3975442432.0,1584332800.0,1480237056.0,9.37,8.59,8.97,25297891328.0,9721274368.0
2026-04-27 15:22:37.527675+02:00,0.0049258741891758,0.1867933191123895,0.2242962480450921,-2.7325160973223,1.403412238653956,-1.6259927177382505,1.5059789769045655,0.1706657206879873,-0.6310053699378556,0.0200344038323061,-1.2564229188681328,0.4342092165614293,50.0,51.0,51.0,41.0,42.0,25.0,29.0,27.0,52.0,98.48,3975442432.0,1584332800.0,1480237056.0,9.37,8.59,8.97,25297891328.0,9721274368.0
2026-04-27 15:22:37.579827+02:00,0.0049258741891758,0.1867933191123895,0.2242962480450921,-2.7325160973223,1.403412238653956,-1.6259927177382505,1.5014131955813483,0.1661208833157941,-0.6264605325656624,0.0246363461959631,-1.247219034140819,0.4342092165614293,50.0,51.0,51.0,41.0,42.0,25.0,29.0,27.0,52.0,98.48,3975442432.0,1584332800.0,1480237056.0,9.37,8.59,8.97,25297891328.0,9721274368.0
2026-04-27 15:22:37.630676+02:00,0.0049258741891758,0.1867933191123895,0.2242962480450921,-2.7325160973223,1.403412238653956,-1.6259927177382505,1.4877158516116968,0.1555162627806766,-0.6113110746583515,0.0307722693475058,-1.2410831109892766,0.4342092165614293,50.0,51.0,51.0,41.0,42.0,25.0,29.0,27.0,52.0,98.48,3975442432.0,1584332800.0,1480237056.0,9.37,8.59,8.97,25297891328.0,9721274368.0
2026-04-27 15:22:37.685127+02:00,0.011867307455704,0.1977495442369536,0.2272958166846434,-2.8677667807439344,1.4321561566259864,-1.8099963167440616,1.4740185076420451,0.1433966964548279,-0.5961616167510408,0.0399761540748193,-1.231879226261963,0.4342092165614293,50.0,51.0,51.0,41.0,42.0,25.0,29.0,27.0,52.0,98.48,3975442432.0,1584332800.0,1480237056.0,9.37,8.59,8.97,25297891328.0,9721274368.0
2026-04-27 15:22:37.737573+02:00,0.011867307455704,0.1977495442369536,0.2272958166846434,-2.8677667807439344,1.4321561566259864,-1.8099963167440616,1.4633650178878717,0.1343070217104415,-0.5855569962159233,0.0415101348627051,-1.2303452454740769,0.4342092165614293,50.0,51.0,51.0,41.0,42.0,25.0,29.0,27.0,52.0,98.48,3975442432.0,1584332800.0,1480237056.0,9.37,8.59,8.97,25297891328.0,9721274368.0
2026-04-27 15:22:37.789785+02:00,0.011867307455704,0.1977495442369536,0.2272958166846434,-2.8677667807439344,1.4321561566259864,-1.8099963167440616,1.4390141841640465,0.1130977806402064,-0.5582879719827638,0.050714019590019,-1.2150054375952206,0.4342092165614293,50.0,51.0,51.0,41.0,42.0,25.0,29.0,27.0,52.0,98.48,3975442432.0,1584332800.0,1480237056.0,9.37,8.59,8.97,25297891328.0,9721274368.0
2026-04-27 15:22:37.841186+02:00,0.011867307455704,0.1977495442369536,0.2272958166846434,-2.8677667807439344,1.4321561566259864,-1.8099963167440616,1.4344484028408293,0.1085529432680131,-0.5537431346105706,0.0537819811657902,-1.2134714568073348,0.4342092165614293,50.0,51.0,51.0,41.0,42.0,25.0,29.0,27.0,52.0,98.48,3975442432.0,1584332800.0,1480237056.0,9.37,8.59,8.97,25297891328.0,9721274368.0
2026-04-27 15:22:37.893162+02:00,0.0231654019832467,0.211798735368792,0.2310023440955613,-3.1231113315182712,1.464311434138471,-2.1307847577674672,1.4070537149015263,0.0812839190348537,-0.521929273005218,0.0675878082567611,-1.2011996105042502,0.4342092165614293,50.0,51.0,51.0,41.0,42.0,25.0,29.0,27.0,52.0,98.48,3975442432.0,1584332800.0,1480237056.0,9.37,8.59,8.97,25297891328.0,9721274368.0
2026-04-27 15:22:37.947612+02:00,0.0231654019832467,0.211798735368792,0.2310023440955613,-3.1231113315182712,1.464311434138471,-2.1307847577674672,1.3842248082854405,0.0600746779646186,-0.4976901403535207,0.0752577121961892,-1.1919957257769362,0.4342092165614293,50.0,51.0,51.0,41.0,42.0,25.0,29.0,27.0,52.0,98.48,3975442432.0,1584332800.0,1480237056.0,9.37,8.59,8.97,25297891328.0,9721274368.0
2026-04-27 15:22:37.998240+02:00,0.0231654019832467,0.211798735368792,0.2310023440955613,-3.1231113315182712,1.464311434138471,-2.1307847577674672,1.370527464315789,0.04795511163877,-0.484055628236941,0.0844615969235031,-1.1812578602617363,0.4342092165614293,50.0,51.0,51.0,41.0,42.0,25.0,29.0,27.0,52.0,98.48,3975442432.0,1584332800.0,1480237056.0,9.37,8.59,8.97,25297891328.0,9721274368.0
2026-04-27 15:22:38.072592+02:00,0.0420537780767749,0.2316302313098946,0.2352320019473566,2.496535154125361,1.4822512708391111,-2.8909468997698484,1.350742411915182,0.0297757621499971,-0.4613314413759748,0.0921315008629313,-1.1720539755344226,0.4342092165614293,50.0,51.0,51.0,41.0,42.0,25.0,29.0,27.0,52.0,98.48,3975442432.0,1584332800.0,1480237056.0,9.37,8.59,8.97,25297891328.0,9721274368.0
2026-04-27 15:22:38.108159+02:00,0.0420537780767749,0.2316302313098946,0.2352320019473566,2.496535154125361,1.4822512708391111,-2.8909468997698484,1.324869651083617,0.0055366294982999,-0.4340624171428154,0.1028693663781306,-1.1628500908071089,0.4342092165614293,50.0,51.0,51.0,41.0,42.0,25.0,29.0,27.0,52.0,98.48,3975442432.0,1584332800.0,1480237056.0,9.37,8.59,8.97,25297891328.0,9721274368.0
2026-04-27 15:22:38.158297+02:00,0.0420537780767749,0.2316302313098946,0.2352320019473566,2.496535154125361,1.4822512708391111,-2.8909468997698484,1.300518817359793,-0.0171875573626663,-0.406793392909656,0.1105392703175591,-1.1551801868676803,0.4342092165614293,50.0,51.0,51.0,41.0,42.0,25.0,29.0,27.0,52.0,98.48,3975442432.0,1584332800.0,1480237056.0,9.37,8.59,8.97,25297891328.0,9721274368.0
2026-04-27 15:22:38.210833+02:00,0.0613235602604313,0.2465820542016222,0.2371214418257179,2.0498539184154976,1.4657833300115646,2.862781119486588,1.2868214733901415,-0.0293071236885149,-0.3916439350023453,0.1151412126812161,-1.1459763021403666,0.4342092165614293,50.0,51.0,51.0,41.0,42.0,25.0,29.0,27.0,52.0,98.48,3975442432.0,1584332800.0,1480237056.0,9.37,8.59,8.97,25297891328.0,9721274368.0
2026-04-27 15:22:38.262339+02:00,0.0613235602604313,0.2465820542016222,0.2371214418257179,2.0498539184154976,1.4657833300115646,2.862781119486588,1.280733764959185,-0.0353669068514392,-0.3855841518394209,0.1166751934691014,-1.142908340564596,0.4342092165614293,50.0,51.0,51.0,41.0,42.0,25.0,29.0,27.0,52.0,98.48,3975442432.0,1584332800.0,1480237056.0,9.37,8.59,8.97,25297891328.0,9721274368.0
2026-04-27 15:22:38.313229+02:00,0.0613235602604313,0.2465820542016222,0.2371214418257179,2.0498539184154976,1.4657833300115646,2.862781119486588,1.2670364209895335,-0.0490014189680189,-0.368919748141379,0.1243450974085296,-1.14137435977671,0.4342092165614293,50.0,51.0,51.0,41.0,42.0,25.0,29.0,27.0,52.0,91.85,3975442432.0,1589850112.0,1474625536.0,9.37,8.59,8.97,25297891328.0,9721274368.0
2026-04-27 15:22:38.364193+02:00,0.0613235602604313,0.2465820542016222,0.2371214418257179,2.0498539184154976,1.4657833300115646,2.862781119486588,1.2472513685889255,-0.0656658226660608,-0.347710507071144,0.1274130589843012,-1.1306364942615104,0.4342092165614293,50.0,51.0,51.0,41.0,42.0,25.0,29.0,27.0,52.0,91.85,3975442432.0,1589850112.0,1474625536.0,9.37,8.59,8.97,25297891328.0,9721274368.0
2026-04-27 15:22:38.416709+02:00,0.0789692043579994,0.2572489305858243,0.2391932936986193,1.7773782688234492,1.446659340081859,2.526477813497052,1.233554024619274,-0.0793003347826405,-0.3310461033731022,0.1350829629237293,-1.1275685326857388,0.4342092165614293,50.0,51.0,51.0,41.0,42.0,25.0,29.0,27.0,52.0,91.85,3975442432.0,1589850112.0,1474625536.0,9.37,8.59,8.97,25297891328.0,9721274368.0
2026-04-27 15:22:38.469585+02:00,0.0789692043579994,0.2572489305858243,0.2391932936986193,1.7773782688234492,1.446659340081859,2.526477813497052,1.2229005348651012,-0.089904955317758,-0.3189265370472536,0.1396849052873863,-1.1229665903220822,0.4342092165614293,50.0,51.0,51.0,41.0,42.0,25.0,29.0,27.0,52.0,91.85,3975442432.0,1589850112.0,1474625536.0,9.37,8.59,8.97,25297891328.0,9721274368.0
2026-04-27 15:22:38.521115+02:00,0.0789692043579994,0.2572489305858243,0.2391932936986193,1.7773782688234492,1.446659340081859,2.526477813497052,1.2229005348651012,-0.089904955317758,-0.3189265370472536,0.1396849052873863,-1.1229665903220822,0.4342092165614293,50.0,51.0,51.0,41.0,42.0,25.0,29.0,27.0,52.0,91.85,3975442432.0,1589850112.0,1474625536.0,9.37,8.59,8.97,25297891328.0,9721274368.0
2026-04-27 15:22:38.572043+02:00,0.0789692043579994,0.2572489305858243,0.2391932936986193,1.7773782688234492,1.446659340081859,2.526477813497052,1.198549701141276,-0.1171739795509174,-0.2931724586048252,0.1458208284389286,-1.115296686382654,0.4342092165614293,50.0,51.0,51.0,41.0,42.0,25.0,29.0,27.0,52.0,91.85,3975442432.0,1589850112.0,1474625536.0,9.37,8.59,8.97,25297891328.0,9721274368.0
2026-04-27 15:22:38.622876+02:00,0.0908579911016859,0.263848125959972,0.2385682492933442,1.7129081030949054,1.428339143493795,2.419252538626385,1.1955058469257982,-0.1217188169231107,-0.2886276212326319,0.1488887900147002,-1.1137627055947683,0.4342092165614293,50.0,51.0,51.0,41.0,42.0,25.0,29.0,27.0,52.0,91.85,3975442432.0,1589850112.0,1474625536.0,9.37,8.59,8.97,25297891328.0,9721274368.0
2026-04-27 15:22:38.674201+02:00,0.0908579911016859,0.263848125959972,0.2385682492933442,1.7129081030949054,1.428339143493795,2.419252538626385,1.190940065602581,-0.1292935458767661,-0.2825678380697076,0.1504227708025856,-1.1106947440189967,0.4342092165614293,50.0,51.0,51.0,41.0,42.0,25.0,29.0,27.0,52.0,91.85,3975442432.0,1589850112.0,1474625536.0,9.37,8.59,8.97,25297891328.0,9721274368.0
2026-04-27 15:22:38.724337+02:00,0.0908579911016859,0.263848125959972,0.2385682492933442,1.7129081030949054,1.428339143493795,2.419252538626385,1.1878962113871023,-0.1323234374582282,-0.2795379464882455,0.1519567515904714,-1.1091607632311118,0.4342092165614293,50.0,51.0,51.0,41.0,42.0,25.0,29.0,27.0,52.0,91.85,3975442432.0,1589850112.0,1474625536.0,9.37,8.59,8.97,25297891328.0,9721274368.0
2026-04-27 15:22:38.777786+02:00,0.0908579911016859,0.263848125959972,0.2385682492933442,1.7129081030949054,1.428339143493795,2.419252538626385,1.1833304300638852,-0.1383832206211525,-0.2734781633253211,0.1534907323783572,-1.1091607632311118,0.4326752357735435,50.0,51.0,51.0,41.0,42.0,25.0,29.0,27.0,52.0,91.85,3975442432.0,1589850112.0,1474625536.0,9.37,8.59,8.97,25297891328.0,9721274368.0
2026-04-27 15:22:38.831962+02:00,0.0979594637340075,0.2673688321856313,0.2369304773791526,1.7041284278229054,1.4236696513132954,2.386572617925592,1.1818085029561467,-0.1398981664118835,-0.2734781633253211,0.1534907323783572,-1.1091607632311118,0.4342092165614293,50.0,51.0,51.0,41.0,42.0,25.0,29.0,27.0,52.0,91.85,3975442432.0,1589850112.0,1474625536.0,9.37,8.59,8.97,25297891328.0,9721274368.0
2026-04-27 15:22:38.884241+02:00,0.0979594637340075,0.2673688321856313,0.2369304773791526,1.7041284278229054,1.4236696513132954,2.386572617925592,1.1818085029561467,-0.1398981664118835,-0.2734781633253211,0.1534907323783572,-1.107626782443226,0.4326752357735435,50.0,51.0,51.0,41.0,42.0,25.0,29.0,27.0,52.0,91.85,3975442432.0,1589850112.0,1474625536.0,9.37,8.59,8.97,25297891328.0,9721274368.0
2026-04-27 15:22:38.935040+02:00,0.0979594637340075,0.2673688321856313,0.2369304773791526,1.7041284278229054,1.4236696513132954,2.386572617925592,1.1818085029561467,-0.1398981664118835,-0.2734781633253211,0.1534907323783572,-1.107626782443226,0.4326752357735435,50.0,51.0,51.0,41.0,42.0,25.0,29.0,27.0,52.0,91.85,3975442432.0,1589850112.0,1474625536.0,9.37,8.59,8.97,25297891328.0,9721274368.0
2026-04-27 15:22:38.987324+02:00,0.0979594637340075,0.2673688321856313,0.2369304773791526,1.7041284278229054,1.4236696513132954,2.386572617925592,1.1818085029561467,-0.1398981664118835,-0.2734781633253211,0.1534907323783572,-1.107626782443226,0.4326752357735435,50.0,51.0,51.0,41.0,42.0,25.0,29.0,27.0,52.0,91.85,3975442432.0,1589850112.0,1474625536.0,9.37,8.59,8.97,25297891328.0,9721274368.0
2026-04-27 15:22:39.037669+02:00,0.0980172708687458,0.2674817975844076,0.2369501545248338,1.6927394091536183,1.4232078244846145,2.3766096079686956,1.1818085029561467,-0.1398981664118835,-0.2734781633253211,0.1534907323783572,-1.107626782443226,0.4326752357735435,50.0,51.0,51.0,41.0,42.0,25.0,29.0,27.0,52.0,91.85,3975442432.0,1589850112.0,1474625536.0,9.37,8.59,8.97,25297891328.0,9721274368.0
2026-04-27 15:22:39.089176+02:00,0.0980172708687458,0.2674817975844076,0.2369501545248338,1.6927394091536183,1.4232078244846145,2.3766096079686956,1.1818085029561467,-0.1398981664118835,-0.2734781633253211,0.1534907323783572,-1.107626782443226,0.4342092165614293,50.0,51.0,51.0,41.0,42.0,25.0,29.0,27.0,52.0,91.85,3975442432.0,1589850112.0,1474625536.0,9.37,8.59,8.97,25297891328.0,9721274368.0
2026-04-27 15:22:39.144249+02:00,0.0980172708687458,0.2674817975844076,0.2369501545248338,1.6927394091536183,1.4232078244846145,2.3766096079686956,1.1818085029561467,-0.1398981664118835,-0.2734781633253211,0.1534907323783572,-1.1060928016553402,0.4326752357735435,50.0,51.0,51.0,41.0,42.0,25.0,29.0,27.0,52.0,91.85,3975442432.0,1589850112.0,1474625536.0,9.37,8.59,8.97,25297891328.0,9721274368.0
2026-04-27 15:22:39.194680+02:00,0.0980172708687458,0.2674817975844076,0.2369501545248338,1.6927394091536183,1.4232078244846145,2.3766096079686956,1.1818085029561467,-0.1398981664118835,-0.2734781633253211,0.1534907323783572,-1.1060928016553402,0.4326752357735435,50.0,51.0,51.0,41.0,42.0,25.0,29.0,27.0,52.0,91.85,3975442432.0,1589850112.0,1474625536.0,9.37,8.59,8.97,25297891328.0,9721274368.0
2026-04-27 15:22:39.245535+02:00,0.0980750891692912,0.2675947235368391,0.2369700243411115,1.682947035989624,1.4227316498359033,2.366709258985294,1.1818085029561467,-0.1398981664118835,-0.2734781633253211,0.1534907323783572,-1.1060928016553402,0.4326752357735435,50.0,51.0,51.0,41.0,42.0,25.0,29.0,27.0,52.0,91.85,3975442432.0,1589850112.0,1474625536.0,9.37,8.59,8.97,25297891328.0,9721274368.0
2026-04-27 15:22:39.296569+02:00,0.0980750891692912,0.2675947235368391,0.2369700243411115,1.682947035989624,1.4227316498359033,2.366709258985294,1.1818085029561467,-0.1398981664118835,-0.2734781633253211,0.1534907323783572,-1.107626782443226,0.4326752357735435,50.0,51.0,51.0,41.0,42.0,25.0,29.0,27.0,52.0,91.85,3975442432.0,1589850112.0,1474625536.0,9.37,8.59,8.97,25297891328.0,9721274368.0
2026-04-27 15:22:39.351593+02:00,0.0980750891692912,0.2675947235368391,0.2369700243411115,1.682947035989624,1.4227316498359033,2.366709258985294,1.1818085029561467,-0.1398981664118835,-0.2734781633253211,0.1534907323783572,-1.1060928016553402,0.4342092165614293,50.0,51.0,51.0,41.0,42.0,25.0,29.0,27.0,52.0,91.85,3975442432.0,1589850112.0,1474625536.0,9.37,8.59,8.97,25297891328.0,9721274368.0
2026-04-27 15:22:39.404149+02:00,0.0980750891692912,0.2675947235368391,0.2369700243411115,1.682947035989624,1.4227316498359033,2.366709258985294,1.1818085029561467,-0.1398981664118835,-0.2734781633253211,0.1534907323783572,-1.107626782443226,0.4342092165614293,50.0,51.0,51.0,41.0,42.0,25.0,29.0,27.0,52.0,93.8,3975442432.0,1590071296.0,1474420736.0,9.37,8.59,8.97,25297891328.0,9721282560.0
2026-04-27 15:22:39.457057+02:00,0.0980172708687458,0.2674817975844076,0.2369501545248338,1.6942733899415092,1.4232078244846142,2.376609607968701,1.1818085029561467,-0.1398981664118835,-0.2734781633253211,0.1534907323783572,-1.1060928016553402,0.4342092165614293,50.0,51.0,51.0,41.0,42.0,25.0,29.0,27.0,52.0,93.8,3975442432.0,1590071296.0,1474420736.0,9.37,8.59,8.97,25297891328.0,9721282560.0
2026-04-27 15:22:39.511676+02:00,0.0980172708687458,0.2674817975844076,0.2369501545248338,1.6942733899415092,1.4232078244846142,2.376609607968701,1.1818085029561467,-0.1398981664118835,-0.2734781633253211,0.1534907323783572,-1.1060928016553402,0.4342092165614293,50.0,51.0,50.0,41.0,42.0,25.0,29.0,27.0,53.0,93.8,3975442432.0,1590071296.0,1474420736.0,9.37,8.59,8.97,25297891328.0,9721282560.0
2026-04-27 15:22:39.562513+02:00,0.0980172708687458,0.2674817975844076,0.2369501545248338,1.6942733899415092,1.4232078244846142,2.376609607968701,1.1818085029561467,-0.1398981664118835,-0.2734781633253211,0.1534907323783572,-1.107626782443226,0.4342092165614293,50.0,51.0,50.0,41.0,42.0,25.0,29.0,27.0,53.0,93.8,3975442432.0,1590071296.0,1474420736.0,9.37,8.59,8.97,25297891328.0,9721282560.0
2026-04-27 15:22:39.616921+02:00,0.0980172708687458,0.2674817975844076,0.2369501545248338,1.6942733899415092,1.4232078244846142,2.376609607968701,1.1818085029561467,-0.1398981664118835,-0.2734781633253211,0.1534907323783572,-1.107626782443226,0.4342092165614293,50.0,51.0,50.0,41.0,42.0,25.0,29.0,27.0,53.0,93.8,3975442432.0,1590071296.0,1474420736.0,9.37,8.59,8.97,25297891328.0,9721282560.0
2026-04-27 15:22:39.668646+02:00,0.0980172708687458,0.2674817975844076,0.2369501545248338,1.6942733899415092,1.4232078244846142,2.376609607968701,1.1818085029561467,-0.1398981664118835,-0.2734781633253211,0.1534907323783572,-1.1060928016553402,0.4342092165614293,50.0,51.0,50.0,41.0,42.0,25.0,29.0,27.0,53.0,93.8,3975442432.0,1590071296.0,1474420736.0,9.37,8.59,8.97,25297891328.0,9721282560.0
2026-04-27 15:22:39.721485+02:00,0.0980172708687458,0.2674817975844076,0.2369501545248338,1.6942733899415092,1.4232078244846142,2.376609607968701,1.1818085029561467,-0.1398981664118835,-0.2734781633253211,0.1534907323783572,-1.1060928016553402,0.4326752357735435,50.0,51.0,50.0,41.0,42.0,25.0,29.0,27.0,53.0,93.8,3975442432.0,1590071296.0,1474420736.0,9.37,8.59,8.97,25297891328.0,9721282560.0
2026-04-27 15:22:39.773983+02:00,0.0980172708687458,0.2674817975844076,0.2369501545248338,1.6942733899415092,1.4232078244846142,2.376609607968701,1.1818085029561467,-0.1398981664118835,-0.2734781633253211,0.1534907323783572,-1.107626782443226,0.4326752357735435,50.0,51.0,50.0,41.0,42.0,25.0,29.0,27.0,53.0,93.8,3975442432.0,1590071296.0,1474420736.0,9.37,8.59,8.97,25297891328.0,9721282560.0
2026-04-27 15:22:39.824998+02:00,0.0980172708687458,0.2674817975844076,0.2369501545248338,1.6942733899415092,1.4232078244846142,2.376609607968701,1.1818085029561467,-0.1398981664118835,-0.2734781633253211,0.1534907323783572,-1.107626782443226,0.4342092165614293,50.0,51.0,50.0,41.0,42.0,25.0,29.0,27.0,53.0,93.8,3975442432.0,1590071296.0,1474420736.0,9.37,8.59,8.97,25297891328.0,9721282560.0
2026-04-27 15:22:39.877325+02:00,0.0980172708687458,0.2674817975844076,0.2369501545248338,1.6927394091536183,1.4232078244846145,2.3766096079686956,1.1818085029561467,-0.1398981664118835,-0.2734781633253211,0.1534907323783572,-1.107626782443226,0.4342092165614293,50.0,51.0,50.0,41.0,42.0,25.0,29.0,27.0,53.0,93.8,3975442432.0,1590071296.0,1474420736.0,9.37,8.59,8.97,25297891328.0,9721282560.0
2026-04-27 15:22:39.932209+02:00,0.0980172708687458,0.2674817975844076,0.2369501545248338,1.6927394091536183,1.4232078244846145,2.3766096079686956,1.1818085029561467,-0.1398981664118835,-0.2734781633253211,0.1534907323783572,-1.107626782443226,0.4342092165614293,50.0,51.0,50.0,41.0,42.0,25.0,29.0,27.0,53.0,93.8,3975442432.0,1590071296.0,1474420736.0,9.37,8.59,8.97,25297891328.0,9721282560.0
2026-04-27 15:22:39.982739+02:00,0.0980172708687458,0.2674817975844076,0.2369501545248338,1.6927394091536183,1.4232078244846145,2.3766096079686956,1.1818085029561467,-0.1398981664118835,-0.2734781633253211,0.1534907323783572,-1.1060928016553402,0.4342092165614293,50.0,51.0,50.0,41.0,42.0,25.0,29.0,27.0,53.0,93.8,3975442432.0,1590071296.0,1474420736.0,9.37,8.59,8.97,25297891328.0,9721282560.0
2026-04-27 15:22:40.037749+02:00,0.0980172708687458,0.2674817975844076,0.2369501545248338,1.6927394091536183,1.4232078244846145,2.3766096079686956,1.1818085029561467,-0.1398981664118835,-0.2734781633253211,0.1534907323783572,-1.1060928016553402,0.4326752357735435,50.0,51.0,50.0,41.0,42.0,25.0,29.0,27.0,53.0,93.8,3975442432.0,1590071296.0,1474420736.0,9.37,8.59,8.97,25297891328.0,9721282560.0
2026-04-27 15:22:40.088094+02:00,0.0980750891692912,0.2675947235368391,0.2369700243411115,1.682947035989624,1.4227316498359033,2.366709258985294,1.1818085029561467,-0.1398981664118835,-0.2734781633253211,0.1534907323783572,-1.1060928016553402,0.4326752357735435,50.0,51.0,50.0,41.0,42.0,25.0,29.0,27.0,53.0,93.8,3975442432.0,1590071296.0,1474420736.0,9.37,8.59,8.97,25297891328.0,9721282560.0
2026-04-27 15:22:40.139404+02:00,0.0980750891692912,0.2675947235368391,0.2369700243411115,1.682947035989624,1.4227316498359033,2.366709258985294,1.1818085029561467,-0.1398981664118835,-0.2734781633253211,0.1534907323783572,-1.107626782443226,0.4342092165614293,50.0,51.0,50.0,41.0,42.0,25.0,29.0,27.0,53.0,93.8,3975442432.0,1590071296.0,1474420736.0,9.37,8.59,8.97,25297891328.0,9721282560.0
2026-04-27 15:22:40.190500+02:00,0.0980750891692912,0.2675947235368391,0.2369700243411115,1.682947035989624,1.4227316498359033,2.366709258985294,1.1818085029561467,-0.1398981664118835,-0.2734781633253211,0.1534907323783572,-1.1060928016553402,0.4342092165614293,50.0,51.0,50.0,41.0,42.0,25.0,29.0,27.0,53.0,93.8,3975442432.0,1590071296.0,1474420736.0,9.37,8.59,8.97,25297891328.0,9721282560.0
2026-04-27 15:22:40.244028+02:00,0.0980750891692912,0.2675947235368391,0.2369700243411115,1.6844810167775075,1.4227316498359033,2.366709258985292,1.1833304300638852,-0.1398981664118835,-0.2749931091160522,0.1534907323783572,-1.107626782443226,0.4326752357735435,50.0,51.0,50.0,41.0,42.0,25.0,29.0,27.0,53.0,93.8,3975442432.0,1590071296.0,1474420736.0,9.37,8.59,8.97,25297891328.0,9721282560.0
2026-04-27 15:22:40.295725+02:00,0.0980750891692912,0.2675947235368391,0.2369700243411115,1.6844810167775075,1.4227316498359033,2.366709258985292,1.1848523571716243,-0.1383832206211525,-0.2749931091160522,0.1534907323783572,-1.107626782443226,0.4342092165614293,50.0,51.0,50.0,41.0,42.0,25.0,29.0,27.0,53.0,93.8,3975442432.0,1590071296.0,1474420736.0,9.37,8.59,8.97,25297891328.0,9721282560.0
2026-04-27 15:22:40.346152+02:00,0.0980750891692912,0.2675947235368391,0.2369700243411115,1.6844810167775075,1.4227316498359033,2.366709258985292,1.1878962113871023,-0.1353533290396903,-0.2795379464882455,0.1504227708025856,-1.107626782443226,0.4342092165614293,50.0,51.0,50.0,41.0,42.0,25.0,29.0,27.0,53.0,98.44,3975442432.0,1575452672.0,1488986112.0,9.37,8.59,8.97,25297891328.0,9721303040.0
2026-04-27 15:22:40.400942+02:00,0.0980750891692912,0.2675947235368391,0.2369700243411115,1.6844810167775075,1.4227316498359033,2.366709258985292,1.1939839198180588,-0.1308084916674972,-0.2871126754419009,0.1458208284389286,-1.107626782443226,0.4342092165614293,50.0,51.0,50.0,41.0,42.0,25.0,29.0,27.0,53.0,98.44,3975442432.0,1575452672.0,1488986112.0,9.37,8.59,8.97,25297891328.0,9721303040.0
2026-04-27 15:22:40.451168+02:00,0.094264223910792,0.2659702084414782,0.2361576171179038,1.7062446463394254,1.431390925302369,2.4037303438864135,1.2015935553567538,-0.1232337627138417,-0.2946874043955563,0.1458208284389286,-1.1137627055947683,0.4342092165614293,50.0,51.0,50.0,41.0,42.0,25.0,29.0,27.0,53.0,98.44,3975442432.0,1575452672.0,1488986112.0,9.37,8.59,8.97,25297891328.0,9721303040.0
2026-04-27 15:22:40.501497+02:00,0.094264223910792,0.2659702084414782,0.2361576171179038,1.7062446463394254,1.431390925302369,2.4037303438864135,1.206159336679971,-0.1202038711323796,-0.2992322417677495,0.1458208284389286,-1.11683066717054,0.4342092165614293,50.0,51.0,50.0,41.0,42.0,25.0,29.0,27.0,53.0,98.44,3975442432.0,1575452672.0,1488986112.0,9.37,8.59,8.97,25297891328.0,9721303040.0
2026-04-27 15:22:40.552395+02:00,0.094264223910792,0.2659702084414782,0.2361576171179038,1.7062446463394254,1.431390925302369,2.4037303438864135,1.2092031908954497,-0.1171739795509174,-0.3022621333492117,0.1458208284389286,-1.11683066717054,0.4342092165614293,50.0,51.0,50.0,41.0,42.0,25.0,29.0,27.0,53.0,98.44,3975442432.0,1575452672.0,1488986112.0,9.37,8.59,8.97,25297891328.0,9721303040.0
2026-04-27 15:22:40.607028+02:00,0.094264223910792,0.2659702084414782,0.2361576171179038,1.7062446463394254,1.431390925302369,2.4037303438864135,1.2092031908954497,-0.1171739795509174,-0.3022621333492117,0.1458208284389286,-1.11683066717054,0.4342092165614293,50.0,51.0,50.0,41.0,42.0,25.0,29.0,27.0,53.0,98.44,3975442432.0,1575452672.0,1488986112.0,9.37,8.59,8.97,25297891328.0,9721303040.0
2026-04-27 15:22:40.659407+02:00,0.094264223910792,0.2659702084414782,0.2361576171179038,1.7062446463394254,1.431390925302369,2.4037303438864135,1.2213786077573618,-0.1065693590157998,-0.3158966454657914,0.1396849052873863,-1.1229665903220822,0.4342092165614293,50.0,51.0,50.0,41.0,42.0,25.0,29.0,27.0,53.0,98.44,3975442432.0,1575452672.0,1488986112.0,9.37,8.59,8.97,25297891328.0,9721303040.0
2026-04-27 15:22:40.710784+02:00,0.0847720660924451,0.2615256966383257,0.2357518919533427,1.8371820757299704,1.441637992520968,2.565384481957541,1.245729441481187,-0.0868750637362958,-0.3416507239082197,0.1289470397721865,-1.133704455837282,0.4342092165614293,50.0,51.0,50.0,41.0,42.0,25.0,29.0,27.0,53.0,98.44,3975442432.0,1575452672.0,1488986112.0,9.37,8.59,8.97,25297891328.0,9721303040.0
2026-04-27 15:22:40.762270+02:00,0.0847720660924451,0.2615256966383257,0.2357518919533427,1.8371820757299704,1.441637992520968,2.565384481957541,1.2563829312353598,-0.0762704432011783,-0.3537702902340683,0.1228111166206442,-1.1398403789888245,0.4342092165614293,50.0,51.0,50.0,41.0,42.0,25.0,29.0,27.0,53.0,98.44,3975442432.0,1575452672.0,1488986112.0,9.37,8.59,8.97,25297891328.0,9721303040.0
2026-04-27 15:22:40.814968+02:00,0.0847720660924451,0.2615256966383257,0.2357518919533427,1.8371820757299704,1.441637992520968,2.565384481957541,1.2670364209895335,-0.0686957142475229,-0.3643749107691858,0.1182091742569872,-1.1444423213524808,0.4342092165614293,50.0,51.0,50.0,41.0,42.0,25.0,29.0,27.0,53.0,98.44,3975442432.0,1575452672.0,1488986112.0,9.37,8.59,8.97,25297891328.0,9721303040.0
2026-04-27 15:22:40.865932+02:00,0.0746300136812678,0.2559317071053068,0.2345747828200301,1.9966037754802408,1.4564274289735195,2.7629683264345495,1.28834340049788,-0.0505163647587499,-0.3886140434208831,0.1105392703175591,-1.1536462060797947,0.4342092165614293,50.0,51.0,50.0,41.0,42.0,25.0,29.0,27.0,53.0,98.44,3975442432.0,1575452672.0,1488986112.0,9.37,8.59,8.97,25297891328.0,9721303040.0
2026-04-27 15:22:40.919414+02:00,0.0746300136812678,0.2559317071053068,0.2345747828200301,1.9966037754802408,1.4564274289735195,2.7629683264345495,1.2929091818210972,-0.0459715273865567,-0.3931588807930763,0.1059373279539022,-1.159782129231338,0.4342092165614293,50.0,51.0,50.0,41.0,42.0,25.0,29.0,27.0,53.0,98.44,3975442432.0,1575452672.0,1488986112.0,9.37,8.59,8.97,25297891328.0,9721303040.0
2026-04-27 15:22:40.972545+02:00,0.0746300136812678,0.2559317071053068,0.2345747828200301,1.9966037754802408,1.4564274289735195,2.7629683264345495,1.3142161613294443,-0.0277921778977838,-0.4173980134447735,0.0967334432265882,-1.1705199947465368,0.4357431973493151,50.0,51.0,50.0,41.0,42.0,25.0,29.0,27.0,53.0,98.44,3975442432.0,1575452672.0,1488986112.0,9.37,8.59,8.97,25297891328.0,9721303040.0
2026-04-27 15:22:41.023047+02:00,0.0746300136812678,0.2559317071053068,0.2345747828200301,1.9966037754802408,1.4564274289735195,2.7629683264345495,1.3187819426526617,-0.0232473405255906,-0.4219428508169668,0.0936654816508171,-1.1735879563223084,0.4342092165614293,50.0,51.0,50.0,41.0,42.0,25.0,29.0,27.0,53.0,98.44,3975442432.0,1575452672.0,1488986112.0,9.37,8.59,8.97,25297891328.0,9721303040.0
2026-04-27 15:22:41.074020+02:00,0.0553673677679614,0.2424633145186321,0.2318370472509126,2.535316482768283,1.472787230546894,-2.9016260790256236,1.3492204848074425,0.0040216837075688,-0.4537567124223194,0.081393635347732,-1.1873937834132788,0.4342092165614293,50.0,51.0,50.0,41.0,42.0,25.0,29.0,27.0,53.0,98.44,3975442432.0,1575452672.0,1488986112.0,9.37,8.59,8.97,25297891328.0,9721303040.0
2026-04-27 15:22:41.128084+02:00,0.0553673677679614,0.2424633145186321,0.2318370472509126,2.535316482768283,1.472787230546894,-2.9016260790256236,1.3613959016693546,0.0146263042426862,-0.4673912245388991,0.0752577121961892,-1.1919957257769362,0.4342092165614293,50.0,51.0,50.0,41.0,42.0,25.0,29.0,27.0,53.0,98.44,3975442432.0,1575452672.0,1488986112.0,9.37,8.59,8.97,25297891328.0,9721303040.0
2026-04-27 15:22:41.180580+02:00,0.0553673677679614,0.2424633145186321,0.2318370472509126,2.535316482768283,1.472787230546894,-2.9016260790256236,1.379659026962223,0.0328056537314592,-0.4870855198184032,0.0660538274688753,-1.2042675720800209,0.4342092165614293,50.0,51.0,50.0,41.0,42.0,25.0,29.0,27.0,53.0,98.44,3975442432.0,1575452672.0,1488986112.0,9.37,8.59,8.97,25297891328.0,9721303040.0
2026-04-27 15:22:41.231388+02:00,0.0392871566449943,0.2288703912598443,0.2301120254012367,2.984534973407276,1.4641899537532672,-2.3795881372748164,1.4040098606860485,0.0555298405924254,-0.5143545440515626,0.055315961953676,-1.2150054375952206,0.4342092165614293,50.0,51.0,50.0,41.0,42.0,25.0,29.0,27.0,53.0,98.44,3975442432.0,1575452672.0,1488986112.0,9.37,8.59,8.97,25297891328.0,9721303040.0
2026-04-27 15:22:41.283131+02:00,0.0392871566449943,0.2288703912598443,0.2301120254012367,2.984534973407276,1.4641899537532672,-2.3795881372748164,1.4161852775479606,0.067649406918274,-0.5279890561681423,0.0491800388021332,-1.2196073799588771,0.4342092165614293,50.0,51.0,50.0,41.0,42.0,25.0,29.0,27.0,53.0,98.44,3975442432.0,1575452672.0,1488986112.0,9.37,8.59,8.97,25297891328.0,9721303040.0
2026-04-27 15:22:41.333548+02:00,0.0392871566449943,0.2288703912598443,0.2301120254012367,2.984534973407276,1.4641899537532672,-2.3795881372748164,1.4359703299485689,0.085828756407047,-0.5491982972383773,0.0430441156505909,-1.2242093223225343,0.4342092165614293,50.0,51.0,50.0,41.0,42.0,25.0,29.0,27.0,53.0,91.73,3975442432.0,1551679488.0,1512771584.0,9.37,8.59,8.97,25297891328.0,9721303040.0
2026-04-27 15:22:41.384861+02:00,0.0392871566449943,0.2288703912598443,0.2301120254012367,2.984534973407276,1.4641899537532672,-2.3795881372748164,1.4481457468104808,0.0964333769421645,-0.562832809354957,0.038442173286934,-1.231879226261963,0.4342092165614293,50.0,51.0,50.0,41.0,42.0,25.0,29.0,27.0,53.0,91.73,3975442432.0,1551679488.0,1512771584.0,9.37,8.59,8.97,25297891328.0,9721303040.0
2026-04-27 15:22:41.439225+02:00,0.0392871566449943,0.2288703912598443,0.2301120254012367,2.984534973407276,1.4641899537532672,-2.3795881372748164,1.4603211636723938,0.1085529432680131,-0.5764673214715368,0.033840230923277,-1.2395491302013908,0.4357431973493151,50.0,51.0,50.0,41.0,42.0,25.0,29.0,27.0,53.0,91.73,3975442432.0,1551679488.0,1512771584.0,9.37,8.59,8.97,25297891328.0,9721303040.0
2026-04-27 15:22:41.492129+02:00,0.023281546417825,0.2125507903881252,0.2271330833683734,-2.970667234008248,1.4385088546780496,-1.9718270876880304,1.4831500702884797,0.1297621843382482,-0.6022213999139651,0.0246363461959631,-1.247219034140819,0.4357431973493151,50.0,51.0,50.0,41.0,42.0,25.0,29.0,27.0,53.0,91.73,3975442432.0,1551679488.0,1512771584.0,9.37,8.59,8.97,25297891328.0,9721303040.0
2026-04-27 15:22:41.542936+02:00,0.023281546417825,0.2125507903881252,0.2271330833683734,-2.970667234008248,1.4385088546780496,-1.9718270876880304,1.4938035600426525,0.1388518590826347,-0.6128260204490826,0.0231023654080773,-1.247219034140819,0.4357431973493151,50.0,51.0,50.0,41.0,42.0,25.0,29.0,27.0,53.0,91.73,3975442432.0,1551679488.0,1512771584.0,9.37,8.59,8.97,25297891328.0,9721303040.0
2026-04-27 15:22:41.594014+02:00,0.023281546417825,0.2125507903881252,0.2271330833683734,-2.970667234008248,1.4385088546780496,-1.9718270876880304,1.5166324666587383,0.1600611001528698,-0.638580098891511,0.0154324614686491,-1.2579568996560186,0.4357431973493151,50.0,51.0,50.0,41.0,42.0,25.0,29.0,27.0,53.0,91.73,3975442432.0,1551679488.0,1512771584.0,9.37,8.59,8.97,25297891328.0,9721303040.0
2026-04-27 15:22:41.644555+02:00,0.023281546417825,0.2125507903881252,0.2271330833683734,-2.970667234008248,1.4385088546780496,-1.9718270876880304,1.5166324666587383,0.1600611001528698,-0.638580098891511,0.0154324614686491,-1.2579568996560186,0.4357431973493151,50.0,51.0,50.0,41.0,42.0,25.0,29.0,27.0,53.0,91.73,3975442432.0,1551679488.0,1512771584.0,9.37,8.59,8.97,25297891328.0,9721303040.0
2026-04-27 15:22:41.697927+02:00,0.023281546417825,0.2125507903881252,0.2271330833683734,-2.970667234008248,1.4385088546780496,-1.9718270876880304,1.5166324666587383,0.1600611001528698,-0.638580098891511,0.0154324614686491,-1.2579568996560186,0.4357431973493151,50.0,51.0,50.0,41.0,42.0,25.0,29.0,27.0,53.0,91.73,3975442432.0,1551679488.0,1512771584.0,9.37,8.59,8.97,25297891328.0,9721303040.0
2026-04-27 15:22:41.748896+02:00,0.0085671775593635,0.1940277706540115,0.223361721816661,-2.780045899351094,1.4000334058387536,-1.69840374675185,1.5516367901367372,0.1933899075489535,-0.6764537436597879,0.003160615165564,-1.271762726746989,0.4357431973493151,50.0,51.0,50.0,41.0,42.0,25.0,29.0,27.0,53.0,91.73,3975442432.0,1551679488.0,1512771584.0,9.37,8.59,8.97,25297891328.0,9721303040.0
2026-04-27 15:22:41.799509+02:00,0.0085671775593635,0.1940277706540115,0.223361721816661,-2.780045899351094,1.4000334058387536,-1.69840374675185,1.559246425675432,0.20247958229334,-0.6870583641949055,9.26535897929348e-05,-1.273296707534875,0.4357431973493151,50.0,51.0,50.0,41.0,42.0,25.0,29.0,27.0,53.0,91.73,3975442432.0,1551679488.0,1512771584.0,9.37,8.59,8.97,25297891328.0,9721303040.0
2026-04-27 15:22:41.851383+02:00,0.0022889894869095,0.1846599434555307,0.2211147187215055,-2.7135882129854316,1.3837111465355962,-1.59222962483741,1.5653341341063889,0.2100543112469954,-0.6931181473578297,-0.0014413271980928,-1.2778986498985323,0.4357431973493151,50.0,51.0,50.0,41.0,42.0,25.0,29.0,27.0,53.0,91.73,3975442432.0,1551679488.0,1512771584.0,9.37,8.59,8.97,25297891328.0,9721303040.0
2026-04-27 15:22:41.902659+02:00,0.0022889894869095,0.1846599434555307,0.2211147187215055,-2.7135882129854316,1.3837111465355962,-1.59222962483741,1.5729437696450836,0.2191439859913818,-0.7006928763114851,-0.004509288773864,-1.280966611474303,0.4342092165614293,50.0,51.0,50.0,41.0,42.0,25.0,29.0,27.0,53.0,91.73,3975442432.0,1551679488.0,1512771584.0,9.37,8.59,8.97,25297891328.0,9721303040.0
2026-04-27 15:22:41.957754+02:00,0.0022889894869095,0.1846599434555307,0.2211147187215055,-2.7135882129854316,1.3837111465355962,-1.59222962483741,1.5790314780760402,0.2267187149450372,-0.7082676052651405,-0.0060432695617498,-1.2825005922621888,0.4342092165614293,50.0,51.0,50.0,41.0,42.0,25.0,29.0,27.0,53.0,91.73,3975442432.0,1551679488.0,1512771584.0,9.37,8.59,8.97,25297891328.0,9721303040.0
2026-04-27 15:22:42.012084+02:00,0.0022889894869095,0.1846599434555307,0.2211147187215055,-2.7135882129854316,1.3837111465355962,-1.59222962483741,1.583597259399257,0.2327784981079615,-0.7143273884280649,-0.0075772503496351,-1.2825005922621888,0.4342092165614293,50.0,51.0,50.0,41.0,42.0,25.0,29.0,27.0,53.0,91.73,3975442432.0,1551679488.0,1512771584.0,9.37,8.59,8.97,25297891328.0,9721303040.0
2026-04-27 15:22:42.066010+02:00,-0.0012717095210888,0.178109629817416,0.2208208012540648,-2.6795031866764787,1.3774623973901432,-1.5308791874876448,1.5866411136147351,0.2373233354801548,-0.717357280009527,-0.0091112311375209,-1.2825005922621888,0.4342092165614293,50.0,51.0,50.0,41.0,42.0,25.0,29.0,27.0,53.0,91.73,3975442432.0,1551679488.0,1512771584.0,9.37,8.59,8.97,25297891328.0,9721303040.0
2026-04-27 15:22:42.120702+02:00,-0.0012717095210888,0.178109629817416,0.2208208012540648,-2.6795031866764787,1.3774623973901432,-1.5308791874876448,1.5866411136147351,0.2388382812708858,-0.7188722258002581,-0.0091112311375209,-1.2840345730500746,0.4342092165614293,50.0,51.0,50.0,41.0,42.0,25.0,29.0,27.0,53.0,91.73,3975442432.0,1551679488.0,1512771584.0,9.37,8.59,8.97,25297891328.0,9721303040.0
2026-04-27 15:22:42.174149+02:00,-0.0012717095210888,0.178109629817416,0.2208208012540648,-2.6795031866764787,1.3774623973901432,-1.5308791874876448,1.5866411136147351,0.2388382812708858,-0.7188722258002581,-0.0091112311375209,-1.2840345730500746,0.4342092165614293,50.0,51.0,50.0,41.0,42.0,25.0,29.0,27.0,53.0,91.73,3975442432.0,1551679488.0,1512771584.0,9.37,8.59,8.97,25297891328.0,9721303040.0
2026-04-27 15:22:42.228287+02:00,-0.0012717095210888,0.178109629817416,0.2208208012540648,-2.6795031866764787,1.3774623973901432,-1.5308791874876448,1.5866411136147351,0.2388382812708858,-0.7188722258002581,-0.0106452119254067,-1.2855685538379604,0.4342092165614293,50.0,51.0,50.0,41.0,42.0,25.0,29.0,27.0,53.0,91.73,3975442432.0,1551679488.0,1512771584.0,9.37,8.59,8.97,25297891328.0,9721303040.0
2026-04-27 15:22:42.281758+02:00,-0.0019658312939392,0.1759158290784661,0.2207434293723331,-2.6582682499230317,1.3772733283240228,-1.5018355596246549,1.5866411136147351,0.2388382812708858,-0.7188722258002581,-0.0106452119254067,-1.2871025346258451,0.4342092165614293,50.0,51.0,50.0,41.0,42.0,25.0,29.0,27.0,53.0,91.73,3975442432.0,1551679488.0,1512771584.0,9.37,8.59,8.97,25297891328.0,9721303040.0
2026-04-27 15:22:42.336290+02:00,-0.0019658312939392,0.1759158290784661,0.2207434293723331,-2.6582682499230317,1.3772733283240228,-1.5018355596246549,1.5866411136147351,0.2388382812708858,-0.7188722258002581,-0.0106452119254067,-1.2871025346258451,0.4342092165614293,50.0,51.0,50.0,41.0,42.0,25.0,29.0,27.0,53.0,91.73,3975442432.0,1551679488.0,1512771584.0,9.37,8.59,8.97,25297891328.0,9721303040.0
2026-04-27 15:22:42.386497+02:00,-0.0019658312939392,0.1759158290784661,0.2207434293723331,-2.6582682499230317,1.3772733283240228,-1.5018355596246549,1.5866411136147351,0.2388382812708858,-0.7188722258002581,-0.0106452119254067,-1.2871025346258451,0.4342092165614293,50.0,51.0,50.0,41.0,42.0,25.0,29.0,27.0,53.0,97.04,3975442432.0,1552035840.0,1512431616.0,9.42,8.61,8.97,25297891328.0,9721307136.0
2026-04-27 15:22:42.437525+02:00,-0.0019658312939392,0.1759158290784661,0.2207434293723331,-2.6582682499230317,1.3772733283240228,-1.5018355596246549,1.5866411136147351,0.2388382812708858,-0.7188722258002581,-0.0106452119254067,-1.2871025346258451,0.4342092165614293,50.0,51.0,50.0,41.0,42.0,25.0,29.0,27.0,53.0,97.04,3975442432.0,1552035840.0,1512431616.0,9.42,8.61,8.97,25297891328.0,9721307136.0
2026-04-27 15:22:42.488250+02:00,-0.0019607222083322,0.1756599608470649,0.2207650036959373,-2.6590247723303353,1.374209009448231,-1.502606704375683,1.5866411136147351,0.2388382812708858,-0.7188722258002581,-0.0106452119254067,-1.2871025346258451,0.4342092165614293,50.0,51.0,50.0,41.0,42.0,25.0,29.0,27.0,53.0,97.04,3975442432.0,1552035840.0,1512431616.0,9.42,8.61,8.97,25297891328.0,9721307136.0
2026-04-27 15:22:42.539119+02:00,-0.0019607222083322,0.1756599608470649,0.2207650036959373,-2.6590247723303353,1.374209009448231,-1.502606704375683,1.5866411136147351,0.2388382812708858,-0.7188722258002581,-0.0106452119254067,-1.2871025346258451,0.4342092165614293,50.0,51.0,50.0,41.0,42.0,25.0,29.0,27.0,53.0,97.04,3975442432.0,1552035840.0,1512431616.0,9.42,8.61,8.97,25297891328.0,9721307136.0
2026-04-27 15:22:42.589633+02:00,-0.0019607222083322,0.1756599608470649,0.2207650036959373,-2.6590247723303353,1.374209009448231,-1.502606704375683,1.5866411136147351,0.2388382812708858,-0.7188722258002581,-0.0106452119254067,-1.2871025346258451,0.4342092165614293,50.0,51.0,50.0,41.0,42.0,25.0,29.0,27.0,53.0,97.04,3975442432.0,1552035840.0,1512431616.0,9.42,8.61,8.97,25297891328.0,9721307136.0
2026-04-27 15:22:42.641333+02:00,-0.0019607222083322,0.1756599608470649,0.2207650036959373,-2.6590247723303353,1.374209009448231,-1.502606704375683,1.5866411136147351,0.2388382812708858,-0.7188722258002581,-0.0106452119254067,-1.2871025346258451,0.4342092165614293,50.0,51.0,50.0,41.0,42.0,25.0,29.0,27.0,53.0,97.04,3975442432.0,1552035840.0,1512431616.0,9.42,8.61,8.97,25297891328.0,9721307136.0
2026-04-27 15:22:42.695876+02:00,-0.0019607222083322,0.1756599608470649,0.2207650036959373,-2.6590247723303353,1.374209009448231,-1.502606704375683,1.5866411136147351,0.2388382812708858,-0.7188722258002581,-0.0106452119254067,-1.2871025346258451,0.4342092165614293,50.0,51.0,50.0,41.0,42.0,25.0,29.0,27.0,53.0,97.04,3975442432.0,1552035840.0,1512431616.0,9.42,8.61,8.97,25297891328.0,9721307136.0
2026-04-27 15:22:42.747099+02:00,-0.0019607222083322,0.1756599608470649,0.2207650036959373,-2.6590247723303353,1.374209009448231,-1.502606704375683,1.5866411136147351,0.2388382812708858,-0.7188722258002581,-0.0106452119254067,-1.2871025346258451,0.4342092165614293,50.0,51.0,50.0,41.0,42.0,25.0,29.0,27.0,53.0,97.04,3975442432.0,1552035840.0,1512431616.0,9.42,8.61,8.97,25297891328.0,9721307136.0
2026-04-27 15:22:42.800598+02:00,-0.0019607222083322,0.1756599608470649,0.2207650036959373,-2.6590247723303353,1.374209009448231,-1.502606704375683,1.5805534051837786,0.2342934438986926,-0.7112974968466027,-0.0106452119254067,-1.2871025346258451,0.4342092165614293,50.0,51.0,50.0,41.0,42.0,25.0,29.0,27.0,53.0,97.04,3975442432.0,1552035840.0,1512431616.0,9.42,8.61,8.97,25297891328.0,9721307136.0
2026-04-27 15:22:42.852797+02:00,-0.0011689006927276,0.1765732497544172,0.2212149480825198,-2.658615860230605,1.3757218643555251,-1.5067713892942165,1.5759876238605617,0.2297486065264994,-0.7067526594744095,-0.0106452119254067,-1.2871025346258451,0.4342092165614293,50.0,51.0,50.0,41.0,42.0,25.0,29.0,27.0,53.0,97.04,3975442432.0,1552035840.0,1512431616.0,9.42,8.61,8.97,25297891328.0,9721307136.0
2026-04-27 15:22:42.904931+02:00,-0.0011689006927276,0.1765732497544172,0.2212149480825198,-2.658615860230605,1.3757218643555251,-1.5067713892942165,1.5714218425373443,0.2267187149450372,-0.7022078221022162,-0.0091112311375209,-1.2855685538379604,0.4342092165614293,50.0,51.0,50.0,41.0,42.0,25.0,29.0,27.0,53.0,97.04,3975442432.0,1552035840.0,1512431616.0,9.42,8.61,8.97,25297891328.0,9721307136.0
2026-04-27 15:22:42.956038+02:00,-0.0011689006927276,0.1765732497544172,0.2212149480825198,-2.658615860230605,1.3757218643555251,-1.5067713892942165,1.5653341341063889,0.2206589317821129,-0.6961480389392919,-0.0060432695617498,-1.2825005922621888,0.4342092165614293,50.0,51.0,50.0,41.0,42.0,25.0,29.0,27.0,53.0,97.04,3975442432.0,1552035840.0,1512431616.0,9.42,8.61,8.97,25297891328.0,9721307136.0
2026-04-27 15:22:43.006956+02:00,-0.0011689006927276,0.1765732497544172,0.2212149480825198,-2.658615860230605,1.3757218643555251,-1.5067713892942165,1.559246425675432,0.2145991486191886,-0.6885733099856366,-0.0029753079859782,-1.2794326306864172,0.4342092165614293,50.0,51.0,50.0,41.0,42.0,25.0,29.0,27.0,53.0,97.04,3975442432.0,1552035840.0,1512431616.0,9.42,8.61,8.97,25297891328.0,9721307136.0
2026-04-27 15:22:43.060560+02:00,0.0023378874222602,0.1825619263181205,0.2229471821646365,-2.6928066396405894,1.3881650898249935,-1.5666538096698557,1.5531587172444756,0.2100543112469954,-0.6825135268227123,9.26535897929348e-05,-1.2748306883227607,0.4342092165614293,50.0,51.0,50.0,41.0,42.0,25.0,29.0,27.0,53.0,97.04,3975442432.0,1552035840.0,1512431616.0,9.42,8.61,8.97,25297891328.0,9721307136.0
2026-04-27 15:22:43.112695+02:00,0.0023378874222602,0.1825619263181205,0.2229471821646365,-2.6928066396405894,1.3881650898249935,-1.5666538096698557,1.5425052274903028,0.2009646365026089,-0.6703939604968636,0.0046945959534498,-1.2702287459591033,0.4342092165614293,50.0,51.0,50.0,41.0,42.0,25.0,29.0,27.0,53.0,97.04,3975442432.0,1552035840.0,1512431616.0,9.42,8.61,8.97,25297891328.0,9721307136.0
2026-04-27 15:22:43.163942+02:00,0.0023378874222602,0.1825619263181205,0.2229471821646365,-2.6928066396405894,1.3881650898249935,-1.5666538096698557,1.5318517377361291,0.1933899075489535,-0.659789339961746,0.0092965383171068,-1.264092822807561,0.4342092165614293,50.0,51.0,50.0,41.0,42.0,25.0,29.0,27.0,53.0,97.04,3975442432.0,1552035840.0,1512431616.0,9.42,8.61,8.97,25297891328.0,9721307136.0
2026-04-27 15:22:43.214892+02:00,0.0023378874222602,0.1825619263181205,0.2229471821646365,-2.6928066396405894,1.3881650898249935,-1.5666538096698557,1.5257640293051726,0.1873301243860292,-0.6522146110080906,0.012364499892878,-1.2610248612317905,0.4342092165614293,50.0,51.0,50.0,41.0,42.0,25.0,29.0,27.0,53.0,97.04,3975442432.0,1552035840.0,1512431616.0,9.42,8.61,8.97,25297891328.0,9721307136.0
2026-04-27 15:22:43.267906+02:00,0.0088998170333458,0.1935134899440173,0.2262842984505871,-2.808216550889302,1.4194515239821626,-1.7307104229690056,1.5135886124432605,0.1767255038509116,-0.6400950446822421,0.0200344038323061,-1.2579568996560186,0.4342092165614293,50.0,51.0,50.0,41.0,42.0,25.0,29.0,27.0,53.0,97.04,3975442432.0,1552035840.0,1512431616.0,9.42,8.61,8.97,25297891328.0,9721307136.0
2026-04-27 15:22:43.322408+02:00,0.0088998170333458,0.1935134899440173,0.2262842984505871,-2.808216550889302,1.4194515239821626,-1.7307104229690056,1.4968474142581312,0.163090991734332,-0.620400749402738,0.0246363461959631,-1.2456850533529331,0.4342092165614293,50.0,51.0,50.0,41.0,42.0,25.0,29.0,27.0,53.0,97.04,3975442432.0,1552035840.0,1512431616.0,9.42,8.61,8.97,25297891328.0,9721307136.0
2026-04-27 15:22:43.373053+02:00,0.0088998170333458,0.1935134899440173,0.2262842984505871,-2.808216550889302,1.4194515239821626,-1.7307104229690056,1.4831500702884797,0.1509714254084833,-0.6067662372861583,0.0323062501353912,-1.2395491302013908,0.4342092165614293,50.0,51.0,50.0,41.0,42.0,25.0,29.0,27.0,53.0,97.04,3975442432.0,1552035840.0,1512431616.0,9.42,8.61,8.97,25297891328.0,9721307136.0
2026-04-27 15:22:43.423111+02:00,0.0088998170333458,0.1935134899440173,0.2262842984505871,-2.808216550889302,1.4194515239821626,-1.7307104229690056,1.4664088721033497,0.1373369132919036,-0.5885868877973854,0.0399761540748193,-1.2303452454740769,0.4342092165614293,50.0,51.0,50.0,41.0,42.0,25.0,29.0,27.0,53.0,94.12,3975442432.0,1552478208.0,1511968768.0,9.42,8.61,8.97,25297891328.0,9721323520.0
2026-04-27 15:22:43.476262+02:00,0.0186058798729068,0.2064861638776925,0.2299690153881918,-3.021215642843721,1.4540284766510008,-2.004455950039712,1.455755382349177,0.1267322927567861,-0.5764673214715368,0.0430441156505909,-1.227277283898306,0.4342092165614293,50.0,51.0,50.0,41.0,42.0,25.0,29.0,27.0,53.0,94.12,3975442432.0,1552478208.0,1511968768.0,9.42,8.61,8.97,25297891328.0,9721323520.0
2026-04-27 15:22:43.526613+02:00,0.0186058798729068,0.2064861638776925,0.2299690153881918,-3.021215642843721,1.4540284766510008,-2.004455950039712,1.4329264757330908,0.105523051686551,-0.5507132430291084,0.055315961953676,-1.2134714568073348,0.4342092165614293,50.0,51.0,50.0,41.0,42.0,25.0,29.0,27.0,54.0,94.12,3975442432.0,1552478208.0,1511968768.0,9.42,8.61,8.97,25297891328.0,9721323520.0
2026-04-27 15:22:43.577995+02:00,0.0186058798729068,0.2064861638776925,0.2299690153881918,-3.021215642843721,1.4540284766510008,-2.004455950039712,1.4177072046557,0.0918885395699713,-0.5340488393310666,0.059917904317333,-1.2088695144436783,0.4342092165614293,50.0,51.0,50.0,41.0,42.0,25.0,29.0,27.0,54.0,94.12,3975442432.0,1552478208.0,1511968768.0,9.42,8.61,8.97,25297891328.0,9721323520.0
2026-04-27 15:22:43.629107+02:00,0.0186058798729068,0.2064861638776925,0.2299690153881918,-3.021215642843721,1.4540284766510008,-2.004455950039712,1.4040098606860485,0.0797689732441226,-0.5188993814237558,0.0629858658931041,-1.2058015528679067,0.4342092165614293,50.0,51.0,50.0,41.0,42.0,25.0,29.0,27.0,54.0,94.12,3975442432.0,1552478208.0,1511968768.0,9.42,8.61,8.97,25297891328.0,9721323520.0
2026-04-27 15:22:43.684123+02:00,0.0310295252429925,0.2200337040140607,0.2331351986355521,2.964419181439263,1.4738732302542992,-2.3669060487392475,1.3842248082854405,0.0600746779646186,-0.4976901403535207,0.0752577121961892,-1.1904617449890504,0.4357431973493151,50.0,51.0,50.0,41.0,42.0,25.0,29.0,27.0,54.0,94.12,3975442432.0,1552478208.0,1511968768.0,9.42,8.61,8.97,25297891328.0,9721323520.0
2026-04-27 15:22:43.736352+02:00,0.0310295252429925,0.2200337040140607,0.2331351986355521,2.964419181439263,1.4738732302542992,-2.3669060487392475,1.370527464315789,0.04795511163877,-0.484055628236941,0.081393635347732,-1.1827918410496223,0.4342092165614293,50.0,51.0,50.0,41.0,42.0,25.0,29.0,27.0,54.0,94.12,3975442432.0,1552478208.0,1511968768.0,9.42,8.61,8.97,25297891328.0,9721323520.0
2026-04-27 15:22:43.789082+02:00,0.0310295252429925,0.2200337040140607,0.2331351986355521,2.964419181439263,1.4738732302542992,-2.3669060487392475,1.370527464315789,0.04795511163877,-0.484055628236941,0.081393635347732,-1.1827918410496223,0.4342092165614293,50.0,51.0,50.0,41.0,42.0,25.0,29.0,27.0,54.0,94.12,3975442432.0,1552478208.0,1511968768.0,9.42,8.61,8.97,25297891328.0,9721323520.0
2026-04-27 15:22:43.845083+02:00,0.0508271005179254,0.2385987979471183,0.2362190697644566,2.323105499369615,1.479688740935087,-3.1017695488988277,1.324869651083617,0.0055366294982999,-0.4340624171428154,0.1013353855902452,-1.1628500908071089,0.4357431973493151,50.0,51.0,50.0,41.0,42.0,25.0,29.0,27.0,54.0,94.12,3975442432.0,1552478208.0,1511968768.0,9.42,8.61,8.97,25297891328.0,9721323520.0
2026-04-27 15:22:43.896616+02:00,0.0508271005179254,0.2385987979471183,0.2362190697644566,2.323105499369615,1.479688740935087,-3.1017695488988277,1.3066065257907489,-0.012642719990473,-0.4128531760725803,0.1090052895296733,-1.1551801868676803,0.4357431973493151,50.0,51.0,50.0,41.0,42.0,25.0,29.0,27.0,54.0,94.12,3975442432.0,1552478208.0,1511968768.0,9.42,8.61,8.97,25297891328.0,9721323520.0
2026-04-27 15:22:43.946860+02:00,0.0508271005179254,0.2385987979471183,0.2362190697644566,2.323105499369615,1.479688740935087,-3.1017695488988277,1.2989968902520537,-0.0187025031533973,-0.4052784471189249,0.1120732511054445,-1.152112225291909,0.4357431973493151,50.0,51.0,50.0,41.0,42.0,25.0,29.0,27.0,54.0,94.12,3975442432.0,1552478208.0,1511968768.0,9.42,8.61,8.97,25297891328.0,9721323520.0
2026-04-27 15:22:43.998129+02:00,0.0508271005179254,0.2385987979471183,0.2362190697644566,2.323105499369615,1.479688740935087,-3.1017695488988277,1.2776899107437072,-0.0383967984329013,-0.3810393144672277,0.1166751934691014,-1.1444423213524808,0.4357431973493151,50.0,51.0,50.0,41.0,42.0,25.0,29.0,27.0,54.0,94.12,3975442432.0,1552478208.0,1511968768.0,9.42,8.61,8.97,25297891328.0,9721323520.0
2026-04-27 15:22:44.049968+02:00,0.0666327461272086,0.2497648274889825,0.2379692325687309,1.9656493076859352,1.4641855102786072,2.759666762567854,1.2670364209895335,-0.0474864731772878,-0.368919748141379,0.1212771358327584,-1.1398403789888245,0.4357431973493151,50.0,51.0,50.0,41.0,42.0,25.0,29.0,27.0,54.0,94.12,3975442432.0,1552478208.0,1511968768.0,9.42,8.61,8.97,25297891328.0,9721323520.0
2026-04-27 15:22:44.100116+02:00,0.0666327461272086,0.2497648274889825,0.2379692325687309,1.9656493076859352,1.4641855102786072,2.759666762567854,1.2472513685889255,-0.0656658226660608,-0.347710507071144,0.1274130589843012,-1.133704455837282,0.4357431973493151,50.0,51.0,50.0,41.0,42.0,25.0,29.0,27.0,54.0,94.12,3975442432.0,1552478208.0,1511968768.0,9.42,8.61,8.97,25297891328.0,9721323520.0
2026-04-27 15:22:44.150197+02:00,0.0666327461272086,0.2497648274889825,0.2379692325687309,1.9656493076859352,1.4641855102786072,2.759666762567854,1.2350759517270131,-0.0777853889919094,-0.3325610491638333,0.1335489821358435,-1.1275685326857388,0.4357431973493151,50.0,51.0,50.0,41.0,42.0,25.0,29.0,27.0,54.0,94.12,3975442432.0,1552478208.0,1511968768.0,9.42,8.61,8.97,25297891328.0,9721323520.0
2026-04-27 15:22:44.200989+02:00,0.0666327461272086,0.2497648274889825,0.2379692325687309,1.9656493076859352,1.4641855102786072,2.759666762567854,1.2305101704037962,-0.0823302263641027,-0.3280162117916401,0.1350829629237293,-1.124500571109968,0.4357431973493151,50.0,51.0,50.0,41.0,42.0,25.0,29.0,27.0,54.0,94.12,3975442432.0,1552478208.0,1511968768.0,9.42,8.61,8.97,25297891328.0,9721323520.0
2026-04-27 15:22:44.263140+02:00,0.0666327461272086,0.2497648274889825,0.2379692325687309,1.9656493076859352,1.4641855102786072,2.759666762567854,1.215290899326405,-0.0989946300621444,-0.3098368623028671,0.1396849052873863,-1.1214326095341964,0.4342092165614293,50.0,51.0,50.0,41.0,42.0,25.0,29.0,27.0,54.0,94.12,3975442432.0,1552478208.0,1511968768.0,9.42,8.61,8.97,25297891328.0,9721323520.0
2026-04-27 15:22:44.317569+02:00,0.0835440407685068,0.2599513094921709,0.2391957447627491,1.7408786397147928,1.4410601139228671,2.4741703413382226,1.206159336679971,-0.109599250597262,-0.2992322417677495,0.1412188860752716,-1.1183646479584248,0.4342092165614293,50.0,51.0,50.0,41.0,42.0,25.0,29.0,27.0,54.0,94.12,3975442432.0,1552478208.0,1511968768.0,9.42,8.61,8.97,25297891328.0,9721323520.0
2026-04-27 15:22:44.369398+02:00,0.0835440407685068,0.2599513094921709,0.2391957447627491,1.7408786397147928,1.4410601139228671,2.4741703413382226,1.2000716282490154,-0.1171739795509174,-0.2931724586048252,0.1458208284389286,-1.115296686382654,0.4342092165614293,50.0,51.0,50.0,41.0,42.0,25.0,29.0,27.0,54.0,94.12,3975442432.0,1552478208.0,1511968768.0,9.42,8.61,8.97,25297891328.0,9721323520.0
2026-04-27 15:22:44.420066+02:00,0.0835440407685068,0.2599513094921709,0.2391957447627491,1.7408786397147928,1.4410601139228671,2.4741703413382226,1.190940065602581,-0.127778600086035,-0.2825678380697076,0.1488887900147002,-1.1137627055947683,0.4342092165614293,50.0,51.0,50.0,41.0,42.0,25.0,29.0,27.0,54.0,95.68,3975442432.0,1551298560.0,1513177088.0,9.42,8.61,8.97,25297891328.0,9721323520.0
2026-04-27 15:22:44.471862+02:00,0.0936883931719449,0.2652067601360787,0.2378156804906123,1.7142067351098955,1.42842374476821,2.4112013467095563,1.186374284279364,-0.1338383832489592,-0.2780230006975144,0.1488887900147002,-1.1106947440189967,0.4342092165614293,50.0,51.0,50.0,41.0,42.0,25.0,29.0,27.0,54.0,95.68,3975442432.0,1551298560.0,1513177088.0,9.42,8.61,8.97,25297891328.0,9721323520.0
2026-04-27 15:22:44.522850+02:00,0.0936883931719449,0.2652067601360787,0.2378156804906123,1.7142067351098955,1.42842374476821,2.4112013467095563,1.1848523571716243,-0.1368682748304214,-0.2749931091160522,0.1519567515904714,-1.1091607632311118,0.4342092165614293,50.0,51.0,50.0,41.0,42.0,25.0,29.0,27.0,54.0,95.68,3975442432.0,1551298560.0,1513177088.0,9.42,8.61,8.97,25297891328.0,9721323520.0
2026-04-27 15:22:44.572908+02:00,0.0936883931719449,0.2652067601360787,0.2378156804906123,1.7142067351098955,1.42842374476821,2.4112013467095563,1.1833304300638852,-0.1398981664118835,-0.2734781633253211,0.1519567515904714,-1.1091607632311118,0.4342092165614293,50.0,51.0,50.0,41.0,42.0,25.0,29.0,27.0,54.0,95.68,3975442432.0,1551298560.0,1513177088.0,9.42,8.61,8.97,25297891328.0,9721323520.0
2026-04-27 15:22:44.623889+02:00,0.0936883931719449,0.2652067601360787,0.2378156804906123,1.7142067351098955,1.42842374476821,2.4112013467095563,1.1833304300638852,-0.1398981664118835,-0.2734781633253211,0.1519567515904714,-1.1091607632311118,0.4342092165614293,50.0,51.0,50.0,41.0,42.0,25.0,29.0,27.0,54.0,95.68,3975442432.0,1551298560.0,1513177088.0,9.42,8.61,8.97,25297891328.0,9721323520.0
2026-04-27 15:22:44.678116+02:00,0.0976487241791046,0.2674711892416976,0.2369154384551711,1.7006708540061817,1.4249806607142137,2.385290198836529,1.1833304300638852,-0.1398981664118835,-0.2734781633253211,0.1519567515904714,-1.1091607632311118,0.4342092165614293,50.0,51.0,50.0,41.0,42.0,25.0,29.0,27.0,54.0,95.68,3975442432.0,1551298560.0,1513177088.0,9.42,8.61,8.97,25297891328.0,9721323520.0
2026-04-27 15:22:44.732502+02:00,0.0976487241791046,0.2674711892416976,0.2369154384551711,1.7006708540061817,1.4249806607142137,2.385290198836529,1.1833304300638852,-0.1398981664118835,-0.2734781633253211,0.1519567515904714,-1.1091607632311118,0.4342092165614293,50.0,51.0,50.0,41.0,42.0,25.0,29.0,27.0,54.0,95.68,3975442432.0,1551298560.0,1513177088.0,9.42,8.61,8.97,25297891328.0,9721323520.0
2026-04-27 15:22:44.784194+02:00,0.0976487241791046,0.2674711892416976,0.2369154384551711,1.7006708540061817,1.4249806607142137,2.385290198836529,1.1833304300638852,-0.1398981664118835,-0.2734781633253211,0.1519567515904714,-1.1091607632311118,0.4342092165614293,50.0,51.0,50.0,41.0,42.0,25.0,29.0,27.0,54.0,95.68,3975442432.0,1551298560.0,1513177088.0,9.42,8.61,8.97,25297891328.0,9721323520.0
2026-04-27 15:22:44.835744+02:00,0.0976487241791046,0.2674711892416976,0.2369154384551711,1.7006708540061817,1.4249806607142137,2.385290198836529,1.1833304300638852,-0.1398981664118835,-0.2734781633253211,0.1519567515904714,-1.1091607632311118,0.4342092165614293,50.0,51.0,50.0,41.0,42.0,25.0,29.0,27.0,54.0,95.68,3975442432.0,1551298560.0,1513177088.0,9.42,8.61,8.97,25297891328.0,9721323520.0
2026-04-27 15:22:44.885987+02:00,0.0976487241791046,0.2674711892416976,0.2369154384551711,1.7006708540061817,1.4249806607142137,2.385290198836529,1.1833304300638852,-0.1398981664118835,-0.2734781633253211,0.1519567515904714,-1.1091607632311118,0.4342092165614293,50.0,51.0,50.0,41.0,42.0,25.0,29.0,27.0,54.0,95.68,3975442432.0,1551298560.0,1513177088.0,9.42,8.61,8.97,25297891328.0,9721323520.0
2026-04-27 15:22:44.939801+02:00,0.0976487241791046,0.2674711892416976,0.2369154384551711,1.7006708540061817,1.4249806607142137,2.385290198836529,1.1833304300638852,-0.1398981664118835,-0.2734781633253211,0.1519567515904714,-1.1091607632311118,0.4342092165614293,50.0,51.0,50.0,41.0,42.0,25.0,29.0,27.0,54.0,95.68,3975442432.0,1551298560.0,1513177088.0,9.42,8.61,8.97,25297891328.0,9721323520.0
2026-04-27 15:22:44.989905+02:00,0.0976487241791046,0.2674711892416976,0.2369154384551711,1.7006708540061817,1.4249806607142137,2.385290198836529,1.1833304300638852,-0.1398981664118835,-0.2734781633253211,0.1519567515904714,-1.1091607632311118,0.4342092165614293,50.0,51.0,50.0,41.0,42.0,25.0,29.0,27.0,54.0,95.68,3975442432.0,1551298560.0,1513177088.0,9.42,8.61,8.97,25297891328.0,9721323520.0
