timestamp,x_m,y_m,z_m,roll_rad,pitch_rad,yaw_rad,j1_rad,j2_rad,j3_rad,j4_rad,j5_rad,j6_rad,temp_m1_C,temp_m2_C,temp_m3_C,temp_m4_C,temp_m5_C,temp_m6_C,temp_m7_C,temp_m8_C,rpi_temp_C,cpu_percent,mem_total_B,mem_used_B,mem_free_B,load1,load5,load15,disk_total_B,disk_used_B
2026-05-06T16:58:52.101845+02:00,-0.002088380964296427,0.17623395744736878,0.22115311528628634,-2.657963520297116,1.3757884931036264,-1.5097964625093931,1.5866411136147351,0.23732333548015483,-0.715842334218796,-0.009111231137520992,-1.2871025346258453,0.4418791205008574,51.0,52.0,51.0,43.0,43.0,25.0,30.0,27.0,52.0,89.15,3975442432,1550413824,1570668544,9.34,8.92,8.87,25297891328,9408315392
2026-05-06T16:58:52.154124+02:00,-0.002088380964296427,0.17623395744736878,0.22115311528628634,-2.657963520297116,1.3757884931036264,-1.5097964625093931,1.5866411136147351,0.23732333548015483,-0.715842334218796,-0.009111231137520992,-1.2871025346258453,0.4418791205008574,51.0,52.0,51.0,43.0,43.0,25.0,30.0,27.0,52.0,89.15,3975442432,1550413824,1570668544,9.34,8.92,8.87,25297891328,9408315392
2026-05-06T16:58:52.206191+02:00,-0.002088380964296427,0.17623395744736878,0.22115311528628634,-2.657963520297116,1.3757884931036264,-1.5097964625093931,1.5866411136147351,0.23732333548015483,-0.715842334218796,-0.009111231137520992,-1.2871025346258453,0.4418791205008574,51.0,52.0,51.0,43.0,43.0,25.0,30.0,27.0,52.0,89.15,3975442432,1550413824,1570668544,9.34,8.92,8.87,25297891328,9408315392
2026-05-06T16:58:52.261165+02:00,-0.002088380964296427,0.17623395744736878,0.22115311528628634,-2.657963520297116,1.3757884931036264,-1.5097964625093931,1.5866411136147351,0.23732333548015483,-0.715842334218796,-0.009111231137520992,-1.2871025346258453,0.4418791205008574,51.0,52.0,51.0,43.0,43.0,25.0,30.0,27.0,52.0,89.15,3975442432,1550413824,1570668544,9.34,8.92,8.87,25297891328,9408315392
2026-05-06T16:58:52.315896+02:00,-0.002088380964296427,0.17623395744736878,0.22115311528628634,-2.657963520297116,1.3757884931036264,-1.5097964625093931,1.5866411136147351,0.23732333548015483,-0.715842334218796,-0.009111231137520992,-1.2871025346258453,0.4418791205008574,51.0,52.0,51.0,43.0,43.0,25.0,30.0,27.0,52.0,89.15,3975442432,1550413824,1570668544,9.34,8.92,8.87,25297891328,9408315392
2026-05-06T16:58:52.370892+02:00,-0.002088380964296427,0.17623395744736878,0.22115311528628634,-2.657963520297116,1.3757884931036264,-1.5097964625093931,1.5866411136147351,0.23732333548015483,-0.715842334218796,-0.009111231137520992,-1.2871025346258453,0.4418791205008574,51.0,52.0,51.0,43.0,43.0,25.0,30.0,27.0,52.0,89.15,3975442432,1550413824,1570668544,9.34,8.92,8.87,25297891328,9408315392
2026-05-06T16:58:52.421779+02:00,-0.002088380964296427,0.17623395744736878,0.22115311528628634,-2.657963520297116,1.3757884931036264,-1.5097964625093931,1.5866411136147351,0.23732333548015483,-0.715842334218796,-0.009111231137520992,-1.2871025346258453,0.4418791205008574,51.0,52.0,51.0,43.0,43.0,25.0,30.0,27.0,52.0,89.15,3975442432,1550413824,1570668544,9.34,8.92,8.87,25297891328,9408315392
2026-05-06T16:58:52.477489+02:00,-0.002088380964296427,0.17623395744736878,0.22115311528628634,-2.657963520297116,1.3757884931036264,-1.5097964625093931,1.5866411136147351,0.23732333548015483,-0.715842334218796,-0.009111231137520992,-1.2871025346258453,0.4418791205008574,51.0,52.0,51.0,43.0,43.0,25.0,30.0,27.0,52.0,89.15,3975442432,1550413824,1570668544,9.34,8.92,8.87,25297891328,9408315392
2026-05-06T16:58:52.527819+02:00,-0.002088380964296427,0.17623395744736878,0.22115311528628634,-2.657963520297116,1.3757884931036264,-1.5097964625093931,1.5866411136147351,0.23732333548015483,-0.715842334218796,-0.009111231137520992,-1.2871025346258453,0.4418791205008574,51.0,52.0,51.0,43.0,43.0,25.0,30.0,27.0,52.0,89.15,3975442432,1550413824,1570668544,9.34,8.92,8.87,25297891328,9408315392
2026-05-06T16:58:52.579959+02:00,-0.002088380964296427,0.17623395744736878,0.22115311528628634,-2.657963520297116,1.3757884931036264,-1.5097964625093931,1.5866411136147351,0.23732333548015483,-0.715842334218796,-0.009111231137520992,-1.2871025346258453,0.4418791205008574,51.0,52.0,51.0,43.0,43.0,25.0,30.0,27.0,52.0,89.15,3975442432,1550413824,1570668544,9.34,8.92,8.87,25297891328,9408315392
2026-05-06T16:58:52.630538+02:00,-0.002088380964296427,0.17623395744736878,0.22115311528628634,-2.657963520297116,1.3757884931036264,-1.5097964625093931,1.5866411136147351,0.23732333548015483,-0.715842334218796,-0.009111231137520992,-1.2871025346258453,0.4418791205008574,51.0,52.0,51.0,43.0,43.0,25.0,30.0,27.0,52.0,89.15,3975442432,1550413824,1570668544,9.34,8.92,8.87,25297891328,9408315392
2026-05-06T16:58:52.682633+02:00,-0.002088380964296427,0.17623395744736878,0.22115311528628634,-2.657963520297116,1.3757884931036264,-1.5097964625093931,1.5866411136147351,0.23732333548015483,-0.715842334218796,-0.009111231137520992,-1.2871025346258453,0.4418791205008574,51.0,52.0,51.0,43.0,43.0,25.0,30.0,27.0,52.0,89.15,3975442432,1550413824,1570668544,9.34,8.92,8.87,25297891328,9408315392
2026-05-06T16:58:52.733811+02:00,-0.002088380964296427,0.17623395744736878,0.22115311528628634,-2.657963520297116,1.3757884931036264,-1.5097964625093931,1.5866411136147351,0.23732333548015483,-0.715842334218796,-0.009111231137520992,-1.2871025346258453,0.4418791205008574,51.0,52.0,51.0,43.0,43.0,25.0,30.0,27.0,52.0,89.15,3975442432,1550413824,1570668544,9.34,8.92,8.87,25297891328,9408315392
2026-05-06T16:58:52.787394+02:00,-0.002088380964296427,0.17623395744736878,0.22115311528628634,-2.657963520297116,1.3757884931036264,-1.5097964625093931,1.5866411136147351,0.23732333548015483,-0.715842334218796,-0.009111231137520992,-1.2871025346258453,0.4418791205008574,51.0,52.0,51.0,43.0,43.0,25.0,30.0,27.0,52.0,89.15,3975442432,1550413824,1570668544,9.34,8.92,8.87,25297891328,9408315392
2026-05-06T16:58:52.839404+02:00,-0.002088380964296427,0.17623395744736878,0.22115311528628634,-2.657963520297116,1.3757884931036264,-1.5097964625093931,1.5866411136147351,0.23732333548015483,-0.715842334218796,-0.009111231137520992,-1.2871025346258453,0.4418791205008574,51.0,52.0,51.0,43.0,43.0,25.0,30.0,27.0,52.0,89.15,3975442432,1550413824,1570668544,9.34,8.92,8.87,25297891328,9408315392
2026-05-06T16:58:52.894403+02:00,-0.002088380964296427,0.17623395744736878,0.22115311528628634,-2.657963520297116,1.3757884931036264,-1.5097964625093931,1.5866411136147351,0.23732333548015483,-0.715842334218796,-0.009111231137520992,-1.2871025346258453,0.4418791205008574,51.0,52.0,51.0,43.0,43.0,25.0,30.0,27.0,52.0,86.82,3975442432,1513947136,1607127040,9.34,8.92,8.87,25297891328,9408315392
2026-05-06T16:58:52.945769+02:00,-0.002088380964296427,0.17623395744736878,0.22115311528628634,-2.657963520297116,1.3757884931036264,-1.5097964625093931,1.5866411136147351,0.23732333548015483,-0.715842334218796,-0.009111231137520992,-1.2871025346258453,0.4418791205008574,51.0,52.0,51.0,43.0,43.0,25.0,30.0,27.0,52.0,86.82,3975442432,1513947136,1607127040,9.34,8.92,8.87,25297891328,9408315392
2026-05-06T16:58:52.997661+02:00,-0.002088380964296427,0.17623395744736878,0.22115311528628634,-2.657963520297116,1.3757884931036264,-1.5097964625093931,1.5866411136147351,0.23732333548015483,-0.715842334218796,-0.009111231137520992,-1.2871025346258453,0.4418791205008574,51.0,52.0,51.0,43.0,43.0,25.0,30.0,27.0,52.0,86.82,3975442432,1513947136,1607127040,9.34,8.92,8.87,25297891328,9408315392
2026-05-06T16:58:53.050518+02:00,-0.002088380964296427,0.17623395744736878,0.22115311528628634,-2.657963520297116,1.3757884931036264,-1.5097964625093931,1.5866411136147351,0.23732333548015483,-0.715842334218796,-0.009111231137520992,-1.2871025346258453,0.4418791205008574,51.0,52.0,51.0,43.0,43.0,25.0,30.0,27.0,52.0,86.82,3975442432,1513947136,1607127040,9.34,8.92,8.87,25297891328,9408315392
2026-05-06T16:58:53.105836+02:00,-0.002088380964296427,0.17623395744736878,0.22115311528628634,-2.657963520297116,1.3757884931036264,-1.5097964625093931,1.5866411136147351,0.23732333548015483,-0.715842334218796,-0.009111231137520992,-1.2871025346258453,0.4418791205008574,51.0,52.0,51.0,43.0,43.0,25.0,30.0,27.0,52.0,86.82,3975442432,1513947136,1607127040,9.34,8.92,8.87,25297891328,9408315392
2026-05-06T16:58:53.157594+02:00,-0.002088380964296427,0.17623395744736878,0.22115311528628634,-2.657963520297116,1.3757884931036264,-1.5097964625093931,1.5866411136147351,0.23732333548015483,-0.715842334218796,-0.009111231137520992,-1.2871025346258453,0.4418791205008574,51.0,52.0,51.0,43.0,43.0,25.0,30.0,27.0,52.0,86.82,3975442432,1513947136,1607127040,9.34,8.92,8.87,25297891328,9408315392
2026-05-06T16:58:53.207745+02:00,-0.002088380964296427,0.17623395744736878,0.22115311528628634,-2.657963520297116,1.3757884931036264,-1.5097964625093931,1.5866411136147351,0.23732333548015483,-0.715842334218796,-0.009111231137520992,-1.2871025346258453,0.4418791205008574,51.0,52.0,51.0,43.0,43.0,25.0,30.0,27.0,52.0,86.82,3975442432,1513947136,1607127040,9.34,8.92,8.87,25297891328,9408315392
2026-05-06T16:58:53.259376+02:00,-0.002088380964296427,0.17623395744736878,0.22115311528628634,-2.657963520297116,1.3757884931036264,-1.5097964625093931,1.5866411136147351,0.23732333548015483,-0.715842334218796,-0.009111231137520992,-1.2871025346258453,0.4418791205008574,51.0,52.0,51.0,43.0,43.0,25.0,30.0,27.0,52.0,86.82,3975442432,1513947136,1607127040,9.34,8.92,8.87,25297891328,9408315392
2026-05-06T16:58:53.312698+02:00,-0.002088380964296427,0.17623395744736878,0.22115311528628634,-2.657963520297116,1.3757884931036264,-1.5097964625093931,1.5866411136147351,0.23732333548015483,-0.715842334218796,-0.009111231137520992,-1.2871025346258453,0.4418791205008574,51.0,52.0,51.0,43.0,43.0,25.0,30.0,27.0,52.0,86.82,3975442432,1513947136,1607127040,9.34,8.92,8.87,25297891328,9408315392
2026-05-06T16:58:53.364485+02:00,-0.002088380964296427,0.17623395744736878,0.22115311528628634,-2.657963520297116,1.3757884931036264,-1.5097964625093931,1.5866411136147351,0.23732333548015483,-0.715842334218796,-0.009111231137520992,-1.2871025346258453,0.4418791205008574,51.0,52.0,51.0,43.0,43.0,25.0,30.0,27.0,52.0,86.82,3975442432,1513947136,1607127040,9.34,8.92,8.87,25297891328,9408315392
2026-05-06T16:58:53.415459+02:00,-0.002088380964296427,0.17623395744736878,0.22115311528628634,-2.657963520297116,1.3757884931036264,-1.5097964625093931,1.5866411136147351,0.23732333548015483,-0.715842334218796,-0.009111231137520992,-1.2871025346258453,0.4418791205008574,51.0,52.0,51.0,43.0,43.0,25.0,30.0,27.0,52.0,86.82,3975442432,1513947136,1607127040,9.34,8.92,8.87,25297891328,9408315392
2026-05-06T16:58:53.466732+02:00,-0.002088380964296427,0.17623395744736878,0.22115311528628634,-2.657963520297116,1.3757884931036264,-1.5097964625093931,1.5866411136147351,0.23732333548015483,-0.715842334218796,-0.009111231137520992,-1.2871025346258453,0.4418791205008574,51.0,52.0,51.0,43.0,43.0,25.0,30.0,27.0,52.0,86.82,3975442432,1513947136,1607127040,9.34,8.92,8.87,25297891328,9408315392
2026-05-06T16:58:53.517239+02:00,-0.002088380964296427,0.17623395744736878,0.22115311528628634,-2.657963520297116,1.3757884931036264,-1.5097964625093931,1.5866411136147351,0.23732333548015483,-0.715842334218796,-0.009111231137520992,-1.2871025346258453,0.4418791205008574,51.0,52.0,51.0,43.0,43.0,25.0,30.0,27.0,52.0,86.82,3975442432,1513947136,1607127040,9.34,8.92,8.87,25297891328,9408315392
2026-05-06T16:58:53.568908+02:00,-0.002088380964296427,0.17623395744736878,0.22115311528628634,-2.657963520297116,1.3757884931036264,-1.5097964625093931,1.5866411136147351,0.23732333548015483,-0.715842334218796,-0.009111231137520992,-1.2871025346258453,0.4418791205008574,51.0,52.0,51.0,43.0,43.0,25.0,30.0,27.0,52.0,86.82,3975442432,1513947136,1607127040,9.34,8.92,8.87,25297891328,9408315392
2026-05-06T16:58:53.623205+02:00,-0.002088380964296427,0.17623395744736878,0.22115311528628634,-2.657963520297116,1.3757884931036264,-1.5097964625093931,1.5866411136147351,0.23732333548015483,-0.715842334218796,-0.009111231137520992,-1.2871025346258453,0.4418791205008574,51.0,52.0,51.0,43.0,43.0,25.0,30.0,27.0,52.0,86.82,3975442432,1513947136,1607127040,9.34,8.92,8.87,25297891328,9408315392
2026-05-06T16:58:53.677989+02:00,-0.002088380964296427,0.17623395744736878,0.22115311528628634,-2.657963520297116,1.3757884931036264,-1.5097964625093931,1.5866411136147351,0.23732333548015483,-0.715842334218796,-0.009111231137520992,-1.2871025346258453,0.4418791205008574,51.0,52.0,51.0,43.0,43.0,25.0,30.0,27.0,52.0,86.82,3975442432,1513947136,1607127040,9.34,8.92,8.87,25297891328,9408315392
2026-05-06T16:58:53.732552+02:00,-0.002088380964296427,0.17623395744736878,0.22115311528628634,-2.657963520297116,1.3757884931036264,-1.5097964625093931,1.5866411136147351,0.23732333548015483,-0.715842334218796,-0.009111231137520992,-1.2871025346258453,0.4418791205008574,51.0,52.0,51.0,43.0,43.0,25.0,30.0,27.0,52.0,86.82,3975442432,1513947136,1607127040,9.34,8.92,8.87,25297891328,9408315392
2026-05-06T16:58:53.784117+02:00,-0.002088380964296427,0.17623395744736878,0.22115311528628634,-2.657963520297116,1.3757884931036264,-1.5097964625093931,1.5866411136147351,0.23732333548015483,-0.715842334218796,-0.009111231137520992,-1.2871025346258453,0.4418791205008574,51.0,52.0,51.0,43.0,43.0,25.0,30.0,27.0,52.0,86.82,3975442432,1513947136,1607127040,9.34,8.92,8.87,25297891328,9408315392
2026-05-06T16:58:53.835693+02:00,-0.002088380964296427,0.17623395744736878,0.22115311528628634,-2.657963520297116,1.3757884931036264,-1.5097964625093931,1.5866411136147351,0.23732333548015483,-0.715842334218796,-0.009111231137520992,-1.2871025346258453,0.4418791205008574,51.0,52.0,51.0,43.0,43.0,25.0,30.0,27.0,52.0,86.82,3975442432,1513947136,1607127040,9.34,8.92,8.87,25297891328,9408315392
2026-05-06T16:58:53.889369+02:00,-0.002088380964296427,0.17623395744736878,0.22115311528628634,-2.657963520297116,1.3757884931036264,-1.5097964625093931,1.5866411136147351,0.23732333548015483,-0.715842334218796,-0.009111231137520992,-1.2871025346258453,0.4418791205008574,51.0,52.0,51.0,43.0,43.0,25.0,30.0,27.0,52.0,86.82,3975442432,1513947136,1607127040,9.34,8.92,8.87,25297891328,9408315392
2026-05-06T16:58:53.940582+02:00,-0.002088380964296427,0.17623395744736878,0.22115311528628634,-2.657963520297116,1.3757884931036264,-1.5097964625093931,1.5866411136147351,0.23732333548015483,-0.715842334218796,-0.009111231137520992,-1.2871025346258453,0.4418791205008574,51.0,52.0,51.0,43.0,43.0,25.0,30.0,27.0,52.0,86.82,3975442432,1513947136,1607127040,9.34,8.92,8.87,25297891328,9408315392
2026-05-06T16:58:53.991696+02:00,-0.002088380964296427,0.17623395744736878,0.22115311528628634,-2.657963520297116,1.3757884931036264,-1.5097964625093931,1.5866411136147351,0.23732333548015483,-0.715842334218796,-0.009111231137520992,-1.2871025346258453,0.4418791205008574,51.0,52.0,51.0,43.0,43.0,25.0,30.0,27.0,52.0,84.44,3975442432,1513410560,1607643136,9.34,8.92,8.87,25297891328,9408319488
2026-05-06T16:58:54.041791+02:00,-0.002088380964296427,0.17623395744736878,0.22115311528628634,-2.657963520297116,1.3757884931036264,-1.5097964625093931,1.5866411136147351,0.23732333548015483,-0.715842334218796,-0.009111231137520992,-1.2871025346258453,0.4418791205008574,51.0,52.0,51.0,43.0,43.0,25.0,30.0,27.0,52.0,84.44,3975442432,1513410560,1607643136,9.34,8.92,8.87,25297891328,9408319488
2026-05-06T16:58:54.093657+02:00,-0.002088380964296427,0.17623395744736878,0.22115311528628634,-2.657963520297116,1.3757884931036264,-1.5097964625093931,1.5866411136147351,0.23732333548015483,-0.715842334218796,-0.009111231137520992,-1.2871025346258453,0.4418791205008574,51.0,52.0,51.0,43.0,43.0,25.0,30.0,27.0,52.0,84.44,3975442432,1513410560,1607643136,9.34,8.92,8.87,25297891328,9408319488
2026-05-06T16:58:54.144837+02:00,-0.002088380964296427,0.17623395744736878,0.22115311528628634,-2.657963520297116,1.3757884931036264,-1.5097964625093931,1.5866411136147351,0.23732333548015483,-0.715842334218796,-0.009111231137520992,-1.2871025346258453,0.4418791205008574,51.0,52.0,51.0,43.0,43.0,25.0,30.0,27.0,52.0,84.44,3975442432,1513410560,1607643136,9.34,8.92,8.87,25297891328,9408319488
2026-05-06T16:58:54.195061+02:00,-0.002088380964296427,0.17623395744736878,0.22115311528628634,-2.657963520297116,1.3757884931036264,-1.5097964625093931,1.5866411136147351,0.23732333548015483,-0.715842334218796,-0.009111231137520992,-1.2871025346258453,0.4418791205008574,51.0,52.0,51.0,43.0,43.0,25.0,30.0,27.0,52.0,84.44,3975442432,1513410560,1607643136,9.34,8.92,8.87,25297891328,9408319488
2026-05-06T16:58:54.246511+02:00,-0.002088380964296427,0.17623395744736878,0.22115311528628634,-2.657963520297116,1.3757884931036264,-1.5097964625093931,1.5866411136147351,0.23732333548015483,-0.715842334218796,-0.009111231137520992,-1.2871025346258453,0.4418791205008574,51.0,52.0,51.0,43.0,43.0,25.0,30.0,27.0,52.0,84.44,3975442432,1513410560,1607643136,9.34,8.92,8.87,25297891328,9408319488
2026-05-06T16:58:54.301526+02:00,-0.002088380964296427,0.17623395744736878,0.22115311528628634,-2.657963520297116,1.3757884931036264,-1.5097964625093931,1.5866411136147351,0.23732333548015483,-0.715842334218796,-0.009111231137520992,-1.2871025346258453,0.4418791205008574,51.0,52.0,51.0,43.0,43.0,25.0,30.0,27.0,52.0,84.44,3975442432,1513410560,1607643136,9.34,8.92,8.87,25297891328,9408319488
2026-05-06T16:58:54.356153+02:00,-0.002088380964296427,0.17623395744736878,0.22115311528628634,-2.657963520297116,1.3757884931036264,-1.5097964625093931,1.5866411136147351,0.23732333548015483,-0.715842334218796,-0.009111231137520992,-1.2871025346258453,0.4418791205008574,51.0,52.0,51.0,43.0,43.0,25.0,30.0,27.0,52.0,84.44,3975442432,1513410560,1607643136,9.34,8.92,8.87,25297891328,9408319488
2026-05-06T16:58:54.408659+02:00,-0.002088380964296427,0.17623395744736878,0.22115311528628634,-2.657963520297116,1.3757884931036264,-1.5097964625093931,1.5866411136147351,0.23732333548015483,-0.715842334218796,-0.009111231137520992,-1.2871025346258453,0.4418791205008574,51.0,52.0,51.0,43.0,43.0,25.0,30.0,27.0,52.0,84.44,3975442432,1513410560,1607643136,9.34,8.92,8.87,25297891328,9408319488
2026-05-06T16:58:54.458983+02:00,-0.002088380964296427,0.17623395744736878,0.22115311528628634,-2.657963520297116,1.3757884931036264,-1.5097964625093931,1.5866411136147351,0.23732333548015483,-0.715842334218796,-0.009111231137520992,-1.2871025346258453,0.4418791205008574,51.0,52.0,51.0,43.0,43.0,25.0,30.0,27.0,52.0,84.44,3975442432,1513410560,1607643136,9.34,8.92,8.87,25297891328,9408319488
2026-05-06T16:58:54.512973+02:00,-0.002088380964296427,0.17623395744736878,0.22115311528628634,-2.657963520297116,1.3757884931036264,-1.5097964625093931,1.5866411136147351,0.23732333548015483,-0.715842334218796,-0.009111231137520992,-1.2871025346258453,0.4418791205008574,51.0,52.0,51.0,43.0,43.0,25.0,30.0,27.0,52.0,84.44,3975442432,1513410560,1607643136,9.34,8.92,8.87,25297891328,9408319488
2026-05-06T16:58:54.568058+02:00,-0.002088380964296427,0.17623395744736878,0.22115311528628634,-2.657963520297116,1.3757884931036264,-1.5097964625093931,1.5866411136147351,0.23732333548015483,-0.715842334218796,-0.009111231137520992,-1.2871025346258453,0.4418791205008574,51.0,52.0,51.0,43.0,43.0,25.0,30.0,27.0,52.0,84.44,3975442432,1513410560,1607643136,9.34,8.92,8.87,25297891328,9408319488
2026-05-06T16:58:54.618887+02:00,-0.002088380964296427,0.17623395744736878,0.22115311528628634,-2.657963520297116,1.3757884931036264,-1.5097964625093931,1.5866411136147351,0.23732333548015483,-0.715842334218796,-0.009111231137520992,-1.2871025346258453,0.4418791205008574,51.0,52.0,51.0,43.0,43.0,25.0,30.0,27.0,52.0,84.44,3975442432,1513410560,1607643136,9.34,8.92,8.87,25297891328,9408319488
2026-05-06T16:58:54.670553+02:00,-0.002088380964296427,0.17623395744736878,0.22115311528628634,-2.657963520297116,1.3757884931036264,-1.5097964625093931,1.5866411136147351,0.23732333548015483,-0.715842334218796,-0.009111231137520992,-1.2871025346258453,0.4418791205008574,51.0,52.0,51.0,43.0,43.0,25.0,30.0,27.0,52.0,84.44,3975442432,1513410560,1607643136,9.34,8.92,8.87,25297891328,9408319488
2026-05-06T16:58:54.721683+02:00,-0.002088380964296427,0.17623395744736878,0.22115311528628634,-2.657963520297116,1.3757884931036264,-1.5097964625093931,1.5866411136147351,0.23732333548015483,-0.715842334218796,-0.009111231137520992,-1.2871025346258453,0.4418791205008574,51.0,52.0,51.0,43.0,43.0,25.0,30.0,27.0,52.0,84.44,3975442432,1513410560,1607643136,9.34,8.92,8.87,25297891328,9408319488
2026-05-06T16:58:54.772852+02:00,-0.002088380964296427,0.17623395744736878,0.22115311528628634,-2.657963520297116,1.3757884931036264,-1.5097964625093931,1.5866411136147351,0.23732333548015483,-0.715842334218796,-0.009111231137520992,-1.2871025346258453,0.4418791205008574,51.0,52.0,51.0,43.0,43.0,25.0,30.0,27.0,52.0,84.44,3975442432,1513410560,1607643136,9.34,8.92,8.87,25297891328,9408319488
2026-05-06T16:58:54.823451+02:00,-0.002088380964296427,0.17623395744736878,0.22115311528628634,-2.657963520297116,1.3757884931036264,-1.5097964625093931,1.5866411136147351,0.23732333548015483,-0.715842334218796,-0.009111231137520992,-1.2871025346258453,0.4418791205008574,51.0,52.0,51.0,43.0,43.0,25.0,30.0,27.0,52.0,84.44,3975442432,1513410560,1607643136,9.34,8.92,8.87,25297891328,9408319488
2026-05-06T16:58:54.874730+02:00,-0.002088380964296427,0.17623395744736878,0.22115311528628634,-2.657963520297116,1.3757884931036264,-1.5097964625093931,1.5866411136147351,0.23732333548015483,-0.715842334218796,-0.009111231137520992,-1.2871025346258453,0.4418791205008574,51.0,52.0,51.0,43.0,43.0,25.0,30.0,27.0,52.0,84.44,3975442432,1513410560,1607643136,9.34,8.92,8.87,25297891328,9408319488
2026-05-06T16:58:54.926859+02:00,-0.002088380964296427,0.17623395744736878,0.22115311528628634,-2.657963520297116,1.3757884931036264,-1.5097964625093931,1.5866411136147351,0.23732333548015483,-0.715842334218796,-0.009111231137520992,-1.2871025346258453,0.4418791205008574,51.0,52.0,51.0,43.0,43.0,25.0,30.0,27.0,52.0,87.22,3975442432,1513115648,1607970816,9.34,8.92,8.87,25297891328,9408319488
2026-05-06T16:58:54.979572+02:00,-0.002088380964296427,0.17623395744736878,0.22115311528628634,-2.657963520297116,1.3757884931036264,-1.5097964625093931,1.5866411136147351,0.23732333548015483,-0.715842334218796,-0.009111231137520992,-1.2871025346258453,0.4418791205008574,51.0,52.0,51.0,43.0,43.0,25.0,30.0,27.0,52.0,87.22,3975442432,1513115648,1607970816,9.34,8.92,8.87,25297891328,9408319488
2026-05-06T16:58:55.034772+02:00,-0.002088380964296427,0.17623395744736878,0.22115311528628634,-2.657963520297116,1.3757884931036264,-1.5097964625093931,1.5866411136147351,0.23732333548015483,-0.715842334218796,-0.009111231137520992,-1.2871025346258453,0.4418791205008574,51.0,52.0,51.0,43.0,43.0,25.0,30.0,27.0,52.0,87.22,3975442432,1513115648,1607970816,9.34,8.92,8.87,25297891328,9408319488
2026-05-06T16:58:55.089395+02:00,-0.002088380964296427,0.17623395744736878,0.22115311528628634,-2.657963520297116,1.3757884931036264,-1.5097964625093931,1.5866411136147351,0.23732333548015483,-0.715842334218796,-0.009111231137520992,-1.2871025346258453,0.4418791205008574,51.0,52.0,51.0,43.0,43.0,25.0,30.0,27.0,52.0,87.22,3975442432,1513115648,1607970816,9.34,8.92,8.87,25297891328,9408319488
2026-05-06T16:58:55.141761+02:00,-0.002088380964296427,0.17623395744736878,0.22115311528628634,-2.657963520297116,1.3757884931036264,-1.5097964625093931,1.5866411136147351,0.23732333548015483,-0.715842334218796,-0.009111231137520992,-1.2871025346258453,0.4418791205008574,51.0,52.0,51.0,43.0,43.0,25.0,30.0,27.0,52.0,87.22,3975442432,1513115648,1607970816,9.34,8.92,8.87,25297891328,9408319488
2026-05-06T16:58:55.192096+02:00,-0.002088380964296427,0.17623395744736878,0.22115311528628634,-2.657963520297116,1.3757884931036264,-1.5097964625093931,1.5866411136147351,0.23732333548015483,-0.715842334218796,-0.009111231137520992,-1.2871025346258453,0.4418791205008574,51.0,52.0,51.0,43.0,43.0,25.0,30.0,27.0,52.0,87.22,3975442432,1513115648,1607970816,9.34,8.92,8.87,25297891328,9408319488
2026-05-06T16:58:55.247119+02:00,-0.002088380964296427,0.17623395744736878,0.22115311528628634,-2.657963520297116,1.3757884931036264,-1.5097964625093931,1.5866411136147351,0.23732333548015483,-0.715842334218796,-0.009111231137520992,-1.2871025346258453,0.4418791205008574,51.0,52.0,51.0,43.0,43.0,25.0,30.0,27.0,52.0,87.22,3975442432,1513115648,1607970816,9.34,8.92,8.87,25297891328,9408319488
2026-05-06T16:58:55.297563+02:00,-0.002088380964296427,0.17623395744736878,0.22115311528628634,-2.657963520297116,1.3757884931036264,-1.5097964625093931,1.5866411136147351,0.23732333548015483,-0.715842334218796,-0.009111231137520992,-1.2871025346258453,0.4418791205008574,51.0,52.0,51.0,43.0,43.0,25.0,30.0,27.0,52.0,87.22,3975442432,1513115648,1607970816,9.34,8.92,8.87,25297891328,9408319488
2026-05-06T16:58:55.349036+02:00,-0.002088380964296427,0.17623395744736878,0.22115311528628634,-2.657963520297116,1.3757884931036264,-1.5097964625093931,1.5866411136147351,0.23732333548015483,-0.715842334218796,-0.009111231137520992,-1.2871025346258453,0.4418791205008574,51.0,52.0,51.0,43.0,43.0,25.0,30.0,27.0,52.0,87.22,3975442432,1513115648,1607970816,9.34,8.92,8.87,25297891328,9408319488
2026-05-06T16:58:55.400780+02:00,-0.002088380964296427,0.17623395744736878,0.22115311528628634,-2.657963520297116,1.3757884931036264,-1.5097964625093931,1.5866411136147351,0.23732333548015483,-0.715842334218796,-0.009111231137520992,-1.2871025346258453,0.4418791205008574,51.0,52.0,51.0,43.0,43.0,25.0,30.0,27.0,52.0,87.22,3975442432,1513115648,1607970816,9.34,8.92,8.87,25297891328,9408319488
2026-05-06T16:58:55.452313+02:00,-0.002088380964296427,0.17623395744736878,0.22115311528628634,-2.657963520297116,1.3757884931036264,-1.5097964625093931,1.5866411136147351,0.23732333548015483,-0.715842334218796,-0.009111231137520992,-1.2871025346258453,0.4418791205008574,51.0,52.0,51.0,43.0,43.0,25.0,30.0,27.0,52.0,87.22,3975442432,1513115648,1607970816,9.34,8.92,8.87,25297891328,9408319488
2026-05-06T16:58:55.504423+02:00,-0.002088380964296427,0.17623395744736878,0.22115311528628634,-2.657963520297116,1.3757884931036264,-1.5097964625093931,1.5866411136147351,0.23732333548015483,-0.715842334218796,-0.009111231137520992,-1.2871025346258453,0.4418791205008574,51.0,52.0,51.0,43.0,43.0,25.0,30.0,27.0,52.0,87.22,3975442432,1513115648,1607970816,9.34,8.92,8.87,25297891328,9408319488
2026-05-06T16:58:55.555102+02:00,-0.002088380964296427,0.17623395744736878,0.22115311528628634,-2.657963520297116,1.3757884931036264,-1.5097964625093931,1.5866411136147351,0.23732333548015483,-0.715842334218796,-0.009111231137520992,-1.2871025346258453,0.4418791205008574,51.0,52.0,51.0,43.0,43.0,25.0,30.0,27.0,52.0,87.22,3975442432,1513115648,1607970816,9.34,8.92,8.87,25297891328,9408319488
2026-05-06T16:58:55.607363+02:00,-0.002088380964296427,0.17623395744736878,0.22115311528628634,-2.657963520297116,1.3757884931036264,-1.5097964625093931,1.5866411136147351,0.23732333548015483,-0.715842334218796,-0.009111231137520992,-1.2871025346258453,0.4418791205008574,51.0,52.0,51.0,43.0,43.0,25.0,30.0,27.0,52.0,87.22,3975442432,1513115648,1607970816,9.34,8.92,8.87,25297891328,9408319488
2026-05-06T16:58:55.659583+02:00,-0.002088380964296427,0.17623395744736878,0.22115311528628634,-2.657963520297116,1.3757884931036264,-1.5097964625093931,1.5866411136147351,0.23732333548015483,-0.715842334218796,-0.009111231137520992,-1.2871025346258453,0.4418791205008574,51.0,52.0,51.0,43.0,43.0,25.0,30.0,27.0,52.0,87.22,3975442432,1513115648,1607970816,9.34,8.92,8.87,25297891328,9408319488
2026-05-06T16:58:55.710017+02:00,-0.002088380964296427,0.17623395744736878,0.22115311528628634,-2.657963520297116,1.3757884931036264,-1.5097964625093931,1.5866411136147351,0.23732333548015483,-0.715842334218796,-0.009111231137520992,-1.2871025346258453,0.4418791205008574,51.0,52.0,51.0,43.0,43.0,25.0,30.0,27.0,52.0,87.22,3975442432,1513115648,1607970816,9.34,8.92,8.87,25297891328,9408319488
2026-05-06T16:58:55.765397+02:00,-0.002088380964296427,0.17623395744736878,0.22115311528628634,-2.657963520297116,1.3757884931036264,-1.5097964625093931,1.5866411136147351,0.23732333548015483,-0.715842334218796,-0.009111231137520992,-1.2871025346258453,0.4418791205008574,51.0,52.0,51.0,43.0,43.0,25.0,30.0,27.0,52.0,87.22,3975442432,1513115648,1607970816,9.34,8.92,8.87,25297891328,9408319488
2026-05-06T16:58:55.819573+02:00,-0.002088380964296427,0.17623395744736878,0.22115311528628634,-2.657963520297116,1.3757884931036264,-1.5097964625093931,1.5866411136147351,0.23732333548015483,-0.715842334218796,-0.009111231137520992,-1.2871025346258453,0.4418791205008574,51.0,52.0,51.0,43.0,43.0,25.0,30.0,27.0,52.0,87.22,3975442432,1513115648,1607970816,9.34,8.92,8.87,25297891328,9408319488
2026-05-06T16:58:55.872946+02:00,-0.002088380964296427,0.17623395744736878,0.22115311528628634,-2.657963520297116,1.3757884931036264,-1.5097964625093931,1.5866411136147351,0.23732333548015483,-0.715842334218796,-0.009111231137520992,-1.2871025346258453,0.4418791205008574,51.0,52.0,51.0,43.0,43.0,25.0,30.0,27.0,52.0,87.22,3975442432,1513115648,1607970816,9.34,8.92,8.87,25297891328,9408319488
2026-05-06T16:58:55.928009+02:00,-0.002088380964296427,0.17623395744736878,0.22115311528628634,-2.657963520297116,1.3757884931036264,-1.5097964625093931,1.5866411136147351,0.23732333548015483,-0.715842334218796,-0.009111231137520992,-1.2871025346258453,0.4418791205008574,51.0,52.0,51.0,43.0,43.0,25.0,30.0,27.0,52.0,87.22,3975442432,1513115648,1607970816,9.34,8.92,8.87,25297891328,9408319488
2026-05-06T16:58:55.978950+02:00,-0.002088380964296427,0.17623395744736878,0.22115311528628634,-2.657963520297116,1.3757884931036264,-1.5097964625093931,1.5866411136147351,0.23732333548015483,-0.715842334218796,-0.009111231137520992,-1.2871025346258453,0.4418791205008574,51.0,52.0,51.0,43.0,43.0,25.0,30.0,27.0,52.0,87.22,3975442432,1513115648,1607970816,9.34,8.92,8.87,25297891328,9408319488
2026-05-06T16:58:56.030345+02:00,-0.002088380964296427,0.17623395744736878,0.22115311528628634,-2.657963520297116,1.3757884931036264,-1.5097964625093931,1.5866411136147351,0.23732333548015483,-0.715842334218796,-0.009111231137520992,-1.2871025346258453,0.4418791205008574,51.0,52.0,51.0,43.0,43.0,25.0,30.0,27.0,52.0,88.15,3975442432,1513361408,1607716864,9.15,8.89,8.86,25297891328,9408319488
2026-05-06T16:58:56.084562+02:00,-0.002088380964296427,0.17623395744736878,0.22115311528628634,-2.657963520297116,1.3757884931036264,-1.5097964625093931,1.5866411136147351,0.23732333548015483,-0.715842334218796,-0.009111231137520992,-1.2871025346258453,0.4418791205008574,51.0,52.0,51.0,43.0,43.0,25.0,30.0,27.0,52.0,88.15,3975442432,1513361408,1607716864,9.15,8.89,8.86,25297891328,9408319488
2026-05-06T16:58:56.135177+02:00,-0.002088380964296427,0.17623395744736878,0.22115311528628634,-2.657963520297116,1.3757884931036264,-1.5097964625093931,1.5866411136147351,0.23732333548015483,-0.715842334218796,-0.009111231137520992,-1.2871025346258453,0.4418791205008574,51.0,52.0,51.0,43.0,43.0,25.0,30.0,27.0,52.0,88.15,3975442432,1513361408,1607716864,9.15,8.89,8.86,25297891328,9408319488
2026-05-06T16:58:56.190617+02:00,-0.002088380964296427,0.17623395744736878,0.22115311528628634,-2.657963520297116,1.3757884931036264,-1.5097964625093931,1.5866411136147351,0.23732333548015483,-0.715842334218796,-0.009111231137520992,-1.2871025346258453,0.4418791205008574,51.0,52.0,51.0,43.0,43.0,25.0,30.0,27.0,52.0,88.15,3975442432,1513361408,1607716864,9.15,8.89,8.86,25297891328,9408319488
2026-05-06T16:58:56.240992+02:00,-0.002088380964296427,0.17623395744736878,0.22115311528628634,-2.657963520297116,1.3757884931036264,-1.5097964625093931,1.5866411136147351,0.23732333548015483,-0.715842334218796,-0.009111231137520992,-1.2871025346258453,0.4418791205008574,51.0,52.0,51.0,43.0,43.0,25.0,30.0,27.0,52.0,88.15,3975442432,1513361408,1607716864,9.15,8.89,8.86,25297891328,9408319488
2026-05-06T16:58:56.296321+02:00,-0.002088380964296427,0.17623395744736878,0.22115311528628634,-2.657963520297116,1.3757884931036264,-1.5097964625093931,1.5866411136147351,0.23732333548015483,-0.715842334218796,-0.009111231137520992,-1.2871025346258453,0.4418791205008574,51.0,52.0,51.0,43.0,43.0,25.0,30.0,27.0,52.0,88.15,3975442432,1513361408,1607716864,9.15,8.89,8.86,25297891328,9408319488
2026-05-06T16:58:56.351340+02:00,-0.002088380964296427,0.17623395744736878,0.22115311528628634,-2.657963520297116,1.3757884931036264,-1.5097964625093931,1.5866411136147351,0.23732333548015483,-0.715842334218796,-0.009111231137520992,-1.2871025346258453,0.4418791205008574,51.0,52.0,51.0,43.0,43.0,25.0,30.0,27.0,52.0,88.15,3975442432,1513361408,1607716864,9.15,8.89,8.86,25297891328,9408319488
2026-05-06T16:58:56.406370+02:00,-0.002088380964296427,0.17623395744736878,0.22115311528628634,-2.657963520297116,1.3757884931036264,-1.5097964625093931,1.5866411136147351,0.23732333548015483,-0.715842334218796,-0.009111231137520992,-1.2871025346258453,0.4418791205008574,51.0,52.0,51.0,43.0,43.0,25.0,30.0,27.0,52.0,88.15,3975442432,1513361408,1607716864,9.15,8.89,8.86,25297891328,9408319488
2026-05-06T16:58:56.461179+02:00,-0.002088380964296427,0.17623395744736878,0.22115311528628634,-2.657963520297116,1.3757884931036264,-1.5097964625093931,1.5866411136147351,0.23732333548015483,-0.715842334218796,-0.009111231137520992,-1.2871025346258453,0.4418791205008574,51.0,52.0,51.0,43.0,43.0,25.0,30.0,27.0,52.0,88.15,3975442432,1513361408,1607716864,9.15,8.89,8.86,25297891328,9408319488
2026-05-06T16:58:56.513737+02:00,-0.002088380964296427,0.17623395744736878,0.22115311528628634,-2.657963520297116,1.3757884931036264,-1.5097964625093931,1.5866411136147351,0.23732333548015483,-0.715842334218796,-0.009111231137520992,-1.2871025346258453,0.4418791205008574,51.0,52.0,51.0,43.0,43.0,25.0,30.0,27.0,52.0,88.15,3975442432,1513361408,1607716864,9.15,8.89,8.86,25297891328,9408319488
2026-05-06T16:58:56.565747+02:00,-0.002088380964296427,0.17623395744736878,0.22115311528628634,-2.657963520297116,1.3757884931036264,-1.5097964625093931,1.5866411136147351,0.23732333548015483,-0.715842334218796,-0.009111231137520992,-1.2871025346258453,0.4418791205008574,51.0,52.0,51.0,43.0,43.0,25.0,30.0,27.0,52.0,88.15,3975442432,1513361408,1607716864,9.15,8.89,8.86,25297891328,9408319488
2026-05-06T16:58:56.616301+02:00,-0.002088380964296427,0.17623395744736878,0.22115311528628634,-2.657963520297116,1.3757884931036264,-1.5097964625093931,1.5866411136147351,0.23732333548015483,-0.715842334218796,-0.009111231137520992,-1.2871025346258453,0.4418791205008574,51.0,52.0,51.0,43.0,43.0,25.0,30.0,27.0,52.0,88.15,3975442432,1513361408,1607716864,9.15,8.89,8.86,25297891328,9408319488
2026-05-06T16:58:56.666867+02:00,-0.002088380964296427,0.17623395744736878,0.22115311528628634,-2.657963520297116,1.3757884931036264,-1.5097964625093931,1.5866411136147351,0.23732333548015483,-0.715842334218796,-0.009111231137520992,-1.2871025346258453,0.4418791205008574,51.0,52.0,51.0,43.0,43.0,25.0,30.0,27.0,52.0,88.15,3975442432,1513361408,1607716864,9.15,8.89,8.86,25297891328,9408319488
2026-05-06T16:58:56.721947+02:00,-0.002088380964296427,0.17623395744736878,0.22115311528628634,-2.657963520297116,1.3757884931036264,-1.5097964625093931,1.5866411136147351,0.23732333548015483,-0.715842334218796,-0.009111231137520992,-1.2871025346258453,0.4418791205008574,51.0,52.0,51.0,43.0,43.0,25.0,30.0,27.0,52.0,88.15,3975442432,1513361408,1607716864,9.15,8.89,8.86,25297891328,9408319488
2026-05-06T16:58:56.776993+02:00,-0.002088380964296427,0.17623395744736878,0.22115311528628634,-2.657963520297116,1.3757884931036264,-1.5097964625093931,1.5866411136147351,0.23732333548015483,-0.715842334218796,-0.009111231137520992,-1.2871025346258453,0.4418791205008574,51.0,52.0,51.0,43.0,43.0,25.0,30.0,27.0,52.0,88.15,3975442432,1513361408,1607716864,9.15,8.89,8.86,25297891328,9408319488
2026-05-06T16:58:56.827582+02:00,-0.002088380964296427,0.17623395744736878,0.22115311528628634,-2.657963520297116,1.3757884931036264,-1.5097964625093931,1.5866411136147351,0.23732333548015483,-0.715842334218796,-0.009111231137520992,-1.2871025346258453,0.4418791205008574,51.0,52.0,51.0,43.0,43.0,25.0,30.0,27.0,52.0,88.15,3975442432,1513361408,1607716864,9.15,8.89,8.86,25297891328,9408319488
2026-05-06T16:58:56.881392+02:00,-0.002088380964296427,0.17623395744736878,0.22115311528628634,-2.657963520297116,1.3757884931036264,-1.5097964625093931,1.5866411136147351,0.23732333548015483,-0.715842334218796,-0.009111231137520992,-1.2871025346258453,0.4418791205008574,51.0,52.0,51.0,43.0,43.0,25.0,30.0,27.0,52.0,88.15,3975442432,1513361408,1607716864,9.15,8.89,8.86,25297891328,9408319488
2026-05-06T16:58:56.936417+02:00,-0.002088380964296427,0.17623395744736878,0.22115311528628634,-2.657963520297116,1.3757884931036264,-1.5097964625093931,1.5866411136147351,0.23732333548015483,-0.715842334218796,-0.009111231137520992,-1.2871025346258453,0.4418791205008574,51.0,52.0,51.0,43.0,43.0,25.0,30.0,27.0,52.0,90.91,3975442432,1513410560,1607667712,9.15,8.89,8.86,25297891328,9408319488
2026-05-06T16:58:56.987276+02:00,-0.002088380964296427,0.17623395744736878,0.22115311528628634,-2.657963520297116,1.3757884931036264,-1.5097964625093931,1.5866411136147351,0.23732333548015483,-0.715842334218796,-0.009111231137520992,-1.2871025346258453,0.4418791205008574,51.0,52.0,51.0,43.0,43.0,25.0,30.0,27.0,52.0,90.91,3975442432,1513410560,1607667712,9.15,8.89,8.86,25297891328,9408319488
2026-05-06T16:58:57.042261+02:00,-0.002088380964296427,0.17623395744736878,0.22115311528628634,-2.657963520297116,1.3757884931036264,-1.5097964625093931,1.5866411136147351,0.23732333548015483,-0.715842334218796,-0.009111231137520992,-1.2871025346258453,0.4418791205008574,51.0,52.0,51.0,43.0,43.0,25.0,30.0,27.0,52.0,90.91,3975442432,1513410560,1607667712,9.15,8.89,8.86,25297891328,9408319488
2026-05-06T16:58:57.097315+02:00,-0.002088380964296427,0.17623395744736878,0.22115311528628634,-2.657963520297116,1.3757884931036264,-1.5097964625093931,1.5866411136147351,0.23732333548015483,-0.715842334218796,-0.009111231137520992,-1.2871025346258453,0.4418791205008574,51.0,52.0,51.0,43.0,43.0,25.0,30.0,27.0,52.0,90.91,3975442432,1513410560,1607667712,9.15,8.89,8.86,25297891328,9408319488
2026-05-06T16:58:57.152323+02:00,-0.002088380964296427,0.17623395744736878,0.22115311528628634,-2.657963520297116,1.3757884931036264,-1.5097964625093931,1.5866411136147351,0.23732333548015483,-0.715842334218796,-0.009111231137520992,-1.2871025346258453,0.4418791205008574,51.0,52.0,51.0,43.0,43.0,25.0,30.0,27.0,52.0,90.91,3975442432,1513410560,1607667712,9.15,8.89,8.86,25297891328,9408319488
2026-05-06T16:58:57.205679+02:00,-0.002088380964296427,0.17623395744736878,0.22115311528628634,-2.657963520297116,1.3757884931036264,-1.5097964625093931,1.5866411136147351,0.23732333548015483,-0.715842334218796,-0.009111231137520992,-1.2871025346258453,0.4418791205008574,51.0,52.0,51.0,43.0,43.0,25.0,30.0,27.0,52.0,90.91,3975442432,1513410560,1607667712,9.15,8.89,8.86,25297891328,9408319488
2026-05-06T16:58:57.260726+02:00,-0.002088380964296427,0.17623395744736878,0.22115311528628634,-2.657963520297116,1.3757884931036264,-1.5097964625093931,1.5866411136147351,0.23732333548015483,-0.715842334218796,-0.009111231137520992,-1.2871025346258453,0.4418791205008574,51.0,52.0,51.0,43.0,43.0,25.0,30.0,27.0,52.0,90.91,3975442432,1513410560,1607667712,9.15,8.89,8.86,25297891328,9408319488
2026-05-06T16:58:57.315789+02:00,-0.002088380964296427,0.17623395744736878,0.22115311528628634,-2.657963520297116,1.3757884931036264,-1.5097964625093931,1.5866411136147351,0.23732333548015483,-0.715842334218796,-0.009111231137520992,-1.2871025346258453,0.4418791205008574,51.0,52.0,51.0,43.0,43.0,25.0,30.0,27.0,52.0,90.91,3975442432,1513410560,1607667712,9.15,8.89,8.86,25297891328,9408319488
2026-05-06T16:58:57.367053+02:00,-0.002088380964296427,0.17623395744736878,0.22115311528628634,-2.657963520297116,1.3757884931036264,-1.5097964625093931,1.5866411136147351,0.23732333548015483,-0.715842334218796,-0.009111231137520992,-1.2871025346258453,0.4418791205008574,51.0,52.0,51.0,43.0,43.0,25.0,30.0,27.0,52.0,90.91,3975442432,1513410560,1607667712,9.15,8.89,8.86,25297891328,9408319488
2026-05-06T16:58:57.418430+02:00,-0.002088380964296427,0.17623395744736878,0.22115311528628634,-2.657963520297116,1.3757884931036264,-1.5097964625093931,1.5866411136147351,0.23732333548015483,-0.715842334218796,-0.009111231137520992,-1.2871025346258453,0.4418791205008574,51.0,52.0,51.0,43.0,43.0,25.0,30.0,27.0,52.0,90.91,3975442432,1513410560,1607667712,9.15,8.89,8.86,25297891328,9408319488
2026-05-06T16:58:57.468525+02:00,-0.002088380964296427,0.17623395744736878,0.22115311528628634,-2.657963520297116,1.3757884931036264,-1.5097964625093931,1.5866411136147351,0.23732333548015483,-0.715842334218796,-0.009111231137520992,-1.2871025346258453,0.4418791205008574,51.0,52.0,51.0,43.0,43.0,25.0,30.0,27.0,52.0,90.91,3975442432,1513410560,1607667712,9.15,8.89,8.86,25297891328,9408319488
2026-05-06T16:58:57.520180+02:00,-0.002088380964296427,0.17623395744736878,0.22115311528628634,-2.657963520297116,1.3757884931036264,-1.5097964625093931,1.5866411136147351,0.23732333548015483,-0.715842334218796,-0.009111231137520992,-1.2871025346258453,0.4418791205008574,51.0,52.0,51.0,43.0,43.0,25.0,30.0,27.0,52.0,90.91,3975442432,1513410560,1607667712,9.15,8.89,8.86,25297891328,9408319488
2026-05-06T16:58:57.572798+02:00,-0.002088380964296427,0.17623395744736878,0.22115311528628634,-2.657963520297116,1.3757884931036264,-1.5097964625093931,1.5866411136147351,0.23732333548015483,-0.715842334218796,-0.009111231137520992,-1.2871025346258453,0.4418791205008574,51.0,52.0,51.0,43.0,43.0,25.0,30.0,27.0,52.0,90.91,3975442432,1513410560,1607667712,9.15,8.89,8.86,25297891328,9408319488
2026-05-06T16:58:57.627817+02:00,-0.002088380964296427,0.17623395744736878,0.22115311528628634,-2.657963520297116,1.3757884931036264,-1.5097964625093931,1.5866411136147351,0.23732333548015483,-0.715842334218796,-0.009111231137520992,-1.2871025346258453,0.4418791205008574,51.0,52.0,51.0,43.0,43.0,25.0,30.0,27.0,52.0,90.91,3975442432,1513410560,1607667712,9.15,8.89,8.86,25297891328,9408319488
2026-05-06T16:58:57.680141+02:00,-0.002088380964296427,0.17623395744736878,0.22115311528628634,-2.657963520297116,1.3757884931036264,-1.5097964625093931,1.5866411136147351,0.23732333548015483,-0.715842334218796,-0.009111231137520992,-1.2871025346258453,0.4418791205008574,51.0,52.0,51.0,43.0,43.0,25.0,30.0,27.0,52.0,90.91,3975442432,1513410560,1607667712,9.15,8.89,8.86,25297891328,9408319488
2026-05-06T16:58:57.730185+02:00,-0.002088380964296427,0.17623395744736878,0.22115311528628634,-2.657963520297116,1.3757884931036264,-1.5097964625093931,1.5866411136147351,0.23732333548015483,-0.715842334218796,-0.009111231137520992,-1.2871025346258453,0.4418791205008574,51.0,52.0,51.0,43.0,43.0,25.0,30.0,27.0,52.0,90.91,3975442432,1513410560,1607667712,9.15,8.89,8.86,25297891328,9408319488
2026-05-06T16:58:57.781569+02:00,-0.002088380964296427,0.17623395744736878,0.22115311528628634,-2.657963520297116,1.3757884931036264,-1.5097964625093931,1.5866411136147351,0.23732333548015483,-0.715842334218796,-0.009111231137520992,-1.2871025346258453,0.4418791205008574,51.0,52.0,51.0,43.0,43.0,25.0,30.0,27.0,52.0,90.91,3975442432,1513410560,1607667712,9.15,8.89,8.86,25297891328,9408319488
2026-05-06T16:58:57.833828+02:00,-0.002088380964296427,0.17623395744736878,0.22115311528628634,-2.657963520297116,1.3757884931036264,-1.5097964625093931,1.5866411136147351,0.23732333548015483,-0.715842334218796,-0.009111231137520992,-1.2871025346258453,0.4418791205008574,51.0,52.0,51.0,43.0,43.0,25.0,30.0,27.0,52.0,90.91,3975442432,1513410560,1607667712,9.15,8.89,8.86,25297891328,9408319488
2026-05-06T16:58:57.888689+02:00,-0.002088380964296427,0.17623395744736878,0.22115311528628634,-2.657963520297116,1.3757884931036264,-1.5097964625093931,1.5866411136147351,0.23732333548015483,-0.715842334218796,-0.009111231137520992,-1.2871025346258453,0.4418791205008574,51.0,52.0,51.0,43.0,43.0,25.0,30.0,27.0,52.0,90.91,3975442432,1513410560,1607667712,9.15,8.89,8.86,25297891328,9408319488
2026-05-06T16:58:57.940922+02:00,-0.002088380964296427,0.17623395744736878,0.22115311528628634,-2.657963520297116,1.3757884931036264,-1.5097964625093931,1.5866411136147351,0.23732333548015483,-0.715842334218796,-0.009111231137520992,-1.2871025346258453,0.4418791205008574,51.0,52.0,51.0,43.0,43.0,25.0,30.0,27.0,52.0,90.91,3975442432,1513410560,1607667712,9.15,8.89,8.86,25297891328,9408319488
2026-05-06T16:58:57.996015+02:00,-0.002088380964296427,0.17623395744736878,0.22115311528628634,-2.657963520297116,1.3757884931036264,-1.5097964625093931,1.5866411136147351,0.23732333548015483,-0.715842334218796,-0.009111231137520992,-1.2871025346258453,0.4418791205008574,51.0,52.0,51.0,43.0,43.0,25.0,30.0,27.0,52.0,90.91,3975442432,1513410560,1607667712,9.15,8.89,8.86,25297891328,9408319488
2026-05-06T16:58:58.047863+02:00,-0.002088380964296427,0.17623395744736878,0.22115311528628634,-2.657963520297116,1.3757884931036264,-1.5097964625093931,1.5866411136147351,0.23732333548015483,-0.715842334218796,-0.009111231137520992,-1.2871025346258453,0.4418791205008574,51.0,52.0,51.0,43.0,43.0,25.0,30.0,27.0,52.0,96.99,3975442432,1516511232,1604538368,9.15,8.89,8.86,25297891328,9408319488
2026-05-06T16:58:58.098662+02:00,-0.002088380964296427,0.17623395744736878,0.22115311528628634,-2.657963520297116,1.3757884931036264,-1.5097964625093931,1.5866411136147351,0.23732333548015483,-0.715842334218796,-0.009111231137520992,-1.2871025346258453,0.4418791205008574,51.0,52.0,51.0,43.0,43.0,25.0,30.0,27.0,52.0,96.99,3975442432,1516511232,1604538368,9.15,8.89,8.86,25297891328,9408319488
2026-05-06T16:58:58.154111+02:00,-0.002088380964296427,0.17623395744736878,0.22115311528628634,-2.657963520297116,1.3757884931036264,-1.5097964625093931,1.5866411136147351,0.23732333548015483,-0.715842334218796,-0.009111231137520992,-1.2871025346258453,0.4418791205008574,51.0,52.0,51.0,43.0,43.0,25.0,30.0,27.0,52.0,96.99,3975442432,1516511232,1604538368,9.15,8.89,8.86,25297891328,9408319488
2026-05-06T16:58:58.204796+02:00,-0.002088380964296427,0.17623395744736878,0.22115311528628634,-2.657963520297116,1.3757884931036264,-1.5097964625093931,1.5866411136147351,0.23732333548015483,-0.715842334218796,-0.009111231137520992,-1.2871025346258453,0.4418791205008574,51.0,52.0,51.0,43.0,43.0,25.0,30.0,27.0,52.0,96.99,3975442432,1516511232,1604538368,9.15,8.89,8.86,25297891328,9408319488
2026-05-06T16:58:58.256438+02:00,-0.002088380964296427,0.17623395744736878,0.22115311528628634,-2.657963520297116,1.3757884931036264,-1.5097964625093931,1.5866411136147351,0.23732333548015483,-0.715842334218796,-0.009111231137520992,-1.2871025346258453,0.4418791205008574,51.0,52.0,51.0,43.0,43.0,25.0,30.0,27.0,52.0,96.99,3975442432,1516511232,1604538368,9.15,8.89,8.86,25297891328,9408319488
2026-05-06T16:58:58.308029+02:00,-0.002088380964296427,0.17623395744736878,0.22115311528628634,-2.657963520297116,1.3757884931036264,-1.5097964625093931,1.5866411136147351,0.23732333548015483,-0.715842334218796,-0.009111231137520992,-1.2871025346258453,0.4418791205008574,51.0,52.0,51.0,43.0,43.0,25.0,30.0,27.0,52.0,96.99,3975442432,1516511232,1604538368,9.15,8.89,8.86,25297891328,9408319488
2026-05-06T16:58:58.363413+02:00,-0.002088380964296427,0.17623395744736878,0.22115311528628634,-2.657963520297116,1.3757884931036264,-1.5097964625093931,1.5866411136147351,0.23732333548015483,-0.715842334218796,-0.009111231137520992,-1.2871025346258453,0.4418791205008574,51.0,52.0,51.0,43.0,43.0,25.0,30.0,27.0,52.0,96.99,3975442432,1516511232,1604538368,9.15,8.89,8.86,25297891328,9408319488
2026-05-06T16:58:58.413487+02:00,-0.002088380964296427,0.17623395744736878,0.22115311528628634,-2.657963520297116,1.3757884931036264,-1.5097964625093931,1.5866411136147351,0.23732333548015483,-0.715842334218796,-0.009111231137520992,-1.2871025346258453,0.4418791205008574,51.0,52.0,51.0,43.0,43.0,25.0,30.0,27.0,52.0,96.99,3975442432,1516511232,1604538368,9.15,8.89,8.86,25297891328,9408319488
2026-05-06T16:58:58.463616+02:00,-0.002088380964296427,0.17623395744736878,0.22115311528628634,-2.657963520297116,1.3757884931036264,-1.5097964625093931,1.5866411136147351,0.23732333548015483,-0.715842334218796,-0.009111231137520992,-1.2871025346258453,0.4418791205008574,51.0,52.0,51.0,43.0,43.0,25.0,30.0,27.0,52.0,96.99,3975442432,1516511232,1604538368,9.15,8.89,8.86,25297891328,9408319488
2026-05-06T16:58:58.517581+02:00,-0.002088380964296427,0.17623395744736878,0.22115311528628634,-2.657963520297116,1.3757884931036264,-1.5097964625093931,1.5866411136147351,0.23732333548015483,-0.715842334218796,-0.009111231137520992,-1.2871025346258453,0.4418791205008574,51.0,52.0,51.0,43.0,43.0,25.0,30.0,27.0,52.0,96.99,3975442432,1516511232,1604538368,9.15,8.89,8.86,25297891328,9408319488
2026-05-06T16:58:58.569334+02:00,-0.002088380964296427,0.17623395744736878,0.22115311528628634,-2.657963520297116,1.3757884931036264,-1.5097964625093931,1.5866411136147351,0.23732333548015483,-0.715842334218796,-0.009111231137520992,-1.2871025346258453,0.4418791205008574,51.0,52.0,51.0,43.0,43.0,25.0,30.0,27.0,52.0,96.99,3975442432,1516511232,1604538368,9.15,8.89,8.86,25297891328,9408319488
2026-05-06T16:58:58.622595+02:00,-0.002088380964296427,0.17623395744736878,0.22115311528628634,-2.657963520297116,1.3757884931036264,-1.5097964625093931,1.5866411136147351,0.23732333548015483,-0.715842334218796,-0.009111231137520992,-1.2871025346258453,0.4418791205008574,51.0,52.0,51.0,43.0,43.0,25.0,30.0,27.0,52.0,96.99,3975442432,1516511232,1604538368,9.15,8.89,8.86,25297891328,9408319488
2026-05-06T16:58:58.673479+02:00,-0.002088380964296427,0.17623395744736878,0.22115311528628634,-2.657963520297116,1.3757884931036264,-1.5097964625093931,1.5866411136147351,0.23732333548015483,-0.715842334218796,-0.009111231137520992,-1.2871025346258453,0.4418791205008574,51.0,52.0,51.0,43.0,43.0,25.0,30.0,27.0,52.0,96.99,3975442432,1516511232,1604538368,9.15,8.89,8.86,25297891328,9408319488
2026-05-06T16:58:58.726194+02:00,-0.002088380964296427,0.17623395744736878,0.22115311528628634,-2.657963520297116,1.3757884931036264,-1.5097964625093931,1.5866411136147351,0.23732333548015483,-0.715842334218796,-0.009111231137520992,-1.2871025346258453,0.4418791205008574,51.0,52.0,51.0,43.0,43.0,25.0,30.0,27.0,52.0,96.99,3975442432,1516511232,1604538368,9.15,8.89,8.86,25297891328,9408319488
2026-05-06T16:58:58.777457+02:00,-0.002088380964296427,0.17623395744736878,0.22115311528628634,-2.657963520297116,1.3757884931036264,-1.5097964625093931,1.5866411136147351,0.23732333548015483,-0.715842334218796,-0.009111231137520992,-1.2871025346258453,0.4418791205008574,51.0,52.0,51.0,43.0,43.0,25.0,30.0,27.0,52.0,96.99,3975442432,1516511232,1604538368,9.15,8.89,8.86,25297891328,9408319488
2026-05-06T16:58:58.832309+02:00,-0.002088380964296427,0.17623395744736878,0.22115311528628634,-2.657963520297116,1.3757884931036264,-1.5097964625093931,1.5866411136147351,0.23732333548015483,-0.715842334218796,-0.009111231137520992,-1.2871025346258453,0.4418791205008574,51.0,52.0,51.0,43.0,43.0,25.0,30.0,27.0,52.0,96.99,3975442432,1516511232,1604538368,9.15,8.89,8.86,25297891328,9408319488
2026-05-06T16:58:58.882848+02:00,-0.002088380964296427,0.17623395744736878,0.22115311528628634,-2.657963520297116,1.3757884931036264,-1.5097964625093931,1.5866411136147351,0.23732333548015483,-0.715842334218796,-0.009111231137520992,-1.2871025346258453,0.4418791205008574,51.0,52.0,51.0,43.0,43.0,25.0,30.0,27.0,52.0,96.99,3975442432,1516511232,1604538368,9.15,8.89,8.86,25297891328,9408319488
2026-05-06T16:58:58.935431+02:00,-0.002088380964296427,0.17623395744736878,0.22115311528628634,-2.657963520297116,1.3757884931036264,-1.5097964625093931,1.5866411136147351,0.23732333548015483,-0.715842334218796,-0.009111231137520992,-1.2871025346258453,0.4418791205008574,51.0,52.0,51.0,43.0,43.0,25.0,30.0,27.0,52.0,96.99,3975442432,1516511232,1604538368,9.15,8.89,8.86,25297891328,9408319488
2026-05-06T16:58:58.986485+02:00,-0.002088380964296427,0.17623395744736878,0.22115311528628634,-2.657963520297116,1.3757884931036264,-1.5097964625093931,1.5866411136147351,0.23732333548015483,-0.715842334218796,-0.009111231137520992,-1.2871025346258453,0.4418791205008574,51.0,52.0,51.0,43.0,43.0,25.0,30.0,27.0,52.0,96.99,3975442432,1516511232,1604538368,9.15,8.89,8.86,25297891328,9408319488
2026-05-06T16:58:59.040634+02:00,-0.002088380964296427,0.17623395744736878,0.22115311528628634,-2.657963520297116,1.3757884931036264,-1.5097964625093931,1.5866411136147351,0.23732333548015483,-0.715842334218796,-0.009111231137520992,-1.2871025346258453,0.4418791205008574,51.0,52.0,51.0,43.0,43.0,25.0,30.0,27.0,52.0,98.11,3975442432,1546674176,1574375424,9.15,8.89,8.86,25297891328,9408319488
2026-05-06T16:58:59.091660+02:00,-0.002088380964296427,0.17623395744736878,0.22115311528628634,-2.657963520297116,1.3757884931036264,-1.5097964625093931,1.5866411136147351,0.23732333548015483,-0.715842334218796,-0.009111231137520992,-1.2871025346258453,0.4418791205008574,51.0,52.0,51.0,43.0,43.0,25.0,30.0,27.0,52.0,98.11,3975442432,1546674176,1574375424,9.15,8.89,8.86,25297891328,9408319488
2026-05-06T16:58:59.146674+02:00,-0.002088380964296427,0.17623395744736878,0.22115311528628634,-2.657963520297116,1.3757884931036264,-1.5097964625093931,1.5866411136147351,0.23732333548015483,-0.715842334218796,-0.009111231137520992,-1.2871025346258453,0.4418791205008574,51.0,52.0,51.0,43.0,43.0,25.0,30.0,27.0,53.0,98.11,3975442432,1546674176,1574375424,9.15,8.89,8.86,25297891328,9408319488
2026-05-06T16:58:59.201929+02:00,-0.002088380964296427,0.17623395744736878,0.22115311528628634,-2.657963520297116,1.3757884931036264,-1.5097964625093931,1.5866411136147351,0.23732333548015483,-0.715842334218796,-0.009111231137520992,-1.2871025346258453,0.4418791205008574,51.0,52.0,51.0,43.0,43.0,25.0,30.0,27.0,53.0,98.11,3975442432,1546674176,1574375424,9.15,8.89,8.86,25297891328,9408319488
2026-05-06T16:58:59.252945+02:00,-0.002088380964296427,0.17623395744736878,0.22115311528628634,-2.657963520297116,1.3757884931036264,-1.5097964625093931,1.5866411136147351,0.23732333548015483,-0.715842334218796,-0.009111231137520992,-1.2871025346258453,0.4418791205008574,51.0,52.0,51.0,43.0,43.0,25.0,30.0,27.0,53.0,98.11,3975442432,1546674176,1574375424,9.15,8.89,8.86,25297891328,9408319488
2026-05-06T16:58:59.304097+02:00,-0.002088380964296427,0.17623395744736878,0.22115311528628634,-2.657963520297116,1.3757884931036264,-1.5097964625093931,1.5866411136147351,0.23732333548015483,-0.715842334218796,-0.009111231137520992,-1.2871025346258453,0.4418791205008574,51.0,52.0,51.0,43.0,43.0,25.0,30.0,27.0,53.0,98.11,3975442432,1546674176,1574375424,9.15,8.89,8.86,25297891328,9408319488
2026-05-06T16:58:59.358117+02:00,-0.002088380964296427,0.17623395744736878,0.22115311528628634,-2.657963520297116,1.3757884931036264,-1.5097964625093931,1.5866411136147351,0.23732333548015483,-0.715842334218796,-0.009111231137520992,-1.2871025346258453,0.4418791205008574,51.0,52.0,51.0,43.0,43.0,25.0,30.0,27.0,53.0,98.11,3975442432,1546674176,1574375424,9.15,8.89,8.86,25297891328,9408319488
2026-05-06T16:58:59.412676+02:00,-0.002088380964296427,0.17623395744736878,0.22115311528628634,-2.657963520297116,1.3757884931036264,-1.5097964625093931,1.5866411136147351,0.23732333548015483,-0.715842334218796,-0.009111231137520992,-1.2871025346258453,0.4418791205008574,51.0,52.0,51.0,43.0,43.0,25.0,30.0,27.0,53.0,98.11,3975442432,1546674176,1574375424,9.15,8.89,8.86,25297891328,9408319488
2026-05-06T16:58:59.464043+02:00,-0.002088380964296427,0.17623395744736878,0.22115311528628634,-2.657963520297116,1.3757884931036264,-1.5097964625093931,1.5866411136147351,0.23732333548015483,-0.715842334218796,-0.009111231137520992,-1.2871025346258453,0.4418791205008574,51.0,52.0,51.0,43.0,43.0,25.0,30.0,27.0,53.0,98.11,3975442432,1546674176,1574375424,9.15,8.89,8.86,25297891328,9408319488
2026-05-06T16:58:59.514214+02:00,-0.002088380964296427,0.17623395744736878,0.22115311528628634,-2.657963520297116,1.3757884931036264,-1.5097964625093931,1.5866411136147351,0.23732333548015483,-0.715842334218796,-0.009111231137520992,-1.2871025346258453,0.4418791205008574,51.0,52.0,51.0,43.0,43.0,25.0,30.0,27.0,53.0,98.11,3975442432,1546674176,1574375424,9.15,8.89,8.86,25297891328,9408319488
2026-05-06T16:58:59.564858+02:00,-0.002088380964296427,0.17623395744736878,0.22115311528628634,-2.657963520297116,1.3757884931036264,-1.5097964625093931,1.5866411136147351,0.23732333548015483,-0.715842334218796,-0.009111231137520992,-1.2871025346258453,0.4418791205008574,51.0,52.0,51.0,43.0,43.0,25.0,30.0,27.0,53.0,98.11,3975442432,1546674176,1574375424,9.15,8.89,8.86,25297891328,9408319488
2026-05-06T16:58:59.615961+02:00,-0.002088380964296427,0.17623395744736878,0.22115311528628634,-2.657963520297116,1.3757884931036264,-1.5097964625093931,1.5866411136147351,0.23732333548015483,-0.715842334218796,-0.009111231137520992,-1.2871025346258453,0.4418791205008574,51.0,52.0,51.0,43.0,43.0,25.0,30.0,27.0,53.0,98.11,3975442432,1546674176,1574375424,9.15,8.89,8.86,25297891328,9408319488
2026-05-06T16:58:59.667033+02:00,-0.002088380964296427,0.17623395744736878,0.22115311528628634,-2.657963520297116,1.3757884931036264,-1.5097964625093931,1.5866411136147351,0.23732333548015483,-0.715842334218796,-0.009111231137520992,-1.2871025346258453,0.4418791205008574,51.0,52.0,51.0,43.0,43.0,25.0,30.0,27.0,53.0,98.11,3975442432,1546674176,1574375424,9.15,8.89,8.86,25297891328,9408319488
2026-05-06T16:58:59.717529+02:00,-0.002088380964296427,0.17623395744736878,0.22115311528628634,-2.657963520297116,1.3757884931036264,-1.5097964625093931,1.5866411136147351,0.23732333548015483,-0.715842334218796,-0.009111231137520992,-1.2871025346258453,0.4418791205008574,51.0,52.0,51.0,43.0,43.0,25.0,30.0,27.0,53.0,98.11,3975442432,1546674176,1574375424,9.15,8.89,8.86,25297891328,9408319488
2026-05-06T16:58:59.769309+02:00,-0.002088380964296427,0.17623395744736878,0.22115311528628634,-2.657963520297116,1.3757884931036264,-1.5097964625093931,1.5866411136147351,0.23732333548015483,-0.715842334218796,-0.009111231137520992,-1.2871025346258453,0.4418791205008574,51.0,52.0,51.0,43.0,43.0,25.0,30.0,27.0,53.0,98.11,3975442432,1546674176,1574375424,9.15,8.89,8.86,25297891328,9408319488
2026-05-06T16:58:59.819494+02:00,-0.002088380964296427,0.17623395744736878,0.22115311528628634,-2.657963520297116,1.3757884931036264,-1.5097964625093931,1.5866411136147351,0.23732333548015483,-0.715842334218796,-0.009111231137520992,-1.2871025346258453,0.4418791205008574,51.0,52.0,51.0,43.0,43.0,25.0,30.0,27.0,53.0,98.11,3975442432,1546674176,1574375424,9.15,8.89,8.86,25297891328,9408319488
2026-05-06T16:58:59.872849+02:00,-0.002088380964296427,0.17623395744736878,0.22115311528628634,-2.657963520297116,1.3757884931036264,-1.5097964625093931,1.5866411136147351,0.23732333548015483,-0.715842334218796,-0.009111231137520992,-1.2871025346258453,0.4418791205008574,51.0,52.0,51.0,43.0,43.0,25.0,30.0,27.0,53.0,98.11,3975442432,1546674176,1574375424,9.15,8.89,8.86,25297891328,9408319488
2026-05-06T16:58:59.928264+02:00,-0.002088380964296427,0.17623395744736878,0.22115311528628634,-2.657963520297116,1.3757884931036264,-1.5097964625093931,1.5866411136147351,0.23732333548015483,-0.715842334218796,-0.009111231137520992,-1.2871025346258453,0.4418791205008574,51.0,52.0,51.0,43.0,43.0,25.0,30.0,27.0,53.0,98.11,3975442432,1546674176,1574375424,9.15,8.89,8.86,25297891328,9408319488
2026-05-06T16:58:59.978647+02:00,-0.002088380964296427,0.17623395744736878,0.22115311528628634,-2.657963520297116,1.3757884931036264,-1.5097964625093931,1.5866411136147351,0.23732333548015483,-0.715842334218796,-0.009111231137520992,-1.2871025346258453,0.4418791205008574,51.0,52.0,51.0,43.0,43.0,25.0,30.0,27.0,53.0,98.11,3975442432,1546674176,1574375424,9.15,8.89,8.86,25297891328,9408319488
2026-05-06T16:59:00.030503+02:00,-0.002088380964296427,0.17623395744736878,0.22115311528628634,-2.657963520297116,1.3757884931036264,-1.5097964625093931,1.5866411136147351,0.23732333548015483,-0.715842334218796,-0.009111231137520992,-1.2871025346258453,0.4418791205008574,51.0,52.0,51.0,43.0,43.0,25.0,30.0,27.0,53.0,98.11,3975442432,1546674176,1574375424,9.15,8.89,8.86,25297891328,9408319488
2026-05-06T16:59:00.085528+02:00,-0.002088380964296427,0.17623395744736878,0.22115311528628634,-2.657963520297116,1.3757884931036264,-1.5097964625093931,1.5866411136147351,0.23732333548015483,-0.715842334218796,-0.009111231137520992,-1.2871025346258453,0.4418791205008574,51.0,52.0,51.0,43.0,43.0,25.0,30.0,27.0,53.0,98.11,3975442432,1546674176,1574375424,9.15,8.89,8.86,25297891328,9408319488
2026-05-06T16:59:00.136177+02:00,-0.002088380964296427,0.17623395744736878,0.22115311528628634,-2.657963520297116,1.3757884931036264,-1.5097964625093931,1.5866411136147351,0.23732333548015483,-0.715842334218796,-0.009111231137520992,-1.2871025346258453,0.4418791205008574,51.0,52.0,51.0,43.0,43.0,25.0,30.0,27.0,53.0,86.21,3975442432,1550114816,1570881536,9.15,8.89,8.86,25297891328,9408319488
2026-05-06T16:59:00.190860+02:00,-0.002088380964296427,0.17623395744736878,0.22115311528628634,-2.657963520297116,1.3757884931036264,-1.5097964625093931,1.5866411136147351,0.23732333548015483,-0.715842334218796,-0.009111231137520992,-1.2871025346258453,0.4418791205008574,51.0,52.0,51.0,43.0,43.0,25.0,30.0,27.0,53.0,86.21,3975442432,1550114816,1570881536,9.15,8.89,8.86,25297891328,9408319488
2026-05-06T16:59:00.242663+02:00,-0.002088380964296427,0.17623395744736878,0.22115311528628634,-2.657963520297116,1.3757884931036264,-1.5097964625093931,1.5866411136147351,0.23732333548015483,-0.715842334218796,-0.009111231137520992,-1.2871025346258453,0.4418791205008574,51.0,52.0,51.0,43.0,43.0,25.0,30.0,27.0,53.0,86.21,3975442432,1550114816,1570881536,9.15,8.89,8.86,25297891328,9408319488
2026-05-06T16:59:00.297691+02:00,-0.002088380964296427,0.17623395744736878,0.22115311528628634,-2.657963520297116,1.3757884931036264,-1.5097964625093931,1.5866411136147351,0.23732333548015483,-0.715842334218796,-0.009111231137520992,-1.2871025346258453,0.4418791205008574,51.0,52.0,51.0,43.0,43.0,25.0,30.0,27.0,53.0,86.21,3975442432,1550114816,1570881536,9.15,8.89,8.86,25297891328,9408319488
2026-05-06T16:59:00.351926+02:00,-0.002088380964296427,0.17623395744736878,0.22115311528628634,-2.657963520297116,1.3757884931036264,-1.5097964625093931,1.5866411136147351,0.23732333548015483,-0.715842334218796,-0.009111231137520992,-1.2871025346258453,0.4418791205008574,51.0,52.0,51.0,43.0,43.0,25.0,30.0,27.0,53.0,86.21,3975442432,1550114816,1570881536,9.15,8.89,8.86,25297891328,9408319488
2026-05-06T16:59:00.406099+02:00,-0.002088380964296427,0.17623395744736878,0.22115311528628634,-2.657963520297116,1.3757884931036264,-1.5097964625093931,1.5866411136147351,0.23732333548015483,-0.715842334218796,-0.009111231137520992,-1.2871025346258453,0.4418791205008574,51.0,52.0,51.0,43.0,43.0,25.0,30.0,27.0,53.0,86.21,3975442432,1550114816,1570881536,9.15,8.89,8.86,25297891328,9408319488
2026-05-06T16:59:00.461115+02:00,-0.002088380964296427,0.17623395744736878,0.22115311528628634,-2.657963520297116,1.3757884931036264,-1.5097964625093931,1.5866411136147351,0.23732333548015483,-0.715842334218796,-0.009111231137520992,-1.2871025346258453,0.4418791205008574,51.0,52.0,51.0,43.0,43.0,25.0,30.0,27.0,53.0,86.21,3975442432,1550114816,1570881536,9.15,8.89,8.86,25297891328,9408319488
2026-05-06T16:59:00.511770+02:00,-0.002088380964296427,0.17623395744736878,0.22115311528628634,-2.657963520297116,1.3757884931036264,-1.5097964625093931,1.5866411136147351,0.23732333548015483,-0.715842334218796,-0.009111231137520992,-1.2871025346258453,0.4418791205008574,51.0,52.0,51.0,43.0,43.0,25.0,30.0,27.0,53.0,86.21,3975442432,1550114816,1570881536,9.15,8.89,8.86,25297891328,9408319488
2026-05-06T16:59:00.562693+02:00,-0.002088380964296427,0.17623395744736878,0.22115311528628634,-2.657963520297116,1.3757884931036264,-1.5097964625093931,1.5866411136147351,0.23732333548015483,-0.715842334218796,-0.009111231137520992,-1.2871025346258453,0.4418791205008574,51.0,52.0,51.0,43.0,43.0,25.0,30.0,27.0,53.0,86.21,3975442432,1550114816,1570881536,9.15,8.89,8.86,25297891328,9408319488
2026-05-06T16:59:00.614419+02:00,-0.002088380964296427,0.17623395744736878,0.22115311528628634,-2.657963520297116,1.3757884931036264,-1.5097964625093931,1.5866411136147351,0.23732333548015483,-0.715842334218796,-0.009111231137520992,-1.2871025346258453,0.4418791205008574,51.0,52.0,51.0,43.0,43.0,25.0,30.0,27.0,53.0,86.21,3975442432,1550114816,1570881536,9.15,8.89,8.86,25297891328,9408319488
2026-05-06T16:59:00.669434+02:00,-0.002088380964296427,0.17623395744736878,0.22115311528628634,-2.657963520297116,1.3757884931036264,-1.5097964625093931,1.5866411136147351,0.23732333548015483,-0.715842334218796,-0.009111231137520992,-1.2871025346258453,0.4418791205008574,51.0,52.0,51.0,43.0,43.0,25.0,30.0,27.0,53.0,86.21,3975442432,1550114816,1570881536,9.15,8.89,8.86,25297891328,9408319488
2026-05-06T16:59:00.722610+02:00,-0.002088380964296427,0.17623395744736878,0.22115311528628634,-2.657963520297116,1.3757884931036264,-1.5097964625093931,1.5866411136147351,0.23732333548015483,-0.715842334218796,-0.009111231137520992,-1.2871025346258453,0.4418791205008574,51.0,52.0,51.0,43.0,43.0,25.0,30.0,27.0,53.0,86.21,3975442432,1550114816,1570881536,9.15,8.89,8.86,25297891328,9408319488
2026-05-06T16:59:00.772824+02:00,-0.002088380964296427,0.17623395744736878,0.22115311528628634,-2.657963520297116,1.3757884931036264,-1.5097964625093931,1.5866411136147351,0.23732333548015483,-0.715842334218796,-0.009111231137520992,-1.2871025346258453,0.4418791205008574,51.0,52.0,51.0,43.0,43.0,25.0,30.0,27.0,53.0,86.21,3975442432,1550114816,1570881536,9.15,8.89,8.86,25297891328,9408319488
2026-05-06T16:59:00.828363+02:00,-0.002088380964296427,0.17623395744736878,0.22115311528628634,-2.657963520297116,1.3757884931036264,-1.5097964625093931,1.5866411136147351,0.23732333548015483,-0.715842334218796,-0.009111231137520992,-1.2871025346258453,0.4418791205008574,51.0,52.0,51.0,43.0,43.0,25.0,30.0,27.0,53.0,86.21,3975442432,1550114816,1570881536,9.15,8.89,8.86,25297891328,9408319488
2026-05-06T16:59:00.881899+02:00,-0.002088380964296427,0.17623395744736878,0.22115311528628634,-2.657963520297116,1.3757884931036264,-1.5097964625093931,1.5866411136147351,0.23732333548015483,-0.715842334218796,-0.009111231137520992,-1.2871025346258453,0.4418791205008574,51.0,52.0,51.0,43.0,43.0,25.0,30.0,27.0,53.0,86.21,3975442432,1550114816,1570881536,9.15,8.89,8.86,25297891328,9408319488
2026-05-06T16:59:00.932425+02:00,-0.002088380964296427,0.17623395744736878,0.22115311528628634,-2.657963520297116,1.3757884931036264,-1.5097964625093931,1.5866411136147351,0.23732333548015483,-0.715842334218796,-0.009111231137520992,-1.2871025346258453,0.4418791205008574,51.0,52.0,51.0,43.0,43.0,25.0,30.0,27.0,53.0,86.21,3975442432,1550114816,1570881536,9.15,8.89,8.86,25297891328,9408319488
2026-05-06T16:59:00.985384+02:00,-0.002088380964296427,0.17623395744736878,0.22115311528628634,-2.657963520297116,1.3757884931036264,-1.5097964625093931,1.5866411136147351,0.23732333548015483,-0.715842334218796,-0.009111231137520992,-1.2871025346258453,0.4418791205008574,51.0,52.0,51.0,43.0,43.0,25.0,30.0,27.0,53.0,86.21,3975442432,1550114816,1570881536,9.15,8.89,8.86,25297891328,9408319488
2026-05-06T16:59:01.035570+02:00,-0.002088380964296427,0.17623395744736878,0.22115311528628634,-2.657963520297116,1.3757884931036264,-1.5097964625093931,1.5866411136147351,0.23732333548015483,-0.715842334218796,-0.009111231137520992,-1.2871025346258453,0.4418791205008574,51.0,52.0,51.0,43.0,43.0,25.0,30.0,27.0,53.0,86.21,3975442432,1550114816,1570881536,9.15,8.89,8.86,25297891328,9408319488
2026-05-06T16:59:01.089554+02:00,-0.002088380964296427,0.17623395744736878,0.22115311528628634,-2.657963520297116,1.3757884931036264,-1.5097964625093931,1.5866411136147351,0.23732333548015483,-0.715842334218796,-0.009111231137520992,-1.2871025346258453,0.4418791205008574,51.0,52.0,51.0,43.0,43.0,25.0,30.0,27.0,53.0,87.12,3975442432,1551273984,1569771520,9.06,8.87,8.86,25297891328,9408319488
2026-05-06T16:59:01.142993+02:00,-0.002088380964296427,0.17623395744736878,0.22115311528628634,-2.657963520297116,1.3757884931036264,-1.5097964625093931,1.5866411136147351,0.23732333548015483,-0.715842334218796,-0.009111231137520992,-1.2871025346258453,0.4418791205008574,51.0,52.0,51.0,43.0,43.0,25.0,30.0,27.0,53.0,87.12,3975442432,1551273984,1569771520,9.06,8.87,8.86,25297891328,9408319488
2026-05-06T16:59:01.194124+02:00,-0.002088380964296427,0.17623395744736878,0.22115311528628634,-2.657963520297116,1.3757884931036264,-1.5097964625093931,1.5866411136147351,0.23732333548015483,-0.715842334218796,-0.009111231137520992,-1.2871025346258453,0.4418791205008574,51.0,52.0,51.0,43.0,43.0,25.0,30.0,27.0,53.0,87.12,3975442432,1551273984,1569771520,9.06,8.87,8.86,25297891328,9408319488
2026-05-06T16:59:01.245847+02:00,-0.002088380964296427,0.17623395744736878,0.22115311528628634,-2.657963520297116,1.3757884931036264,-1.5097964625093931,1.5866411136147351,0.23732333548015483,-0.715842334218796,-0.009111231137520992,-1.2871025346258453,0.4418791205008574,51.0,52.0,51.0,43.0,43.0,25.0,30.0,27.0,53.0,87.12,3975442432,1551273984,1569771520,9.06,8.87,8.86,25297891328,9408319488
2026-05-06T16:59:01.295928+02:00,-0.002088380964296427,0.17623395744736878,0.22115311528628634,-2.657963520297116,1.3757884931036264,-1.5097964625093931,1.5866411136147351,0.23732333548015483,-0.715842334218796,-0.009111231137520992,-1.2871025346258453,0.4418791205008574,51.0,52.0,51.0,43.0,43.0,25.0,30.0,27.0,53.0,87.12,3975442432,1551273984,1569771520,9.06,8.87,8.86,25297891328,9408319488
2026-05-06T16:59:01.347152+02:00,-0.002088380964296427,0.17623395744736878,0.22115311528628634,-2.657963520297116,1.3757884931036264,-1.5097964625093931,1.5866411136147351,0.23732333548015483,-0.715842334218796,-0.009111231137520992,-1.2871025346258453,0.4418791205008574,51.0,52.0,51.0,43.0,43.0,25.0,30.0,27.0,53.0,87.12,3975442432,1551273984,1569771520,9.06,8.87,8.86,25297891328,9408319488
2026-05-06T16:59:01.402171+02:00,-0.002088380964296427,0.17623395744736878,0.22115311528628634,-2.657963520297116,1.3757884931036264,-1.5097964625093931,1.5866411136147351,0.23732333548015483,-0.715842334218796,-0.009111231137520992,-1.2871025346258453,0.4418791205008574,51.0,52.0,51.0,43.0,43.0,25.0,30.0,27.0,53.0,87.12,3975442432,1551273984,1569771520,9.06,8.87,8.86,25297891328,9408319488
2026-05-06T16:59:01.455464+02:00,-0.002088380964296427,0.17623395744736878,0.22115311528628634,-2.657963520297116,1.3757884931036264,-1.5097964625093931,1.5866411136147351,0.23732333548015483,-0.715842334218796,-0.009111231137520992,-1.2871025346258453,0.4418791205008574,51.0,52.0,51.0,43.0,43.0,25.0,30.0,27.0,53.0,87.12,3975442432,1551273984,1569771520,9.06,8.87,8.86,25297891328,9408319488
2026-05-06T16:59:01.507124+02:00,-0.002088380964296427,0.17623395744736878,0.22115311528628634,-2.657963520297116,1.3757884931036264,-1.5097964625093931,1.5866411136147351,0.23732333548015483,-0.715842334218796,-0.009111231137520992,-1.2871025346258453,0.4418791205008574,51.0,52.0,51.0,43.0,43.0,25.0,30.0,27.0,53.0,87.12,3975442432,1551273984,1569771520,9.06,8.87,8.86,25297891328,9408319488
2026-05-06T16:59:01.557463+02:00,-0.002088380964296427,0.17623395744736878,0.22115311528628634,-2.657963520297116,1.3757884931036264,-1.5097964625093931,1.5866411136147351,0.23732333548015483,-0.715842334218796,-0.009111231137520992,-1.2871025346258453,0.4418791205008574,51.0,52.0,51.0,43.0,43.0,25.0,30.0,27.0,53.0,87.12,3975442432,1551273984,1569771520,9.06,8.87,8.86,25297891328,9408319488
2026-05-06T16:59:01.607550+02:00,-0.002088380964296427,0.17623395744736878,0.22115311528628634,-2.657963520297116,1.3757884931036264,-1.5097964625093931,1.5866411136147351,0.23732333548015483,-0.715842334218796,-0.009111231137520992,-1.2871025346258453,0.4418791205008574,51.0,52.0,51.0,43.0,43.0,25.0,30.0,27.0,53.0,87.12,3975442432,1551273984,1569771520,9.06,8.87,8.86,25297891328,9408319488
2026-05-06T16:59:01.658437+02:00,-0.002088380964296427,0.17623395744736878,0.22115311528628634,-2.657963520297116,1.3757884931036264,-1.5097964625093931,1.5866411136147351,0.23732333548015483,-0.715842334218796,-0.009111231137520992,-1.2871025346258453,0.4418791205008574,51.0,52.0,51.0,43.0,43.0,25.0,30.0,27.0,53.0,87.12,3975442432,1551273984,1569771520,9.06,8.87,8.86,25297891328,9408319488
2026-05-06T16:59:01.711421+02:00,-0.002088380964296427,0.17623395744736878,0.22115311528628634,-2.657963520297116,1.3757884931036264,-1.5097964625093931,1.5866411136147351,0.23732333548015483,-0.715842334218796,-0.009111231137520992,-1.2871025346258453,0.4418791205008574,51.0,52.0,51.0,43.0,43.0,25.0,30.0,27.0,53.0,87.12,3975442432,1551273984,1569771520,9.06,8.87,8.86,25297891328,9408319488
2026-05-06T16:59:01.762658+02:00,-0.002088380964296427,0.17623395744736878,0.22115311528628634,-2.657963520297116,1.3757884931036264,-1.5097964625093931,1.5866411136147351,0.23732333548015483,-0.715842334218796,-0.009111231137520992,-1.2871025346258453,0.4418791205008574,51.0,52.0,51.0,43.0,43.0,25.0,30.0,27.0,53.0,87.12,3975442432,1551273984,1569771520,9.06,8.87,8.86,25297891328,9408319488
2026-05-06T16:59:01.814107+02:00,-0.002088380964296427,0.17623395744736878,0.22115311528628634,-2.657963520297116,1.3757884931036264,-1.5097964625093931,1.5866411136147351,0.23732333548015483,-0.715842334218796,-0.009111231137520992,-1.2871025346258453,0.4418791205008574,51.0,52.0,51.0,43.0,43.0,25.0,30.0,27.0,53.0,87.12,3975442432,1551273984,1569771520,9.06,8.87,8.86,25297891328,9408319488
2026-05-06T16:59:01.864490+02:00,-0.002088380964296427,0.17623395744736878,0.22115311528628634,-2.657963520297116,1.3757884931036264,-1.5097964625093931,1.5866411136147351,0.23732333548015483,-0.715842334218796,-0.009111231137520992,-1.2871025346258453,0.4418791205008574,51.0,52.0,51.0,43.0,43.0,25.0,30.0,27.0,53.0,87.12,3975442432,1551273984,1569771520,9.06,8.87,8.86,25297891328,9408319488
2026-05-06T16:59:01.914722+02:00,-0.002088380964296427,0.17623395744736878,0.22115311528628634,-2.657963520297116,1.3757884931036264,-1.5097964625093931,1.5866411136147351,0.23732333548015483,-0.715842334218796,-0.009111231137520992,-1.2871025346258453,0.4418791205008574,51.0,52.0,51.0,43.0,43.0,25.0,30.0,27.0,53.0,87.12,3975442432,1551273984,1569771520,9.06,8.87,8.86,25297891328,9408319488
2026-05-06T16:59:01.968682+02:00,-0.002088380964296427,0.17623395744736878,0.22115311528628634,-2.657963520297116,1.3757884931036264,-1.5097964625093931,1.5866411136147351,0.23732333548015483,-0.715842334218796,-0.009111231137520992,-1.2871025346258453,0.4418791205008574,51.0,52.0,51.0,43.0,43.0,25.0,30.0,27.0,53.0,87.12,3975442432,1551273984,1569771520,9.06,8.87,8.86,25297891328,9408319488
2026-05-06T16:59:02.021095+02:00,-0.002088380964296427,0.17623395744736878,0.22115311528628634,-2.657963520297116,1.3757884931036264,-1.5097964625093931,1.5866411136147351,0.23732333548015483,-0.715842334218796,-0.009111231137520992,-1.2871025346258453,0.4418791205008574,51.0,52.0,51.0,43.0,43.0,25.0,30.0,27.0,53.0,87.12,3975442432,1551273984,1569771520,9.06,8.87,8.86,25297891328,9408319488
2026-05-06T16:59:02.071579+02:00,-0.002088380964296427,0.17623395744736878,0.22115311528628634,-2.657963520297116,1.3757884931036264,-1.5097964625093931,1.5866411136147351,0.23732333548015483,-0.715842334218796,-0.009111231137520992,-1.2871025346258453,0.4418791205008574,51.0,52.0,51.0,43.0,43.0,25.0,30.0,27.0,53.0,87.12,3975442432,1551273984,1569771520,9.06,8.87,8.86,25297891328,9408319488
2026-05-06T16:59:02.122990+02:00,-0.002088380964296427,0.17623395744736878,0.22115311528628634,-2.657963520297116,1.3757884931036264,-1.5097964625093931,1.5866411136147351,0.23732333548015483,-0.715842334218796,-0.009111231137520992,-1.2871025346258453,0.4418791205008574,51.0,52.0,51.0,43.0,43.0,25.0,30.0,27.0,53.0,85.82,3975442432,1514242048,1606795264,9.06,8.87,8.86,25297891328,9408319488
2026-05-06T16:59:02.173397+02:00,-0.002088380964296427,0.17623395744736878,0.22115311528628634,-2.657963520297116,1.3757884931036264,-1.5097964625093931,1.5866411136147351,0.23732333548015483,-0.715842334218796,-0.009111231137520992,-1.2871025346258453,0.4418791205008574,51.0,52.0,51.0,43.0,43.0,25.0,30.0,27.0,53.0,85.82,3975442432,1514242048,1606795264,9.06,8.87,8.86,25297891328,9408319488
2026-05-06T16:59:02.226493+02:00,-0.002088380964296427,0.17623395744736878,0.22115311528628634,-2.657963520297116,1.3757884931036264,-1.5097964625093931,1.5866411136147351,0.23732333548015483,-0.715842334218796,-0.009111231137520992,-1.2871025346258453,0.4418791205008574,51.0,52.0,51.0,43.0,43.0,25.0,30.0,27.0,53.0,85.82,3975442432,1514242048,1606795264,9.06,8.87,8.86,25297891328,9408319488
2026-05-06T16:59:02.278007+02:00,-0.002088380964296427,0.17623395744736878,0.22115311528628634,-2.657963520297116,1.3757884931036264,-1.5097964625093931,1.5866411136147351,0.23732333548015483,-0.715842334218796,-0.009111231137520992,-1.2871025346258453,0.4418791205008574,51.0,52.0,51.0,43.0,43.0,25.0,30.0,27.0,53.0,85.82,3975442432,1514242048,1606795264,9.06,8.87,8.86,25297891328,9408319488
2026-05-06T16:59:02.329849+02:00,-0.002088380964296427,0.17623395744736878,0.22115311528628634,-2.657963520297116,1.3757884931036264,-1.5097964625093931,1.5866411136147351,0.23732333548015483,-0.715842334218796,-0.009111231137520992,-1.2871025346258453,0.4418791205008574,51.0,52.0,51.0,43.0,43.0,25.0,30.0,27.0,53.0,85.82,3975442432,1514242048,1606795264,9.06,8.87,8.86,25297891328,9408319488
2026-05-06T16:59:02.380528+02:00,-0.002088380964296427,0.17623395744736878,0.22115311528628634,-2.657963520297116,1.3757884931036264,-1.5097964625093931,1.5866411136147351,0.23732333548015483,-0.715842334218796,-0.009111231137520992,-1.2871025346258453,0.4418791205008574,51.0,52.0,51.0,43.0,43.0,25.0,30.0,27.0,53.0,85.82,3975442432,1514242048,1606795264,9.06,8.87,8.86,25297891328,9408319488
2026-05-06T16:59:02.432261+02:00,-0.002088380964296427,0.17623395744736878,0.22115311528628634,-2.657963520297116,1.3757884931036264,-1.5097964625093931,1.5866411136147351,0.23732333548015483,-0.715842334218796,-0.009111231137520992,-1.2871025346258453,0.4418791205008574,51.0,52.0,51.0,43.0,43.0,25.0,30.0,27.0,53.0,85.82,3975442432,1514242048,1606795264,9.06,8.87,8.86,25297891328,9408319488
2026-05-06T16:59:02.483813+02:00,-0.002088380964296427,0.17623395744736878,0.22115311528628634,-2.657963520297116,1.3757884931036264,-1.5097964625093931,1.5866411136147351,0.23732333548015483,-0.715842334218796,-0.009111231137520992,-1.2871025346258453,0.4418791205008574,51.0,52.0,51.0,43.0,43.0,25.0,30.0,27.0,53.0,85.82,3975442432,1514242048,1606795264,9.06,8.87,8.86,25297891328,9408319488
2026-05-06T16:59:02.535750+02:00,-0.002088380964296427,0.17623395744736878,0.22115311528628634,-2.657963520297116,1.3757884931036264,-1.5097964625093931,1.5866411136147351,0.23732333548015483,-0.715842334218796,-0.009111231137520992,-1.2871025346258453,0.4418791205008574,51.0,52.0,51.0,43.0,43.0,25.0,30.0,27.0,53.0,85.82,3975442432,1514242048,1606795264,9.06,8.87,8.86,25297891328,9408319488
2026-05-06T16:59:02.589019+02:00,-0.002088380964296427,0.17623395744736878,0.22115311528628634,-2.657963520297116,1.3757884931036264,-1.5097964625093931,1.5866411136147351,0.23732333548015483,-0.715842334218796,-0.009111231137520992,-1.2871025346258453,0.4418791205008574,51.0,52.0,51.0,43.0,43.0,25.0,30.0,27.0,53.0,85.82,3975442432,1514242048,1606795264,9.06,8.87,8.86,25297891328,9408319488
2026-05-06T16:59:02.639364+02:00,-0.002088380964296427,0.17623395744736878,0.22115311528628634,-2.657963520297116,1.3757884931036264,-1.5097964625093931,1.5866411136147351,0.23732333548015483,-0.715842334218796,-0.009111231137520992,-1.2871025346258453,0.4418791205008574,51.0,52.0,51.0,43.0,43.0,25.0,30.0,27.0,53.0,85.82,3975442432,1514242048,1606795264,9.06,8.87,8.86,25297891328,9408319488
2026-05-06T16:59:02.689467+02:00,-0.002088380964296427,0.17623395744736878,0.22115311528628634,-2.657963520297116,1.3757884931036264,-1.5097964625093931,1.5866411136147351,0.23732333548015483,-0.715842334218796,-0.009111231137520992,-1.2871025346258453,0.4418791205008574,51.0,52.0,51.0,43.0,43.0,25.0,30.0,27.0,53.0,85.82,3975442432,1514242048,1606795264,9.06,8.87,8.86,25297891328,9408319488
2026-05-06T16:59:02.742205+02:00,-0.002088380964296427,0.17623395744736878,0.22115311528628634,-2.657963520297116,1.3757884931036264,-1.5097964625093931,1.5866411136147351,0.23732333548015483,-0.715842334218796,-0.009111231137520992,-1.2871025346258453,0.4418791205008574,51.0,52.0,51.0,43.0,43.0,25.0,30.0,27.0,53.0,85.82,3975442432,1514242048,1606795264,9.06,8.87,8.86,25297891328,9408319488
2026-05-06T16:59:02.797259+02:00,-0.002088380964296427,0.17623395744736878,0.22115311528628634,-2.657963520297116,1.3757884931036264,-1.5097964625093931,1.5866411136147351,0.23732333548015483,-0.715842334218796,-0.009111231137520992,-1.2871025346258453,0.4418791205008574,51.0,52.0,51.0,43.0,43.0,25.0,30.0,27.0,53.0,85.82,3975442432,1514242048,1606795264,9.06,8.87,8.86,25297891328,9408319488
2026-05-06T16:59:02.852244+02:00,-0.002088380964296427,0.17623395744736878,0.22115311528628634,-2.657963520297116,1.3757884931036264,-1.5097964625093931,1.5866411136147351,0.23732333548015483,-0.715842334218796,-0.009111231137520992,-1.2871025346258453,0.4418791205008574,51.0,52.0,51.0,43.0,43.0,25.0,30.0,27.0,53.0,85.82,3975442432,1514242048,1606795264,9.06,8.87,8.86,25297891328,9408319488
2026-05-06T16:59:02.905727+02:00,-0.002088380964296427,0.17623395744736878,0.22115311528628634,-2.657963520297116,1.3757884931036264,-1.5097964625093931,1.5866411136147351,0.23732333548015483,-0.715842334218796,-0.009111231137520992,-1.2871025346258453,0.4418791205008574,51.0,52.0,51.0,43.0,43.0,25.0,30.0,27.0,53.0,85.82,3975442432,1514242048,1606795264,9.06,8.87,8.86,25297891328,9408319488
2026-05-06T16:59:02.959194+02:00,-0.002088380964296427,0.17623395744736878,0.22115311528628634,-2.657963520297116,1.3757884931036264,-1.5097964625093931,1.5866411136147351,0.23732333548015483,-0.715842334218796,-0.009111231137520992,-1.2871025346258453,0.4418791205008574,51.0,52.0,51.0,43.0,43.0,25.0,30.0,27.0,53.0,85.82,3975442432,1514242048,1606795264,9.06,8.87,8.86,25297891328,9408319488
2026-05-06T16:59:03.014210+02:00,-0.002088380964296427,0.17623395744736878,0.22115311528628634,-2.657963520297116,1.3757884931036264,-1.5097964625093931,1.5866411136147351,0.23732333548015483,-0.715842334218796,-0.009111231137520992,-1.2871025346258453,0.4418791205008574,51.0,52.0,51.0,43.0,43.0,25.0,30.0,27.0,53.0,89.39,3975442432,1512816640,1608220672,9.06,8.87,8.86,25297891328,9408319488
2026-05-06T16:59:03.069070+02:00,-0.002088380964296427,0.17623395744736878,0.22115311528628634,-2.657963520297116,1.3757884931036264,-1.5097964625093931,1.5866411136147351,0.23732333548015483,-0.715842334218796,-0.009111231137520992,-1.2871025346258453,0.4418791205008574,51.0,52.0,51.0,43.0,43.0,25.0,30.0,27.0,53.0,89.39,3975442432,1512816640,1608220672,9.06,8.87,8.86,25297891328,9408319488
2026-05-06T16:59:03.119733+02:00,-0.002088380964296427,0.17623395744736878,0.22115311528628634,-2.657963520297116,1.3757884931036264,-1.5097964625093931,1.5866411136147351,0.23732333548015483,-0.715842334218796,-0.009111231137520992,-1.2871025346258453,0.4418791205008574,51.0,52.0,51.0,43.0,43.0,25.0,30.0,27.0,53.0,89.39,3975442432,1512816640,1608220672,9.06,8.87,8.86,25297891328,9408319488
2026-05-06T16:59:03.170650+02:00,-0.002088380964296427,0.17623395744736878,0.22115311528628634,-2.657963520297116,1.3757884931036264,-1.5097964625093931,1.5866411136147351,0.23732333548015483,-0.715842334218796,-0.009111231137520992,-1.2871025346258453,0.4418791205008574,51.0,52.0,51.0,43.0,43.0,25.0,30.0,27.0,52.0,89.39,3975442432,1512816640,1608220672,9.06,8.87,8.86,25297891328,9408319488
2026-05-06T16:59:03.221503+02:00,-0.002088380964296427,0.17623395744736878,0.22115311528628634,-2.657963520297116,1.3757884931036264,-1.5097964625093931,1.5866411136147351,0.23732333548015483,-0.715842334218796,-0.009111231137520992,-1.2871025346258453,0.4418791205008574,51.0,52.0,51.0,43.0,43.0,25.0,30.0,27.0,52.0,89.39,3975442432,1512816640,1608220672,9.06,8.87,8.86,25297891328,9408319488
2026-05-06T16:59:03.275935+02:00,-0.002088380964296427,0.17623395744736878,0.22115311528628634,-2.657963520297116,1.3757884931036264,-1.5097964625093931,1.5866411136147351,0.23732333548015483,-0.715842334218796,-0.009111231137520992,-1.2871025346258453,0.4418791205008574,51.0,52.0,51.0,43.0,43.0,25.0,30.0,27.0,52.0,89.39,3975442432,1512816640,1608220672,9.06,8.87,8.86,25297891328,9408319488
2026-05-06T16:59:03.326655+02:00,-0.002088380964296427,0.17623395744736878,0.22115311528628634,-2.657963520297116,1.3757884931036264,-1.5097964625093931,1.5866411136147351,0.23732333548015483,-0.715842334218796,-0.009111231137520992,-1.2871025346258453,0.4418791205008574,51.0,52.0,51.0,43.0,43.0,25.0,30.0,27.0,52.0,89.39,3975442432,1512816640,1608220672,9.06,8.87,8.86,25297891328,9408319488
2026-05-06T16:59:03.381440+02:00,-0.002088380964296427,0.17623395744736878,0.22115311528628634,-2.657963520297116,1.3757884931036264,-1.5097964625093931,1.5866411136147351,0.23732333548015483,-0.715842334218796,-0.009111231137520992,-1.2871025346258453,0.4418791205008574,51.0,52.0,51.0,43.0,43.0,25.0,30.0,27.0,52.0,89.39,3975442432,1512816640,1608220672,9.06,8.87,8.86,25297891328,9408319488
2026-05-06T16:59:03.431587+02:00,-0.002088380964296427,0.17623395744736878,0.22115311528628634,-2.657963520297116,1.3757884931036264,-1.5097964625093931,1.5866411136147351,0.23732333548015483,-0.715842334218796,-0.009111231137520992,-1.2871025346258453,0.4418791205008574,51.0,52.0,51.0,43.0,43.0,25.0,30.0,27.0,52.0,89.39,3975442432,1512816640,1608220672,9.06,8.87,8.86,25297891328,9408319488
2026-05-06T16:59:03.486580+02:00,-0.002088380964296427,0.17623395744736878,0.22115311528628634,-2.657963520297116,1.3757884931036264,-1.5097964625093931,1.5866411136147351,0.23732333548015483,-0.715842334218796,-0.009111231137520992,-1.2871025346258453,0.4418791205008574,51.0,52.0,51.0,43.0,43.0,25.0,30.0,27.0,52.0,89.39,3975442432,1512816640,1608220672,9.06,8.87,8.86,25297891328,9408319488
2026-05-06T16:59:03.541588+02:00,-0.002088380964296427,0.17623395744736878,0.22115311528628634,-2.657963520297116,1.3757884931036264,-1.5097964625093931,1.5866411136147351,0.23732333548015483,-0.715842334218796,-0.009111231137520992,-1.2871025346258453,0.4418791205008574,51.0,52.0,51.0,43.0,43.0,25.0,30.0,27.0,52.0,89.39,3975442432,1512816640,1608220672,9.06,8.87,8.86,25297891328,9408319488
2026-05-06T16:59:03.596634+02:00,-0.002088380964296427,0.17623395744736878,0.22115311528628634,-2.657963520297116,1.3757884931036264,-1.5097964625093931,1.5866411136147351,0.23732333548015483,-0.715842334218796,-0.009111231137520992,-1.2871025346258453,0.4418791205008574,51.0,52.0,51.0,43.0,43.0,25.0,30.0,27.0,52.0,89.39,3975442432,1512816640,1608220672,9.06,8.87,8.86,25297891328,9408319488
2026-05-06T16:59:03.647287+02:00,-0.002088380964296427,0.17623395744736878,0.22115311528628634,-2.657963520297116,1.3757884931036264,-1.5097964625093931,1.5866411136147351,0.23732333548015483,-0.715842334218796,-0.009111231137520992,-1.2871025346258453,0.4418791205008574,51.0,52.0,51.0,43.0,43.0,25.0,30.0,27.0,52.0,89.39,3975442432,1512816640,1608220672,9.06,8.87,8.86,25297891328,9408319488
2026-05-06T16:59:03.697807+02:00,-0.002088380964296427,0.17623395744736878,0.22115311528628634,-2.657963520297116,1.3757884931036264,-1.5097964625093931,1.5866411136147351,0.23732333548015483,-0.715842334218796,-0.009111231137520992,-1.2871025346258453,0.4418791205008574,51.0,52.0,51.0,43.0,43.0,25.0,30.0,27.0,52.0,89.39,3975442432,1512816640,1608220672,9.06,8.87,8.86,25297891328,9408319488
2026-05-06T16:59:03.751127+02:00,-0.002088380964296427,0.17623395744736878,0.22115311528628634,-2.657963520297116,1.3757884931036264,-1.5097964625093931,1.5866411136147351,0.23732333548015483,-0.715842334218796,-0.009111231137520992,-1.2871025346258453,0.4418791205008574,51.0,52.0,51.0,43.0,43.0,25.0,30.0,27.0,52.0,89.39,3975442432,1512816640,1608220672,9.06,8.87,8.86,25297891328,9408319488
2026-05-06T16:59:03.802406+02:00,-0.002088380964296427,0.17623395744736878,0.22115311528628634,-2.657963520297116,1.3757884931036264,-1.5097964625093931,1.5866411136147351,0.23732333548015483,-0.715842334218796,-0.009111231137520992,-1.2871025346258453,0.4418791205008574,51.0,52.0,51.0,43.0,43.0,25.0,30.0,27.0,52.0,89.39,3975442432,1512816640,1608220672,9.06,8.87,8.86,25297891328,9408319488
2026-05-06T16:59:03.856171+02:00,-0.002088380964296427,0.17623395744736878,0.22115311528628634,-2.657963520297116,1.3757884931036264,-1.5097964625093931,1.5866411136147351,0.23732333548015483,-0.715842334218796,-0.009111231137520992,-1.2871025346258453,0.4418791205008574,51.0,52.0,51.0,43.0,43.0,25.0,30.0,27.0,52.0,89.39,3975442432,1512816640,1608220672,9.06,8.87,8.86,25297891328,9408319488
2026-05-06T16:59:03.906888+02:00,-0.002088380964296427,0.17623395744736878,0.22115311528628634,-2.657963520297116,1.3757884931036264,-1.5097964625093931,1.5866411136147351,0.23732333548015483,-0.715842334218796,-0.009111231137520992,-1.2871025346258453,0.4418791205008574,51.0,52.0,51.0,43.0,43.0,25.0,30.0,27.0,52.0,89.39,3975442432,1512816640,1608220672,9.06,8.87,8.86,25297891328,9408319488
2026-05-06T16:59:03.957342+02:00,-0.002088380964296427,0.17623395744736878,0.22115311528628634,-2.657963520297116,1.3757884931036264,-1.5097964625093931,1.5866411136147351,0.23732333548015483,-0.715842334218796,-0.009111231137520992,-1.2871025346258453,0.4418791205008574,51.0,52.0,51.0,43.0,43.0,25.0,30.0,27.0,52.0,91.04,3975442432,1513779200,1607229440,9.06,8.87,8.86,25297891328,9408319488
2026-05-06T16:59:04.007497+02:00,-0.002088380964296427,0.17623395744736878,0.22115311528628634,-2.657963520297116,1.3757884931036264,-1.5097964625093931,1.5866411136147351,0.23732333548015483,-0.715842334218796,-0.009111231137520992,-1.2871025346258453,0.4418791205008574,51.0,52.0,51.0,43.0,43.0,25.0,30.0,27.0,52.0,91.04,3975442432,1513779200,1607229440,9.06,8.87,8.86,25297891328,9408319488
2026-05-06T16:59:04.059432+02:00,-0.002088380964296427,0.17623395744736878,0.22115311528628634,-2.657963520297116,1.3757884931036264,-1.5097964625093931,1.5866411136147351,0.23732333548015483,-0.715842334218796,-0.009111231137520992,-1.2871025346258453,0.4418791205008574,51.0,52.0,51.0,43.0,43.0,25.0,30.0,27.0,52.0,91.04,3975442432,1513779200,1607229440,9.06,8.87,8.86,25297891328,9408319488
2026-05-06T16:59:04.111565+02:00,-0.002088380964296427,0.17623395744736878,0.22115311528628634,-2.657963520297116,1.3757884931036264,-1.5097964625093931,1.5866411136147351,0.23732333548015483,-0.715842334218796,-0.009111231137520992,-1.2871025346258453,0.4418791205008574,51.0,52.0,51.0,43.0,43.0,25.0,30.0,27.0,52.0,91.04,3975442432,1513779200,1607229440,9.06,8.87,8.86,25297891328,9408319488
2026-05-06T16:59:04.166582+02:00,-0.002088380964296427,0.17623395744736878,0.22115311528628634,-2.657963520297116,1.3757884931036264,-1.5097964625093931,1.5866411136147351,0.23732333548015483,-0.715842334218796,-0.009111231137520992,-1.2871025346258453,0.4418791205008574,51.0,52.0,51.0,43.0,43.0,25.0,30.0,27.0,52.0,91.04,3975442432,1513779200,1607229440,9.06,8.87,8.86,25297891328,9408319488
2026-05-06T16:59:04.221630+02:00,-0.002088380964296427,0.17623395744736878,0.22115311528628634,-2.657963520297116,1.3757884931036264,-1.5097964625093931,1.5866411136147351,0.23732333548015483,-0.715842334218796,-0.009111231137520992,-1.2871025346258453,0.4418791205008574,51.0,52.0,51.0,43.0,43.0,25.0,30.0,27.0,52.0,91.04,3975442432,1513779200,1607229440,9.06,8.87,8.86,25297891328,9408319488
2026-05-06T16:59:04.275441+02:00,-0.002088380964296427,0.17623395744736878,0.22115311528628634,-2.657963520297116,1.3757884931036264,-1.5097964625093931,1.5866411136147351,0.23732333548015483,-0.715842334218796,-0.009111231137520992,-1.2871025346258453,0.4418791205008574,51.0,52.0,51.0,43.0,43.0,25.0,30.0,27.0,52.0,91.04,3975442432,1513779200,1607229440,9.06,8.87,8.86,25297891328,9408319488
2026-05-06T16:59:04.330378+02:00,-0.002088380964296427,0.17623395744736878,0.22115311528628634,-2.657963520297116,1.3757884931036264,-1.5097964625093931,1.5866411136147351,0.23732333548015483,-0.715842334218796,-0.009111231137520992,-1.2871025346258453,0.4418791205008574,51.0,52.0,51.0,43.0,43.0,25.0,30.0,27.0,52.0,91.04,3975442432,1513779200,1607229440,9.06,8.87,8.86,25297891328,9408319488
2026-05-06T16:59:04.385512+02:00,-0.002088380964296427,0.17623395744736878,0.22115311528628634,-2.657963520297116,1.3757884931036264,-1.5097964625093931,1.5866411136147351,0.23732333548015483,-0.715842334218796,-0.009111231137520992,-1.2871025346258453,0.4418791205008574,51.0,52.0,51.0,43.0,43.0,25.0,30.0,27.0,52.0,91.04,3975442432,1513779200,1607229440,9.06,8.87,8.86,25297891328,9408319488
2026-05-06T16:59:04.436371+02:00,-0.002088380964296427,0.17623395744736878,0.22115311528628634,-2.657963520297116,1.3757884931036264,-1.5097964625093931,1.5866411136147351,0.23732333548015483,-0.715842334218796,-0.009111231137520992,-1.2871025346258453,0.4418791205008574,51.0,52.0,51.0,43.0,43.0,25.0,30.0,27.0,52.0,91.04,3975442432,1513779200,1607229440,9.06,8.87,8.86,25297891328,9408319488
2026-05-06T16:59:04.491267+02:00,-0.002088380964296427,0.17623395744736878,0.22115311528628634,-2.657963520297116,1.3757884931036264,-1.5097964625093931,1.5866411136147351,0.23732333548015483,-0.715842334218796,-0.009111231137520992,-1.2871025346258453,0.4418791205008574,51.0,52.0,51.0,43.0,43.0,25.0,30.0,27.0,52.0,91.04,3975442432,1513779200,1607229440,9.06,8.87,8.86,25297891328,9408319488
2026-05-06T16:59:04.541879+02:00,-0.002088380964296427,0.17623395744736878,0.22115311528628634,-2.657963520297116,1.3757884931036264,-1.5097964625093931,1.5866411136147351,0.23732333548015483,-0.715842334218796,-0.009111231137520992,-1.2871025346258453,0.4418791205008574,51.0,52.0,51.0,43.0,43.0,25.0,30.0,27.0,52.0,91.04,3975442432,1513779200,1607229440,9.06,8.87,8.86,25297891328,9408319488
2026-05-06T16:59:04.596544+02:00,-0.002088380964296427,0.17623395744736878,0.22115311528628634,-2.657963520297116,1.3757884931036264,-1.5097964625093931,1.5866411136147351,0.23732333548015483,-0.715842334218796,-0.009111231137520992,-1.2871025346258453,0.4418791205008574,51.0,52.0,51.0,43.0,43.0,25.0,30.0,27.0,52.0,91.04,3975442432,1513779200,1607229440,9.06,8.87,8.86,25297891328,9408319488
2026-05-06T16:59:04.649167+02:00,-0.002088380964296427,0.17623395744736878,0.22115311528628634,-2.657963520297116,1.3757884931036264,-1.5097964625093931,1.5866411136147351,0.23732333548015483,-0.715842334218796,-0.009111231137520992,-1.2871025346258453,0.4418791205008574,51.0,52.0,51.0,43.0,43.0,25.0,30.0,27.0,52.0,91.04,3975442432,1513779200,1607229440,9.06,8.87,8.86,25297891328,9408319488
2026-05-06T16:59:04.704178+02:00,-0.002088380964296427,0.17623395744736878,0.22115311528628634,-2.657963520297116,1.3757884931036264,-1.5097964625093931,1.5866411136147351,0.23732333548015483,-0.715842334218796,-0.009111231137520992,-1.2871025346258453,0.4418791205008574,51.0,52.0,51.0,43.0,43.0,25.0,30.0,27.0,52.0,91.04,3975442432,1513779200,1607229440,9.06,8.87,8.86,25297891328,9408319488
2026-05-06T16:59:04.755384+02:00,-0.002088380964296427,0.17623395744736878,0.22115311528628634,-2.657963520297116,1.3757884931036264,-1.5097964625093931,1.5866411136147351,0.23732333548015483,-0.715842334218796,-0.009111231137520992,-1.2871025346258453,0.4418791205008574,51.0,52.0,51.0,43.0,43.0,25.0,30.0,27.0,52.0,91.04,3975442432,1513779200,1607229440,9.06,8.87,8.86,25297891328,9408319488
2026-05-06T16:59:04.806460+02:00,-0.002088380964296427,0.17623395744736878,0.22115311528628634,-2.657963520297116,1.3757884931036264,-1.5097964625093931,1.5866411136147351,0.23732333548015483,-0.715842334218796,-0.009111231137520992,-1.2871025346258453,0.4418791205008574,51.0,52.0,51.0,43.0,43.0,25.0,30.0,27.0,52.0,91.04,3975442432,1513779200,1607229440,9.06,8.87,8.86,25297891328,9408319488
2026-05-06T16:59:04.857328+02:00,-0.002088380964296427,0.17623395744736878,0.22115311528628634,-2.657963520297116,1.3757884931036264,-1.5097964625093931,1.5866411136147351,0.23732333548015483,-0.715842334218796,-0.009111231137520992,-1.2871025346258453,0.4418791205008574,51.0,52.0,51.0,43.0,43.0,25.0,30.0,27.0,52.0,91.04,3975442432,1513779200,1607229440,9.06,8.87,8.86,25297891328,9408319488
2026-05-06T16:59:04.909059+02:00,-0.002088380964296427,0.17623395744736878,0.22115311528628634,-2.657963520297116,1.3757884931036264,-1.5097964625093931,1.5866411136147351,0.23732333548015483,-0.715842334218796,-0.009111231137520992,-1.2871025346258453,0.4418791205008574,51.0,52.0,51.0,43.0,43.0,25.0,30.0,27.0,52.0,91.04,3975442432,1513779200,1607229440,9.06,8.87,8.86,25297891328,9408319488
2026-05-06T16:59:04.964080+02:00,-0.002088380964296427,0.17623395744736878,0.22115311528628634,-2.657963520297116,1.3757884931036264,-1.5097964625093931,1.5866411136147351,0.23732333548015483,-0.715842334218796,-0.009111231137520992,-1.2871025346258453,0.4418791205008574,51.0,52.0,51.0,43.0,43.0,25.0,30.0,27.0,52.0,91.04,3975442432,1513779200,1607229440,9.06,8.87,8.86,25297891328,9408319488
2026-05-06T16:59:05.015332+02:00,-0.002088380964296427,0.17623395744736878,0.22115311528628634,-2.657963520297116,1.3757884931036264,-1.5097964625093931,1.5866411136147351,0.23732333548015483,-0.715842334218796,-0.009111231137520992,-1.2871025346258453,0.4418791205008574,51.0,52.0,51.0,43.0,43.0,25.0,30.0,27.0,52.0,89.86,3975442432,1513906176,1607102464,9.06,8.87,8.86,25297891328,9408323584
2026-05-06T16:59:05.068183+02:00,-0.002088380964296427,0.17623395744736878,0.22115311528628634,-2.657963520297116,1.3757884931036264,-1.5097964625093931,1.5866411136147351,0.23732333548015483,-0.715842334218796,-0.009111231137520992,-1.2871025346258453,0.4418791205008574,51.0,52.0,51.0,43.0,43.0,25.0,30.0,27.0,52.0,89.86,3975442432,1513906176,1607102464,9.06,8.87,8.86,25297891328,9408323584
2026-05-06T16:59:05.119969+02:00,-0.002088380964296427,0.17623395744736878,0.22115311528628634,-2.657963520297116,1.3757884931036264,-1.5097964625093931,1.5866411136147351,0.23732333548015483,-0.715842334218796,-0.009111231137520992,-1.2871025346258453,0.4418791205008574,51.0,52.0,51.0,43.0,43.0,25.0,30.0,27.0,52.0,89.86,3975442432,1513906176,1607102464,9.06,8.87,8.86,25297891328,9408323584
2026-05-06T16:59:05.172020+02:00,-0.002088380964296427,0.17623395744736878,0.22115311528628634,-2.657963520297116,1.3757884931036264,-1.5097964625093931,1.5866411136147351,0.23732333548015483,-0.715842334218796,-0.009111231137520992,-1.2871025346258453,0.4418791205008574,51.0,52.0,51.0,43.0,43.0,25.0,30.0,27.0,52.0,89.86,3975442432,1513906176,1607102464,9.06,8.87,8.86,25297891328,9408323584
2026-05-06T16:59:05.222871+02:00,-0.002088380964296427,0.17623395744736878,0.22115311528628634,-2.657963520297116,1.3757884931036264,-1.5097964625093931,1.5866411136147351,0.23732333548015483,-0.715842334218796,-0.009111231137520992,-1.2871025346258453,0.4418791205008574,51.0,52.0,51.0,43.0,43.0,25.0,30.0,27.0,52.0,89.86,3975442432,1513906176,1607102464,9.06,8.87,8.86,25297891328,9408323584
2026-05-06T16:59:05.278464+02:00,-0.002088380964296427,0.17623395744736878,0.22115311528628634,-2.657963520297116,1.3757884931036264,-1.5097964625093931,1.5866411136147351,0.23732333548015483,-0.715842334218796,-0.009111231137520992,-1.2871025346258453,0.4418791205008574,51.0,52.0,51.0,43.0,43.0,25.0,30.0,27.0,52.0,89.86,3975442432,1513906176,1607102464,9.06,8.87,8.86,25297891328,9408323584
2026-05-06T16:59:05.333199+02:00,-0.002088380964296427,0.17623395744736878,0.22115311528628634,-2.657963520297116,1.3757884931036264,-1.5097964625093931,1.5866411136147351,0.23732333548015483,-0.715842334218796,-0.009111231137520992,-1.2871025346258453,0.4418791205008574,51.0,52.0,51.0,43.0,43.0,25.0,30.0,27.0,52.0,89.86,3975442432,1513906176,1607102464,9.06,8.87,8.86,25297891328,9408323584
2026-05-06T16:59:05.383592+02:00,-0.002088380964296427,0.17623395744736878,0.22115311528628634,-2.657963520297116,1.3757884931036264,-1.5097964625093931,1.5866411136147351,0.23732333548015483,-0.715842334218796,-0.009111231137520992,-1.2871025346258453,0.4418791205008574,51.0,52.0,51.0,43.0,43.0,25.0,30.0,27.0,52.0,89.86,3975442432,1513906176,1607102464,9.06,8.87,8.86,25297891328,9408323584
2026-05-06T16:59:05.434746+02:00,-0.002088380964296427,0.17623395744736878,0.22115311528628634,-2.657963520297116,1.3757884931036264,-1.5097964625093931,1.5866411136147351,0.23732333548015483,-0.715842334218796,-0.009111231137520992,-1.2871025346258453,0.4418791205008574,51.0,52.0,51.0,43.0,43.0,25.0,30.0,27.0,52.0,89.86,3975442432,1513906176,1607102464,9.06,8.87,8.86,25297891328,9408323584
2026-05-06T16:59:05.488731+02:00,-0.002088380964296427,0.17623395744736878,0.22115311528628634,-2.657963520297116,1.3757884931036264,-1.5097964625093931,1.5866411136147351,0.23732333548015483,-0.715842334218796,-0.009111231137520992,-1.2871025346258453,0.4418791205008574,51.0,52.0,51.0,43.0,43.0,25.0,30.0,27.0,52.0,89.86,3975442432,1513906176,1607102464,9.06,8.87,8.86,25297891328,9408323584
2026-05-06T16:59:05.540527+02:00,-0.002088380964296427,0.17623395744736878,0.22115311528628634,-2.657963520297116,1.3757884931036264,-1.5097964625093931,1.5866411136147351,0.23732333548015483,-0.715842334218796,-0.009111231137520992,-1.2871025346258453,0.4418791205008574,51.0,52.0,51.0,43.0,43.0,25.0,30.0,27.0,52.0,89.86,3975442432,1513906176,1607102464,9.06,8.87,8.86,25297891328,9408323584
2026-05-06T16:59:05.595536+02:00,-0.002088380964296427,0.17623395744736878,0.22115311528628634,-2.657963520297116,1.3757884931036264,-1.5097964625093931,1.5866411136147351,0.23732333548015483,-0.715842334218796,-0.009111231137520992,-1.2871025346258453,0.4418791205008574,51.0,52.0,51.0,43.0,43.0,25.0,30.0,27.0,52.0,89.86,3975442432,1513906176,1607102464,9.06,8.87,8.86,25297891328,9408323584
2026-05-06T16:59:05.649857+02:00,-0.002088380964296427,0.17623395744736878,0.22115311528628634,-2.657963520297116,1.3757884931036264,-1.5097964625093931,1.5866411136147351,0.23732333548015483,-0.715842334218796,-0.009111231137520992,-1.2871025346258453,0.4418791205008574,51.0,52.0,51.0,43.0,43.0,25.0,30.0,27.0,52.0,89.86,3975442432,1513906176,1607102464,9.06,8.87,8.86,25297891328,9408323584
2026-05-06T16:59:05.699933+02:00,-0.002088380964296427,0.17623395744736878,0.22115311528628634,-2.657963520297116,1.3757884931036264,-1.5097964625093931,1.5866411136147351,0.23732333548015483,-0.715842334218796,-0.009111231137520992,-1.2871025346258453,0.4418791205008574,51.0,52.0,51.0,43.0,43.0,25.0,30.0,27.0,52.0,89.86,3975442432,1513906176,1607102464,9.06,8.87,8.86,25297891328,9408323584
2026-05-06T16:59:05.754663+02:00,-0.002088380964296427,0.17623395744736878,0.22115311528628634,-2.657963520297116,1.3757884931036264,-1.5097964625093931,1.5866411136147351,0.23732333548015483,-0.715842334218796,-0.009111231137520992,-1.2871025346258453,0.4418791205008574,51.0,52.0,51.0,43.0,43.0,25.0,30.0,27.0,52.0,89.86,3975442432,1513906176,1607102464,9.06,8.87,8.86,25297891328,9408323584
2026-05-06T16:59:05.807246+02:00,-0.002088380964296427,0.17623395744736878,0.22115311528628634,-2.657963520297116,1.3757884931036264,-1.5097964625093931,1.5866411136147351,0.23732333548015483,-0.715842334218796,-0.009111231137520992,-1.2871025346258453,0.4418791205008574,51.0,52.0,51.0,43.0,43.0,25.0,30.0,27.0,52.0,89.86,3975442432,1513906176,1607102464,9.06,8.87,8.86,25297891328,9408323584
2026-05-06T16:59:05.861041+02:00,-0.002088380964296427,0.17623395744736878,0.22115311528628634,-2.657963520297116,1.3757884931036264,-1.5097964625093931,1.5866411136147351,0.23732333548015483,-0.715842334218796,-0.009111231137520992,-1.2871025346258453,0.4418791205008574,51.0,52.0,51.0,43.0,43.0,25.0,30.0,27.0,52.0,89.86,3975442432,1513906176,1607102464,9.06,8.87,8.86,25297891328,9408323584
2026-05-06T16:59:05.916031+02:00,-0.002088380964296427,0.17623395744736878,0.22115311528628634,-2.657963520297116,1.3757884931036264,-1.5097964625093931,1.5866411136147351,0.23732333548015483,-0.715842334218796,-0.009111231137520992,-1.2871025346258453,0.4418791205008574,51.0,52.0,51.0,43.0,43.0,25.0,30.0,27.0,52.0,89.86,3975442432,1513906176,1607102464,9.06,8.87,8.86,25297891328,9408323584
2026-05-06T16:59:05.966274+02:00,-0.002088380964296427,0.17623395744736878,0.22115311528628634,-2.657963520297116,1.3757884931036264,-1.5097964625093931,1.5866411136147351,0.23732333548015483,-0.715842334218796,-0.009111231137520992,-1.2871025346258453,0.4418791205008574,51.0,52.0,51.0,43.0,43.0,25.0,30.0,27.0,52.0,89.86,3975442432,1513906176,1607102464,9.06,8.87,8.86,25297891328,9408323584
2026-05-06T16:59:06.019695+02:00,-0.002088380964296427,0.17623395744736878,0.22115311528628634,-2.657963520297116,1.3757884931036264,-1.5097964625093931,1.5866411136147351,0.23732333548015483,-0.715842334218796,-0.009111231137520992,-1.2871025346258453,0.4418791205008574,51.0,52.0,51.0,43.0,43.0,25.0,30.0,27.0,52.0,88.97,3975442432,1513623552,1607389184,8.73,8.81,8.84,25297891328,9408323584
2026-05-06T16:59:06.069853+02:00,-0.002088380964296427,0.17623395744736878,0.22115311528628634,-2.657963520297116,1.3757884931036264,-1.5097964625093931,1.5866411136147351,0.23732333548015483,-0.715842334218796,-0.009111231137520992,-1.2871025346258453,0.4418791205008574,51.0,52.0,51.0,43.0,43.0,25.0,30.0,27.0,52.0,88.97,3975442432,1513623552,1607389184,8.73,8.81,8.84,25297891328,9408323584
2026-05-06T16:59:06.121260+02:00,-0.002088380964296427,0.17623395744736878,0.22115311528628634,-2.657963520297116,1.3757884931036264,-1.5097964625093931,1.5866411136147351,0.23732333548015483,-0.715842334218796,-0.009111231137520992,-1.2871025346258453,0.4418791205008574,51.0,52.0,51.0,43.0,43.0,25.0,30.0,27.0,52.0,88.97,3975442432,1513623552,1607389184,8.73,8.81,8.84,25297891328,9408323584
2026-05-06T16:59:06.175278+02:00,-0.002088380964296427,0.17623395744736878,0.22115311528628634,-2.657963520297116,1.3757884931036264,-1.5097964625093931,1.5866411136147351,0.23732333548015483,-0.715842334218796,-0.009111231137520992,-1.2871025346258453,0.4418791205008574,51.0,52.0,51.0,43.0,43.0,25.0,30.0,27.0,52.0,88.97,3975442432,1513623552,1607389184,8.73,8.81,8.84,25297891328,9408323584
2026-05-06T16:59:06.227328+02:00,-0.002088380964296427,0.17623395744736878,0.22115311528628634,-2.657963520297116,1.3757884931036264,-1.5097964625093931,1.5866411136147351,0.23732333548015483,-0.715842334218796,-0.009111231137520992,-1.2871025346258453,0.4418791205008574,51.0,52.0,51.0,43.0,43.0,25.0,30.0,27.0,52.0,88.97,3975442432,1513623552,1607389184,8.73,8.81,8.84,25297891328,9408323584
2026-05-06T16:59:06.277581+02:00,-0.002088380964296427,0.17623395744736878,0.22115311528628634,-2.657963520297116,1.3757884931036264,-1.5097964625093931,1.5866411136147351,0.23732333548015483,-0.715842334218796,-0.009111231137520992,-1.2871025346258453,0.4418791205008574,51.0,52.0,51.0,43.0,43.0,25.0,30.0,27.0,52.0,88.97,3975442432,1513623552,1607389184,8.73,8.81,8.84,25297891328,9408323584
2026-05-06T16:59:06.330477+02:00,-0.002088380964296427,0.17623395744736878,0.22115311528628634,-2.657963520297116,1.3757884931036264,-1.5097964625093931,1.5866411136147351,0.23732333548015483,-0.715842334218796,-0.009111231137520992,-1.2871025346258453,0.4418791205008574,51.0,52.0,51.0,43.0,43.0,25.0,30.0,27.0,52.0,88.97,3975442432,1513623552,1607389184,8.73,8.81,8.84,25297891328,9408323584
2026-05-06T16:59:06.382311+02:00,-0.002088380964296427,0.17623395744736878,0.22115311528628634,-2.657963520297116,1.3757884931036264,-1.5097964625093931,1.5866411136147351,0.23732333548015483,-0.715842334218796,-0.009111231137520992,-1.2871025346258453,0.4418791205008574,51.0,52.0,51.0,43.0,43.0,25.0,30.0,27.0,52.0,88.97,3975442432,1513623552,1607389184,8.73,8.81,8.84,25297891328,9408323584
2026-05-06T16:59:06.433468+02:00,-0.002088380964296427,0.17623395744736878,0.22115311528628634,-2.657963520297116,1.3757884931036264,-1.5097964625093931,1.5866411136147351,0.23732333548015483,-0.715842334218796,-0.009111231137520992,-1.2871025346258453,0.4418791205008574,51.0,52.0,51.0,43.0,43.0,25.0,30.0,27.0,52.0,88.97,3975442432,1513623552,1607389184,8.73,8.81,8.84,25297891328,9408323584
2026-05-06T16:59:06.485315+02:00,-0.002088380964296427,0.17623395744736878,0.22115311528628634,-2.657963520297116,1.3757884931036264,-1.5097964625093931,1.5866411136147351,0.23732333548015483,-0.715842334218796,-0.009111231137520992,-1.2871025346258453,0.4418791205008574,51.0,52.0,51.0,43.0,43.0,25.0,30.0,27.0,52.0,88.97,3975442432,1513623552,1607389184,8.73,8.81,8.84,25297891328,9408323584
2026-05-06T16:59:06.536828+02:00,-0.002088380964296427,0.17623395744736878,0.22115311528628634,-2.657963520297116,1.3757884931036264,-1.5097964625093931,1.5866411136147351,0.23732333548015483,-0.715842334218796,-0.009111231137520992,-1.2871025346258453,0.4418791205008574,51.0,52.0,51.0,43.0,43.0,25.0,30.0,27.0,52.0,88.97,3975442432,1513623552,1607389184,8.73,8.81,8.84,25297891328,9408323584
2026-05-06T16:59:06.589411+02:00,-0.002088380964296427,0.17623395744736878,0.22115311528628634,-2.657963520297116,1.3757884931036264,-1.5097964625093931,1.5866411136147351,0.23732333548015483,-0.715842334218796,-0.009111231137520992,-1.2871025346258453,0.4418791205008574,51.0,52.0,51.0,43.0,43.0,25.0,30.0,27.0,52.0,88.97,3975442432,1513623552,1607389184,8.73,8.81,8.84,25297891328,9408323584
2026-05-06T16:59:06.642959+02:00,-0.002088380964296427,0.17623395744736878,0.22115311528628634,-2.657963520297116,1.3757884931036264,-1.5097964625093931,1.5866411136147351,0.23732333548015483,-0.715842334218796,-0.009111231137520992,-1.2871025346258453,0.4418791205008574,51.0,52.0,51.0,43.0,43.0,25.0,30.0,27.0,52.0,88.97,3975442432,1513623552,1607389184,8.73,8.81,8.84,25297891328,9408323584
2026-05-06T16:59:06.694445+02:00,-0.002088380964296427,0.17623395744736878,0.22115311528628634,-2.657963520297116,1.3757884931036264,-1.5097964625093931,1.5866411136147351,0.23732333548015483,-0.715842334218796,-0.009111231137520992,-1.2871025346258453,0.4418791205008574,51.0,52.0,51.0,43.0,43.0,25.0,30.0,27.0,52.0,88.97,3975442432,1513623552,1607389184,8.73,8.81,8.84,25297891328,9408323584
2026-05-06T16:59:06.747739+02:00,-0.002088380964296427,0.17623395744736878,0.22115311528628634,-2.657963520297116,1.3757884931036264,-1.5097964625093931,1.5866411136147351,0.23732333548015483,-0.715842334218796,-0.009111231137520992,-1.2871025346258453,0.4418791205008574,51.0,52.0,51.0,43.0,43.0,25.0,30.0,27.0,52.0,88.97,3975442432,1513623552,1607389184,8.73,8.81,8.84,25297891328,9408323584
2026-05-06T16:59:06.802785+02:00,-0.002088380964296427,0.17623395744736878,0.22115311528628634,-2.657963520297116,1.3757884931036264,-1.5097964625093931,1.5866411136147351,0.23732333548015483,-0.715842334218796,-0.009111231137520992,-1.2871025346258453,0.4418791205008574,51.0,52.0,51.0,43.0,43.0,25.0,30.0,27.0,52.0,88.97,3975442432,1513623552,1607389184,8.73,8.81,8.84,25297891328,9408323584
2026-05-06T16:59:06.855225+02:00,-0.002088380964296427,0.17623395744736878,0.22115311528628634,-2.657963520297116,1.3757884931036264,-1.5097964625093931,1.5866411136147351,0.23732333548015483,-0.715842334218796,-0.009111231137520992,-1.2871025346258453,0.4418791205008574,51.0,52.0,51.0,43.0,43.0,25.0,30.0,27.0,52.0,88.97,3975442432,1513623552,1607389184,8.73,8.81,8.84,25297891328,9408323584
2026-05-06T16:59:06.906849+02:00,-0.002088380964296427,0.17623395744736878,0.22115311528628634,-2.657963520297116,1.3757884931036264,-1.5097964625093931,1.5866411136147351,0.23732333548015483,-0.715842334218796,-0.009111231137520992,-1.2871025346258453,0.4418791205008574,51.0,52.0,51.0,43.0,43.0,25.0,30.0,27.0,52.0,88.97,3975442432,1513623552,1607389184,8.73,8.81,8.84,25297891328,9408323584
2026-05-06T16:59:06.957249+02:00,-0.002088380964296427,0.17623395744736878,0.22115311528628634,-2.657963520297116,1.3757884931036264,-1.5097964625093931,1.5866411136147351,0.23732333548015483,-0.715842334218796,-0.009111231137520992,-1.2871025346258453,0.4418791205008574,51.0,52.0,51.0,43.0,43.0,25.0,30.0,27.0,52.0,88.97,3975442432,1513623552,1607389184,8.73,8.81,8.84,25297891328,9408323584
2026-05-06T16:59:07.009080+02:00,-0.002088380964296427,0.17623395744736878,0.22115311528628634,-2.657963520297116,1.3757884931036264,-1.5097964625093931,1.5866411136147351,0.23732333548015483,-0.715842334218796,-0.009111231137520992,-1.2871025346258453,0.4418791205008574,51.0,52.0,51.0,43.0,43.0,25.0,30.0,27.0,52.0,97.39,3975442432,1516515328,1604481024,8.73,8.81,8.84,25297891328,9408323584
2026-05-06T16:59:07.059919+02:00,-0.002088380964296427,0.17623395744736878,0.22115311528628634,-2.657963520297116,1.3757884931036264,-1.5097964625093931,1.5866411136147351,0.23732333548015483,-0.715842334218796,-0.009111231137520992,-1.2871025346258453,0.4418791205008574,51.0,52.0,51.0,43.0,43.0,25.0,30.0,27.0,52.0,97.39,3975442432,1516515328,1604481024,8.73,8.81,8.84,25297891328,9408323584
2026-05-06T16:59:07.114968+02:00,-0.002088380964296427,0.17623395744736878,0.22115311528628634,-2.657963520297116,1.3757884931036264,-1.5097964625093931,1.5866411136147351,0.23732333548015483,-0.715842334218796,-0.009111231137520992,-1.2871025346258453,0.4418791205008574,51.0,52.0,51.0,43.0,43.0,25.0,30.0,27.0,53.0,97.39,3975442432,1516515328,1604481024,8.73,8.81,8.84,25297891328,9408323584
2026-05-06T16:59:07.167310+02:00,-0.002088380964296427,0.17623395744736878,0.22115311528628634,-2.657963520297116,1.3757884931036264,-1.5097964625093931,1.5866411136147351,0.23732333548015483,-0.715842334218796,-0.009111231137520992,-1.2871025346258453,0.4418791205008574,51.0,52.0,51.0,43.0,43.0,25.0,30.0,27.0,53.0,97.39,3975442432,1516515328,1604481024,8.73,8.81,8.84,25297891328,9408323584
2026-05-06T16:59:07.222323+02:00,-0.002088380964296427,0.17623395744736878,0.22115311528628634,-2.657963520297116,1.3757884931036264,-1.5097964625093931,1.5866411136147351,0.23732333548015483,-0.715842334218796,-0.009111231137520992,-1.2871025346258453,0.4418791205008574,51.0,52.0,51.0,43.0,43.0,25.0,30.0,27.0,53.0,97.39,3975442432,1516515328,1604481024,8.73,8.81,8.84,25297891328,9408323584
2026-05-06T16:59:07.277297+02:00,-0.002088380964296427,0.17623395744736878,0.22115311528628634,-2.657963520297116,1.3757884931036264,-1.5097964625093931,1.5866411136147351,0.23732333548015483,-0.715842334218796,-0.009111231137520992,-1.2871025346258453,0.4418791205008574,51.0,52.0,51.0,43.0,43.0,25.0,30.0,27.0,53.0,97.39,3975442432,1516515328,1604481024,8.73,8.81,8.84,25297891328,9408323584
2026-05-06T16:59:07.328601+02:00,-0.002088380964296427,0.17623395744736878,0.22115311528628634,-2.657963520297116,1.3757884931036264,-1.5097964625093931,1.5866411136147351,0.23732333548015483,-0.715842334218796,-0.009111231137520992,-1.2871025346258453,0.4418791205008574,51.0,52.0,51.0,43.0,43.0,25.0,30.0,27.0,53.0,97.39,3975442432,1516515328,1604481024,8.73,8.81,8.84,25297891328,9408323584
2026-05-06T16:59:07.378641+02:00,-0.002088380964296427,0.17623395744736878,0.22115311528628634,-2.657963520297116,1.3757884931036264,-1.5097964625093931,1.5866411136147351,0.23732333548015483,-0.715842334218796,-0.009111231137520992,-1.2871025346258453,0.4418791205008574,51.0,52.0,51.0,43.0,43.0,25.0,30.0,27.0,53.0,97.39,3975442432,1516515328,1604481024,8.73,8.81,8.84,25297891328,9408323584
2026-05-06T16:59:07.428769+02:00,-0.002088380964296427,0.17623395744736878,0.22115311528628634,-2.657963520297116,1.3757884931036264,-1.5097964625093931,1.5866411136147351,0.23732333548015483,-0.715842334218796,-0.009111231137520992,-1.2871025346258453,0.4418791205008574,51.0,52.0,51.0,43.0,43.0,25.0,30.0,27.0,53.0,97.39,3975442432,1516515328,1604481024,8.73,8.81,8.84,25297891328,9408323584
2026-05-06T16:59:07.479774+02:00,-0.002088380964296427,0.17623395744736878,0.22115311528628634,-2.657963520297116,1.3757884931036264,-1.5097964625093931,1.5866411136147351,0.23732333548015483,-0.715842334218796,-0.009111231137520992,-1.2871025346258453,0.4418791205008574,51.0,52.0,51.0,43.0,43.0,25.0,30.0,27.0,53.0,97.39,3975442432,1516515328,1604481024,8.73,8.81,8.84,25297891328,9408323584
2026-05-06T16:59:07.534776+02:00,-0.002088380964296427,0.17623395744736878,0.22115311528628634,-2.657963520297116,1.3757884931036264,-1.5097964625093931,1.5866411136147351,0.23732333548015483,-0.715842334218796,-0.009111231137520992,-1.2871025346258453,0.4418791205008574,51.0,52.0,51.0,43.0,43.0,25.0,30.0,27.0,53.0,97.39,3975442432,1516515328,1604481024,8.73,8.81,8.84,25297891328,9408323584
2026-05-06T16:59:07.587306+02:00,-0.002088380964296427,0.17623395744736878,0.22115311528628634,-2.657963520297116,1.3757884931036264,-1.5097964625093931,1.5866411136147351,0.23732333548015483,-0.715842334218796,-0.009111231137520992,-1.2871025346258453,0.4418791205008574,51.0,52.0,51.0,43.0,43.0,25.0,30.0,27.0,53.0,97.39,3975442432,1516515328,1604481024,8.73,8.81,8.84,25297891328,9408323584
2026-05-06T16:59:07.639505+02:00,-0.002088380964296427,0.17623395744736878,0.22115311528628634,-2.657963520297116,1.3757884931036264,-1.5097964625093931,1.5866411136147351,0.23732333548015483,-0.715842334218796,-0.009111231137520992,-1.2871025346258453,0.4418791205008574,51.0,52.0,51.0,43.0,43.0,25.0,30.0,27.0,53.0,97.39,3975442432,1516515328,1604481024,8.73,8.81,8.84,25297891328,9408323584
2026-05-06T16:59:07.689914+02:00,-0.002088380964296427,0.17623395744736878,0.22115311528628634,-2.657963520297116,1.3757884931036264,-1.5097964625093931,1.5866411136147351,0.23732333548015483,-0.715842334218796,-0.009111231137520992,-1.2871025346258453,0.4418791205008574,51.0,52.0,51.0,43.0,43.0,25.0,30.0,27.0,53.0,97.39,3975442432,1516515328,1604481024,8.73,8.81,8.84,25297891328,9408323584
2026-05-06T16:59:07.740434+02:00,-0.002088380964296427,0.17623395744736878,0.22115311528628634,-2.657963520297116,1.3757884931036264,-1.5097964625093931,1.5866411136147351,0.23732333548015483,-0.715842334218796,-0.009111231137520992,-1.2871025346258453,0.4418791205008574,51.0,52.0,51.0,43.0,43.0,25.0,30.0,27.0,53.0,97.39,3975442432,1516515328,1604481024,8.73,8.81,8.84,25297891328,9408323584
2026-05-06T16:59:07.791020+02:00,-0.002088380964296427,0.17623395744736878,0.22115311528628634,-2.657963520297116,1.3757884931036264,-1.5097964625093931,1.5866411136147351,0.23732333548015483,-0.715842334218796,-0.009111231137520992,-1.2871025346258453,0.4418791205008574,51.0,52.0,51.0,43.0,43.0,25.0,30.0,27.0,53.0,97.39,3975442432,1516515328,1604481024,8.73,8.81,8.84,25297891328,9408323584
2026-05-06T16:59:07.841242+02:00,-0.002088380964296427,0.17623395744736878,0.22115311528628634,-2.657963520297116,1.3757884931036264,-1.5097964625093931,1.5866411136147351,0.23732333548015483,-0.715842334218796,-0.009111231137520992,-1.2871025346258453,0.4418791205008574,51.0,52.0,51.0,43.0,43.0,25.0,30.0,27.0,53.0,97.39,3975442432,1516515328,1604481024,8.73,8.81,8.84,25297891328,9408323584
2026-05-06T16:59:07.892260+02:00,-0.002088380964296427,0.17623395744736878,0.22115311528628634,-2.657963520297116,1.3757884931036264,-1.5097964625093931,1.5866411136147351,0.23732333548015483,-0.715842334218796,-0.009111231137520992,-1.2871025346258453,0.4418791205008574,51.0,52.0,51.0,43.0,43.0,25.0,30.0,27.0,53.0,97.39,3975442432,1516515328,1604481024,8.73,8.81,8.84,25297891328,9408323584
2026-05-06T16:59:07.943335+02:00,-0.002088380964296427,0.17623395744736878,0.22115311528628634,-2.657963520297116,1.3757884931036264,-1.5097964625093931,1.5866411136147351,0.23732333548015483,-0.715842334218796,-0.009111231137520992,-1.2871025346258453,0.4418791205008574,51.0,52.0,51.0,43.0,43.0,25.0,30.0,27.0,53.0,97.39,3975442432,1516515328,1604481024,8.73,8.81,8.84,25297891328,9408323584
2026-05-06T16:59:07.993961+02:00,-0.002088380964296427,0.17623395744736878,0.22115311528628634,-2.657963520297116,1.3757884931036264,-1.5097964625093931,1.5866411136147351,0.23732333548015483,-0.715842334218796,-0.009111231137520992,-1.2871025346258453,0.4418791205008574,51.0,52.0,51.0,43.0,43.0,25.0,30.0,27.0,53.0,97.39,3975442432,1516515328,1604481024,8.73,8.81,8.84,25297891328,9408323584
2026-05-06T16:59:08.048639+02:00,-0.002088380964296427,0.17623395744736878,0.22115311528628634,-2.657963520297116,1.3757884931036264,-1.5097964625093931,1.5866411136147351,0.23732333548015483,-0.715842334218796,-0.009111231137520992,-1.2871025346258453,0.4418791205008574,51.0,52.0,51.0,43.0,43.0,25.0,30.0,27.0,53.0,97.78,3975442432,1547829248,1573158912,8.73,8.81,8.84,25297891328,9408323584
2026-05-06T16:59:08.100252+02:00,-0.002088380964296427,0.17623395744736878,0.22115311528628634,-2.657963520297116,1.3757884931036264,-1.5097964625093931,1.5866411136147351,0.23732333548015483,-0.715842334218796,-0.009111231137520992,-1.2871025346258453,0.4418791205008574,51.0,52.0,51.0,43.0,43.0,25.0,30.0,27.0,53.0,97.78,3975442432,1547829248,1573158912,8.73,8.81,8.84,25297891328,9408323584
2026-05-06T16:59:08.151221+02:00,-0.002088380964296427,0.17623395744736878,0.22115311528628634,-2.657963520297116,1.3757884931036264,-1.5097964625093931,1.5866411136147351,0.23732333548015483,-0.715842334218796,-0.009111231137520992,-1.2871025346258453,0.4418791205008574,51.0,52.0,51.0,43.0,43.0,25.0,30.0,27.0,53.0,97.78,3975442432,1547829248,1573158912,8.73,8.81,8.84,25297891328,9408323584
2026-05-06T16:59:08.202412+02:00,-0.002088380964296427,0.17623395744736878,0.22115311528628634,-2.657963520297116,1.3757884931036264,-1.5097964625093931,1.5866411136147351,0.23732333548015483,-0.715842334218796,-0.009111231137520992,-1.2871025346258453,0.4418791205008574,51.0,52.0,51.0,43.0,43.0,25.0,30.0,27.0,53.0,97.78,3975442432,1547829248,1573158912,8.73,8.81,8.84,25297891328,9408323584
2026-05-06T16:59:08.254370+02:00,-0.002088380964296427,0.17623395744736878,0.22115311528628634,-2.657963520297116,1.3757884931036264,-1.5097964625093931,1.5866411136147351,0.23732333548015483,-0.715842334218796,-0.009111231137520992,-1.2871025346258453,0.4418791205008574,51.0,52.0,51.0,43.0,43.0,25.0,30.0,27.0,53.0,97.78,3975442432,1547829248,1573158912,8.73,8.81,8.84,25297891328,9408323584
2026-05-06T16:59:08.307415+02:00,-0.002088380964296427,0.17623395744736878,0.22115311528628634,-2.657963520297116,1.3757884931036264,-1.5097964625093931,1.5866411136147351,0.23732333548015483,-0.715842334218796,-0.009111231137520992,-1.2871025346258453,0.4418791205008574,51.0,52.0,51.0,43.0,43.0,25.0,30.0,27.0,53.0,97.78,3975442432,1547829248,1573158912,8.73,8.81,8.84,25297891328,9408323584
2026-05-06T16:59:08.357589+02:00,-0.002088380964296427,0.17623395744736878,0.22115311528628634,-2.657963520297116,1.3757884931036264,-1.5097964625093931,1.5866411136147351,0.23732333548015483,-0.715842334218796,-0.009111231137520992,-1.2871025346258453,0.4418791205008574,51.0,52.0,51.0,43.0,43.0,25.0,30.0,27.0,53.0,97.78,3975442432,1547829248,1573158912,8.73,8.81,8.84,25297891328,9408323584
2026-05-06T16:59:08.412809+02:00,-0.002088380964296427,0.17623395744736878,0.22115311528628634,-2.657963520297116,1.3757884931036264,-1.5097964625093931,1.5866411136147351,0.23732333548015483,-0.715842334218796,-0.009111231137520992,-1.2871025346258453,0.4418791205008574,51.0,52.0,51.0,43.0,43.0,25.0,30.0,27.0,53.0,97.78,3975442432,1547829248,1573158912,8.73,8.81,8.84,25297891328,9408323584
2026-05-06T16:59:08.463239+02:00,-0.002088380964296427,0.17623395744736878,0.22115311528628634,-2.657963520297116,1.3757884931036264,-1.5097964625093931,1.5866411136147351,0.23732333548015483,-0.715842334218796,-0.009111231137520992,-1.2871025346258453,0.4418791205008574,51.0,52.0,51.0,43.0,43.0,25.0,30.0,27.0,53.0,97.78,3975442432,1547829248,1573158912,8.73,8.81,8.84,25297891328,9408323584
2026-05-06T16:59:08.516062+02:00,-0.002088380964296427,0.17623395744736878,0.22115311528628634,-2.657963520297116,1.3757884931036264,-1.5097964625093931,1.5866411136147351,0.23732333548015483,-0.715842334218796,-0.009111231137520992,-1.2871025346258453,0.4418791205008574,51.0,52.0,51.0,43.0,43.0,25.0,30.0,27.0,53.0,97.78,3975442432,1547829248,1573158912,8.73,8.81,8.84,25297891328,9408323584
2026-05-06T16:59:08.571084+02:00,-0.002088380964296427,0.17623395744736878,0.22115311528628634,-2.657963520297116,1.3757884931036264,-1.5097964625093931,1.5866411136147351,0.23732333548015483,-0.715842334218796,-0.009111231137520992,-1.2871025346258453,0.4418791205008574,51.0,52.0,51.0,43.0,43.0,25.0,30.0,27.0,53.0,97.78,3975442432,1547829248,1573158912,8.73,8.81,8.84,25297891328,9408323584
2026-05-06T16:59:08.623153+02:00,-0.002088380964296427,0.17623395744736878,0.22115311528628634,-2.657963520297116,1.3757884931036264,-1.5097964625093931,1.5866411136147351,0.23732333548015483,-0.715842334218796,-0.009111231137520992,-1.2871025346258453,0.4418791205008574,51.0,52.0,51.0,43.0,43.0,25.0,30.0,27.0,53.0,97.78,3975442432,1547829248,1573158912,8.73,8.81,8.84,25297891328,9408323584
2026-05-06T16:59:08.677251+02:00,-0.002088380964296427,0.17623395744736878,0.22115311528628634,-2.657963520297116,1.3757884931036264,-1.5097964625093931,1.5866411136147351,0.23732333548015483,-0.715842334218796,-0.009111231137520992,-1.2871025346258453,0.4418791205008574,51.0,52.0,51.0,43.0,43.0,25.0,30.0,27.0,53.0,97.78,3975442432,1547829248,1573158912,8.73,8.81,8.84,25297891328,9408323584
2026-05-06T16:59:08.731921+02:00,-0.002088380964296427,0.17623395744736878,0.22115311528628634,-2.657963520297116,1.3757884931036264,-1.5097964625093931,1.5866411136147351,0.23732333548015483,-0.715842334218796,-0.009111231137520992,-1.2871025346258453,0.4418791205008574,51.0,52.0,51.0,43.0,43.0,25.0,30.0,27.0,53.0,97.78,3975442432,1547829248,1573158912,8.73,8.81,8.84,25297891328,9408323584
2026-05-06T16:59:08.782775+02:00,-0.002088380964296427,0.17623395744736878,0.22115311528628634,-2.657963520297116,1.3757884931036264,-1.5097964625093931,1.5866411136147351,0.23732333548015483,-0.715842334218796,-0.009111231137520992,-1.2871025346258453,0.4418791205008574,51.0,52.0,51.0,43.0,43.0,25.0,30.0,27.0,53.0,97.78,3975442432,1547829248,1573158912,8.73,8.81,8.84,25297891328,9408323584
2026-05-06T16:59:08.835337+02:00,-0.002088380964296427,0.17623395744736878,0.22115311528628634,-2.657963520297116,1.3757884931036264,-1.5097964625093931,1.5866411136147351,0.23732333548015483,-0.715842334218796,-0.009111231137520992,-1.2871025346258453,0.4418791205008574,51.0,52.0,51.0,43.0,43.0,25.0,30.0,27.0,53.0,97.78,3975442432,1547829248,1573158912,8.73,8.81,8.84,25297891328,9408323584
2026-05-06T16:59:08.885466+02:00,-0.002088380964296427,0.17623395744736878,0.22115311528628634,-2.657963520297116,1.3757884931036264,-1.5097964625093931,1.5866411136147351,0.23732333548015483,-0.715842334218796,-0.009111231137520992,-1.2871025346258453,0.4418791205008574,51.0,52.0,51.0,43.0,43.0,25.0,30.0,27.0,53.0,97.78,3975442432,1547829248,1573158912,8.73,8.81,8.84,25297891328,9408323584
2026-05-06T16:59:08.936208+02:00,-0.002088380964296427,0.17623395744736878,0.22115311528628634,-2.657963520297116,1.3757884931036264,-1.5097964625093931,1.5866411136147351,0.23732333548015483,-0.715842334218796,-0.009111231137520992,-1.2871025346258453,0.4418791205008574,51.0,52.0,51.0,43.0,43.0,25.0,30.0,27.0,53.0,97.78,3975442432,1547829248,1573158912,8.73,8.81,8.84,25297891328,9408323584
2026-05-06T16:59:08.989263+02:00,-0.002088380964296427,0.17623395744736878,0.22115311528628634,-2.657963520297116,1.3757884931036264,-1.5097964625093931,1.5866411136147351,0.23732333548015483,-0.715842334218796,-0.009111231137520992,-1.2871025346258453,0.4418791205008574,51.0,52.0,51.0,43.0,43.0,25.0,30.0,27.0,53.0,86.36,3975442432,1551200256,1569787904,8.73,8.81,8.84,25297891328,9408323584
2026-05-06T16:59:09.040220+02:00,-0.002088380964296427,0.17623395744736878,0.22115311528628634,-2.657963520297116,1.3757884931036264,-1.5097964625093931,1.5866411136147351,0.23732333548015483,-0.715842334218796,-0.009111231137520992,-1.2871025346258453,0.4418791205008574,51.0,52.0,51.0,43.0,43.0,25.0,30.0,27.0,53.0,86.36,3975442432,1551200256,1569787904,8.73,8.81,8.84,25297891328,9408323584
2026-05-06T16:59:09.091191+02:00,-0.002088380964296427,0.17623395744736878,0.22115311528628634,-2.657963520297116,1.3757884931036264,-1.5097964625093931,1.5866411136147351,0.23732333548015483,-0.715842334218796,-0.009111231137520992,-1.2871025346258453,0.4418791205008574,51.0,52.0,51.0,43.0,43.0,25.0,30.0,27.0,53.0,86.36,3975442432,1551200256,1569787904,8.73,8.81,8.84,25297891328,9408323584
2026-05-06T16:59:09.144822+02:00,-0.002088380964296427,0.17623395744736878,0.22115311528628634,-2.657963520297116,1.3757884931036264,-1.5097964625093931,1.5866411136147351,0.23732333548015483,-0.715842334218796,-0.009111231137520992,-1.2871025346258453,0.4418791205008574,51.0,52.0,51.0,43.0,43.0,25.0,30.0,27.0,53.0,86.36,3975442432,1551200256,1569787904,8.73,8.81,8.84,25297891328,9408323584
2026-05-06T16:59:09.199857+02:00,-0.002088380964296427,0.17623395744736878,0.22115311528628634,-2.657963520297116,1.3757884931036264,-1.5097964625093931,1.5866411136147351,0.23732333548015483,-0.715842334218796,-0.009111231137520992,-1.2871025346258453,0.4418791205008574,51.0,52.0,51.0,43.0,43.0,25.0,30.0,27.0,53.0,86.36,3975442432,1551200256,1569787904,8.73,8.81,8.84,25297891328,9408323584
2026-05-06T16:59:09.254904+02:00,-0.002088380964296427,0.17623395744736878,0.22115311528628634,-2.657963520297116,1.3757884931036264,-1.5097964625093931,1.5866411136147351,0.23732333548015483,-0.715842334218796,-0.009111231137520992,-1.2871025346258453,0.4418791205008574,51.0,52.0,51.0,43.0,43.0,25.0,30.0,27.0,53.0,86.36,3975442432,1551200256,1569787904,8.73,8.81,8.84,25297891328,9408323584
2026-05-06T16:59:09.309952+02:00,-0.002088380964296427,0.17623395744736878,0.22115311528628634,-2.657963520297116,1.3757884931036264,-1.5097964625093931,1.5866411136147351,0.23732333548015483,-0.715842334218796,-0.009111231137520992,-1.2871025346258453,0.4418791205008574,51.0,52.0,51.0,43.0,43.0,25.0,30.0,27.0,53.0,86.36,3975442432,1551200256,1569787904,8.73,8.81,8.84,25297891328,9408323584
2026-05-06T16:59:09.363575+02:00,-0.002088380964296427,0.17623395744736878,0.22115311528628634,-2.657963520297116,1.3757884931036264,-1.5097964625093931,1.5866411136147351,0.23732333548015483,-0.715842334218796,-0.009111231137520992,-1.2871025346258453,0.4418791205008574,51.0,52.0,51.0,43.0,43.0,25.0,30.0,27.0,53.0,86.36,3975442432,1551200256,1569787904,8.73,8.81,8.84,25297891328,9408323584
2026-05-06T16:59:09.415279+02:00,-0.002088380964296427,0.17623395744736878,0.22115311528628634,-2.657963520297116,1.3757884931036264,-1.5097964625093931,1.5866411136147351,0.23732333548015483,-0.715842334218796,-0.009111231137520992,-1.2871025346258453,0.4418791205008574,51.0,52.0,51.0,43.0,43.0,25.0,30.0,27.0,53.0,86.36,3975442432,1551200256,1569787904,8.73,8.81,8.84,25297891328,9408323584
2026-05-06T16:59:09.470479+02:00,-0.002088380964296427,0.17623395744736878,0.22115311528628634,-2.657963520297116,1.3757884931036264,-1.5097964625093931,1.5866411136147351,0.23732333548015483,-0.715842334218796,-0.009111231137520992,-1.2871025346258453,0.4418791205008574,51.0,52.0,51.0,43.0,43.0,25.0,30.0,27.0,53.0,86.36,3975442432,1551200256,1569787904,8.73,8.81,8.84,25297891328,9408323584
2026-05-06T16:59:09.521517+02:00,-0.002088380964296427,0.17623395744736878,0.22115311528628634,-2.657963520297116,1.3757884931036264,-1.5097964625093931,1.5866411136147351,0.23732333548015483,-0.715842334218796,-0.009111231137520992,-1.2871025346258453,0.4418791205008574,51.0,52.0,51.0,43.0,43.0,25.0,30.0,27.0,53.0,86.36,3975442432,1551200256,1569787904,8.73,8.81,8.84,25297891328,9408323584
2026-05-06T16:59:09.576541+02:00,-0.002088380964296427,0.17623395744736878,0.22115311528628634,-2.657963520297116,1.3757884931036264,-1.5097964625093931,1.5866411136147351,0.23732333548015483,-0.715842334218796,-0.009111231137520992,-1.2871025346258453,0.4418791205008574,51.0,52.0,51.0,43.0,43.0,25.0,30.0,27.0,53.0,86.36,3975442432,1551200256,1569787904,8.73,8.81,8.84,25297891328,9408323584
2026-05-06T16:59:09.627533+02:00,-0.002088380964296427,0.17623395744736878,0.22115311528628634,-2.657963520297116,1.3757884931036264,-1.5097964625093931,1.5866411136147351,0.23732333548015483,-0.715842334218796,-0.009111231137520992,-1.2871025346258453,0.4418791205008574,51.0,52.0,51.0,43.0,43.0,25.0,30.0,27.0,53.0,86.36,3975442432,1551200256,1569787904,8.73,8.81,8.84,25297891328,9408323584
2026-05-06T16:59:09.681270+02:00,-0.002088380964296427,0.17623395744736878,0.22115311528628634,-2.657963520297116,1.3757884931036264,-1.5097964625093931,1.5866411136147351,0.23732333548015483,-0.715842334218796,-0.009111231137520992,-1.2871025346258453,0.4418791205008574,51.0,52.0,51.0,43.0,43.0,25.0,30.0,27.0,53.0,86.36,3975442432,1551200256,1569787904,8.73,8.81,8.84,25297891328,9408323584
2026-05-06T16:59:09.732202+02:00,-0.002088380964296427,0.17623395744736878,0.22115311528628634,-2.657963520297116,1.3757884931036264,-1.5097964625093931,1.5866411136147351,0.23732333548015483,-0.715842334218796,-0.009111231137520992,-1.2871025346258453,0.4418791205008574,51.0,52.0,51.0,43.0,43.0,25.0,30.0,27.0,53.0,86.36,3975442432,1551200256,1569787904,8.73,8.81,8.84,25297891328,9408323584
2026-05-06T16:59:09.783393+02:00,-0.002088380964296427,0.17623395744736878,0.22115311528628634,-2.657963520297116,1.3757884931036264,-1.5097964625093931,1.5866411136147351,0.23732333548015483,-0.715842334218796,-0.009111231137520992,-1.2871025346258453,0.4418791205008574,51.0,52.0,51.0,43.0,43.0,25.0,30.0,27.0,53.0,86.36,3975442432,1551200256,1569787904,8.73,8.81,8.84,25297891328,9408323584
2026-05-06T16:59:09.837016+02:00,-0.002088380964296427,0.17623395744736878,0.22115311528628634,-2.657963520297116,1.3757884931036264,-1.5097964625093931,1.5866411136147351,0.23732333548015483,-0.715842334218796,-0.009111231137520992,-1.2871025346258453,0.4418791205008574,51.0,52.0,51.0,43.0,43.0,25.0,30.0,27.0,53.0,86.36,3975442432,1551200256,1569787904,8.73,8.81,8.84,25297891328,9408323584
2026-05-06T16:59:09.889448+02:00,-0.002088380964296427,0.17623395744736878,0.22115311528628634,-2.657963520297116,1.3757884931036264,-1.5097964625093931,1.5866411136147351,0.23732333548015483,-0.715842334218796,-0.009111231137520992,-1.2871025346258453,0.4418791205008574,51.0,52.0,51.0,43.0,43.0,25.0,30.0,27.0,53.0,86.36,3975442432,1551200256,1569787904,8.73,8.81,8.84,25297891328,9408323584
2026-05-06T16:59:09.939612+02:00,-0.002088380964296427,0.17623395744736878,0.22115311528628634,-2.657963520297116,1.3757884931036264,-1.5097964625093931,1.5866411136147351,0.23732333548015483,-0.715842334218796,-0.009111231137520992,-1.2871025346258453,0.4418791205008574,51.0,52.0,51.0,43.0,43.0,25.0,30.0,27.0,53.0,86.36,3975442432,1551200256,1569787904,8.73,8.81,8.84,25297891328,9408323584
2026-05-06T16:59:09.989918+02:00,-0.002088380964296427,0.17623395744736878,0.22115311528628634,-2.657963520297116,1.3757884931036264,-1.5097964625093931,1.5866411136147351,0.23732333548015483,-0.715842334218796,-0.009111231137520992,-1.2871025346258453,0.4418791205008574,51.0,52.0,51.0,43.0,43.0,25.0,30.0,27.0,53.0,86.36,3975442432,1551200256,1569787904,8.73,8.81,8.84,25297891328,9408323584
2026-05-06T16:59:10.040007+02:00,-0.002088380964296427,0.17623395744736878,0.22115311528628634,-2.657963520297116,1.3757884931036264,-1.5097964625093931,1.5866411136147351,0.23732333548015483,-0.715842334218796,-0.009111231137520992,-1.2871025346258453,0.4418791205008574,51.0,52.0,51.0,43.0,43.0,25.0,30.0,27.0,53.0,88.89,3975442432,1552420864,1568567296,8.73,8.81,8.84,25297891328,9408327680
2026-05-06T16:59:10.091026+02:00,-0.002088380964296427,0.17623395744736878,0.22115311528628634,-2.657963520297116,1.3757884931036264,-1.5097964625093931,1.5866411136147351,0.23732333548015483,-0.715842334218796,-0.009111231137520992,-1.2871025346258453,0.4418791205008574,51.0,52.0,51.0,43.0,43.0,25.0,30.0,27.0,53.0,88.89,3975442432,1552420864,1568567296,8.73,8.81,8.84,25297891328,9408327680
2026-05-06T16:59:10.146034+02:00,-0.002088380964296427,0.17623395744736878,0.22115311528628634,-2.657963520297116,1.3757884931036264,-1.5097964625093931,1.5866411136147351,0.23732333548015483,-0.715842334218796,-0.009111231137520992,-1.2871025346258453,0.4418791205008574,51.0,52.0,51.0,43.0,43.0,25.0,30.0,27.0,53.0,88.89,3975442432,1552420864,1568567296,8.73,8.81,8.84,25297891328,9408327680
2026-05-06T16:59:10.196334+02:00,-0.002088380964296427,0.17623395744736878,0.22115311528628634,-2.657963520297116,1.3757884931036264,-1.5097964625093931,1.5866411136147351,0.23732333548015483,-0.715842334218796,-0.009111231137520992,-1.2871025346258453,0.4418791205008574,51.0,52.0,51.0,43.0,43.0,25.0,30.0,27.0,53.0,88.89,3975442432,1552420864,1568567296,8.73,8.81,8.84,25297891328,9408327680
2026-05-06T16:59:10.248235+02:00,-0.002088380964296427,0.17623395744736878,0.22115311528628634,-2.657963520297116,1.3757884931036264,-1.5097964625093931,1.5866411136147351,0.23732333548015483,-0.715842334218796,-0.009111231137520992,-1.2871025346258453,0.4418791205008574,51.0,52.0,51.0,43.0,43.0,25.0,30.0,27.0,53.0,88.89,3975442432,1552420864,1568567296,8.73,8.81,8.84,25297891328,9408327680
2026-05-06T16:59:10.301286+02:00,-0.002088380964296427,0.17623395744736878,0.22115311528628634,-2.657963520297116,1.3757884931036264,-1.5097964625093931,1.5866411136147351,0.23732333548015483,-0.715842334218796,-0.009111231137520992,-1.2871025346258453,0.4418791205008574,51.0,52.0,51.0,43.0,43.0,25.0,30.0,27.0,53.0,88.89,3975442432,1552420864,1568567296,8.73,8.81,8.84,25297891328,9408327680
2026-05-06T16:59:10.353224+02:00,-0.002088380964296427,0.17623395744736878,0.22115311528628634,-2.657963520297116,1.3757884931036264,-1.5097964625093931,1.5866411136147351,0.23732333548015483,-0.715842334218796,-0.009111231137520992,-1.2871025346258453,0.4418791205008574,51.0,52.0,51.0,43.0,43.0,25.0,30.0,27.0,53.0,88.89,3975442432,1552420864,1568567296,8.73,8.81,8.84,25297891328,9408327680
2026-05-06T16:59:10.407309+02:00,-0.002088380964296427,0.17623395744736878,0.22115311528628634,-2.657963520297116,1.3757884931036264,-1.5097964625093931,1.5866411136147351,0.23732333548015483,-0.715842334218796,-0.009111231137520992,-1.2871025346258453,0.4418791205008574,51.0,52.0,51.0,43.0,43.0,25.0,30.0,27.0,53.0,88.89,3975442432,1552420864,1568567296,8.73,8.81,8.84,25297891328,9408327680
2026-05-06T16:59:10.460540+02:00,-0.002088380964296427,0.17623395744736878,0.22115311528628634,-2.657963520297116,1.3757884931036264,-1.5097964625093931,1.5866411136147351,0.23732333548015483,-0.715842334218796,-0.009111231137520992,-1.2871025346258453,0.4418791205008574,51.0,52.0,51.0,43.0,43.0,25.0,30.0,27.0,53.0,88.89,3975442432,1552420864,1568567296,8.73,8.81,8.84,25297891328,9408327680
2026-05-06T16:59:10.510559+02:00,-0.002088380964296427,0.17623395744736878,0.22115311528628634,-2.657963520297116,1.3757884931036264,-1.5097964625093931,1.5866411136147351,0.23732333548015483,-0.715842334218796,-0.009111231137520992,-1.2871025346258453,0.4418791205008574,51.0,52.0,51.0,43.0,43.0,25.0,30.0,27.0,53.0,88.89,3975442432,1552420864,1568567296,8.73,8.81,8.84,25297891328,9408327680
2026-05-06T16:59:10.561356+02:00,-0.002088380964296427,0.17623395744736878,0.22115311528628634,-2.657963520297116,1.3757884931036264,-1.5097964625093931,1.5866411136147351,0.23732333548015483,-0.715842334218796,-0.009111231137520992,-1.2871025346258453,0.4418791205008574,51.0,52.0,51.0,43.0,43.0,25.0,30.0,27.0,53.0,88.89,3975442432,1552420864,1568567296,8.73,8.81,8.84,25297891328,9408327680
2026-05-06T16:59:10.612636+02:00,-0.002088380964296427,0.17623395744736878,0.22115311528628634,-2.657963520297116,1.3757884931036264,-1.5097964625093931,1.5866411136147351,0.23732333548015483,-0.715842334218796,-0.009111231137520992,-1.2871025346258453,0.4418791205008574,51.0,52.0,51.0,43.0,43.0,25.0,30.0,27.0,53.0,88.89,3975442432,1552420864,1568567296,8.73,8.81,8.84,25297891328,9408327680
2026-05-06T16:59:10.663265+02:00,-0.002088380964296427,0.17623395744736878,0.22115311528628634,-2.657963520297116,1.3757884931036264,-1.5097964625093931,1.5866411136147351,0.23732333548015483,-0.715842334218796,-0.009111231137520992,-1.2871025346258453,0.4418791205008574,51.0,52.0,51.0,43.0,43.0,25.0,30.0,27.0,53.0,88.89,3975442432,1552420864,1568567296,8.73,8.81,8.84,25297891328,9408327680
2026-05-06T16:59:10.713674+02:00,-0.002088380964296427,0.17623395744736878,0.22115311528628634,-2.657963520297116,1.3757884931036264,-1.5097964625093931,1.5866411136147351,0.23732333548015483,-0.715842334218796,-0.009111231137520992,-1.2871025346258453,0.4418791205008574,51.0,52.0,51.0,43.0,43.0,25.0,30.0,27.0,53.0,88.89,3975442432,1552420864,1568567296,8.73,8.81,8.84,25297891328,9408327680
2026-05-06T16:59:10.765163+02:00,-0.002088380964296427,0.17623395744736878,0.22115311528628634,-2.657963520297116,1.3757884931036264,-1.5097964625093931,1.5866411136147351,0.23732333548015483,-0.715842334218796,-0.009111231137520992,-1.2871025346258453,0.4418791205008574,51.0,52.0,51.0,43.0,43.0,25.0,30.0,27.0,53.0,88.89,3975442432,1552420864,1568567296,8.73,8.81,8.84,25297891328,9408327680
2026-05-06T16:59:10.815417+02:00,-0.002088380964296427,0.17623395744736878,0.22115311528628634,-2.657963520297116,1.3757884931036264,-1.5097964625093931,1.5866411136147351,0.23732333548015483,-0.715842334218796,-0.009111231137520992,-1.2871025346258453,0.4418791205008574,51.0,52.0,51.0,43.0,43.0,25.0,30.0,27.0,53.0,88.89,3975442432,1552420864,1568567296,8.73,8.81,8.84,25297891328,9408327680
2026-05-06T16:59:10.868449+02:00,-0.002088380964296427,0.17623395744736878,0.22115311528628634,-2.657963520297116,1.3757884931036264,-1.5097964625093931,1.5866411136147351,0.23732333548015483,-0.715842334218796,-0.009111231137520992,-1.2871025346258453,0.4418791205008574,51.0,52.0,51.0,43.0,43.0,25.0,30.0,27.0,53.0,88.89,3975442432,1552420864,1568567296,8.73,8.81,8.84,25297891328,9408327680
2026-05-06T16:59:10.919370+02:00,-0.002088380964296427,0.17623395744736878,0.22115311528628634,-2.657963520297116,1.3757884931036264,-1.5097964625093931,1.5866411136147351,0.23732333548015483,-0.715842334218796,-0.009111231137520992,-1.2871025346258453,0.4418791205008574,51.0,52.0,51.0,43.0,43.0,25.0,30.0,27.0,53.0,88.89,3975442432,1552420864,1568567296,8.73,8.81,8.84,25297891328,9408327680
2026-05-06T16:59:10.974462+02:00,-0.002088380964296427,0.17623395744736878,0.22115311528628634,-2.657963520297116,1.3757884931036264,-1.5097964625093931,1.5866411136147351,0.23732333548015483,-0.715842334218796,-0.009111231137520992,-1.2871025346258453,0.4418791205008574,51.0,52.0,51.0,43.0,43.0,25.0,30.0,27.0,53.0,88.89,3975442432,1552420864,1568567296,8.73,8.81,8.84,25297891328,9408327680
2026-05-06T16:59:11.025700+02:00,-0.002088380964296427,0.17623395744736878,0.22115311528628634,-2.657963520297116,1.3757884931036264,-1.5097964625093931,1.5866411136147351,0.23732333548015483,-0.715842334218796,-0.009111231137520992,-1.2871025346258453,0.4418791205008574,51.0,52.0,51.0,43.0,43.0,25.0,30.0,27.0,53.0,88.89,3975442432,1552420864,1568567296,8.73,8.81,8.84,25297891328,9408327680
2026-05-06T16:59:11.079675+02:00,-0.002088380964296427,0.17623395744736878,0.22115311528628634,-2.657963520297116,1.3757884931036264,-1.5097964625093931,1.5866411136147351,0.23732333548015483,-0.715842334218796,-0.009111231137520992,-1.2871025346258453,0.4418791205008574,51.0,52.0,51.0,43.0,43.0,25.0,30.0,27.0,53.0,85.61,3975442432,1515069440,1605980160,8.84,8.83,8.84,25297891328,9408327680
2026-05-06T16:59:11.134728+02:00,-0.002088380964296427,0.17623395744736878,0.22115311528628634,-2.657963520297116,1.3757884931036264,-1.5097964625093931,1.5866411136147351,0.23732333548015483,-0.715842334218796,-0.009111231137520992,-1.2871025346258453,0.4418791205008574,51.0,52.0,51.0,43.0,43.0,25.0,30.0,27.0,53.0,85.61,3975442432,1515069440,1605980160,8.84,8.83,8.84,25297891328,9408327680
2026-05-06T16:59:11.186459+02:00,-0.002088380964296427,0.17623395744736878,0.22115311528628634,-2.657963520297116,1.3757884931036264,-1.5097964625093931,1.5866411136147351,0.23732333548015483,-0.715842334218796,-0.009111231137520992,-1.2871025346258453,0.4418791205008574,51.0,52.0,51.0,43.0,43.0,25.0,30.0,27.0,53.0,85.61,3975442432,1515069440,1605980160,8.84,8.83,8.84,25297891328,9408327680
2026-05-06T16:59:11.241535+02:00,-0.002088380964296427,0.17623395744736878,0.22115311528628634,-2.657963520297116,1.3757884931036264,-1.5097964625093931,1.5866411136147351,0.23732333548015483,-0.715842334218796,-0.009111231137520992,-1.2871025346258453,0.4418791205008574,51.0,52.0,51.0,43.0,43.0,25.0,30.0,27.0,53.0,85.61,3975442432,1515069440,1605980160,8.84,8.83,8.84,25297891328,9408327680
2026-05-06T16:59:11.294668+02:00,-0.002088380964296427,0.17623395744736878,0.22115311528628634,-2.657963520297116,1.3757884931036264,-1.5097964625093931,1.5866411136147351,0.23732333548015483,-0.715842334218796,-0.009111231137520992,-1.2871025346258453,0.4418791205008574,51.0,52.0,51.0,43.0,43.0,25.0,30.0,27.0,53.0,85.61,3975442432,1515069440,1605980160,8.84,8.83,8.84,25297891328,9408327680
2026-05-06T16:59:11.348937+02:00,-0.002088380964296427,0.17623395744736878,0.22115311528628634,-2.657963520297116,1.3757884931036264,-1.5097964625093931,1.5866411136147351,0.23732333548015483,-0.715842334218796,-0.009111231137520992,-1.2871025346258453,0.4418791205008574,51.0,52.0,51.0,43.0,43.0,25.0,30.0,27.0,53.0,85.61,3975442432,1515069440,1605980160,8.84,8.83,8.84,25297891328,9408327680
2026-05-06T16:59:11.399365+02:00,-0.002088380964296427,0.17623395744736878,0.22115311528628634,-2.657963520297116,1.3757884931036264,-1.5097964625093931,1.5866411136147351,0.23732333548015483,-0.715842334218796,-0.009111231137520992,-1.2871025346258453,0.4418791205008574,51.0,52.0,51.0,43.0,43.0,25.0,30.0,27.0,53.0,85.61,3975442432,1515069440,1605980160,8.84,8.83,8.84,25297891328,9408327680
2026-05-06T16:59:11.452399+02:00,-0.002088380964296427,0.17623395744736878,0.22115311528628634,-2.657963520297116,1.3757884931036264,-1.5097964625093931,1.5866411136147351,0.23732333548015483,-0.715842334218796,-0.009111231137520992,-1.2871025346258453,0.4418791205008574,51.0,52.0,51.0,43.0,43.0,25.0,30.0,27.0,53.0,85.61,3975442432,1515069440,1605980160,8.84,8.83,8.84,25297891328,9408327680
2026-05-06T16:59:11.505436+02:00,-0.002088380964296427,0.17623395744736878,0.22115311528628634,-2.657963520297116,1.3757884931036264,-1.5097964625093931,1.5866411136147351,0.23732333548015483,-0.715842334218796,-0.009111231137520992,-1.2871025346258453,0.4418791205008574,51.0,52.0,51.0,43.0,43.0,25.0,30.0,27.0,53.0,85.61,3975442432,1515069440,1605980160,8.84,8.83,8.84,25297891328,9408327680
2026-05-06T16:59:11.558317+02:00,-0.002088380964296427,0.17623395744736878,0.22115311528628634,-2.657963520297116,1.3757884931036264,-1.5097964625093931,1.5866411136147351,0.23732333548015483,-0.715842334218796,-0.009111231137520992,-1.2871025346258453,0.4418791205008574,51.0,52.0,51.0,43.0,43.0,25.0,30.0,27.0,53.0,85.61,3975442432,1515069440,1605980160,8.84,8.83,8.84,25297891328,9408327680
2026-05-06T16:59:11.613055+02:00,-0.002088380964296427,0.17623395744736878,0.22115311528628634,-2.657963520297116,1.3757884931036264,-1.5097964625093931,1.5866411136147351,0.23732333548015483,-0.715842334218796,-0.009111231137520992,-1.2871025346258453,0.4418791205008574,51.0,52.0,51.0,43.0,43.0,25.0,30.0,27.0,53.0,85.61,3975442432,1515069440,1605980160,8.84,8.83,8.84,25297891328,9408327680
2026-05-06T16:59:11.664604+02:00,-0.002088380964296427,0.17623395744736878,0.22115311528628634,-2.657963520297116,1.3757884931036264,-1.5097964625093931,1.5866411136147351,0.23732333548015483,-0.715842334218796,-0.009111231137520992,-1.2871025346258453,0.4418791205008574,51.0,52.0,51.0,43.0,43.0,25.0,30.0,27.0,53.0,85.61,3975442432,1515069440,1605980160,8.84,8.83,8.84,25297891328,9408327680
2026-05-06T16:59:11.716814+02:00,-0.002088380964296427,0.17623395744736878,0.22115311528628634,-2.657963520297116,1.3757884931036264,-1.5097964625093931,1.5866411136147351,0.23732333548015483,-0.715842334218796,-0.009111231137520992,-1.2871025346258453,0.4418791205008574,51.0,52.0,51.0,43.0,43.0,25.0,30.0,27.0,53.0,85.61,3975442432,1515069440,1605980160,8.84,8.83,8.84,25297891328,9408327680
2026-05-06T16:59:11.772039+02:00,-0.002088380964296427,0.17623395744736878,0.22115311528628634,-2.657963520297116,1.3757884931036264,-1.5097964625093931,1.5866411136147351,0.23732333548015483,-0.715842334218796,-0.009111231137520992,-1.2871025346258453,0.4418791205008574,51.0,52.0,51.0,43.0,43.0,25.0,30.0,27.0,53.0,85.61,3975442432,1515069440,1605980160,8.84,8.83,8.84,25297891328,9408327680
2026-05-06T16:59:11.826924+02:00,-0.002088380964296427,0.17623395744736878,0.22115311528628634,-2.657963520297116,1.3757884931036264,-1.5097964625093931,1.5866411136147351,0.23732333548015483,-0.715842334218796,-0.009111231137520992,-1.2871025346258453,0.4418791205008574,51.0,52.0,51.0,43.0,43.0,25.0,30.0,27.0,53.0,85.61,3975442432,1515069440,1605980160,8.84,8.83,8.84,25297891328,9408327680
2026-05-06T16:59:11.878252+02:00,-0.002088380964296427,0.17623395744736878,0.22115311528628634,-2.657963520297116,1.3757884931036264,-1.5097964625093931,1.5866411136147351,0.23732333548015483,-0.715842334218796,-0.009111231137520992,-1.2871025346258453,0.4418791205008574,51.0,52.0,51.0,43.0,43.0,25.0,30.0,27.0,53.0,85.61,3975442432,1515069440,1605980160,8.84,8.83,8.84,25297891328,9408327680
2026-05-06T17:09:35.853022+02:00,-0.0020883809642963853,0.1762339574473688,0.22115311528628634,-2.654895558721345,1.3757884931036264,-1.5097964625093938,1.5866411136147351,0.23732333548015483,-0.715842334218796,-0.009111231137520992,-1.2871025346258453,0.4449470820766286,51.0,52.0,51.0,43.0,43.0,26.0,30.0,27.0,52.0,,,,,,,,,
2026-05-06T17:09:35.907723+02:00,-0.0020883809642963853,0.1762339574473688,0.22115311528628634,-2.654895558721345,1.3757884931036264,-1.5097964625093938,1.5866411136147351,0.23732333548015483,-0.715842334218796,-0.009111231137520992,-1.2871025346258453,0.4449470820766286,51.0,52.0,51.0,43.0,43.0,26.0,30.0,27.0,52.0,,,,,,,,,
2026-05-06T17:09:35.962836+02:00,-0.0020883809642963853,0.1762339574473688,0.22115311528628634,-2.654895558721345,1.3757884931036264,-1.5097964625093938,1.5866411136147351,0.23732333548015483,-0.715842334218796,-0.009111231137520992,-1.2871025346258453,0.4449470820766286,51.0,52.0,51.0,43.0,43.0,26.0,30.0,27.0,52.0,,,,,,,,,
2026-05-06T17:09:36.017833+02:00,-0.0020883809642963853,0.1762339574473688,0.22115311528628634,-2.654895558721345,1.3757884931036264,-1.5097964625093938,1.5866411136147351,0.23732333548015483,-0.715842334218796,-0.009111231137520992,-1.2871025346258453,0.4449470820766286,51.0,52.0,51.0,43.0,43.0,26.0,30.0,27.0,52.0,,,,,,,,,
2026-05-06T17:09:36.068077+02:00,-0.0020883809642963853,0.1762339574473688,0.22115311528628634,-2.654895558721345,1.3757884931036264,-1.5097964625093938,1.5866411136147351,0.23732333548015483,-0.715842334218796,-0.009111231137520992,-1.2871025346258453,0.4449470820766286,51.0,52.0,51.0,43.0,43.0,26.0,30.0,27.0,52.0,,,,,,,,,
2026-05-06T17:09:36.123090+02:00,-0.0020883809642963853,0.1762339574473688,0.22115311528628634,-2.654895558721345,1.3757884931036264,-1.5097964625093938,1.5866411136147351,0.23732333548015483,-0.715842334218796,-0.009111231137520992,-1.2871025346258453,0.4449470820766286,51.0,52.0,51.0,43.0,43.0,26.0,30.0,27.0,52.0,,,,,,,,,
2026-05-06T17:09:36.174512+02:00,-0.0020883809642963853,0.1762339574473688,0.22115311528628634,-2.654895558721345,1.3757884931036264,-1.5097964625093938,1.5866411136147351,0.23732333548015483,-0.715842334218796,-0.009111231137520992,-1.2871025346258453,0.4449470820766286,51.0,52.0,51.0,43.0,43.0,26.0,30.0,27.0,52.0,,,,,,,,,
2026-05-06T17:09:36.225836+02:00,-0.0020883809642963853,0.1762339574473688,0.22115311528628634,-2.654895558721345,1.3757884931036264,-1.5097964625093938,1.5866411136147351,0.23732333548015483,-0.715842334218796,-0.009111231137520992,-1.2871025346258453,0.4449470820766286,51.0,52.0,51.0,43.0,43.0,26.0,30.0,27.0,52.0,,,,,,,,,
2026-05-06T17:09:36.276582+02:00,-0.0020883809642963853,0.1762339574473688,0.22115311528628634,-2.654895558721345,1.3757884931036264,-1.5097964625093938,1.5866411136147351,0.23732333548015483,-0.715842334218796,-0.009111231137520992,-1.2871025346258453,0.4449470820766286,51.0,52.0,51.0,43.0,43.0,26.0,30.0,27.0,52.0,,,,,,,,,
2026-05-06T17:09:36.328439+02:00,-0.0020883809642963853,0.1762339574473688,0.22115311528628634,-2.654895558721345,1.3757884931036264,-1.5097964625093938,1.5866411136147351,0.23732333548015483,-0.715842334218796,-0.009111231137520992,-1.2871025346258453,0.4449470820766286,51.0,52.0,51.0,43.0,43.0,26.0,30.0,27.0,52.0,,,,,,,,,
2026-05-06T17:09:36.378579+02:00,-0.0020883809642963853,0.1762339574473688,0.22115311528628634,-2.654895558721345,1.3757884931036264,-1.5097964625093938,1.5866411136147351,0.23732333548015483,-0.715842334218796,-0.009111231137520992,-1.2871025346258453,0.4449470820766286,51.0,52.0,51.0,43.0,43.0,26.0,30.0,27.0,52.0,,,,,,,,,
2026-05-06T17:09:36.428587+02:00,-0.0020883809642963853,0.1762339574473688,0.22115311528628634,-2.654895558721345,1.3757884931036264,-1.5097964625093938,1.5866411136147351,0.23732333548015483,-0.715842334218796,-0.009111231137520992,-1.2871025346258453,0.4449470820766286,51.0,52.0,51.0,43.0,43.0,26.0,30.0,27.0,52.0,,,,,,,,,
2026-05-06T17:09:36.483616+02:00,-0.0020883809642963853,0.1762339574473688,0.22115311528628634,-2.654895558721345,1.3757884931036264,-1.5097964625093938,1.5866411136147351,0.23732333548015483,-0.715842334218796,-0.009111231137520992,-1.2871025346258453,0.4449470820766286,51.0,52.0,51.0,43.0,43.0,26.0,30.0,27.0,52.0,,,,,,,,,
2026-05-06T17:09:36.536132+02:00,-0.0020883809642963853,0.1762339574473688,0.22115311528628634,-2.654895558721345,1.3757884931036264,-1.5097964625093938,1.5866411136147351,0.23732333548015483,-0.715842334218796,-0.009111231137520992,-1.2871025346258453,0.4449470820766286,51.0,52.0,51.0,43.0,43.0,26.0,30.0,27.0,52.0,,,,,,,,,
2026-05-06T17:09:36.587133+02:00,-0.0020883809642963853,0.1762339574473688,0.22115311528628634,-2.654895558721345,1.3757884931036264,-1.5097964625093938,1.5866411136147351,0.23732333548015483,-0.715842334218796,-0.009111231137520992,-1.2871025346258453,0.4449470820766286,51.0,52.0,51.0,43.0,43.0,26.0,30.0,27.0,52.0,,,,,,,,,
2026-05-06T17:09:36.639966+02:00,-0.0020883809642963853,0.1762339574473688,0.22115311528628634,-2.654895558721345,1.3757884931036264,-1.5097964625093938,1.5866411136147351,0.23732333548015483,-0.715842334218796,-0.009111231137520992,-1.2871025346258453,0.4449470820766286,51.0,52.0,51.0,43.0,43.0,26.0,30.0,27.0,52.0,,,,,,,,,
2026-05-06T17:09:36.691705+02:00,-0.0020883809642963853,0.1762339574473688,0.22115311528628634,-2.654895558721345,1.3757884931036264,-1.5097964625093938,1.5866411136147351,0.23732333548015483,-0.715842334218796,-0.009111231137520992,-1.2871025346258453,0.4449470820766286,51.0,52.0,51.0,43.0,43.0,26.0,30.0,27.0,52.0,98.3,3975442432,1513435136,1601777664,7.75,7.47,8.06,25297891328,9408675840
2026-05-06T17:09:36.741836+02:00,-0.0020883809642963853,0.1762339574473688,0.22115311528628634,-2.654895558721345,1.3757884931036264,-1.5097964625093938,1.5866411136147351,0.23732333548015483,-0.715842334218796,-0.009111231137520992,-1.2871025346258453,0.4449470820766286,51.0,52.0,51.0,43.0,43.0,26.0,30.0,27.0,52.0,98.3,3975442432,1513435136,1601777664,7.75,7.47,8.06,25297891328,9408675840
2026-05-06T17:09:36.796126+02:00,-0.0020883809642963853,0.1762339574473688,0.22115311528628634,-2.654895558721345,1.3757884931036264,-1.5097964625093938,1.5866411136147351,0.23732333548015483,-0.715842334218796,-0.009111231137520992,-1.2871025346258453,0.4449470820766286,51.0,52.0,51.0,43.0,43.0,26.0,30.0,27.0,52.0,98.3,3975442432,1513435136,1601777664,7.75,7.47,8.06,25297891328,9408675840
2026-05-06T17:09:36.850964+02:00,-0.0020883809642963853,0.1762339574473688,0.22115311528628634,-2.654895558721345,1.3757884931036264,-1.5097964625093938,1.5866411136147351,0.23732333548015483,-0.715842334218796,-0.009111231137520992,-1.2871025346258453,0.4449470820766286,51.0,52.0,51.0,43.0,43.0,26.0,30.0,27.0,52.0,98.3,3975442432,1513435136,1601777664,7.75,7.47,8.06,25297891328,9408675840
2026-05-06T17:09:36.901541+02:00,-0.0020883809642963853,0.1762339574473688,0.22115311528628634,-2.654895558721345,1.3757884931036264,-1.5097964625093938,1.5866411136147351,0.23732333548015483,-0.715842334218796,-0.009111231137520992,-1.2871025346258453,0.4449470820766286,51.0,52.0,51.0,43.0,43.0,26.0,30.0,27.0,52.0,98.3,3975442432,1513435136,1601777664,7.75,7.47,8.06,25297891328,9408675840
2026-05-06T17:09:36.952668+02:00,-0.0020883809642963853,0.1762339574473688,0.22115311528628634,-2.654895558721345,1.3757884931036264,-1.5097964625093938,1.5866411136147351,0.23732333548015483,-0.715842334218796,-0.009111231137520992,-1.2871025346258453,0.4449470820766286,51.0,52.0,51.0,43.0,43.0,26.0,30.0,27.0,52.0,98.3,3975442432,1513435136,1601777664,7.75,7.47,8.06,25297891328,9408675840
2026-05-06T17:09:37.003113+02:00,-0.0020883809642963853,0.1762339574473688,0.22115311528628634,-2.654895558721345,1.3757884931036264,-1.5097964625093938,1.5866411136147351,0.23732333548015483,-0.715842334218796,-0.009111231137520992,-1.2871025346258453,0.4449470820766286,51.0,52.0,51.0,43.0,43.0,26.0,30.0,27.0,52.0,98.3,3975442432,1513435136,1601777664,7.75,7.47,8.06,25297891328,9408675840
2026-05-06T17:09:37.054650+02:00,-0.0020883809642963853,0.1762339574473688,0.22115311528628634,-2.654895558721345,1.3757884931036264,-1.5097964625093938,1.5866411136147351,0.23732333548015483,-0.715842334218796,-0.009111231137520992,-1.2871025346258453,0.4449470820766286,51.0,52.0,51.0,43.0,43.0,26.0,30.0,27.0,52.0,98.3,3975442432,1513435136,1601777664,7.75,7.47,8.06,25297891328,9408675840
2026-05-06T17:09:37.108062+02:00,-0.0020883809642963853,0.1762339574473688,0.22115311528628634,-2.654895558721345,1.3757884931036264,-1.5097964625093938,1.5866411136147351,0.23732333548015483,-0.715842334218796,-0.009111231137520992,-1.2871025346258453,0.4449470820766286,51.0,52.0,51.0,43.0,43.0,26.0,30.0,27.0,52.0,98.3,3975442432,1513435136,1601777664,7.75,7.47,8.06,25297891328,9408675840
2026-05-06T17:09:37.159346+02:00,-0.0020883809642963853,0.1762339574473688,0.22115311528628634,-2.654895558721345,1.3757884931036264,-1.5097964625093938,1.5866411136147351,0.23732333548015483,-0.715842334218796,-0.009111231137520992,-1.2871025346258453,0.4449470820766286,51.0,52.0,51.0,43.0,43.0,26.0,30.0,27.0,52.0,98.3,3975442432,1513435136,1601777664,7.75,7.47,8.06,25297891328,9408675840
2026-05-06T17:09:37.214073+02:00,-0.0020883809642963853,0.1762339574473688,0.22115311528628634,-2.654895558721345,1.3757884931036264,-1.5097964625093938,1.5866411136147351,0.23732333548015483,-0.715842334218796,-0.009111231137520992,-1.2871025346258453,0.4449470820766286,51.0,52.0,51.0,43.0,43.0,26.0,30.0,27.0,52.0,98.3,3975442432,1513435136,1601777664,7.75,7.47,8.06,25297891328,9408675840
2026-05-06T17:09:37.266962+02:00,-0.0020883809642963853,0.1762339574473688,0.22115311528628634,-2.654895558721345,1.3757884931036264,-1.5097964625093938,1.5866411136147351,0.23732333548015483,-0.715842334218796,-0.009111231137520992,-1.2871025346258453,0.4449470820766286,51.0,52.0,51.0,43.0,43.0,26.0,30.0,27.0,52.0,98.3,3975442432,1513435136,1601777664,7.75,7.47,8.06,25297891328,9408675840
2026-05-06T17:09:37.317564+02:00,-0.0020883809642963853,0.1762339574473688,0.22115311528628634,-2.654895558721345,1.3757884931036264,-1.5097964625093938,1.5866411136147351,0.23732333548015483,-0.715842334218796,-0.009111231137520992,-1.2871025346258453,0.4449470820766286,51.0,52.0,51.0,43.0,43.0,26.0,30.0,27.0,52.0,98.3,3975442432,1513435136,1601777664,7.75,7.47,8.06,25297891328,9408675840
2026-05-06T17:09:37.371583+02:00,-0.0020883809642963853,0.1762339574473688,0.22115311528628634,-2.654895558721345,1.3757884931036264,-1.5097964625093938,1.5866411136147351,0.23732333548015483,-0.715842334218796,-0.009111231137520992,-1.2871025346258453,0.4449470820766286,51.0,52.0,51.0,43.0,43.0,26.0,30.0,27.0,52.0,98.3,3975442432,1513435136,1601777664,7.75,7.47,8.06,25297891328,9408675840
2026-05-06T17:09:37.422703+02:00,-0.0020883809642963853,0.1762339574473688,0.22115311528628634,-2.654895558721345,1.3757884931036264,-1.5097964625093938,1.5866411136147351,0.23732333548015483,-0.715842334218796,-0.009111231137520992,-1.2871025346258453,0.4449470820766286,51.0,52.0,51.0,43.0,43.0,26.0,30.0,27.0,52.0,97.1,3975442432,1514176512,1601044480,7.75,7.47,8.06,25297891328,9408675840
2026-05-06T17:09:37.476175+02:00,-0.0020883809642963853,0.1762339574473688,0.22115311528628634,-2.654895558721345,1.3757884931036264,-1.5097964625093938,1.5866411136147351,0.23732333548015483,-0.715842334218796,-0.009111231137520992,-1.2871025346258453,0.4449470820766286,51.0,52.0,51.0,43.0,43.0,26.0,30.0,27.0,52.0,97.1,3975442432,1514176512,1601044480,7.75,7.47,8.06,25297891328,9408675840
2026-05-06T17:09:37.530633+02:00,-0.0020883809642963853,0.1762339574473688,0.22115311528628634,-2.654895558721345,1.3757884931036264,-1.5097964625093938,1.5866411136147351,0.23732333548015483,-0.715842334218796,-0.009111231137520992,-1.2871025346258453,0.4449470820766286,51.0,52.0,51.0,43.0,43.0,26.0,30.0,27.0,52.0,97.1,3975442432,1514176512,1601044480,7.75,7.47,8.06,25297891328,9408675840
2026-05-06T17:09:37.583500+02:00,-0.0020883809642963853,0.1762339574473688,0.22115311528628634,-2.654895558721345,1.3757884931036264,-1.5097964625093938,1.5866411136147351,0.23732333548015483,-0.715842334218796,-0.009111231137520992,-1.2871025346258453,0.4449470820766286,51.0,51.0,51.0,43.0,43.0,26.0,30.0,27.0,52.0,97.1,3975442432,1514176512,1601044480,7.75,7.47,8.06,25297891328,9408675840
2026-05-06T17:09:37.635787+02:00,-0.0020883809642963853,0.1762339574473688,0.22115311528628634,-2.654895558721345,1.3757884931036264,-1.5097964625093938,1.5866411136147351,0.23732333548015483,-0.715842334218796,-0.009111231137520992,-1.2871025346258453,0.4449470820766286,51.0,51.0,51.0,43.0,43.0,26.0,30.0,27.0,52.0,97.1,3975442432,1514176512,1601044480,7.75,7.47,8.06,25297891328,9408675840
2026-05-06T17:09:37.686666+02:00,-0.0020883809642963853,0.1762339574473688,0.22115311528628634,-2.654895558721345,1.3757884931036264,-1.5097964625093938,1.5866411136147351,0.23732333548015483,-0.715842334218796,-0.009111231137520992,-1.2871025346258453,0.4449470820766286,51.0,51.0,51.0,43.0,43.0,26.0,30.0,27.0,52.0,97.1,3975442432,1514176512,1601044480,7.75,7.47,8.06,25297891328,9408675840
2026-05-06T17:09:37.741192+02:00,-0.0020883809642963853,0.1762339574473688,0.22115311528628634,-2.654895558721345,1.3757884931036264,-1.5097964625093938,1.5866411136147351,0.23732333548015483,-0.715842334218796,-0.009111231137520992,-1.2871025346258453,0.4449470820766286,51.0,51.0,51.0,43.0,43.0,26.0,30.0,27.0,52.0,97.1,3975442432,1514176512,1601044480,7.75,7.47,8.06,25297891328,9408675840
2026-05-06T17:09:37.791678+02:00,-0.0020883809642963853,0.1762339574473688,0.22115311528628634,-2.654895558721345,1.3757884931036264,-1.5097964625093938,1.5866411136147351,0.23732333548015483,-0.715842334218796,-0.009111231137520992,-1.2871025346258453,0.4449470820766286,51.0,51.0,51.0,43.0,43.0,26.0,30.0,27.0,52.0,97.1,3975442432,1514176512,1601044480,7.75,7.47,8.06,25297891328,9408675840
2026-05-06T17:09:37.843926+02:00,-0.0020883809642963853,0.1762339574473688,0.22115311528628634,-2.654895558721345,1.3757884931036264,-1.5097964625093938,1.5866411136147351,0.23732333548015483,-0.715842334218796,-0.009111231137520992,-1.2871025346258453,0.4449470820766286,51.0,51.0,51.0,43.0,43.0,26.0,30.0,27.0,52.0,97.1,3975442432,1514176512,1601044480,7.75,7.47,8.06,25297891328,9408675840
2026-05-06T17:09:37.894651+02:00,-0.0020883809642963853,0.1762339574473688,0.22115311528628634,-2.654895558721345,1.3757884931036264,-1.5097964625093938,1.5866411136147351,0.23732333548015483,-0.715842334218796,-0.009111231137520992,-1.2871025346258453,0.4449470820766286,51.0,51.0,51.0,43.0,43.0,26.0,30.0,27.0,52.0,97.1,3975442432,1514176512,1601044480,7.75,7.47,8.06,25297891328,9408675840
2026-05-06T17:09:37.948171+02:00,-0.0020883809642963853,0.1762339574473688,0.22115311528628634,-2.654895558721345,1.3757884931036264,-1.5097964625093938,1.5866411136147351,0.23732333548015483,-0.715842334218796,-0.009111231137520992,-1.2871025346258453,0.4449470820766286,51.0,51.0,51.0,43.0,43.0,26.0,30.0,27.0,52.0,97.1,3975442432,1514176512,1601044480,7.75,7.47,8.06,25297891328,9408675840
2026-05-06T17:09:37.999523+02:00,-0.0020883809642963853,0.1762339574473688,0.22115311528628634,-2.654895558721345,1.3757884931036264,-1.5097964625093938,1.5866411136147351,0.23732333548015483,-0.715842334218796,-0.009111231137520992,-1.2871025346258453,0.4449470820766286,51.0,51.0,51.0,43.0,43.0,26.0,30.0,27.0,52.0,97.1,3975442432,1514176512,1601044480,7.75,7.47,8.06,25297891328,9408675840
2026-05-06T17:09:38.050431+02:00,-0.0020883809642963853,0.1762339574473688,0.22115311528628634,-2.654895558721345,1.3757884931036264,-1.5097964625093938,1.5866411136147351,0.23732333548015483,-0.715842334218796,-0.009111231137520992,-1.2871025346258453,0.4449470820766286,51.0,51.0,51.0,43.0,43.0,26.0,30.0,27.0,52.0,97.1,3975442432,1514176512,1601044480,7.75,7.47,8.06,25297891328,9408675840
2026-05-06T17:09:38.103777+02:00,-0.0020883809642963853,0.1762339574473688,0.22115311528628634,-2.654895558721345,1.3757884931036264,-1.5097964625093938,1.5866411136147351,0.23732333548015483,-0.715842334218796,-0.009111231137520992,-1.2871025346258453,0.4449470820766286,51.0,51.0,51.0,43.0,43.0,26.0,30.0,27.0,52.0,97.1,3975442432,1514176512,1601044480,7.75,7.47,8.06,25297891328,9408675840
2026-05-06T17:09:38.158796+02:00,-0.0020883809642963853,0.1762339574473688,0.22115311528628634,-2.654895558721345,1.3757884931036264,-1.5097964625093938,1.5866411136147351,0.23732333548015483,-0.715842334218796,-0.009111231137520992,-1.2871025346258453,0.4449470820766286,51.0,51.0,51.0,43.0,43.0,26.0,30.0,27.0,52.0,97.1,3975442432,1514176512,1601044480,7.75,7.47,8.06,25297891328,9408675840
2026-05-06T17:09:38.211951+02:00,-0.0020883809642963853,0.1762339574473688,0.22115311528628634,-2.654895558721345,1.3757884931036264,-1.5097964625093938,1.5866411136147351,0.23732333548015483,-0.715842334218796,-0.009111231137520992,-1.2871025346258453,0.4449470820766286,51.0,51.0,51.0,43.0,43.0,26.0,30.0,27.0,52.0,97.1,3975442432,1514176512,1601044480,7.75,7.47,8.06,25297891328,9408675840
2026-05-06T17:09:38.267065+02:00,-0.0020883809642963853,0.1762339574473688,0.22115311528628634,-2.654895558721345,1.3757884931036264,-1.5097964625093938,1.5866411136147351,0.23732333548015483,-0.715842334218796,-0.009111231137520992,-1.2871025346258453,0.4449470820766286,51.0,51.0,51.0,43.0,43.0,26.0,30.0,27.0,52.0,97.1,3975442432,1514176512,1601044480,7.75,7.47,8.06,25297891328,9408675840
2026-05-06T17:09:38.317361+02:00,-0.0020883809642963853,0.1762339574473688,0.22115311528628634,-2.654895558721345,1.3757884931036264,-1.5097964625093938,1.5866411136147351,0.23732333548015483,-0.715842334218796,-0.009111231137520992,-1.2871025346258453,0.4449470820766286,51.0,51.0,51.0,43.0,43.0,26.0,30.0,27.0,52.0,97.1,3975442432,1514176512,1601044480,7.75,7.47,8.06,25297891328,9408675840
2026-05-06T17:09:38.369202+02:00,-0.0020883809642963853,0.1762339574473688,0.22115311528628634,-2.654895558721345,1.3757884931036264,-1.5097964625093938,1.5866411136147351,0.23732333548015483,-0.715842334218796,-0.009111231137520992,-1.2871025346258453,0.4449470820766286,51.0,51.0,51.0,43.0,43.0,26.0,30.0,27.0,52.0,97.1,3975442432,1514176512,1601044480,7.75,7.47,8.06,25297891328,9408675840
2026-05-06T17:09:38.420419+02:00,-0.0020883809642963853,0.1762339574473688,0.22115311528628634,-2.654895558721345,1.3757884931036264,-1.5097964625093938,1.5866411136147351,0.23732333548015483,-0.715842334218796,-0.009111231137520992,-1.2871025346258453,0.4449470820766286,51.0,51.0,51.0,43.0,43.0,26.0,30.0,27.0,52.0,97.1,3975442432,1514176512,1601044480,7.75,7.47,8.06,25297891328,9408675840
2026-05-06T17:09:38.472596+02:00,-0.0020883809642963853,0.1762339574473688,0.22115311528628634,-2.654895558721345,1.3757884931036264,-1.5097964625093938,1.5866411136147351,0.23732333548015483,-0.715842334218796,-0.009111231137520992,-1.2871025346258453,0.4449470820766286,51.0,51.0,51.0,43.0,43.0,26.0,30.0,27.0,52.0,97.1,3975442432,1514176512,1601044480,7.75,7.47,8.06,25297891328,9408675840
2026-05-06T17:09:38.524980+02:00,-0.0020883809642963853,0.1762339574473688,0.22115311528628634,-2.654895558721345,1.3757884931036264,-1.5097964625093938,1.5866411136147351,0.23732333548015483,-0.715842334218796,-0.009111231137520992,-1.2871025346258453,0.4449470820766286,51.0,51.0,51.0,43.0,43.0,26.0,30.0,27.0,52.0,97.1,3975442432,1514176512,1601044480,7.75,7.47,8.06,25297891328,9408675840
2026-05-06T17:09:38.575940+02:00,-0.0020883809642963853,0.1762339574473688,0.22115311528628634,-2.654895558721345,1.3757884931036264,-1.5097964625093938,1.5866411136147351,0.23732333548015483,-0.715842334218796,-0.009111231137520992,-1.2871025346258453,0.4449470820766286,51.0,51.0,51.0,43.0,43.0,26.0,30.0,27.0,52.0,97.1,3975442432,1514176512,1601044480,7.75,7.47,8.06,25297891328,9408675840
2026-05-06T17:09:38.626307+02:00,-0.0020883809642963853,0.1762339574473688,0.22115311528628634,-2.654895558721345,1.3757884931036264,-1.5097964625093938,1.5866411136147351,0.23732333548015483,-0.715842334218796,-0.009111231137520992,-1.2871025346258453,0.4449470820766286,51.0,51.0,51.0,43.0,43.0,26.0,30.0,27.0,52.0,98.57,3975442432,1514250240,1600970752,7.75,7.47,8.06,25297891328,9408675840
2026-05-06T17:09:38.677702+02:00,-0.0020883809642963853,0.1762339574473688,0.22115311528628634,-2.654895558721345,1.3757884931036264,-1.5097964625093938,1.5866411136147351,0.23732333548015483,-0.715842334218796,-0.009111231137520992,-1.2871025346258453,0.4449470820766286,51.0,51.0,51.0,43.0,43.0,26.0,30.0,27.0,52.0,98.57,3975442432,1514250240,1600970752,7.75,7.47,8.06,25297891328,9408675840
2026-05-06T17:09:38.733372+02:00,-0.0020883809642963853,0.1762339574473688,0.22115311528628634,-2.654895558721345,1.3757884931036264,-1.5097964625093938,1.5866411136147351,0.23732333548015483,-0.715842334218796,-0.009111231137520992,-1.2871025346258453,0.4449470820766286,51.0,51.0,51.0,43.0,43.0,26.0,30.0,27.0,52.0,98.57,3975442432,1514250240,1600970752,7.75,7.47,8.06,25297891328,9408675840
2026-05-06T17:09:38.783615+02:00,-0.0020883809642963853,0.1762339574473688,0.22115311528628634,-2.654895558721345,1.3757884931036264,-1.5097964625093938,1.5866411136147351,0.23732333548015483,-0.715842334218796,-0.009111231137520992,-1.2871025346258453,0.4449470820766286,51.0,51.0,51.0,43.0,43.0,26.0,30.0,27.0,52.0,98.57,3975442432,1514250240,1600970752,7.75,7.47,8.06,25297891328,9408675840
2026-05-06T17:09:38.835269+02:00,-0.0020883809642963853,0.1762339574473688,0.22115311528628634,-2.654895558721345,1.3757884931036264,-1.5097964625093938,1.5866411136147351,0.23732333548015483,-0.715842334218796,-0.009111231137520992,-1.2871025346258453,0.4449470820766286,51.0,51.0,51.0,43.0,43.0,26.0,30.0,27.0,52.0,98.57,3975442432,1514250240,1600970752,7.75,7.47,8.06,25297891328,9408675840
2026-05-06T17:09:38.886487+02:00,-0.0020883809642963853,0.1762339574473688,0.22115311528628634,-2.654895558721345,1.3757884931036264,-1.5097964625093938,1.5866411136147351,0.23732333548015483,-0.715842334218796,-0.009111231137520992,-1.2871025346258453,0.4449470820766286,51.0,51.0,51.0,43.0,43.0,26.0,30.0,27.0,52.0,98.57,3975442432,1514250240,1600970752,7.75,7.47,8.06,25297891328,9408675840
2026-05-06T17:09:38.939554+02:00,-0.0020883809642963853,0.1762339574473688,0.22115311528628634,-2.654895558721345,1.3757884931036264,-1.5097964625093938,1.5866411136147351,0.23732333548015483,-0.715842334218796,-0.009111231137520992,-1.2871025346258453,0.4449470820766286,51.0,51.0,51.0,43.0,43.0,26.0,30.0,27.0,52.0,98.57,3975442432,1514250240,1600970752,7.75,7.47,8.06,25297891328,9408675840
2026-05-06T17:09:38.994554+02:00,-0.0020883809642963853,0.1762339574473688,0.22115311528628634,-2.654895558721345,1.3757884931036264,-1.5097964625093938,1.5866411136147351,0.23732333548015483,-0.715842334218796,-0.009111231137520992,-1.2871025346258453,0.4449470820766286,51.0,51.0,51.0,43.0,43.0,26.0,30.0,27.0,52.0,98.57,3975442432,1514250240,1600970752,7.75,7.47,8.06,25297891328,9408675840
2026-05-06T17:09:39.048532+02:00,-0.0020883809642963853,0.1762339574473688,0.22115311528628634,-2.654895558721345,1.3757884931036264,-1.5097964625093938,1.5866411136147351,0.23732333548015483,-0.715842334218796,-0.009111231137520992,-1.2871025346258453,0.4449470820766286,51.0,51.0,51.0,43.0,43.0,26.0,30.0,27.0,52.0,98.57,3975442432,1514250240,1600970752,7.75,7.47,8.06,25297891328,9408675840
2026-05-06T17:09:39.100572+02:00,-0.0020883809642963853,0.1762339574473688,0.22115311528628634,-2.654895558721345,1.3757884931036264,-1.5097964625093938,1.5866411136147351,0.23732333548015483,-0.715842334218796,-0.009111231137520992,-1.2871025346258453,0.4449470820766286,51.0,51.0,51.0,43.0,43.0,26.0,30.0,27.0,52.0,98.57,3975442432,1514250240,1600970752,7.75,7.47,8.06,25297891328,9408675840
2026-05-06T17:09:39.155527+02:00,-0.0020883809642963853,0.1762339574473688,0.22115311528628634,-2.654895558721345,1.3757884931036264,-1.5097964625093938,1.5866411136147351,0.23732333548015483,-0.715842334218796,-0.009111231137520992,-1.2871025346258453,0.4449470820766286,51.0,51.0,51.0,43.0,43.0,26.0,30.0,27.0,52.0,98.57,3975442432,1514250240,1600970752,7.75,7.47,8.06,25297891328,9408675840
2026-05-06T17:09:39.207049+02:00,-0.0020883809642963853,0.1762339574473688,0.22115311528628634,-2.654895558721345,1.3757884931036264,-1.5097964625093938,1.5866411136147351,0.23732333548015483,-0.715842334218796,-0.009111231137520992,-1.2871025346258453,0.4449470820766286,51.0,51.0,51.0,43.0,43.0,26.0,30.0,27.0,52.0,98.57,3975442432,1514250240,1600970752,7.75,7.47,8.06,25297891328,9408675840
2026-05-06T17:09:39.258184+02:00,-0.0020883809642963853,0.1762339574473688,0.22115311528628634,-2.654895558721345,1.3757884931036264,-1.5097964625093938,1.5866411136147351,0.23732333548015483,-0.715842334218796,-0.009111231137520992,-1.2871025346258453,0.4449470820766286,51.0,51.0,51.0,43.0,43.0,26.0,30.0,27.0,52.0,98.57,3975442432,1514250240,1600970752,7.75,7.47,8.06,25297891328,9408675840
2026-05-06T17:09:39.309538+02:00,-0.0020883809642963853,0.1762339574473688,0.22115311528628634,-2.654895558721345,1.3757884931036264,-1.5097964625093938,1.5866411136147351,0.23732333548015483,-0.715842334218796,-0.009111231137520992,-1.2871025346258453,0.4449470820766286,51.0,51.0,51.0,43.0,43.0,26.0,30.0,27.0,52.0,98.57,3975442432,1514250240,1600970752,7.75,7.47,8.06,25297891328,9408675840
2026-05-06T17:09:39.360549+02:00,-0.0020883809642963853,0.1762339574473688,0.22115311528628634,-2.654895558721345,1.3757884931036264,-1.5097964625093938,1.5866411136147351,0.23732333548015483,-0.715842334218796,-0.009111231137520992,-1.2871025346258453,0.4449470820766286,51.0,51.0,51.0,43.0,43.0,26.0,30.0,27.0,52.0,98.57,3975442432,1514250240,1600970752,7.75,7.47,8.06,25297891328,9408675840
2026-05-06T17:09:39.413014+02:00,-0.0020883809642963853,0.1762339574473688,0.22115311528628634,-2.654895558721345,1.3757884931036264,-1.5097964625093938,1.5866411136147351,0.23732333548015483,-0.715842334218796,-0.009111231137520992,-1.2871025346258453,0.4449470820766286,51.0,51.0,51.0,43.0,43.0,26.0,30.0,27.0,52.0,98.57,3975442432,1514250240,1600970752,7.75,7.47,8.06,25297891328,9408675840
2026-05-06T17:09:39.468152+02:00,-0.0020883809642963853,0.1762339574473688,0.22115311528628634,-2.654895558721345,1.3757884931036264,-1.5097964625093938,1.5866411136147351,0.23732333548015483,-0.715842334218796,-0.009111231137520992,-1.2871025346258453,0.4449470820766286,51.0,51.0,51.0,43.0,43.0,26.0,30.0,27.0,52.0,98.57,3975442432,1514250240,1600970752,7.75,7.47,8.06,25297891328,9408675840
2026-05-06T17:09:39.518482+02:00,-0.0020883809642963853,0.1762339574473688,0.22115311528628634,-2.654895558721345,1.3757884931036264,-1.5097964625093938,1.5866411136147351,0.23732333548015483,-0.715842334218796,-0.009111231137520992,-1.2871025346258453,0.4449470820766286,51.0,52.0,51.0,43.0,43.0,26.0,30.0,27.0,52.0,98.57,3975442432,1514250240,1600970752,7.75,7.47,8.06,25297891328,9408675840
2026-05-06T17:09:39.569418+02:00,-0.0020883809642963853,0.1762339574473688,0.22115311528628634,-2.654895558721345,1.3757884931036264,-1.5097964625093938,1.5866411136147351,0.23732333548015483,-0.715842334218796,-0.009111231137520992,-1.2871025346258453,0.4449470820766286,51.0,52.0,51.0,43.0,43.0,26.0,30.0,27.0,52.0,98.57,3975442432,1514250240,1600970752,7.75,7.47,8.06,25297891328,9408675840
2026-05-06T17:09:39.620868+02:00,-0.0020883809642963853,0.1762339574473688,0.22115311528628634,-2.654895558721345,1.3757884931036264,-1.5097964625093938,1.5866411136147351,0.23732333548015483,-0.715842334218796,-0.009111231137520992,-1.2871025346258453,0.4449470820766286,51.0,52.0,51.0,43.0,43.0,26.0,30.0,27.0,52.0,98.57,3975442432,1514250240,1600970752,7.75,7.47,8.06,25297891328,9408675840
2026-05-06T17:09:39.671351+02:00,-0.0020883809642963853,0.1762339574473688,0.22115311528628634,-2.654895558721345,1.3757884931036264,-1.5097964625093938,1.5866411136147351,0.23732333548015483,-0.715842334218796,-0.009111231137520992,-1.2871025346258453,0.4449470820766286,51.0,52.0,51.0,43.0,43.0,26.0,30.0,27.0,52.0,99.27,3975442432,1513644032,1601507328,7.75,7.47,8.06,25297891328,9408675840
2026-05-06T17:09:39.722437+02:00,-0.0020883809642963853,0.1762339574473688,0.22115311528628634,-2.654895558721345,1.3757884931036264,-1.5097964625093938,1.5866411136147351,0.23732333548015483,-0.715842334218796,-0.009111231137520992,-1.2871025346258453,0.4449470820766286,51.0,52.0,51.0,43.0,43.0,26.0,30.0,27.0,52.0,99.27,3975442432,1513644032,1601507328,7.75,7.47,8.06,25297891328,9408675840
2026-05-06T17:09:39.773350+02:00,-0.0020883809642963853,0.1762339574473688,0.22115311528628634,-2.654895558721345,1.3757884931036264,-1.5097964625093938,1.5866411136147351,0.23732333548015483,-0.715842334218796,-0.009111231137520992,-1.2871025346258453,0.4449470820766286,51.0,52.0,51.0,43.0,43.0,26.0,30.0,27.0,52.0,99.27,3975442432,1513644032,1601507328,7.75,7.47,8.06,25297891328,9408675840
2026-05-06T17:09:39.823485+02:00,-0.0020883809642963853,0.1762339574473688,0.22115311528628634,-2.654895558721345,1.3757884931036264,-1.5097964625093938,1.5866411136147351,0.23732333548015483,-0.715842334218796,-0.009111231137520992,-1.2871025346258453,0.4449470820766286,51.0,52.0,51.0,43.0,43.0,26.0,30.0,27.0,52.0,99.27,3975442432,1513644032,1601507328,7.75,7.47,8.06,25297891328,9408675840
2026-05-06T17:09:39.874400+02:00,-0.0020883809642963853,0.1762339574473688,0.22115311528628634,-2.654895558721345,1.3757884931036264,-1.5097964625093938,1.5866411136147351,0.23732333548015483,-0.715842334218796,-0.009111231137520992,-1.2871025346258453,0.4449470820766286,51.0,52.0,51.0,43.0,43.0,26.0,30.0,27.0,52.0,99.27,3975442432,1513644032,1601507328,7.75,7.47,8.06,25297891328,9408675840
2026-05-06T17:09:39.925076+02:00,-0.0020883809642963853,0.1762339574473688,0.22115311528628634,-2.654895558721345,1.3757884931036264,-1.5097964625093938,1.5866411136147351,0.23732333548015483,-0.715842334218796,-0.009111231137520992,-1.2871025346258453,0.4449470820766286,51.0,52.0,51.0,43.0,43.0,26.0,30.0,27.0,52.0,99.27,3975442432,1513644032,1601507328,7.75,7.47,8.06,25297891328,9408675840
2026-05-06T17:09:39.975944+02:00,-0.0020883809642963853,0.1762339574473688,0.22115311528628634,-2.654895558721345,1.3757884931036264,-1.5097964625093938,1.5866411136147351,0.23732333548015483,-0.715842334218796,-0.009111231137520992,-1.2871025346258453,0.4449470820766286,51.0,52.0,51.0,43.0,43.0,26.0,30.0,27.0,52.0,99.27,3975442432,1513644032,1601507328,7.75,7.47,8.06,25297891328,9408675840
2026-05-06T17:09:40.027008+02:00,-0.0020883809642963853,0.1762339574473688,0.22115311528628634,-2.654895558721345,1.3757884931036264,-1.5097964625093938,1.5866411136147351,0.23732333548015483,-0.715842334218796,-0.009111231137520992,-1.2871025346258453,0.4449470820766286,51.0,52.0,51.0,43.0,43.0,26.0,30.0,27.0,52.0,99.27,3975442432,1513644032,1601507328,7.75,7.47,8.06,25297891328,9408675840
2026-05-06T17:09:40.081462+02:00,-0.0020883809642963853,0.1762339574473688,0.22115311528628634,-2.654895558721345,1.3757884931036264,-1.5097964625093938,1.5866411136147351,0.23732333548015483,-0.715842334218796,-0.009111231137520992,-1.2871025346258453,0.4449470820766286,51.0,52.0,51.0,43.0,43.0,26.0,30.0,27.0,52.0,99.27,3975442432,1513644032,1601507328,7.75,7.47,8.06,25297891328,9408675840
2026-05-06T17:09:40.132143+02:00,-0.0020883809642963853,0.1762339574473688,0.22115311528628634,-2.654895558721345,1.3757884931036264,-1.5097964625093938,1.5866411136147351,0.23732333548015483,-0.715842334218796,-0.009111231137520992,-1.2871025346258453,0.4449470820766286,51.0,52.0,51.0,43.0,43.0,26.0,30.0,27.0,52.0,99.27,3975442432,1513644032,1601507328,7.75,7.47,8.06,25297891328,9408675840
2026-05-06T17:09:40.186426+02:00,-0.0020883809642963853,0.1762339574473688,0.22115311528628634,-2.654895558721345,1.3757884931036264,-1.5097964625093938,1.5866411136147351,0.23732333548015483,-0.715842334218796,-0.009111231137520992,-1.2871025346258453,0.4449470820766286,51.0,52.0,51.0,43.0,43.0,26.0,30.0,27.0,52.0,99.27,3975442432,1513644032,1601507328,7.75,7.47,8.06,25297891328,9408675840
2026-05-06T17:09:40.238959+02:00,-0.0020883809642963853,0.1762339574473688,0.22115311528628634,-2.654895558721345,1.3757884931036264,-1.5097964625093938,1.5866411136147351,0.23732333548015483,-0.715842334218796,-0.009111231137520992,-1.2871025346258453,0.4449470820766286,51.0,52.0,51.0,43.0,43.0,26.0,30.0,27.0,52.0,99.27,3975442432,1513644032,1601507328,7.75,7.47,8.06,25297891328,9408675840
2026-05-06T17:09:40.291728+02:00,-0.0020883809642963853,0.1762339574473688,0.22115311528628634,-2.654895558721345,1.3757884931036264,-1.5097964625093938,1.5866411136147351,0.23732333548015483,-0.715842334218796,-0.009111231137520992,-1.2871025346258453,0.4449470820766286,51.0,52.0,51.0,43.0,43.0,26.0,30.0,27.0,52.0,99.27,3975442432,1513644032,1601507328,7.75,7.47,8.06,25297891328,9408675840
2026-05-06T17:09:40.342676+02:00,-0.0020883809642963853,0.1762339574473688,0.22115311528628634,-2.654895558721345,1.3757884931036264,-1.5097964625093938,1.5866411136147351,0.23732333548015483,-0.715842334218796,-0.009111231137520992,-1.2871025346258453,0.4449470820766286,51.0,52.0,51.0,43.0,43.0,26.0,30.0,27.0,52.0,99.27,3975442432,1513644032,1601507328,7.75,7.47,8.06,25297891328,9408675840
2026-05-06T17:09:40.397016+02:00,-0.0020883809642963853,0.1762339574473688,0.22115311528628634,-2.654895558721345,1.3757884931036264,-1.5097964625093938,1.5866411136147351,0.23732333548015483,-0.715842334218796,-0.009111231137520992,-1.2871025346258453,0.4449470820766286,51.0,52.0,51.0,43.0,43.0,26.0,30.0,27.0,52.0,99.24,3975442432,1529372672,1585766400,7.75,7.47,8.06,25297891328,9408675840
2026-05-06T17:09:40.447794+02:00,-0.0020883809642963853,0.1762339574473688,0.22115311528628634,-2.654895558721345,1.3757884931036264,-1.5097964625093938,1.5866411136147351,0.23732333548015483,-0.715842334218796,-0.009111231137520992,-1.2871025346258453,0.4449470820766286,51.0,52.0,51.0,43.0,43.0,26.0,30.0,27.0,52.0,99.24,3975442432,1529372672,1585766400,7.75,7.47,8.06,25297891328,9408675840
2026-05-06T17:09:40.499121+02:00,-0.0020883809642963853,0.1762339574473688,0.22115311528628634,-2.654895558721345,1.3757884931036264,-1.5097964625093938,1.5866411136147351,0.23732333548015483,-0.715842334218796,-0.009111231137520992,-1.2871025346258453,0.4449470820766286,51.0,52.0,51.0,43.0,43.0,26.0,30.0,27.0,52.0,99.24,3975442432,1529372672,1585766400,7.75,7.47,8.06,25297891328,9408675840
2026-05-06T17:09:40.549290+02:00,-0.0020883809642963853,0.1762339574473688,0.22115311528628634,-2.654895558721345,1.3757884931036264,-1.5097964625093938,1.5866411136147351,0.23732333548015483,-0.715842334218796,-0.009111231137520992,-1.2871025346258453,0.4449470820766286,51.0,52.0,51.0,43.0,43.0,26.0,30.0,27.0,52.0,99.24,3975442432,1529372672,1585766400,7.75,7.47,8.06,25297891328,9408675840
2026-05-06T17:09:40.603604+02:00,-0.0020883809642963853,0.1762339574473688,0.22115311528628634,-2.654895558721345,1.3757884931036264,-1.5097964625093938,1.5866411136147351,0.23732333548015483,-0.715842334218796,-0.009111231137520992,-1.2871025346258453,0.4449470820766286,51.0,52.0,51.0,43.0,43.0,26.0,30.0,27.0,52.0,99.24,3975442432,1529372672,1585766400,7.75,7.47,8.06,25297891328,9408675840
2026-05-06T17:09:40.656762+02:00,-0.0020883809642963853,0.1762339574473688,0.22115311528628634,-2.654895558721345,1.3757884931036264,-1.5097964625093938,1.5866411136147351,0.23732333548015483,-0.715842334218796,-0.009111231137520992,-1.2871025346258453,0.4449470820766286,51.0,52.0,51.0,43.0,43.0,26.0,30.0,27.0,52.0,99.24,3975442432,1529372672,1585766400,7.75,7.47,8.06,25297891328,9408675840
2026-05-06T17:09:40.707663+02:00,-0.0020883809642963853,0.1762339574473688,0.22115311528628634,-2.654895558721345,1.3757884931036264,-1.5097964625093938,1.5866411136147351,0.23732333548015483,-0.715842334218796,-0.009111231137520992,-1.2871025346258453,0.4449470820766286,51.0,52.0,51.0,43.0,43.0,26.0,30.0,27.0,52.0,99.24,3975442432,1529372672,1585766400,7.75,7.47,8.06,25297891328,9408675840
2026-05-06T17:09:40.759665+02:00,-0.0020883809642963853,0.1762339574473688,0.22115311528628634,-2.654895558721345,1.3757884931036264,-1.5097964625093938,1.5866411136147351,0.23732333548015483,-0.715842334218796,-0.009111231137520992,-1.2871025346258453,0.4449470820766286,51.0,52.0,51.0,43.0,43.0,26.0,30.0,27.0,52.0,99.24,3975442432,1529372672,1585766400,7.75,7.47,8.06,25297891328,9408675840
2026-05-06T17:09:40.811595+02:00,-0.0020883809642963853,0.1762339574473688,0.22115311528628634,-2.654895558721345,1.3757884931036264,-1.5097964625093938,1.5866411136147351,0.23732333548015483,-0.715842334218796,-0.009111231137520992,-1.2871025346258453,0.4449470820766286,51.0,52.0,51.0,43.0,43.0,26.0,30.0,27.0,52.0,99.24,3975442432,1529372672,1585766400,7.75,7.47,8.06,25297891328,9408675840
2026-05-06T17:09:40.862368+02:00,-0.0020883809642963853,0.1762339574473688,0.22115311528628634,-2.654895558721345,1.3757884931036264,-1.5097964625093938,1.5866411136147351,0.23732333548015483,-0.715842334218796,-0.009111231137520992,-1.2871025346258453,0.4449470820766286,51.0,52.0,51.0,43.0,43.0,26.0,30.0,27.0,52.0,99.24,3975442432,1529372672,1585766400,7.75,7.47,8.06,25297891328,9408675840
2026-05-06T17:09:40.915820+02:00,-0.0020883809642963853,0.1762339574473688,0.22115311528628634,-2.654895558721345,1.3757884931036264,-1.5097964625093938,1.5866411136147351,0.23732333548015483,-0.715842334218796,-0.009111231137520992,-1.2871025346258453,0.4449470820766286,51.0,52.0,51.0,43.0,43.0,26.0,30.0,27.0,52.0,99.24,3975442432,1529372672,1585766400,7.75,7.47,8.06,25297891328,9408675840
2026-05-06T17:09:40.966658+02:00,-0.0020883809642963853,0.1762339574473688,0.22115311528628634,-2.654895558721345,1.3757884931036264,-1.5097964625093938,1.5866411136147351,0.23732333548015483,-0.715842334218796,-0.009111231137520992,-1.2871025346258453,0.4449470820766286,51.0,52.0,51.0,43.0,43.0,26.0,30.0,27.0,52.0,99.24,3975442432,1529372672,1585766400,7.75,7.47,8.06,25297891328,9408675840
2026-05-06T17:09:41.021671+02:00,-0.0020883809642963853,0.1762339574473688,0.22115311528628634,-2.654895558721345,1.3757884931036264,-1.5097964625093938,1.5866411136147351,0.23732333548015483,-0.715842334218796,-0.009111231137520992,-1.2871025346258453,0.4449470820766286,51.0,52.0,51.0,43.0,43.0,26.0,30.0,27.0,52.0,99.24,3975442432,1529372672,1585766400,7.75,7.47,8.06,25297891328,9408675840
2026-05-06T17:09:41.073324+02:00,-0.0020883809642963853,0.1762339574473688,0.22115311528628634,-2.654895558721345,1.3757884931036264,-1.5097964625093938,1.5866411136147351,0.23732333548015483,-0.715842334218796,-0.009111231137520992,-1.2871025346258453,0.4449470820766286,51.0,52.0,51.0,43.0,43.0,26.0,30.0,27.0,52.0,99.24,3975442432,1529372672,1585766400,7.75,7.47,8.06,25297891328,9408675840
2026-05-06T17:09:41.128413+02:00,-0.0020883809642963853,0.1762339574473688,0.22115311528628634,-2.654895558721345,1.3757884931036264,-1.5097964625093938,1.5866411136147351,0.23732333548015483,-0.715842334218796,-0.009111231137520992,-1.2871025346258453,0.4449470820766286,51.0,52.0,51.0,43.0,43.0,26.0,30.0,27.0,52.0,99.24,3975442432,1529372672,1585766400,7.75,7.47,8.06,25297891328,9408675840
2026-05-06T17:09:41.178633+02:00,-0.0020883809642963853,0.1762339574473688,0.22115311528628634,-2.654895558721345,1.3757884931036264,-1.5097964625093938,1.5866411136147351,0.23732333548015483,-0.715842334218796,-0.009111231137520992,-1.2871025346258453,0.4449470820766286,51.0,52.0,51.0,43.0,43.0,26.0,30.0,27.0,52.0,99.24,3975442432,1529372672,1585766400,7.75,7.47,8.06,25297891328,9408675840
2026-05-06T17:09:41.230342+02:00,-0.0020883809642963853,0.1762339574473688,0.22115311528628634,-2.654895558721345,1.3757884931036264,-1.5097964625093938,1.5866411136147351,0.23732333548015483,-0.715842334218796,-0.009111231137520992,-1.2871025346258453,0.4449470820766286,51.0,52.0,51.0,43.0,43.0,26.0,30.0,27.0,52.0,99.24,3975442432,1529372672,1585766400,7.75,7.47,8.06,25297891328,9408675840
2026-05-06T17:09:41.285183+02:00,-0.0020883809642963853,0.1762339574473688,0.22115311528628634,-2.654895558721345,1.3757884931036264,-1.5097964625093938,1.5866411136147351,0.23732333548015483,-0.715842334218796,-0.009111231137520992,-1.2871025346258453,0.4449470820766286,51.0,52.0,51.0,43.0,43.0,26.0,30.0,27.0,52.0,99.24,3975442432,1529372672,1585766400,7.75,7.47,8.06,25297891328,9408675840
2026-05-06T17:09:41.338862+02:00,-0.0020883809642963853,0.1762339574473688,0.22115311528628634,-2.654895558721345,1.3757884931036264,-1.5097964625093938,1.5866411136147351,0.23732333548015483,-0.715842334218796,-0.009111231137520992,-1.2871025346258453,0.4449470820766286,51.0,52.0,51.0,43.0,43.0,26.0,30.0,27.0,52.0,99.24,3975442432,1529372672,1585766400,7.75,7.47,8.06,25297891328,9408675840
2026-05-06T17:09:41.391363+02:00,-0.0020883809642963853,0.1762339574473688,0.22115311528628634,-2.654895558721345,1.3757884931036264,-1.5097964625093938,1.5866411136147351,0.23732333548015483,-0.715842334218796,-0.009111231137520992,-1.2871025346258453,0.4449470820766286,51.0,52.0,51.0,43.0,43.0,26.0,30.0,27.0,52.0,98.45,3975442432,1549852672,1565282304,8.33,7.59,8.1,25297891328,9408679936
2026-05-06T17:09:41.444496+02:00,-0.0020883809642963853,0.1762339574473688,0.22115311528628634,-2.654895558721345,1.3757884931036264,-1.5097964625093938,1.5866411136147351,0.23732333548015483,-0.715842334218796,-0.009111231137520992,-1.2871025346258453,0.4449470820766286,51.0,52.0,51.0,43.0,43.0,26.0,30.0,27.0,52.0,98.45,3975442432,1549852672,1565282304,8.33,7.59,8.1,25297891328,9408679936
2026-05-06T17:09:41.496112+02:00,-0.0020883809642963853,0.1762339574473688,0.22115311528628634,-2.654895558721345,1.3757884931036264,-1.5097964625093938,1.5866411136147351,0.23732333548015483,-0.715842334218796,-0.009111231137520992,-1.2871025346258453,0.4449470820766286,51.0,52.0,51.0,43.0,43.0,26.0,30.0,27.0,52.0,98.45,3975442432,1549852672,1565282304,8.33,7.59,8.1,25297891328,9408679936
2026-05-06T17:09:41.546688+02:00,-0.0020883809642963853,0.1762339574473688,0.22115311528628634,-2.654895558721345,1.3757884931036264,-1.5097964625093938,1.5866411136147351,0.23732333548015483,-0.715842334218796,-0.009111231137520992,-1.2871025346258453,0.4449470820766286,51.0,52.0,51.0,43.0,43.0,26.0,30.0,27.0,52.0,98.45,3975442432,1549852672,1565282304,8.33,7.59,8.1,25297891328,9408679936
2026-05-06T17:09:41.597626+02:00,-0.0020883809642963853,0.1762339574473688,0.22115311528628634,-2.654895558721345,1.3757884931036264,-1.5097964625093938,1.5866411136147351,0.23732333548015483,-0.715842334218796,-0.009111231137520992,-1.2871025346258453,0.4449470820766286,51.0,52.0,51.0,43.0,43.0,26.0,30.0,27.0,52.0,98.45,3975442432,1549852672,1565282304,8.33,7.59,8.1,25297891328,9408679936
2026-05-06T17:09:41.647885+02:00,-0.0020883809642963853,0.1762339574473688,0.22115311528628634,-2.654895558721345,1.3757884931036264,-1.5097964625093938,1.5866411136147351,0.23732333548015483,-0.715842334218796,-0.009111231137520992,-1.2871025346258453,0.4449470820766286,51.0,52.0,51.0,43.0,43.0,26.0,30.0,27.0,52.0,98.45,3975442432,1549852672,1565282304,8.33,7.59,8.1,25297891328,9408679936
2026-05-06T17:09:41.699038+02:00,-0.0020883809642963853,0.1762339574473688,0.22115311528628634,-2.654895558721345,1.3757884931036264,-1.5097964625093938,1.5866411136147351,0.23732333548015483,-0.715842334218796,-0.009111231137520992,-1.2871025346258453,0.4449470820766286,51.0,52.0,51.0,43.0,43.0,26.0,30.0,27.0,52.0,98.45,3975442432,1549852672,1565282304,8.33,7.59,8.1,25297891328,9408679936
2026-05-06T17:09:41.749540+02:00,-0.0020883809642963853,0.1762339574473688,0.22115311528628634,-2.654895558721345,1.3757884931036264,-1.5097964625093938,1.5866411136147351,0.23732333548015483,-0.715842334218796,-0.009111231137520992,-1.2871025346258453,0.4449470820766286,51.0,52.0,51.0,43.0,43.0,26.0,30.0,27.0,52.0,98.45,3975442432,1549852672,1565282304,8.33,7.59,8.1,25297891328,9408679936
2026-05-06T17:09:41.800486+02:00,-0.0020883809642963853,0.1762339574473688,0.22115311528628634,-2.654895558721345,1.3757884931036264,-1.5097964625093938,1.5866411136147351,0.23732333548015483,-0.715842334218796,-0.009111231137520992,-1.2871025346258453,0.4449470820766286,51.0,52.0,51.0,43.0,43.0,26.0,30.0,27.0,52.0,98.45,3975442432,1549852672,1565282304,8.33,7.59,8.1,25297891328,9408679936
2026-05-06T17:09:41.855519+02:00,-0.0020883809642963853,0.1762339574473688,0.22115311528628634,-2.654895558721345,1.3757884931036264,-1.5097964625093938,1.5866411136147351,0.23732333548015483,-0.715842334218796,-0.009111231137520992,-1.2871025346258453,0.4449470820766286,51.0,52.0,51.0,43.0,43.0,26.0,30.0,27.0,52.0,98.45,3975442432,1549852672,1565282304,8.33,7.59,8.1,25297891328,9408679936
2026-05-06T17:09:41.910533+02:00,-0.0020883809642963853,0.1762339574473688,0.22115311528628634,-2.654895558721345,1.3757884931036264,-1.5097964625093938,1.5866411136147351,0.23732333548015483,-0.715842334218796,-0.009111231137520992,-1.2871025346258453,0.4449470820766286,51.0,52.0,51.0,43.0,43.0,26.0,30.0,27.0,52.0,98.45,3975442432,1549852672,1565282304,8.33,7.59,8.1,25297891328,9408679936
2026-05-06T17:09:41.961627+02:00,-0.0020883809642963853,0.1762339574473688,0.22115311528628634,-2.654895558721345,1.3757884931036264,-1.5097964625093938,1.5866411136147351,0.23732333548015483,-0.715842334218796,-0.009111231137520992,-1.2871025346258453,0.4449470820766286,51.0,52.0,51.0,43.0,43.0,26.0,30.0,27.0,52.0,98.45,3975442432,1549852672,1565282304,8.33,7.59,8.1,25297891328,9408679936
2026-05-06T17:09:42.015751+02:00,-0.0020883809642963853,0.1762339574473688,0.22115311528628634,-2.654895558721345,1.3757884931036264,-1.5097964625093938,1.5866411136147351,0.23732333548015483,-0.715842334218796,-0.009111231137520992,-1.2871025346258453,0.4449470820766286,51.0,52.0,51.0,43.0,43.0,26.0,30.0,27.0,52.0,98.45,3975442432,1549852672,1565282304,8.33,7.59,8.1,25297891328,9408679936
2026-05-06T17:09:42.065858+02:00,-0.0020883809642963853,0.1762339574473688,0.22115311528628634,-2.654895558721345,1.3757884931036264,-1.5097964625093938,1.5866411136147351,0.23732333548015483,-0.715842334218796,-0.009111231137520992,-1.2871025346258453,0.4449470820766286,51.0,52.0,51.0,43.0,43.0,26.0,30.0,27.0,52.0,98.45,3975442432,1549852672,1565282304,8.33,7.59,8.1,25297891328,9408679936
2026-05-06T17:09:42.120188+02:00,-0.0020883809642963853,0.1762339574473688,0.22115311528628634,-2.654895558721345,1.3757884931036264,-1.5097964625093938,1.5866411136147351,0.23732333548015483,-0.715842334218796,-0.009111231137520992,-1.2871025346258453,0.4449470820766286,51.0,52.0,51.0,43.0,43.0,26.0,30.0,27.0,52.0,98.45,3975442432,1549852672,1565282304,8.33,7.59,8.1,25297891328,9408679936
2026-05-06T17:09:42.171437+02:00,-0.0020883809642963853,0.1762339574473688,0.22115311528628634,-2.654895558721345,1.3757884931036264,-1.5097964625093938,1.5866411136147351,0.23732333548015483,-0.715842334218796,-0.009111231137520992,-1.2871025346258453,0.4449470820766286,51.0,52.0,51.0,43.0,43.0,26.0,30.0,27.0,52.0,98.45,3975442432,1549852672,1565282304,8.33,7.59,8.1,25297891328,9408679936
2026-05-06T17:09:42.221668+02:00,-0.0020883809642963853,0.1762339574473688,0.22115311528628634,-2.654895558721345,1.3757884931036264,-1.5097964625093938,1.5866411136147351,0.23732333548015483,-0.715842334218796,-0.009111231137520992,-1.2871025346258453,0.4449470820766286,51.0,52.0,51.0,43.0,43.0,26.0,30.0,27.0,52.0,98.45,3975442432,1549852672,1565282304,8.33,7.59,8.1,25297891328,9408679936
2026-05-06T17:09:42.272543+02:00,-0.0020883809642963853,0.1762339574473688,0.22115311528628634,-2.654895558721345,1.3757884931036264,-1.5097964625093938,1.5866411136147351,0.23732333548015483,-0.715842334218796,-0.009111231137520992,-1.2871025346258453,0.4449470820766286,51.0,52.0,51.0,43.0,43.0,26.0,30.0,27.0,52.0,98.45,3975442432,1549852672,1565282304,8.33,7.59,8.1,25297891328,9408679936
2026-05-06T17:09:42.325452+02:00,-0.0020883809642963853,0.1762339574473688,0.22115311528628634,-2.654895558721345,1.3757884931036264,-1.5097964625093938,1.5866411136147351,0.23732333548015483,-0.715842334218796,-0.009111231137520992,-1.2871025346258453,0.4449470820766286,51.0,52.0,51.0,43.0,43.0,26.0,30.0,27.0,52.0,98.45,3975442432,1549852672,1565282304,8.33,7.59,8.1,25297891328,9408679936
2026-05-06T17:09:42.377505+02:00,-0.0020883809642963853,0.1762339574473688,0.22115311528628634,-2.654895558721345,1.3757884931036264,-1.5097964625093938,1.5866411136147351,0.23732333548015483,-0.715842334218796,-0.009111231137520992,-1.2871025346258453,0.4449470820766286,51.0,52.0,51.0,43.0,43.0,26.0,30.0,27.0,52.0,98.45,3975442432,1549852672,1565282304,8.33,7.59,8.1,25297891328,9408679936
2026-05-06T17:09:42.430200+02:00,-0.0020883809642963853,0.1762339574473688,0.22115311528628634,-2.654895558721345,1.3757884931036264,-1.5097964625093938,1.5866411136147351,0.23732333548015483,-0.715842334218796,-0.009111231137520992,-1.2871025346258453,0.4449470820766286,51.0,52.0,51.0,43.0,43.0,26.0,30.0,27.0,52.0,98.45,3975442432,1549852672,1565282304,8.33,7.59,8.1,25297891328,9408679936
2026-05-06T17:09:42.480454+02:00,-0.0020883809642963853,0.1762339574473688,0.22115311528628634,-2.654895558721345,1.3757884931036264,-1.5097964625093938,1.5866411136147351,0.23732333548015483,-0.715842334218796,-0.009111231137520992,-1.2871025346258453,0.4449470820766286,51.0,52.0,51.0,43.0,43.0,26.0,30.0,27.0,52.0,98.45,3975442432,1549852672,1565282304,8.33,7.59,8.1,25297891328,9408679936
2026-05-06T17:09:42.531561+02:00,-0.0020883809642963853,0.1762339574473688,0.22115311528628634,-2.654895558721345,1.3757884931036264,-1.5097964625093938,1.5866411136147351,0.23732333548015483,-0.715842334218796,-0.009111231137520992,-1.2871025346258453,0.4449470820766286,51.0,52.0,51.0,43.0,43.0,26.0,30.0,27.0,52.0,98.57,3975442432,1551638528,1563496448,8.33,7.59,8.1,25297891328,9408679936
2026-05-06T17:09:42.582998+02:00,-0.0020883809642963853,0.1762339574473688,0.22115311528628634,-2.654895558721345,1.3757884931036264,-1.5097964625093938,1.5866411136147351,0.23732333548015483,-0.715842334218796,-0.009111231137520992,-1.2871025346258453,0.4449470820766286,51.0,52.0,51.0,43.0,43.0,26.0,30.0,27.0,52.0,98.57,3975442432,1551638528,1563496448,8.33,7.59,8.1,25297891328,9408679936
2026-05-06T17:09:42.634195+02:00,-0.0020883809642963853,0.1762339574473688,0.22115311528628634,-2.654895558721345,1.3757884931036264,-1.5097964625093938,1.5866411136147351,0.23732333548015483,-0.715842334218796,-0.009111231137520992,-1.2871025346258453,0.4449470820766286,51.0,52.0,51.0,43.0,43.0,26.0,30.0,27.0,52.0,98.57,3975442432,1551638528,1563496448,8.33,7.59,8.1,25297891328,9408679936
2026-05-06T17:09:42.689241+02:00,-0.0020883809642963853,0.1762339574473688,0.22115311528628634,-2.654895558721345,1.3757884931036264,-1.5097964625093938,1.5866411136147351,0.23732333548015483,-0.715842334218796,-0.009111231137520992,-1.2871025346258453,0.4449470820766286,51.0,52.0,51.0,43.0,43.0,26.0,30.0,27.0,52.0,98.57,3975442432,1551638528,1563496448,8.33,7.59,8.1,25297891328,9408679936
2026-05-06T17:09:42.742070+02:00,-0.0020883809642963853,0.1762339574473688,0.22115311528628634,-2.654895558721345,1.3757884931036264,-1.5097964625093938,1.5866411136147351,0.23732333548015483,-0.715842334218796,-0.009111231137520992,-1.2871025346258453,0.4449470820766286,51.0,52.0,51.0,43.0,43.0,26.0,30.0,27.0,52.0,98.57,3975442432,1551638528,1563496448,8.33,7.59,8.1,25297891328,9408679936
2026-05-06T17:09:42.797057+02:00,-0.0020883809642963853,0.1762339574473688,0.22115311528628634,-2.654895558721345,1.3757884931036264,-1.5097964625093938,1.5866411136147351,0.23732333548015483,-0.715842334218796,-0.009111231137520992,-1.2871025346258453,0.4449470820766286,51.0,52.0,51.0,43.0,43.0,26.0,30.0,27.0,52.0,98.57,3975442432,1551638528,1563496448,8.33,7.59,8.1,25297891328,9408679936
2026-05-06T17:09:42.847398+02:00,-0.0020883809642963853,0.1762339574473688,0.22115311528628634,-2.654895558721345,1.3757884931036264,-1.5097964625093938,1.5866411136147351,0.23732333548015483,-0.715842334218796,-0.009111231137520992,-1.2871025346258453,0.4449470820766286,51.0,52.0,51.0,43.0,43.0,26.0,30.0,27.0,52.0,98.57,3975442432,1551638528,1563496448,8.33,7.59,8.1,25297891328,9408679936
2026-05-06T17:09:42.901641+02:00,-0.0020883809642963853,0.1762339574473688,0.22115311528628634,-2.654895558721345,1.3757884931036264,-1.5097964625093938,1.5866411136147351,0.23732333548015483,-0.715842334218796,-0.009111231137520992,-1.2871025346258453,0.4449470820766286,51.0,52.0,51.0,43.0,43.0,26.0,30.0,27.0,52.0,98.57,3975442432,1551638528,1563496448,8.33,7.59,8.1,25297891328,9408679936
2026-05-06T17:09:42.952117+02:00,-0.0020883809642963853,0.1762339574473688,0.22115311528628634,-2.654895558721345,1.3757884931036264,-1.5097964625093938,1.5866411136147351,0.23732333548015483,-0.715842334218796,-0.009111231137520992,-1.2871025346258453,0.4449470820766286,51.0,52.0,51.0,43.0,43.0,26.0,30.0,27.0,52.0,98.57,3975442432,1551638528,1563496448,8.33,7.59,8.1,25297891328,9408679936
2026-05-06T17:09:43.007451+02:00,-0.0020883809642963853,0.1762339574473688,0.22115311528628634,-2.654895558721345,1.3757884931036264,-1.5097964625093938,1.5866411136147351,0.23732333548015483,-0.715842334218796,-0.009111231137520992,-1.2871025346258453,0.4449470820766286,51.0,52.0,51.0,43.0,43.0,26.0,30.0,27.0,52.0,98.57,3975442432,1551638528,1563496448,8.33,7.59,8.1,25297891328,9408679936
2026-05-06T17:09:43.058422+02:00,-0.0020883809642963853,0.1762339574473688,0.22115311528628634,-2.654895558721345,1.3757884931036264,-1.5097964625093938,1.5866411136147351,0.23732333548015483,-0.715842334218796,-0.009111231137520992,-1.2871025346258453,0.4449470820766286,51.0,52.0,51.0,43.0,43.0,26.0,30.0,27.0,52.0,98.57,3975442432,1551638528,1563496448,8.33,7.59,8.1,25297891328,9408679936
2026-05-06T17:09:43.109387+02:00,-0.0020883809642963853,0.1762339574473688,0.22115311528628634,-2.654895558721345,1.3757884931036264,-1.5097964625093938,1.5866411136147351,0.23732333548015483,-0.715842334218796,-0.009111231137520992,-1.2871025346258453,0.4449470820766286,51.0,52.0,51.0,43.0,43.0,26.0,30.0,27.0,52.0,98.57,3975442432,1551638528,1563496448,8.33,7.59,8.1,25297891328,9408679936
2026-05-06T17:09:43.159608+02:00,-0.0020883809642963853,0.1762339574473688,0.22115311528628634,-2.654895558721345,1.3757884931036264,-1.5097964625093938,1.5866411136147351,0.23732333548015483,-0.715842334218796,-0.009111231137520992,-1.2871025346258453,0.4449470820766286,51.0,52.0,51.0,43.0,43.0,26.0,30.0,27.0,52.0,98.57,3975442432,1551638528,1563496448,8.33,7.59,8.1,25297891328,9408679936
2026-05-06T17:09:43.209983+02:00,-0.0020883809642963853,0.1762339574473688,0.22115311528628634,-2.654895558721345,1.3757884931036264,-1.5097964625093938,1.5866411136147351,0.23732333548015483,-0.715842334218796,-0.009111231137520992,-1.2871025346258453,0.4449470820766286,51.0,52.0,51.0,43.0,43.0,26.0,30.0,27.0,52.0,98.57,3975442432,1551638528,1563496448,8.33,7.59,8.1,25297891328,9408679936
2026-05-06T17:09:43.265019+02:00,-0.0020883809642963853,0.1762339574473688,0.22115311528628634,-2.654895558721345,1.3757884931036264,-1.5097964625093938,1.5866411136147351,0.23732333548015483,-0.715842334218796,-0.009111231137520992,-1.2871025346258453,0.4449470820766286,51.0,52.0,51.0,43.0,43.0,26.0,30.0,27.0,52.0,98.57,3975442432,1551638528,1563496448,8.33,7.59,8.1,25297891328,9408679936
2026-05-06T17:09:43.318267+02:00,-0.0020883809642963853,0.1762339574473688,0.22115311528628634,-2.654895558721345,1.3757884931036264,-1.5097964625093938,1.5866411136147351,0.23732333548015483,-0.715842334218796,-0.009111231137520992,-1.2871025346258453,0.4449470820766286,51.0,52.0,51.0,43.0,43.0,26.0,30.0,27.0,52.0,98.57,3975442432,1551638528,1563496448,8.33,7.59,8.1,25297891328,9408679936
2026-05-06T17:09:43.368952+02:00,-0.0020883809642963853,0.1762339574473688,0.22115311528628634,-2.654895558721345,1.3757884931036264,-1.5097964625093938,1.5866411136147351,0.23732333548015483,-0.715842334218796,-0.009111231137520992,-1.2871025346258453,0.4449470820766286,51.0,52.0,51.0,43.0,43.0,26.0,30.0,27.0,52.0,98.57,3975442432,1551638528,1563496448,8.33,7.59,8.1,25297891328,9408679936
2026-05-06T17:09:43.422423+02:00,-0.0020883809642963853,0.1762339574473688,0.22115311528628634,-2.654895558721345,1.3757884931036264,-1.5097964625093938,1.5866411136147351,0.23732333548015483,-0.715842334218796,-0.009111231137520992,-1.2871025346258453,0.4449470820766286,51.0,52.0,51.0,43.0,43.0,26.0,30.0,27.0,52.0,98.57,3975442432,1551638528,1563496448,8.33,7.59,8.1,25297891328,9408679936
2026-05-06T17:09:43.475924+02:00,-0.0020883809642963853,0.1762339574473688,0.22115311528628634,-2.654895558721345,1.3757884931036264,-1.5097964625093938,1.5866411136147351,0.23732333548015483,-0.715842334218796,-0.009111231137520992,-1.2871025346258453,0.4449470820766286,51.0,52.0,51.0,43.0,43.0,26.0,30.0,27.0,52.0,98.51,3975442432,1552478208,1562656768,8.33,7.59,8.1,25297891328,9408679936
2026-05-06T17:09:43.526393+02:00,-0.0020883809642963853,0.1762339574473688,0.22115311528628634,-2.654895558721345,1.3757884931036264,-1.5097964625093938,1.5866411136147351,0.23732333548015483,-0.715842334218796,-0.009111231137520992,-1.2871025346258453,0.4449470820766286,51.0,52.0,51.0,43.0,43.0,26.0,30.0,27.0,53.0,98.51,3975442432,1552478208,1562656768,8.33,7.59,8.1,25297891328,9408679936
2026-05-06T17:09:43.577217+02:00,-0.0020883809642963853,0.1762339574473688,0.22115311528628634,-2.654895558721345,1.3757884931036264,-1.5097964625093938,1.5866411136147351,0.23732333548015483,-0.715842334218796,-0.009111231137520992,-1.2871025346258453,0.4449470820766286,51.0,52.0,51.0,43.0,43.0,26.0,30.0,27.0,53.0,98.51,3975442432,1552478208,1562656768,8.33,7.59,8.1,25297891328,9408679936
