timestamp,x_m,y_m,z_m,roll_rad,pitch_rad,yaw_rad,j1_rad,j2_rad,j3_rad,j4_rad,j5_rad,j6_rad,temp_m1_C,temp_m2_C,temp_m3_C,temp_m4_C,temp_m5_C,temp_m6_C,temp_m7_C,temp_m8_C,rpi_temp_C,cpu_percent,mem_total_B,mem_used_B,mem_free_B,load1,load5,load15,disk_total_B,disk_used_B
2026-05-13T12:19:15.047116+02:00,0.09804594972683442,0.26783274295585285,0.23690039166064528,1.6992872948805666,1.4219004556220092,2.3794351603058557,1.1818085029561467,-0.14141311220261465,-0.2719632175345901,0.15502471316624256,-1.107626782443226,0.4357431973493151,49.0,50.0,50.0,40.0,44.0,26.0,30.0,26.0,52.0,,,,,,,,,
2026-05-13T12:19:15.099605+02:00,0.09804594972683442,0.26783274295585285,0.23690039166064528,1.6992872948805666,1.4219004556220092,2.3794351603058557,1.1818085029561467,-0.14141311220261465,-0.2719632175345901,0.15502471316624256,-1.107626782443226,0.4357431973493151,49.0,50.0,50.0,40.0,44.0,26.0,30.0,26.0,52.0,,,,,,,,,
2026-05-13T12:19:15.151739+02:00,0.09804594972683442,0.26783274295585285,0.23690039166064528,1.6992872948805666,1.4219004556220092,2.3794351603058557,1.1818085029561467,-0.14141311220261465,-0.2719632175345901,0.15502471316624256,-1.107626782443226,0.4357431973493151,49.0,50.0,50.0,40.0,44.0,26.0,30.0,26.0,52.0,,,,,,,,,
2026-05-13T12:19:15.206755+02:00,0.09804594972683442,0.26783274295585285,0.23690039166064528,1.6992872948805666,1.4219004556220092,2.3794351603058557,1.1818085029561467,-0.14141311220261465,-0.2719632175345901,0.15502471316624256,-1.107626782443226,0.4357431973493151,49.0,50.0,50.0,40.0,44.0,26.0,30.0,26.0,52.0,,,,,,,,,
2026-05-13T12:19:15.258870+02:00,0.09804594972683442,0.26783274295585285,0.23690039166064528,1.6992872948805666,1.4219004556220092,2.3794351603058557,1.1818085029561467,-0.14141311220261465,-0.2719632175345901,0.15502471316624256,-1.107626782443226,0.4357431973493151,49.0,50.0,50.0,40.0,44.0,26.0,30.0,26.0,52.0,,,,,,,,,
2026-05-13T12:19:15.313938+02:00,0.09804594972683442,0.26783274295585285,0.23690039166064528,1.6992872948805666,1.4219004556220092,2.3794351603058557,1.1818085029561467,-0.14141311220261465,-0.2719632175345901,0.15502471316624256,-1.107626782443226,0.4357431973493151,49.0,50.0,50.0,40.0,44.0,26.0,30.0,26.0,52.0,,,,,,,,,
2026-05-13T12:19:15.366933+02:00,0.09804594972683442,0.26783274295585285,0.23690039166064528,1.6992872948805666,1.4219004556220092,2.3794351603058557,1.1818085029561467,-0.14141311220261465,-0.2719632175345901,0.15502471316624256,-1.107626782443226,0.4357431973493151,49.0,50.0,50.0,40.0,44.0,26.0,30.0,26.0,52.0,,,,,,,,,
2026-05-13T12:19:15.417846+02:00,0.09804594972683442,0.26783274295585285,0.23690039166064528,1.6992872948805666,1.4219004556220092,2.3794351603058557,1.1818085029561467,-0.14141311220261465,-0.2719632175345901,0.15502471316624256,-1.107626782443226,0.4357431973493151,49.0,50.0,50.0,40.0,44.0,26.0,30.0,26.0,52.0,,,,,,,,,
2026-05-13T12:19:15.472869+02:00,0.09804594972683442,0.26783274295585285,0.23690039166064528,1.6992872948805666,1.4219004556220092,2.3794351603058557,1.1818085029561467,-0.14141311220261465,-0.2719632175345901,0.15502471316624256,-1.107626782443226,0.4357431973493151,49.0,50.0,50.0,40.0,44.0,26.0,30.0,26.0,52.0,,,,,,,,,
2026-05-13T12:19:15.525327+02:00,0.09804594972683442,0.26783274295585285,0.23690039166064528,1.6992872948805666,1.4219004556220092,2.3794351603058557,1.1818085029561467,-0.14141311220261465,-0.2719632175345901,0.15502471316624256,-1.107626782443226,0.4357431973493151,49.0,50.0,50.0,40.0,44.0,26.0,30.0,26.0,52.0,92.37,3975442432,1565564928,1445892096,8.23,7.93,8.23,25297891328,9444012032
2026-05-13T12:19:15.580762+02:00,0.09804594972683442,0.26783274295585285,0.23690039166064528,1.6992872948805666,1.4219004556220092,2.3794351603058557,1.1818085029561467,-0.14141311220261465,-0.2719632175345901,0.15502471316624256,-1.107626782443226,0.4357431973493151,49.0,50.0,50.0,40.0,44.0,26.0,30.0,26.0,52.0,92.37,3975442432,1565564928,1445892096,8.23,7.93,8.23,25297891328,9444012032
2026-05-13T12:19:15.635313+02:00,0.09804594972683442,0.26783274295585285,0.23690039166064528,1.6992872948805666,1.4219004556220092,2.3794351603058557,1.1818085029561467,-0.14141311220261465,-0.2719632175345901,0.15502471316624256,-1.107626782443226,0.4357431973493151,49.0,50.0,50.0,40.0,44.0,26.0,30.0,26.0,52.0,92.37,3975442432,1565564928,1445892096,8.23,7.93,8.23,25297891328,9444012032
2026-05-13T12:19:15.687873+02:00,0.09804594972683442,0.26783274295585285,0.23690039166064528,1.6992872948805666,1.4219004556220092,2.3794351603058557,1.1818085029561467,-0.14141311220261465,-0.2719632175345901,0.15502471316624256,-1.107626782443226,0.4357431973493151,49.0,50.0,50.0,40.0,44.0,26.0,30.0,26.0,52.0,92.37,3975442432,1565564928,1445892096,8.23,7.93,8.23,25297891328,9444012032
2026-05-13T12:19:15.739346+02:00,0.09804594972683442,0.26783274295585285,0.23690039166064528,1.6992872948805666,1.4219004556220092,2.3794351603058557,1.1818085029561467,-0.14141311220261465,-0.2719632175345901,0.15502471316624256,-1.107626782443226,0.4357431973493151,49.0,50.0,50.0,40.0,44.0,26.0,30.0,26.0,52.0,92.37,3975442432,1565564928,1445892096,8.23,7.93,8.23,25297891328,9444012032
2026-05-13T12:19:15.790589+02:00,0.09804594972683442,0.26783274295585285,0.23690039166064528,1.6992872948805666,1.4219004556220092,2.3794351603058557,1.1818085029561467,-0.14141311220261465,-0.2719632175345901,0.15502471316624256,-1.107626782443226,0.4357431973493151,49.0,50.0,50.0,40.0,44.0,26.0,30.0,26.0,52.0,92.37,3975442432,1565564928,1445892096,8.23,7.93,8.23,25297891328,9444012032
2026-05-13T12:19:15.841422+02:00,0.09804594972683442,0.26783274295585285,0.23690039166064528,1.6992872948805666,1.4219004556220092,2.3794351603058557,1.1818085029561467,-0.14141311220261465,-0.2719632175345901,0.15502471316624256,-1.107626782443226,0.4357431973493151,49.0,50.0,50.0,40.0,44.0,26.0,30.0,26.0,52.0,92.37,3975442432,1565564928,1445892096,8.23,7.93,8.23,25297891328,9444012032
2026-05-13T12:19:15.892150+02:00,0.09804594972683442,0.26783274295585285,0.23690039166064528,1.6992872948805666,1.4219004556220092,2.3794351603058557,1.1818085029561467,-0.14141311220261465,-0.2719632175345901,0.15502471316624256,-1.107626782443226,0.4357431973493151,49.0,50.0,50.0,40.0,44.0,26.0,30.0,26.0,52.0,92.37,3975442432,1565564928,1445892096,8.23,7.93,8.23,25297891328,9444012032
2026-05-13T12:19:15.947172+02:00,0.09804594972683442,0.26783274295585285,0.23690039166064528,1.6992872948805666,1.4219004556220092,2.3794351603058557,1.1818085029561467,-0.14141311220261465,-0.2719632175345901,0.15502471316624256,-1.107626782443226,0.4357431973493151,49.0,50.0,50.0,40.0,44.0,26.0,30.0,26.0,52.0,92.37,3975442432,1565564928,1445892096,8.23,7.93,8.23,25297891328,9444012032
2026-05-13T12:19:16.001608+02:00,0.09804594972683442,0.26783274295585285,0.23690039166064528,1.6992872948805666,1.4219004556220092,2.3794351603058557,1.1818085029561467,-0.14141311220261465,-0.2719632175345901,0.15502471316624256,-1.107626782443226,0.4357431973493151,49.0,50.0,50.0,40.0,44.0,26.0,30.0,26.0,52.0,92.37,3975442432,1565564928,1445892096,8.23,7.93,8.23,25297891328,9444012032
2026-05-13T12:19:16.052558+02:00,0.09804594972683442,0.26783274295585285,0.23690039166064528,1.6992872948805666,1.4219004556220092,2.3794351603058557,1.1818085029561467,-0.14141311220261465,-0.2719632175345901,0.15502471316624256,-1.107626782443226,0.4357431973493151,49.0,50.0,50.0,40.0,44.0,26.0,30.0,26.0,52.0,92.37,3975442432,1565564928,1445892096,8.23,7.93,8.23,25297891328,9444012032
2026-05-13T12:19:16.106940+02:00,0.09804594972683442,0.26783274295585285,0.23690039166064528,1.6992872948805666,1.4219004556220092,2.3794351603058557,1.1818085029561467,-0.14141311220261465,-0.2719632175345901,0.15502471316624256,-1.107626782443226,0.4357431973493151,49.0,50.0,50.0,40.0,44.0,26.0,30.0,26.0,52.0,92.37,3975442432,1565564928,1445892096,8.23,7.93,8.23,25297891328,9444012032
2026-05-13T12:19:16.159268+02:00,0.09804594972683442,0.26783274295585285,0.23690039166064528,1.6992872948805666,1.4219004556220092,2.3794351603058557,1.1818085029561467,-0.14141311220261465,-0.2719632175345901,0.15502471316624256,-1.107626782443226,0.4357431973493151,49.0,50.0,50.0,40.0,44.0,26.0,30.0,26.0,52.0,92.37,3975442432,1565564928,1445892096,8.23,7.93,8.23,25297891328,9444012032
2026-05-13T12:19:16.213641+02:00,0.09804594972683442,0.26783274295585285,0.23690039166064528,1.6992872948805666,1.4219004556220092,2.3794351603058557,1.1818085029561467,-0.14141311220261465,-0.2719632175345901,0.15502471316624256,-1.107626782443226,0.4357431973493151,49.0,50.0,50.0,40.0,44.0,26.0,30.0,26.0,52.0,92.37,3975442432,1565564928,1445892096,8.23,7.93,8.23,25297891328,9444012032
2026-05-13T12:19:16.267597+02:00,0.09804594972683442,0.26783274295585285,0.23690039166064528,1.6992872948805666,1.4219004556220092,2.3794351603058557,1.1818085029561467,-0.14141311220261465,-0.2719632175345901,0.15502471316624256,-1.107626782443226,0.4357431973493151,49.0,50.0,50.0,40.0,44.0,26.0,30.0,26.0,52.0,92.37,3975442432,1565564928,1445892096,8.23,7.93,8.23,25297891328,9444012032
2026-05-13T12:19:16.318592+02:00,0.09804594972683442,0.26783274295585285,0.23690039166064528,1.6992872948805666,1.4219004556220092,2.3794351603058557,1.1818085029561467,-0.14141311220261465,-0.2719632175345901,0.15502471316624256,-1.107626782443226,0.4357431973493151,49.0,50.0,50.0,40.0,44.0,26.0,30.0,26.0,52.0,92.37,3975442432,1565564928,1445892096,8.23,7.93,8.23,25297891328,9444012032
2026-05-13T12:19:16.372956+02:00,0.09804594972683442,0.26783274295585285,0.23690039166064528,1.6992872948805666,1.4219004556220092,2.3794351603058557,1.1818085029561467,-0.14141311220261465,-0.2719632175345901,0.15502471316624256,-1.107626782443226,0.4357431973493151,49.0,50.0,50.0,40.0,44.0,26.0,30.0,26.0,52.0,92.37,3975442432,1565564928,1445892096,8.23,7.93,8.23,25297891328,9444012032
2026-05-13T12:19:16.425628+02:00,0.09804594972683442,0.26783274295585285,0.23690039166064528,1.6992872948805666,1.4219004556220092,2.3794351603058557,1.1818085029561467,-0.14141311220261465,-0.2719632175345901,0.15502471316624256,-1.107626782443226,0.4357431973493151,49.0,50.0,50.0,40.0,44.0,26.0,30.0,26.0,52.0,92.37,3975442432,1565564928,1445892096,8.23,7.93,8.23,25297891328,9444012032
2026-05-13T12:19:16.477312+02:00,0.09804594972683442,0.26783274295585285,0.23690039166064528,1.6992872948805666,1.4219004556220092,2.3794351603058557,1.1818085029561467,-0.14141311220261465,-0.2719632175345901,0.15502471316624256,-1.107626782443226,0.4357431973493151,49.0,50.0,50.0,40.0,44.0,26.0,30.0,26.0,52.0,94.07,3975442432,1552338944,1459118080,8.23,7.93,8.23,25297891328,9444012032
2026-05-13T12:19:16.527835+02:00,0.09804594972683442,0.26783274295585285,0.23690039166064528,1.6992872948805666,1.4219004556220092,2.3794351603058557,1.1818085029561467,-0.14141311220261465,-0.2719632175345901,0.15502471316624256,-1.107626782443226,0.4357431973493151,49.0,50.0,50.0,40.0,44.0,26.0,30.0,26.0,52.0,94.07,3975442432,1552338944,1459118080,8.23,7.93,8.23,25297891328,9444012032
2026-05-13T12:19:16.580368+02:00,0.09804594972683442,0.26783274295585285,0.23690039166064528,1.6992872948805666,1.4219004556220092,2.3794351603058557,1.1818085029561467,-0.14141311220261465,-0.2719632175345901,0.15502471316624256,-1.107626782443226,0.4357431973493151,49.0,50.0,50.0,40.0,44.0,26.0,30.0,26.0,52.0,94.07,3975442432,1552338944,1459118080,8.23,7.93,8.23,25297891328,9444012032
2026-05-13T12:19:16.635612+02:00,0.09804594972683442,0.26783274295585285,0.23690039166064528,1.6992872948805666,1.4219004556220092,2.3794351603058557,1.1818085029561467,-0.14141311220261465,-0.2719632175345901,0.15502471316624256,-1.107626782443226,0.4357431973493151,49.0,50.0,50.0,40.0,44.0,26.0,30.0,26.0,52.0,94.07,3975442432,1552338944,1459118080,8.23,7.93,8.23,25297891328,9444012032
2026-05-13T12:19:16.687589+02:00,0.09810386341628895,0.26794562266903693,0.2369202464115803,1.6895707769260377,1.4214294138056096,2.3696095854576655,1.1818085029561467,-0.14141311220261465,-0.2719632175345901,0.15502471316624256,-1.107626782443226,0.4357431973493151,49.0,50.0,50.0,40.0,44.0,26.0,30.0,26.0,52.0,94.07,3975442432,1552338944,1459118080,8.23,7.93,8.23,25297891328,9444012032
2026-05-13T12:19:16.737920+02:00,0.09810386341628895,0.26794562266903693,0.2369202464115803,1.6895707769260377,1.4214294138056096,2.3696095854576655,1.1818085029561467,-0.14141311220261465,-0.2719632175345901,0.15502471316624256,-1.107626782443226,0.4357431973493151,49.0,50.0,50.0,40.0,44.0,26.0,30.0,26.0,52.0,94.07,3975442432,1552338944,1459118080,8.23,7.93,8.23,25297891328,9444012032
2026-05-13T12:19:16.789453+02:00,0.09810386341628895,0.26794562266903693,0.2369202464115803,1.6895707769260377,1.4214294138056096,2.3696095854576655,1.1818085029561467,-0.14141311220261465,-0.2719632175345901,0.15502471316624256,-1.107626782443226,0.4357431973493151,49.0,50.0,50.0,40.0,44.0,26.0,30.0,26.0,52.0,94.07,3975442432,1552338944,1459118080,8.23,7.93,8.23,25297891328,9444012032
2026-05-13T12:19:16.844498+02:00,0.09804594972683442,0.26783274295585285,0.23690039166064528,1.6992872948805666,1.4219004556220092,2.3794351603058557,1.1818085029561467,-0.14141311220261465,-0.2719632175345901,0.15502471316624256,-1.107626782443226,0.4357431973493151,49.0,50.0,50.0,40.0,44.0,26.0,30.0,26.0,52.0,94.07,3975442432,1552338944,1459118080,8.23,7.93,8.23,25297891328,9444012032
2026-05-13T12:19:16.896603+02:00,0.09804594972683442,0.26783274295585285,0.23690039166064528,1.6992872948805666,1.4219004556220092,2.3794351603058557,1.1818085029561467,-0.14141311220261465,-0.2719632175345901,0.15502471316624256,-1.107626782443226,0.4357431973493151,49.0,50.0,50.0,40.0,44.0,26.0,30.0,26.0,52.0,94.07,3975442432,1552338944,1459118080,8.23,7.93,8.23,25297891328,9444012032
2026-05-13T12:19:16.947945+02:00,0.09804594972683442,0.26783274295585285,0.23690039166064528,1.6992872948805666,1.4219004556220092,2.3794351603058557,1.1818085029561467,-0.14141311220261465,-0.2719632175345901,0.15502471316624256,-1.107626782443226,0.4357431973493151,49.0,50.0,50.0,40.0,44.0,26.0,30.0,26.0,52.0,94.07,3975442432,1552338944,1459118080,8.23,7.93,8.23,25297891328,9444012032
2026-05-13T12:19:17.000628+02:00,0.09804594972683442,0.26783274295585285,0.23690039166064528,1.6992872948805666,1.4219004556220092,2.3794351603058557,1.1818085029561467,-0.14141311220261465,-0.2719632175345901,0.15502471316624256,-1.107626782443226,0.4357431973493151,49.0,50.0,50.0,40.0,44.0,26.0,30.0,26.0,52.0,94.07,3975442432,1552338944,1459118080,8.23,7.93,8.23,25297891328,9444012032
2026-05-13T12:19:17.055695+02:00,0.09804594972683442,0.26783274295585285,0.23690039166064528,1.6992872948805666,1.4219004556220092,2.3794351603058557,1.1818085029561467,-0.14141311220261465,-0.2719632175345901,0.15502471316624256,-1.107626782443226,0.4357431973493151,49.0,50.0,50.0,40.0,44.0,26.0,30.0,26.0,52.0,94.07,3975442432,1552338944,1459118080,8.23,7.93,8.23,25297891328,9444012032
2026-05-13T12:19:17.106773+02:00,0.09804594972683442,0.26783274295585285,0.23690039166064528,1.6992872948805666,1.4219004556220092,2.3794351603058557,1.1818085029561467,-0.14141311220261465,-0.2719632175345901,0.15502471316624256,-1.107626782443226,0.4357431973493151,49.0,50.0,50.0,40.0,44.0,26.0,30.0,26.0,52.0,94.07,3975442432,1552338944,1459118080,8.23,7.93,8.23,25297891328,9444012032
2026-05-13T12:19:17.157666+02:00,0.09804594972683442,0.26783274295585285,0.23690039166064528,1.6992872948805666,1.4219004556220092,2.3794351603058557,1.1818085029561467,-0.14141311220261465,-0.2719632175345901,0.15502471316624256,-1.107626782443226,0.4357431973493151,49.0,50.0,50.0,40.0,44.0,26.0,30.0,26.0,52.0,94.07,3975442432,1552338944,1459118080,8.23,7.93,8.23,25297891328,9444012032
2026-05-13T12:19:17.207820+02:00,0.09804594972683442,0.26783274295585285,0.23690039166064528,1.6992872948805666,1.4219004556220092,2.3794351603058557,1.1818085029561467,-0.14141311220261465,-0.2719632175345901,0.15502471316624256,-1.107626782443226,0.4357431973493151,49.0,50.0,50.0,40.0,44.0,26.0,30.0,26.0,52.0,94.07,3975442432,1552338944,1459118080,8.23,7.93,8.23,25297891328,9444012032
2026-05-13T12:19:17.262123+02:00,0.09804594972683442,0.26783274295585285,0.23690039166064528,1.6992872948805666,1.4219004556220092,2.3794351603058557,1.1818085029561467,-0.14141311220261465,-0.2719632175345901,0.15502471316624256,-1.107626782443226,0.4357431973493151,49.0,50.0,50.0,40.0,44.0,26.0,30.0,26.0,52.0,94.07,3975442432,1552338944,1459118080,8.23,7.93,8.23,25297891328,9444012032
2026-05-13T12:19:17.317136+02:00,0.09804594972683442,0.26783274295585285,0.23690039166064528,1.6992872948805666,1.4219004556220092,2.3794351603058557,1.1818085029561467,-0.14141311220261465,-0.2719632175345901,0.15502471316624256,-1.107626782443226,0.4357431973493151,49.0,50.0,50.0,40.0,44.0,26.0,30.0,26.0,52.0,94.07,3975442432,1552338944,1459118080,8.23,7.93,8.23,25297891328,9444012032
2026-05-13T12:19:17.370001+02:00,0.09804594972683442,0.26783274295585285,0.23690039166064528,1.6992872948805666,1.4219004556220092,2.3794351603058557,1.1818085029561467,-0.14141311220261465,-0.2719632175345901,0.15502471316624256,-1.107626782443226,0.4357431973493151,49.0,50.0,50.0,40.0,44.0,26.0,30.0,26.0,52.0,94.07,3975442432,1552338944,1459118080,8.23,7.93,8.23,25297891328,9444012032
2026-05-13T12:19:17.421673+02:00,0.09804594972683442,0.26783274295585285,0.23690039166064528,1.6992872948805666,1.4219004556220092,2.3794351603058557,1.1818085029561467,-0.14141311220261465,-0.2719632175345901,0.15502471316624256,-1.107626782443226,0.4357431973493151,49.0,50.0,50.0,40.0,44.0,26.0,30.0,26.0,52.0,94.07,3975442432,1552338944,1459118080,8.23,7.93,8.23,25297891328,9444012032
2026-05-13T12:19:17.472560+02:00,0.09804594972683442,0.26783274295585285,0.23690039166064528,1.6992872948805666,1.4219004556220092,2.3794351603058557,1.1818085029561467,-0.14141311220261465,-0.2719632175345901,0.15502471316624256,-1.107626782443226,0.4357431973493151,49.0,50.0,50.0,40.0,44.0,26.0,30.0,26.0,52.0,91.39,3975442432,1529491456,1481957376,8.05,7.9,8.22,25297891328,9444012032
2026-05-13T12:19:17.527607+02:00,0.09804594972683442,0.26783274295585285,0.23690039166064528,1.6992872948805666,1.4219004556220092,2.3794351603058557,1.1818085029561467,-0.14141311220261465,-0.2719632175345901,0.15502471316624256,-1.107626782443226,0.4357431973493151,49.0,50.0,50.0,40.0,44.0,26.0,30.0,26.0,52.0,91.39,3975442432,1529491456,1481957376,8.05,7.9,8.22,25297891328,9444012032
2026-05-13T12:19:17.577963+02:00,0.09804594972683442,0.26783274295585285,0.23690039166064528,1.6992872948805666,1.4219004556220092,2.3794351603058557,1.1818085029561467,-0.14141311220261465,-0.2719632175345901,0.15502471316624256,-1.107626782443226,0.4357431973493151,49.0,50.0,50.0,40.0,44.0,26.0,30.0,26.0,52.0,91.39,3975442432,1529491456,1481957376,8.05,7.9,8.22,25297891328,9444012032
2026-05-13T12:19:17.632978+02:00,0.09804594972683442,0.26783274295585285,0.23690039166064528,1.6992872948805666,1.4219004556220092,2.3794351603058557,1.1818085029561467,-0.14141311220261465,-0.2719632175345901,0.15502471316624256,-1.107626782443226,0.4357431973493151,49.0,50.0,50.0,40.0,44.0,26.0,30.0,26.0,52.0,91.39,3975442432,1529491456,1481957376,8.05,7.9,8.22,25297891328,9444012032
2026-05-13T12:19:17.688024+02:00,0.09804594972683442,0.26783274295585285,0.23690039166064528,1.6992872948805666,1.4219004556220092,2.3794351603058557,1.1818085029561467,-0.14141311220261465,-0.2719632175345901,0.15502471316624256,-1.107626782443226,0.4357431973493151,49.0,50.0,50.0,40.0,44.0,26.0,30.0,26.0,52.0,91.39,3975442432,1529491456,1481957376,8.05,7.9,8.22,25297891328,9444012032
2026-05-13T12:19:17.743020+02:00,0.09804594972683442,0.26783274295585285,0.23690039166064528,1.6992872948805666,1.4219004556220092,2.3794351603058557,1.1818085029561467,-0.14141311220261465,-0.2719632175345901,0.15502471316624256,-1.107626782443226,0.4357431973493151,49.0,50.0,50.0,40.0,44.0,26.0,30.0,26.0,52.0,91.39,3975442432,1529491456,1481957376,8.05,7.9,8.22,25297891328,9444012032
2026-05-13T12:19:17.793405+02:00,0.09804594972683442,0.26783274295585285,0.23690039166064528,1.6992872948805666,1.4219004556220092,2.3794351603058557,1.1818085029561467,-0.14141311220261465,-0.2719632175345901,0.15502471316624256,-1.107626782443226,0.4357431973493151,49.0,50.0,50.0,40.0,44.0,26.0,30.0,26.0,52.0,91.39,3975442432,1529491456,1481957376,8.05,7.9,8.22,25297891328,9444012032
2026-05-13T12:19:17.845377+02:00,0.09804594972683442,0.26783274295585285,0.23690039166064528,1.6992872948805666,1.4219004556220092,2.3794351603058557,1.1818085029561467,-0.14141311220261465,-0.2719632175345901,0.15502471316624256,-1.107626782443226,0.4357431973493151,49.0,50.0,50.0,40.0,44.0,26.0,30.0,26.0,52.0,91.39,3975442432,1529491456,1481957376,8.05,7.9,8.22,25297891328,9444012032
2026-05-13T12:19:17.896454+02:00,0.09804594972683442,0.26783274295585285,0.23690039166064528,1.6992872948805666,1.4219004556220092,2.3794351603058557,1.1818085029561467,-0.14141311220261465,-0.2719632175345901,0.15502471316624256,-1.107626782443226,0.4357431973493151,49.0,50.0,50.0,40.0,44.0,26.0,30.0,26.0,52.0,91.39,3975442432,1529491456,1481957376,8.05,7.9,8.22,25297891328,9444012032
2026-05-13T12:19:17.948653+02:00,0.09804594972683442,0.26783274295585285,0.23690039166064528,1.6992872948805666,1.4219004556220092,2.3794351603058557,1.1818085029561467,-0.14141311220261465,-0.2719632175345901,0.15502471316624256,-1.107626782443226,0.4357431973493151,49.0,50.0,50.0,40.0,44.0,26.0,30.0,26.0,52.0,91.39,3975442432,1529491456,1481957376,8.05,7.9,8.22,25297891328,9444012032
2026-05-13T12:19:17.999549+02:00,0.09804594972683442,0.26783274295585285,0.23690039166064528,1.6992872948805666,1.4219004556220092,2.3794351603058557,1.1818085029561467,-0.14141311220261465,-0.2719632175345901,0.15502471316624256,-1.107626782443226,0.4357431973493151,49.0,50.0,50.0,40.0,44.0,26.0,30.0,26.0,52.0,91.39,3975442432,1529491456,1481957376,8.05,7.9,8.22,25297891328,9444012032
2026-05-13T12:19:18.054263+02:00,0.09804594972683442,0.26783274295585285,0.23690039166064528,1.6992872948805666,1.4219004556220092,2.3794351603058557,1.1818085029561467,-0.14141311220261465,-0.2719632175345901,0.15502471316624256,-1.107626782443226,0.4357431973493151,49.0,50.0,50.0,40.0,44.0,26.0,30.0,26.0,52.0,91.39,3975442432,1529491456,1481957376,8.05,7.9,8.22,25297891328,9444012032
2026-05-13T12:19:18.105253+02:00,0.09804594972683442,0.26783274295585285,0.23690039166064528,1.6992872948805666,1.4219004556220092,2.3794351603058557,1.1818085029561467,-0.14141311220261465,-0.2719632175345901,0.15502471316624256,-1.107626782443226,0.4357431973493151,49.0,50.0,50.0,40.0,44.0,26.0,30.0,26.0,52.0,91.39,3975442432,1529491456,1481957376,8.05,7.9,8.22,25297891328,9444012032
2026-05-13T12:19:18.155913+02:00,0.09804594972683442,0.26783274295585285,0.23690039166064528,1.6992872948805666,1.4219004556220092,2.3794351603058557,1.1818085029561467,-0.14141311220261465,-0.2719632175345901,0.15502471316624256,-1.107626782443226,0.4357431973493151,49.0,50.0,50.0,40.0,44.0,26.0,30.0,26.0,52.0,91.39,3975442432,1529491456,1481957376,8.05,7.9,8.22,25297891328,9444012032
2026-05-13T12:19:18.208523+02:00,0.09804594972683442,0.26783274295585285,0.23690039166064528,1.6992872948805666,1.4219004556220092,2.3794351603058557,1.1818085029561467,-0.14141311220261465,-0.2719632175345901,0.15502471316624256,-1.107626782443226,0.4357431973493151,49.0,50.0,50.0,40.0,44.0,26.0,30.0,26.0,52.0,91.39,3975442432,1529491456,1481957376,8.05,7.9,8.22,25297891328,9444012032
2026-05-13T12:19:18.259289+02:00,0.09804594972683442,0.26783274295585285,0.23690039166064528,1.6992872948805666,1.4219004556220092,2.3794351603058557,1.1818085029561467,-0.14141311220261465,-0.2719632175345901,0.15502471316624256,-1.107626782443226,0.4357431973493151,49.0,50.0,50.0,40.0,44.0,26.0,30.0,26.0,52.0,91.39,3975442432,1529491456,1481957376,8.05,7.9,8.22,25297891328,9444012032
2026-05-13T12:19:18.314316+02:00,0.09804594972683442,0.26783274295585285,0.23690039166064528,1.6992872948805666,1.4219004556220092,2.3794351603058557,1.1818085029561467,-0.14141311220261465,-0.2719632175345901,0.15502471316624256,-1.107626782443226,0.4357431973493151,49.0,50.0,50.0,40.0,44.0,26.0,30.0,26.0,52.0,91.39,3975442432,1529491456,1481957376,8.05,7.9,8.22,25297891328,9444012032
2026-05-13T12:19:18.365657+02:00,0.09804594972683442,0.26783274295585285,0.23690039166064528,1.6992872948805666,1.4219004556220092,2.3794351603058557,1.1818085029561467,-0.14141311220261465,-0.2719632175345901,0.15502471316624256,-1.107626782443226,0.4357431973493151,49.0,50.0,50.0,40.0,44.0,26.0,30.0,26.0,52.0,91.39,3975442432,1529491456,1481957376,8.05,7.9,8.22,25297891328,9444012032
2026-05-13T12:19:18.416286+02:00,0.09804594972683442,0.26783274295585285,0.23690039166064528,1.6992872948805666,1.4219004556220092,2.3794351603058557,1.1818085029561467,-0.14141311220261465,-0.2719632175345901,0.15502471316624256,-1.107626782443226,0.4357431973493151,49.0,50.0,50.0,40.0,44.0,26.0,30.0,26.0,52.0,91.39,3975442432,1529491456,1481957376,8.05,7.9,8.22,25297891328,9444012032
2026-05-13T12:19:18.471270+02:00,0.09804594972683442,0.26783274295585285,0.23690039166064528,1.6992872948805666,1.4219004556220092,2.3794351603058557,1.1818085029561467,-0.14141311220261465,-0.2719632175345901,0.15502471316624256,-1.107626782443226,0.4357431973493151,49.0,50.0,50.0,40.0,44.0,26.0,30.0,26.0,52.0,91.39,3975442432,1529491456,1481957376,8.05,7.9,8.22,25297891328,9444012032
2026-05-13T12:19:18.523236+02:00,0.09804594972683442,0.26783274295585285,0.23690039166064528,1.6992872948805666,1.4219004556220092,2.3794351603058557,1.1818085029561467,-0.14141311220261465,-0.2719632175345901,0.15502471316624256,-1.107626782443226,0.4357431973493151,49.0,50.0,50.0,40.0,44.0,26.0,30.0,26.0,52.0,91.39,3975442432,1529491456,1481957376,8.05,7.9,8.22,25297891328,9444012032
2026-05-13T12:19:18.578218+02:00,0.09804594972683442,0.26783274295585285,0.23690039166064528,1.6992872948805666,1.4219004556220092,2.3794351603058557,1.1818085029561467,-0.14141311220261465,-0.2719632175345901,0.15502471316624256,-1.107626782443226,0.4357431973493151,49.0,50.0,50.0,40.0,44.0,26.0,30.0,26.0,52.0,90.57,3975442432,1528958976,1482563584,8.05,7.9,8.22,25297891328,9444012032
2026-05-13T12:19:18.628591+02:00,0.09804594972683442,0.26783274295585285,0.23690039166064528,1.6992872948805666,1.4219004556220092,2.3794351603058557,1.1818085029561467,-0.14141311220261465,-0.2719632175345901,0.15502471316624256,-1.107626782443226,0.4357431973493151,49.0,50.0,50.0,40.0,44.0,26.0,30.0,26.0,52.0,90.57,3975442432,1528958976,1482563584,8.05,7.9,8.22,25297891328,9444012032
2026-05-13T12:19:18.678726+02:00,0.09804594972683442,0.26783274295585285,0.23690039166064528,1.6992872948805666,1.4219004556220092,2.3794351603058557,1.1818085029561467,-0.14141311220261465,-0.2719632175345901,0.15502471316624256,-1.107626782443226,0.4357431973493151,49.0,50.0,50.0,40.0,44.0,26.0,30.0,26.0,52.0,90.57,3975442432,1528958976,1482563584,8.05,7.9,8.22,25297891328,9444012032
2026-05-13T12:19:18.729269+02:00,0.09804594972683442,0.26783274295585285,0.23690039166064528,1.6992872948805666,1.4219004556220092,2.3794351603058557,1.1818085029561467,-0.14141311220261465,-0.2719632175345901,0.15502471316624256,-1.107626782443226,0.4357431973493151,49.0,50.0,50.0,40.0,44.0,26.0,30.0,26.0,52.0,90.57,3975442432,1528958976,1482563584,8.05,7.9,8.22,25297891328,9444012032
2026-05-13T12:19:18.784442+02:00,0.09804594972683442,0.26783274295585285,0.23690039166064528,1.6992872948805666,1.4219004556220092,2.3794351603058557,1.1818085029561467,-0.14141311220261465,-0.2719632175345901,0.15502471316624256,-1.107626782443226,0.4357431973493151,49.0,50.0,50.0,40.0,44.0,26.0,30.0,26.0,52.0,90.57,3975442432,1528958976,1482563584,8.05,7.9,8.22,25297891328,9444012032
2026-05-13T12:19:18.834723+02:00,0.09804594972683442,0.26783274295585285,0.23690039166064528,1.6992872948805666,1.4219004556220092,2.3794351603058557,1.1818085029561467,-0.14141311220261465,-0.2719632175345901,0.15502471316624256,-1.107626782443226,0.4357431973493151,49.0,50.0,50.0,40.0,44.0,26.0,30.0,26.0,52.0,90.57,3975442432,1528958976,1482563584,8.05,7.9,8.22,25297891328,9444012032
2026-05-13T12:19:18.885727+02:00,0.09804594972683442,0.26783274295585285,0.23690039166064528,1.6992872948805666,1.4219004556220092,2.3794351603058557,1.1818085029561467,-0.14141311220261465,-0.2719632175345901,0.15502471316624256,-1.107626782443226,0.4357431973493151,49.0,50.0,50.0,40.0,44.0,26.0,30.0,26.0,52.0,90.57,3975442432,1528958976,1482563584,8.05,7.9,8.22,25297891328,9444012032
2026-05-13T12:19:18.938603+02:00,0.09804594972683442,0.26783274295585285,0.23690039166064528,1.6992872948805666,1.4219004556220092,2.3794351603058557,1.1818085029561467,-0.14141311220261465,-0.2719632175345901,0.15502471316624256,-1.107626782443226,0.4357431973493151,49.0,50.0,50.0,40.0,44.0,26.0,30.0,26.0,52.0,90.57,3975442432,1528958976,1482563584,8.05,7.9,8.22,25297891328,9444012032
2026-05-13T12:19:18.988985+02:00,0.09804594972683442,0.26783274295585285,0.23690039166064528,1.6992872948805666,1.4219004556220092,2.3794351603058557,1.1818085029561467,-0.14141311220261465,-0.2719632175345901,0.15502471316624256,-1.107626782443226,0.4357431973493151,49.0,50.0,50.0,40.0,44.0,26.0,30.0,26.0,52.0,90.57,3975442432,1528958976,1482563584,8.05,7.9,8.22,25297891328,9444012032
2026-05-13T12:19:19.041357+02:00,0.09804594972683442,0.26783274295585285,0.23690039166064528,1.6992872948805666,1.4219004556220092,2.3794351603058557,1.1818085029561467,-0.14141311220261465,-0.2719632175345901,0.15502471316624256,-1.107626782443226,0.4357431973493151,49.0,50.0,50.0,40.0,44.0,26.0,30.0,26.0,52.0,90.57,3975442432,1528958976,1482563584,8.05,7.9,8.22,25297891328,9444012032
2026-05-13T12:19:19.093175+02:00,0.09804594972683442,0.26783274295585285,0.23690039166064528,1.6992872948805666,1.4219004556220092,2.3794351603058557,1.1818085029561467,-0.14141311220261465,-0.2719632175345901,0.15502471316624256,-1.107626782443226,0.4357431973493151,49.0,50.0,50.0,40.0,44.0,26.0,30.0,26.0,52.0,90.57,3975442432,1528958976,1482563584,8.05,7.9,8.22,25297891328,9444012032
2026-05-13T12:19:19.145288+02:00,0.09804594972683442,0.26783274295585285,0.23690039166064528,1.6992872948805666,1.4219004556220092,2.3794351603058557,1.1818085029561467,-0.14141311220261465,-0.2719632175345901,0.15502471316624256,-1.107626782443226,0.4357431973493151,49.0,50.0,50.0,40.0,44.0,26.0,30.0,26.0,52.0,90.57,3975442432,1528958976,1482563584,8.05,7.9,8.22,25297891328,9444012032
2026-05-13T12:19:19.195669+02:00,0.09804594972683442,0.26783274295585285,0.23690039166064528,1.6992872948805666,1.4219004556220092,2.3794351603058557,1.1818085029561467,-0.14141311220261465,-0.2719632175345901,0.15502471316624256,-1.107626782443226,0.4357431973493151,49.0,50.0,50.0,40.0,44.0,26.0,30.0,26.0,52.0,90.57,3975442432,1528958976,1482563584,8.05,7.9,8.22,25297891328,9444012032
2026-05-13T12:19:19.246983+02:00,0.09804594972683442,0.26783274295585285,0.23690039166064528,1.6992872948805666,1.4219004556220092,2.3794351603058557,1.1818085029561467,-0.14141311220261465,-0.2719632175345901,0.15502471316624256,-1.107626782443226,0.4357431973493151,49.0,50.0,50.0,40.0,44.0,26.0,30.0,26.0,52.0,90.57,3975442432,1528958976,1482563584,8.05,7.9,8.22,25297891328,9444012032
2026-05-13T12:19:19.297757+02:00,0.09804594972683442,0.26783274295585285,0.23690039166064528,1.6992872948805666,1.4219004556220092,2.3794351603058557,1.1818085029561467,-0.14141311220261465,-0.2719632175345901,0.15502471316624256,-1.107626782443226,0.4357431973493151,49.0,50.0,50.0,40.0,44.0,26.0,30.0,26.0,52.0,90.57,3975442432,1528958976,1482563584,8.05,7.9,8.22,25297891328,9444012032
2026-05-13T12:19:19.351347+02:00,0.09804594972683442,0.26783274295585285,0.23690039166064528,1.6992872948805666,1.4219004556220092,2.3794351603058557,1.1818085029561467,-0.14141311220261465,-0.2719632175345901,0.15502471316624256,-1.107626782443226,0.4357431973493151,49.0,50.0,50.0,40.0,44.0,26.0,30.0,26.0,52.0,90.57,3975442432,1528958976,1482563584,8.05,7.9,8.22,25297891328,9444012032
2026-05-13T12:19:19.401892+02:00,0.09804594972683442,0.26783274295585285,0.23690039166064528,1.6992872948805666,1.4219004556220092,2.3794351603058557,1.1818085029561467,-0.14141311220261465,-0.2719632175345901,0.15502471316624256,-1.107626782443226,0.4357431973493151,49.0,50.0,50.0,40.0,44.0,26.0,30.0,26.0,52.0,90.57,3975442432,1528958976,1482563584,8.05,7.9,8.22,25297891328,9444012032
2026-05-13T12:19:19.454288+02:00,0.09804594972683442,0.26783274295585285,0.23690039166064528,1.6992872948805666,1.4219004556220092,2.3794351603058557,1.1818085029561467,-0.14141311220261465,-0.2719632175345901,0.15502471316624256,-1.107626782443226,0.4357431973493151,49.0,50.0,50.0,40.0,44.0,26.0,30.0,26.0,52.0,90.57,3975442432,1528958976,1482563584,8.05,7.9,8.22,25297891328,9444012032
2026-05-13T12:19:19.506761+02:00,0.09804594972683442,0.26783274295585285,0.23690039166064528,1.6992872948805666,1.4219004556220092,2.3794351603058557,1.1818085029561467,-0.14141311220261465,-0.2719632175345901,0.15502471316624256,-1.107626782443226,0.4357431973493151,49.0,50.0,50.0,40.0,44.0,26.0,30.0,26.0,52.0,90.57,3975442432,1528958976,1482563584,8.05,7.9,8.22,25297891328,9444012032
2026-05-13T12:19:19.561908+02:00,0.09804594972683442,0.26783274295585285,0.23690039166064528,1.6992872948805666,1.4219004556220092,2.3794351603058557,1.1818085029561467,-0.14141311220261465,-0.2719632175345901,0.15502471316624256,-1.107626782443226,0.4357431973493151,49.0,50.0,50.0,40.0,44.0,26.0,30.0,26.0,52.0,90.57,3975442432,1528958976,1482563584,8.05,7.9,8.22,25297891328,9444012032
2026-05-13T12:19:19.611962+02:00,0.09804594972683442,0.26783274295585285,0.23690039166064528,1.6992872948805666,1.4219004556220092,2.3794351603058557,1.1818085029561467,-0.14141311220261465,-0.2719632175345901,0.15502471316624256,-1.107626782443226,0.4357431973493151,49.0,50.0,50.0,40.0,44.0,26.0,30.0,26.0,52.0,90.57,3975442432,1528958976,1482563584,8.05,7.9,8.22,25297891328,9444012032
2026-05-13T12:19:19.663131+02:00,0.09804594972683442,0.26783274295585285,0.23690039166064528,1.6992872948805666,1.4219004556220092,2.3794351603058557,1.1818085029561467,-0.14141311220261465,-0.2719632175345901,0.15502471316624256,-1.107626782443226,0.4357431973493151,49.0,50.0,50.0,40.0,44.0,26.0,30.0,26.0,52.0,97.5,3975442432,1528438784,1483079680,8.05,7.9,8.22,25297891328,9444016128
2026-05-13T12:19:19.715781+02:00,0.09804594972683442,0.26783274295585285,0.23690039166064528,1.6992872948805666,1.4219004556220092,2.3794351603058557,1.1818085029561467,-0.14141311220261465,-0.2719632175345901,0.15502471316624256,-1.107626782443226,0.4357431973493151,49.0,50.0,50.0,40.0,44.0,26.0,30.0,26.0,52.0,97.5,3975442432,1528438784,1483079680,8.05,7.9,8.22,25297891328,9444016128
2026-05-13T12:19:19.767569+02:00,0.09804594972683442,0.26783274295585285,0.23690039166064528,1.6992872948805666,1.4219004556220092,2.3794351603058557,1.1818085029561467,-0.14141311220261465,-0.2719632175345901,0.15502471316624256,-1.107626782443226,0.4357431973493151,49.0,50.0,50.0,40.0,44.0,26.0,30.0,26.0,52.0,97.5,3975442432,1528438784,1483079680,8.05,7.9,8.22,25297891328,9444016128
2026-05-13T12:19:19.818024+02:00,0.09804594972683442,0.26783274295585285,0.23690039166064528,1.6992872948805666,1.4219004556220092,2.3794351603058557,1.1818085029561467,-0.14141311220261465,-0.2719632175345901,0.15502471316624256,-1.107626782443226,0.4357431973493151,49.0,50.0,50.0,40.0,44.0,26.0,30.0,26.0,52.0,97.5,3975442432,1528438784,1483079680,8.05,7.9,8.22,25297891328,9444016128
2026-05-13T12:19:19.868291+02:00,0.09804594972683442,0.26783274295585285,0.23690039166064528,1.6992872948805666,1.4219004556220092,2.3794351603058557,1.1818085029561467,-0.14141311220261465,-0.2719632175345901,0.15502471316624256,-1.107626782443226,0.4357431973493151,49.0,50.0,50.0,40.0,44.0,26.0,30.0,26.0,52.0,97.5,3975442432,1528438784,1483079680,8.05,7.9,8.22,25297891328,9444016128
2026-05-13T12:19:19.923306+02:00,0.09804594972683442,0.26783274295585285,0.23690039166064528,1.6992872948805666,1.4219004556220092,2.3794351603058557,1.1818085029561467,-0.14141311220261465,-0.2719632175345901,0.15502471316624256,-1.107626782443226,0.4357431973493151,49.0,50.0,50.0,40.0,44.0,26.0,30.0,26.0,52.0,97.5,3975442432,1528438784,1483079680,8.05,7.9,8.22,25297891328,9444016128
2026-05-13T12:19:19.978328+02:00,0.09804594972683442,0.26783274295585285,0.23690039166064528,1.6992872948805666,1.4219004556220092,2.3794351603058557,1.1818085029561467,-0.14141311220261465,-0.2719632175345901,0.15502471316624256,-1.107626782443226,0.4357431973493151,49.0,50.0,50.0,40.0,44.0,26.0,30.0,26.0,52.0,97.5,3975442432,1528438784,1483079680,8.05,7.9,8.22,25297891328,9444016128
2026-05-13T12:19:20.031882+02:00,0.09804594972683442,0.26783274295585285,0.23690039166064528,1.6992872948805666,1.4219004556220092,2.3794351603058557,1.1818085029561467,-0.14141311220261465,-0.2719632175345901,0.15502471316624256,-1.107626782443226,0.4357431973493151,49.0,50.0,50.0,40.0,44.0,26.0,30.0,26.0,52.0,97.5,3975442432,1528438784,1483079680,8.05,7.9,8.22,25297891328,9444016128
2026-05-13T12:19:20.082865+02:00,0.09804594972683442,0.26783274295585285,0.23690039166064528,1.6992872948805666,1.4219004556220092,2.3794351603058557,1.1818085029561467,-0.14141311220261465,-0.2719632175345901,0.15502471316624256,-1.107626782443226,0.4357431973493151,49.0,50.0,50.0,40.0,44.0,26.0,30.0,26.0,52.0,97.5,3975442432,1528438784,1483079680,8.05,7.9,8.22,25297891328,9444016128
2026-05-13T12:19:20.133447+02:00,0.09804594972683442,0.26783274295585285,0.23690039166064528,1.6992872948805666,1.4219004556220092,2.3794351603058557,1.1818085029561467,-0.14141311220261465,-0.2719632175345901,0.15502471316624256,-1.107626782443226,0.4357431973493151,49.0,50.0,50.0,40.0,44.0,26.0,30.0,26.0,52.0,97.5,3975442432,1528438784,1483079680,8.05,7.9,8.22,25297891328,9444016128
2026-05-13T12:19:20.188470+02:00,0.09804594972683442,0.26783274295585285,0.23690039166064528,1.6992872948805666,1.4219004556220092,2.3794351603058557,1.1818085029561467,-0.14141311220261465,-0.2719632175345901,0.15502471316624256,-1.107626782443226,0.4357431973493151,49.0,50.0,50.0,40.0,44.0,26.0,30.0,26.0,52.0,97.5,3975442432,1528438784,1483079680,8.05,7.9,8.22,25297891328,9444016128
2026-05-13T12:19:20.243545+02:00,0.09804594972683442,0.26783274295585285,0.23690039166064528,1.6992872948805666,1.4219004556220092,2.3794351603058557,1.1818085029561467,-0.14141311220261465,-0.2719632175345901,0.15502471316624256,-1.107626782443226,0.4357431973493151,49.0,50.0,50.0,40.0,44.0,26.0,30.0,26.0,52.0,97.5,3975442432,1528438784,1483079680,8.05,7.9,8.22,25297891328,9444016128
2026-05-13T12:19:20.295096+02:00,0.09804594972683442,0.26783274295585285,0.23690039166064528,1.6992872948805666,1.4219004556220092,2.3794351603058557,1.1818085029561467,-0.14141311220261465,-0.2719632175345901,0.15502471316624256,-1.107626782443226,0.4357431973493151,49.0,50.0,50.0,40.0,44.0,26.0,30.0,26.0,52.0,97.5,3975442432,1528438784,1483079680,8.05,7.9,8.22,25297891328,9444016128
2026-05-13T12:19:20.348132+02:00,0.09804594972683442,0.26783274295585285,0.23690039166064528,1.6992872948805666,1.4219004556220092,2.3794351603058557,1.1818085029561467,-0.14141311220261465,-0.2719632175345901,0.15502471316624256,-1.107626782443226,0.4357431973493151,49.0,50.0,50.0,40.0,44.0,26.0,30.0,26.0,52.0,97.5,3975442432,1528438784,1483079680,8.05,7.9,8.22,25297891328,9444016128
2026-05-13T12:19:20.399376+02:00,0.09804594972683442,0.26783274295585285,0.23690039166064528,1.6992872948805666,1.4219004556220092,2.3794351603058557,1.1818085029561467,-0.14141311220261465,-0.2719632175345901,0.15502471316624256,-1.107626782443226,0.4357431973493151,49.0,50.0,50.0,40.0,44.0,26.0,30.0,26.0,52.0,97.5,3975442432,1528438784,1483079680,8.05,7.9,8.22,25297891328,9444016128
2026-05-13T12:19:20.449591+02:00,0.09804594972683442,0.26783274295585285,0.23690039166064528,1.6992872948805666,1.4219004556220092,2.3794351603058557,1.1818085029561467,-0.14141311220261465,-0.2719632175345901,0.15502471316624256,-1.107626782443226,0.4357431973493151,49.0,50.0,50.0,40.0,44.0,26.0,30.0,26.0,52.0,97.5,3975442432,1528438784,1483079680,8.05,7.9,8.22,25297891328,9444016128
2026-05-13T12:19:20.500000+02:00,0.09804594972683442,0.26783274295585285,0.23690039166064528,1.6992872948805666,1.4219004556220092,2.3794351603058557,1.1818085029561467,-0.14141311220261465,-0.2719632175345901,0.15502471316624256,-1.107626782443226,0.4357431973493151,49.0,50.0,50.0,40.0,44.0,26.0,30.0,26.0,52.0,97.5,3975442432,1528438784,1483079680,8.05,7.9,8.22,25297891328,9444016128
2026-05-13T12:19:20.555017+02:00,0.09804594972683442,0.26783274295585285,0.23690039166064528,1.6992872948805666,1.4219004556220092,2.3794351603058557,1.1818085029561467,-0.14141311220261465,-0.2719632175345901,0.15502471316624256,-1.107626782443226,0.4357431973493151,49.0,50.0,50.0,40.0,44.0,26.0,30.0,26.0,52.0,97.5,3975442432,1528438784,1483079680,8.05,7.9,8.22,25297891328,9444016128
2026-05-13T12:19:20.610087+02:00,0.09804594972683442,0.26783274295585285,0.23690039166064528,1.6992872948805666,1.4219004556220092,2.3794351603058557,1.1818085029561467,-0.14141311220261465,-0.2719632175345901,0.15502471316624256,-1.107626782443226,0.4357431973493151,49.0,50.0,50.0,40.0,44.0,26.0,30.0,26.0,52.0,97.5,3975442432,1528438784,1483079680,8.05,7.9,8.22,25297891328,9444016128
2026-05-13T12:19:20.661415+02:00,0.09804594972683442,0.26783274295585285,0.23690039166064528,1.6992872948805666,1.4219004556220092,2.3794351603058557,1.1818085029561467,-0.14141311220261465,-0.2719632175345901,0.15502471316624256,-1.107626782443226,0.4357431973493151,49.0,50.0,50.0,40.0,44.0,26.0,30.0,26.0,51.0,88.82,3975442432,1528393728,1483116544,8.05,7.9,8.22,25297891328,9444016128
2026-05-13T12:19:20.713077+02:00,0.09804594972683442,0.26783274295585285,0.23690039166064528,1.6992872948805666,1.4219004556220092,2.3794351603058557,1.1818085029561467,-0.14141311220261465,-0.2719632175345901,0.15502471316624256,-1.107626782443226,0.4357431973493151,49.0,50.0,50.0,40.0,44.0,26.0,30.0,26.0,51.0,88.82,3975442432,1528393728,1483116544,8.05,7.9,8.22,25297891328,9444016128
2026-05-13T12:19:20.766388+02:00,0.09804594972683442,0.26783274295585285,0.23690039166064528,1.6992872948805666,1.4219004556220092,2.3794351603058557,1.1818085029561467,-0.14141311220261465,-0.2719632175345901,0.15502471316624256,-1.107626782443226,0.4357431973493151,49.0,50.0,50.0,40.0,44.0,26.0,30.0,26.0,51.0,88.82,3975442432,1528393728,1483116544,8.05,7.9,8.22,25297891328,9444016128
2026-05-13T12:19:20.817220+02:00,0.09804594972683442,0.26783274295585285,0.23690039166064528,1.6992872948805666,1.4219004556220092,2.3794351603058557,1.1818085029561467,-0.14141311220261465,-0.2719632175345901,0.15502471316624256,-1.107626782443226,0.4357431973493151,49.0,50.0,50.0,40.0,44.0,26.0,30.0,26.0,51.0,88.82,3975442432,1528393728,1483116544,8.05,7.9,8.22,25297891328,9444016128
2026-05-13T12:19:20.868479+02:00,0.09804594972683442,0.26783274295585285,0.23690039166064528,1.6992872948805666,1.4219004556220092,2.3794351603058557,1.1818085029561467,-0.14141311220261465,-0.2719632175345901,0.15502471316624256,-1.107626782443226,0.4357431973493151,49.0,50.0,50.0,40.0,44.0,26.0,30.0,26.0,51.0,88.82,3975442432,1528393728,1483116544,8.05,7.9,8.22,25297891328,9444016128
2026-05-13T12:19:20.921402+02:00,0.09804594972683442,0.26783274295585285,0.23690039166064528,1.6992872948805666,1.4219004556220092,2.3794351603058557,1.1818085029561467,-0.14141311220261465,-0.2719632175345901,0.15502471316624256,-1.107626782443226,0.4357431973493151,49.0,50.0,50.0,40.0,44.0,26.0,30.0,26.0,51.0,88.82,3975442432,1528393728,1483116544,8.05,7.9,8.22,25297891328,9444016128
2026-05-13T12:19:20.971752+02:00,0.09804594972683442,0.26783274295585285,0.23690039166064528,1.6992872948805666,1.4219004556220092,2.3794351603058557,1.1818085029561467,-0.14141311220261465,-0.2719632175345901,0.15502471316624256,-1.107626782443226,0.4357431973493151,49.0,50.0,50.0,40.0,44.0,26.0,30.0,26.0,51.0,88.82,3975442432,1528393728,1483116544,8.05,7.9,8.22,25297891328,9444016128
2026-05-13T12:19:21.027184+02:00,0.09804594972683442,0.26783274295585285,0.23690039166064528,1.6992872948805666,1.4219004556220092,2.3794351603058557,1.1818085029561467,-0.14141311220261465,-0.2719632175345901,0.15502471316624256,-1.107626782443226,0.4357431973493151,49.0,50.0,50.0,40.0,44.0,26.0,30.0,26.0,51.0,88.82,3975442432,1528393728,1483116544,8.05,7.9,8.22,25297891328,9444016128
2026-05-13T12:19:21.077616+02:00,0.09804594972683442,0.26783274295585285,0.23690039166064528,1.6992872948805666,1.4219004556220092,2.3794351603058557,1.1818085029561467,-0.14141311220261465,-0.2719632175345901,0.15502471316624256,-1.107626782443226,0.4357431973493151,49.0,50.0,50.0,40.0,44.0,26.0,30.0,26.0,51.0,88.82,3975442432,1528393728,1483116544,8.05,7.9,8.22,25297891328,9444016128
2026-05-13T12:19:21.128016+02:00,0.09804594972683442,0.26783274295585285,0.23690039166064528,1.6992872948805666,1.4219004556220092,2.3794351603058557,1.1818085029561467,-0.14141311220261465,-0.2719632175345901,0.15502471316624256,-1.107626782443226,0.4357431973493151,49.0,50.0,50.0,40.0,44.0,26.0,30.0,26.0,51.0,88.82,3975442432,1528393728,1483116544,8.05,7.9,8.22,25297891328,9444016128
2026-05-13T12:19:21.180460+02:00,0.09804594972683442,0.26783274295585285,0.23690039166064528,1.6992872948805666,1.4219004556220092,2.3794351603058557,1.1818085029561467,-0.14141311220261465,-0.2719632175345901,0.15502471316624256,-1.107626782443226,0.4357431973493151,49.0,50.0,50.0,40.0,44.0,26.0,30.0,26.0,51.0,88.82,3975442432,1528393728,1483116544,8.05,7.9,8.22,25297891328,9444016128
2026-05-13T12:19:21.232453+02:00,0.09804594972683442,0.26783274295585285,0.23690039166064528,1.6992872948805666,1.4219004556220092,2.3794351603058557,1.1818085029561467,-0.14141311220261465,-0.2719632175345901,0.15502471316624256,-1.107626782443226,0.4357431973493151,49.0,50.0,50.0,40.0,44.0,26.0,30.0,26.0,51.0,88.82,3975442432,1528393728,1483116544,8.05,7.9,8.22,25297891328,9444016128
2026-05-13T12:19:21.282522+02:00,0.09804594972683442,0.26783274295585285,0.23690039166064528,1.6992872948805666,1.4219004556220092,2.3794351603058557,1.1818085029561467,-0.14141311220261465,-0.2719632175345901,0.15502471316624256,-1.107626782443226,0.4357431973493151,49.0,50.0,50.0,40.0,44.0,26.0,30.0,26.0,51.0,88.82,3975442432,1528393728,1483116544,8.05,7.9,8.22,25297891328,9444016128
2026-05-13T12:19:21.334681+02:00,0.09804594972683442,0.26783274295585285,0.23690039166064528,1.6992872948805666,1.4219004556220092,2.3794351603058557,1.1818085029561467,-0.14141311220261465,-0.2719632175345901,0.15502471316624256,-1.107626782443226,0.4357431973493151,49.0,50.0,50.0,40.0,44.0,26.0,30.0,26.0,51.0,88.82,3975442432,1528393728,1483116544,8.05,7.9,8.22,25297891328,9444016128
2026-05-13T12:19:21.385490+02:00,0.09804594972683442,0.26783274295585285,0.23690039166064528,1.6992872948805666,1.4219004556220092,2.3794351603058557,1.1818085029561467,-0.14141311220261465,-0.2719632175345901,0.15502471316624256,-1.107626782443226,0.4357431973493151,49.0,50.0,50.0,40.0,44.0,26.0,30.0,26.0,51.0,88.82,3975442432,1528393728,1483116544,8.05,7.9,8.22,25297891328,9444016128
2026-05-13T12:19:21.436607+02:00,0.09804594972683442,0.26783274295585285,0.23690039166064528,1.6992872948805666,1.4219004556220092,2.3794351603058557,1.1818085029561467,-0.14141311220261465,-0.2719632175345901,0.15502471316624256,-1.107626782443226,0.4357431973493151,49.0,50.0,50.0,40.0,44.0,26.0,30.0,26.0,51.0,88.82,3975442432,1528393728,1483116544,8.05,7.9,8.22,25297891328,9444016128
2026-05-13T12:19:21.487451+02:00,0.09804594972683442,0.26783274295585285,0.23690039166064528,1.6992872948805666,1.4219004556220092,2.3794351603058557,1.1818085029561467,-0.14141311220261465,-0.2719632175345901,0.15502471316624256,-1.107626782443226,0.4357431973493151,49.0,50.0,50.0,40.0,44.0,26.0,30.0,26.0,51.0,88.82,3975442432,1528393728,1483116544,8.05,7.9,8.22,25297891328,9444016128
2026-05-13T12:19:21.538484+02:00,0.09804594972683442,0.26783274295585285,0.23690039166064528,1.6992872948805666,1.4219004556220092,2.3794351603058557,1.1818085029561467,-0.14141311220261465,-0.2719632175345901,0.15502471316624256,-1.107626782443226,0.4357431973493151,49.0,50.0,50.0,40.0,44.0,26.0,30.0,26.0,51.0,88.82,3975442432,1528393728,1483116544,8.05,7.9,8.22,25297891328,9444016128
2026-05-13T12:19:21.591589+02:00,0.09804594972683442,0.26783274295585285,0.23690039166064528,1.6992872948805666,1.4219004556220092,2.3794351603058557,1.1818085029561467,-0.14141311220261465,-0.2719632175345901,0.15502471316624256,-1.107626782443226,0.4357431973493151,49.0,50.0,50.0,40.0,44.0,26.0,30.0,26.0,51.0,97.16,3975442432,1529245696,1482276864,8.05,7.9,8.22,25297891328,9444016128
2026-05-13T12:19:21.642768+02:00,0.09804594972683442,0.26783274295585285,0.23690039166064528,1.6992872948805666,1.4219004556220092,2.3794351603058557,1.1818085029561467,-0.14141311220261465,-0.2719632175345901,0.15502471316624256,-1.107626782443226,0.4357431973493151,49.0,50.0,50.0,40.0,44.0,26.0,30.0,26.0,51.0,97.16,3975442432,1529245696,1482276864,8.05,7.9,8.22,25297891328,9444016128
2026-05-13T12:19:21.694430+02:00,0.09804594972683442,0.26783274295585285,0.23690039166064528,1.6992872948805666,1.4219004556220092,2.3794351603058557,1.1818085029561467,-0.14141311220261465,-0.2719632175345901,0.15502471316624256,-1.107626782443226,0.4357431973493151,49.0,50.0,50.0,40.0,44.0,26.0,30.0,26.0,51.0,97.16,3975442432,1529245696,1482276864,8.05,7.9,8.22,25297891328,9444016128
2026-05-13T12:19:21.747609+02:00,0.09804594972683442,0.26783274295585285,0.23690039166064528,1.6992872948805666,1.4219004556220092,2.3794351603058557,1.1818085029561467,-0.14141311220261465,-0.2719632175345901,0.15502471316624256,-1.107626782443226,0.4357431973493151,49.0,50.0,50.0,40.0,44.0,26.0,30.0,26.0,51.0,97.16,3975442432,1529245696,1482276864,8.05,7.9,8.22,25297891328,9444016128
2026-05-13T12:19:21.799734+02:00,0.09804594972683442,0.26783274295585285,0.23690039166064528,1.6992872948805666,1.4219004556220092,2.3794351603058557,1.1818085029561467,-0.14141311220261465,-0.2719632175345901,0.15502471316624256,-1.107626782443226,0.4357431973493151,49.0,50.0,50.0,40.0,44.0,26.0,30.0,26.0,51.0,97.16,3975442432,1529245696,1482276864,8.05,7.9,8.22,25297891328,9444016128
2026-05-13T12:19:21.853898+02:00,0.09804594972683442,0.26783274295585285,0.23690039166064528,1.6992872948805666,1.4219004556220092,2.3794351603058557,1.1818085029561467,-0.14141311220261465,-0.2719632175345901,0.15502471316624256,-1.107626782443226,0.4357431973493151,49.0,50.0,50.0,40.0,44.0,26.0,30.0,26.0,51.0,97.16,3975442432,1529245696,1482276864,8.05,7.9,8.22,25297891328,9444016128
2026-05-13T12:19:21.904251+02:00,0.09804594972683442,0.26783274295585285,0.23690039166064528,1.6992872948805666,1.4219004556220092,2.3794351603058557,1.1818085029561467,-0.14141311220261465,-0.2719632175345901,0.15502471316624256,-1.107626782443226,0.4357431973493151,49.0,50.0,50.0,40.0,44.0,26.0,30.0,26.0,51.0,97.16,3975442432,1529245696,1482276864,8.05,7.9,8.22,25297891328,9444016128
2026-05-13T12:19:21.954433+02:00,0.09804594972683442,0.26783274295585285,0.23690039166064528,1.6992872948805666,1.4219004556220092,2.3794351603058557,1.1818085029561467,-0.14141311220261465,-0.2719632175345901,0.15502471316624256,-1.107626782443226,0.4357431973493151,49.0,50.0,50.0,40.0,44.0,26.0,30.0,26.0,51.0,97.16,3975442432,1529245696,1482276864,8.05,7.9,8.22,25297891328,9444016128
2026-05-13T12:19:22.004662+02:00,0.09804594972683442,0.26783274295585285,0.23690039166064528,1.6992872948805666,1.4219004556220092,2.3794351603058557,1.1818085029561467,-0.14141311220261465,-0.2719632175345901,0.15502471316624256,-1.107626782443226,0.4357431973493151,49.0,50.0,50.0,40.0,44.0,26.0,30.0,26.0,51.0,97.16,3975442432,1529245696,1482276864,8.05,7.9,8.22,25297891328,9444016128
2026-05-13T12:19:22.057774+02:00,0.09804594972683442,0.26783274295585285,0.23690039166064528,1.6992872948805666,1.4219004556220092,2.3794351603058557,1.1818085029561467,-0.14141311220261465,-0.2719632175345901,0.15502471316624256,-1.107626782443226,0.4357431973493151,49.0,50.0,50.0,40.0,44.0,26.0,30.0,26.0,51.0,97.16,3975442432,1529245696,1482276864,8.05,7.9,8.22,25297891328,9444016128
2026-05-13T12:19:22.110437+02:00,0.09804594972683442,0.26783274295585285,0.23690039166064528,1.6992872948805666,1.4219004556220092,2.3794351603058557,1.1818085029561467,-0.14141311220261465,-0.2719632175345901,0.15502471316624256,-1.107626782443226,0.4357431973493151,49.0,50.0,50.0,40.0,44.0,26.0,30.0,26.0,51.0,97.16,3975442432,1529245696,1482276864,8.05,7.9,8.22,25297891328,9444016128
2026-05-13T12:19:22.162102+02:00,0.09804594972683442,0.26783274295585285,0.23690039166064528,1.6992872948805666,1.4219004556220092,2.3794351603058557,1.1818085029561467,-0.14141311220261465,-0.2719632175345901,0.15502471316624256,-1.107626782443226,0.4357431973493151,49.0,50.0,50.0,40.0,44.0,26.0,30.0,26.0,51.0,97.16,3975442432,1529245696,1482276864,8.05,7.9,8.22,25297891328,9444016128
2026-05-13T12:19:22.212505+02:00,0.09804594972683442,0.26783274295585285,0.23690039166064528,1.6992872948805666,1.4219004556220092,2.3794351603058557,1.1818085029561467,-0.14141311220261465,-0.2719632175345901,0.15502471316624256,-1.107626782443226,0.4357431973493151,49.0,50.0,50.0,40.0,44.0,26.0,30.0,26.0,51.0,97.16,3975442432,1529245696,1482276864,8.05,7.9,8.22,25297891328,9444016128
2026-05-13T12:19:22.267530+02:00,0.09804594972683442,0.26783274295585285,0.23690039166064528,1.6992872948805666,1.4219004556220092,2.3794351603058557,1.1818085029561467,-0.14141311220261465,-0.2719632175345901,0.15502471316624256,-1.107626782443226,0.4357431973493151,49.0,50.0,50.0,40.0,44.0,26.0,30.0,26.0,51.0,97.16,3975442432,1529245696,1482276864,8.05,7.9,8.22,25297891328,9444016128
2026-05-13T12:19:22.319474+02:00,0.09804594972683442,0.26783274295585285,0.23690039166064528,1.6992872948805666,1.4219004556220092,2.3794351603058557,1.1818085029561467,-0.14141311220261465,-0.2719632175345901,0.15502471316624256,-1.107626782443226,0.4357431973493151,49.0,50.0,50.0,40.0,44.0,26.0,30.0,26.0,51.0,97.16,3975442432,1529245696,1482276864,8.05,7.9,8.22,25297891328,9444016128
2026-05-13T12:19:22.372975+02:00,0.09804594972683442,0.26783274295585285,0.23690039166064528,1.6992872948805666,1.4219004556220092,2.3794351603058557,1.1818085029561467,-0.14141311220261465,-0.2719632175345901,0.15502471316624256,-1.107626782443226,0.4357431973493151,49.0,50.0,50.0,40.0,44.0,26.0,30.0,26.0,51.0,97.16,3975442432,1529245696,1482276864,8.05,7.9,8.22,25297891328,9444016128
2026-05-13T12:19:22.426644+02:00,0.09804594972683442,0.26783274295585285,0.23690039166064528,1.6992872948805666,1.4219004556220092,2.3794351603058557,1.1818085029561467,-0.14141311220261465,-0.2719632175345901,0.15502471316624256,-1.107626782443226,0.4357431973493151,49.0,50.0,50.0,40.0,44.0,26.0,30.0,26.0,51.0,97.16,3975442432,1529245696,1482276864,8.05,7.9,8.22,25297891328,9444016128
2026-05-13T12:19:22.476887+02:00,0.09804594972683442,0.26783274295585285,0.23690039166064528,1.6992872948805666,1.4219004556220092,2.3794351603058557,1.1818085029561467,-0.14141311220261465,-0.2719632175345901,0.15502471316624256,-1.107626782443226,0.4357431973493151,49.0,50.0,50.0,40.0,44.0,26.0,30.0,26.0,51.0,97.16,3975442432,1529245696,1482276864,8.05,7.9,8.22,25297891328,9444016128
2026-05-13T12:19:22.531928+02:00,0.09804594972683442,0.26783274295585285,0.23690039166064528,1.6992872948805666,1.4219004556220092,2.3794351603058557,1.1818085029561467,-0.14141311220261465,-0.2719632175345901,0.15502471316624256,-1.107626782443226,0.4357431973493151,49.0,50.0,50.0,40.0,44.0,26.0,30.0,26.0,51.0,97.16,3975442432,1529245696,1482276864,8.05,7.9,8.22,25297891328,9444016128
2026-05-13T12:19:22.582065+02:00,0.09804594972683442,0.26783274295585285,0.23690039166064528,1.6992872948805666,1.4219004556220092,2.3794351603058557,1.1818085029561467,-0.14141311220261465,-0.2719632175345901,0.15502471316624256,-1.107626782443226,0.4357431973493151,49.0,50.0,50.0,40.0,44.0,26.0,30.0,26.0,51.0,97.16,3975442432,1529245696,1482276864,8.05,7.9,8.22,25297891328,9444016128
2026-05-13T12:19:22.637080+02:00,0.09804594972683442,0.26783274295585285,0.23690039166064528,1.6992872948805666,1.4219004556220092,2.3794351603058557,1.1818085029561467,-0.14141311220261465,-0.2719632175345901,0.15502471316624256,-1.107626782443226,0.4357431973493151,49.0,50.0,50.0,40.0,44.0,26.0,30.0,26.0,51.0,97.16,3975442432,1529245696,1482276864,8.05,7.9,8.22,25297891328,9444016128
2026-05-13T12:19:22.688801+02:00,0.09804594972683442,0.26783274295585285,0.23690039166064528,1.6992872948805666,1.4219004556220092,2.3794351603058557,1.1818085029561467,-0.14141311220261465,-0.2719632175345901,0.15502471316624256,-1.107626782443226,0.4357431973493151,49.0,50.0,50.0,40.0,44.0,26.0,30.0,26.0,51.0,98.54,3975442432,1560592384,1450930176,7.8,7.85,8.2,25297891328,9444016128
2026-05-13T12:19:22.741344+02:00,0.09804594972683442,0.26783274295585285,0.23690039166064528,1.6992872948805666,1.4219004556220092,2.3794351603058557,1.1818085029561467,-0.14141311220261465,-0.2719632175345901,0.15502471316624256,-1.107626782443226,0.4357431973493151,49.0,50.0,50.0,40.0,44.0,26.0,30.0,26.0,51.0,98.54,3975442432,1560592384,1450930176,7.8,7.85,8.2,25297891328,9444016128
2026-05-13T12:19:22.796309+02:00,0.09804594972683442,0.26783274295585285,0.23690039166064528,1.6992872948805666,1.4219004556220092,2.3794351603058557,1.1818085029561467,-0.14141311220261465,-0.2719632175345901,0.15502471316624256,-1.107626782443226,0.4357431973493151,49.0,50.0,50.0,40.0,44.0,26.0,30.0,26.0,51.0,98.54,3975442432,1560592384,1450930176,7.8,7.85,8.2,25297891328,9444016128
2026-05-13T12:19:22.851329+02:00,0.09804594972683442,0.26783274295585285,0.23690039166064528,1.6992872948805666,1.4219004556220092,2.3794351603058557,1.1818085029561467,-0.14141311220261465,-0.2719632175345901,0.15502471316624256,-1.107626782443226,0.4357431973493151,49.0,50.0,50.0,40.0,44.0,26.0,30.0,26.0,51.0,98.54,3975442432,1560592384,1450930176,7.8,7.85,8.2,25297891328,9444016128
2026-05-13T12:19:22.906527+02:00,0.09804594972683442,0.26783274295585285,0.23690039166064528,1.6992872948805666,1.4219004556220092,2.3794351603058557,1.1818085029561467,-0.14141311220261465,-0.2719632175345901,0.15502471316624256,-1.107626782443226,0.4357431973493151,49.0,50.0,50.0,40.0,44.0,26.0,30.0,26.0,51.0,98.54,3975442432,1560592384,1450930176,7.8,7.85,8.2,25297891328,9444016128
2026-05-13T12:19:22.956647+02:00,0.09804594972683442,0.26783274295585285,0.23690039166064528,1.6992872948805666,1.4219004556220092,2.3794351603058557,1.1818085029561467,-0.14141311220261465,-0.2719632175345901,0.15502471316624256,-1.107626782443226,0.4357431973493151,49.0,50.0,50.0,40.0,44.0,26.0,30.0,26.0,51.0,98.54,3975442432,1560592384,1450930176,7.8,7.85,8.2,25297891328,9444016128
2026-05-13T12:19:23.009424+02:00,0.09804594972683442,0.26783274295585285,0.23690039166064528,1.6992872948805666,1.4219004556220092,2.3794351603058557,1.1818085029561467,-0.14141311220261465,-0.2719632175345901,0.15502471316624256,-1.107626782443226,0.4357431973493151,49.0,50.0,50.0,40.0,44.0,26.0,30.0,26.0,51.0,98.54,3975442432,1560592384,1450930176,7.8,7.85,8.2,25297891328,9444016128
2026-05-13T12:19:23.062426+02:00,0.09804594972683442,0.26783274295585285,0.23690039166064528,1.6992872948805666,1.4219004556220092,2.3794351603058557,1.1818085029561467,-0.14141311220261465,-0.2719632175345901,0.15502471316624256,-1.107626782443226,0.4357431973493151,49.0,50.0,50.0,40.0,44.0,26.0,30.0,26.0,51.0,98.54,3975442432,1560592384,1450930176,7.8,7.85,8.2,25297891328,9444016128
2026-05-13T12:19:23.113016+02:00,0.09804594972683442,0.26783274295585285,0.23690039166064528,1.6992872948805666,1.4219004556220092,2.3794351603058557,1.1818085029561467,-0.14141311220261465,-0.2719632175345901,0.15502471316624256,-1.107626782443226,0.4357431973493151,49.0,50.0,50.0,40.0,44.0,26.0,30.0,26.0,51.0,98.54,3975442432,1560592384,1450930176,7.8,7.85,8.2,25297891328,9444016128
2026-05-13T12:19:23.167501+02:00,0.09804594972683442,0.26783274295585285,0.23690039166064528,1.6992872948805666,1.4219004556220092,2.3794351603058557,1.1818085029561467,-0.14141311220261465,-0.2719632175345901,0.15502471316624256,-1.107626782443226,0.4357431973493151,49.0,50.0,50.0,40.0,44.0,26.0,30.0,26.0,51.0,98.54,3975442432,1560592384,1450930176,7.8,7.85,8.2,25297891328,9444016128
2026-05-13T12:19:23.217836+02:00,0.09804594972683442,0.26783274295585285,0.23690039166064528,1.6992872948805666,1.4219004556220092,2.3794351603058557,1.1818085029561467,-0.14141311220261465,-0.2719632175345901,0.15502471316624256,-1.107626782443226,0.4357431973493151,49.0,50.0,50.0,40.0,44.0,26.0,30.0,26.0,51.0,98.54,3975442432,1560592384,1450930176,7.8,7.85,8.2,25297891328,9444016128
2026-05-13T12:19:23.268406+02:00,0.09804594972683442,0.26783274295585285,0.23690039166064528,1.6992872948805666,1.4219004556220092,2.3794351603058557,1.1818085029561467,-0.14141311220261465,-0.2719632175345901,0.15502471316624256,-1.107626782443226,0.4357431973493151,49.0,50.0,50.0,40.0,44.0,26.0,30.0,26.0,51.0,98.54,3975442432,1560592384,1450930176,7.8,7.85,8.2,25297891328,9444016128
2026-05-13T12:19:23.322447+02:00,0.09804594972683442,0.26783274295585285,0.23690039166064528,1.6992872948805666,1.4219004556220092,2.3794351603058557,1.1818085029561467,-0.14141311220261465,-0.2719632175345901,0.15502471316624256,-1.107626782443226,0.4357431973493151,49.0,50.0,50.0,40.0,44.0,26.0,30.0,26.0,51.0,98.54,3975442432,1560592384,1450930176,7.8,7.85,8.2,25297891328,9444016128
2026-05-13T12:19:23.372516+02:00,0.09804594972683442,0.26783274295585285,0.23690039166064528,1.6992872948805666,1.4219004556220092,2.3794351603058557,1.1818085029561467,-0.14141311220261465,-0.2719632175345901,0.15502471316624256,-1.107626782443226,0.4357431973493151,49.0,50.0,50.0,40.0,44.0,26.0,30.0,26.0,51.0,98.54,3975442432,1560592384,1450930176,7.8,7.85,8.2,25297891328,9444016128
2026-05-13T12:19:23.422610+02:00,0.09804594972683442,0.26783274295585285,0.23690039166064528,1.6992872948805666,1.4219004556220092,2.3794351603058557,1.1818085029561467,-0.14141311220261465,-0.2719632175345901,0.15502471316624256,-1.107626782443226,0.4357431973493151,49.0,50.0,50.0,40.0,44.0,26.0,30.0,26.0,51.0,98.54,3975442432,1560592384,1450930176,7.8,7.85,8.2,25297891328,9444016128
2026-05-13T12:19:23.474584+02:00,0.09804594972683442,0.26783274295585285,0.23690039166064528,1.6992872948805666,1.4219004556220092,2.3794351603058557,1.1818085029561467,-0.14141311220261465,-0.2719632175345901,0.15502471316624256,-1.107626782443226,0.4357431973493151,49.0,50.0,50.0,40.0,44.0,26.0,30.0,26.0,51.0,98.54,3975442432,1560592384,1450930176,7.8,7.85,8.2,25297891328,9444016128
2026-05-13T12:19:23.525403+02:00,0.09804594972683442,0.26783274295585285,0.23690039166064528,1.6992872948805666,1.4219004556220092,2.3794351603058557,1.1818085029561467,-0.14141311220261465,-0.2719632175345901,0.15502471316624256,-1.107626782443226,0.4357431973493151,49.0,50.0,50.0,40.0,44.0,26.0,30.0,26.0,51.0,98.54,3975442432,1560592384,1450930176,7.8,7.85,8.2,25297891328,9444016128
2026-05-13T12:19:23.578854+02:00,0.09804594972683442,0.26783274295585285,0.23690039166064528,1.6992872948805666,1.4219004556220092,2.3794351603058557,1.1818085029561467,-0.14141311220261465,-0.2719632175345901,0.15502471316624256,-1.107626782443226,0.4357431973493151,49.0,50.0,50.0,40.0,44.0,26.0,30.0,26.0,51.0,98.54,3975442432,1560592384,1450930176,7.8,7.85,8.2,25297891328,9444016128
2026-05-13T12:19:23.630013+02:00,0.09804594972683442,0.26783274295585285,0.23690039166064528,1.6992872948805666,1.4219004556220092,2.3794351603058557,1.1818085029561467,-0.14141311220261465,-0.2719632175345901,0.15502471316624256,-1.107626782443226,0.4357431973493151,49.0,50.0,50.0,40.0,44.0,26.0,30.0,26.0,51.0,91.3,3975442432,1566457856,1445089280,7.8,7.85,8.2,25297891328,9444020224
2026-05-13T12:19:23.681516+02:00,0.09804594972683442,0.26783274295585285,0.23690039166064528,1.6992872948805666,1.4219004556220092,2.3794351603058557,1.1818085029561467,-0.14141311220261465,-0.2719632175345901,0.15502471316624256,-1.107626782443226,0.4357431973493151,49.0,50.0,50.0,40.0,44.0,26.0,30.0,26.0,51.0,91.3,3975442432,1566457856,1445089280,7.8,7.85,8.2,25297891328,9444020224
2026-05-13T12:19:23.736530+02:00,0.09804594972683442,0.26783274295585285,0.23690039166064528,1.6992872948805666,1.4219004556220092,2.3794351603058557,1.1818085029561467,-0.14141311220261465,-0.2719632175345901,0.15502471316624256,-1.107626782443226,0.4357431973493151,49.0,50.0,50.0,40.0,44.0,26.0,30.0,26.0,51.0,91.3,3975442432,1566457856,1445089280,7.8,7.85,8.2,25297891328,9444020224
2026-05-13T12:19:23.787400+02:00,0.09804594972683442,0.26783274295585285,0.23690039166064528,1.6992872948805666,1.4219004556220092,2.3794351603058557,1.1818085029561467,-0.14141311220261465,-0.2719632175345901,0.15502471316624256,-1.107626782443226,0.4357431973493151,49.0,50.0,50.0,40.0,44.0,26.0,30.0,26.0,51.0,91.3,3975442432,1566457856,1445089280,7.8,7.85,8.2,25297891328,9444020224
2026-05-13T12:19:23.838224+02:00,0.09804594972683442,0.26783274295585285,0.23690039166064528,1.6992872948805666,1.4219004556220092,2.3794351603058557,1.1818085029561467,-0.14141311220261465,-0.2719632175345901,0.15502471316624256,-1.107626782443226,0.4357431973493151,49.0,50.0,50.0,40.0,44.0,26.0,30.0,26.0,51.0,91.3,3975442432,1566457856,1445089280,7.8,7.85,8.2,25297891328,9444020224
2026-05-13T12:19:23.890148+02:00,0.09804594972683442,0.26783274295585285,0.23690039166064528,1.6992872948805666,1.4219004556220092,2.3794351603058557,1.1818085029561467,-0.14141311220261465,-0.2719632175345901,0.15502471316624256,-1.107626782443226,0.4357431973493151,49.0,50.0,50.0,40.0,44.0,26.0,30.0,26.0,51.0,91.3,3975442432,1566457856,1445089280,7.8,7.85,8.2,25297891328,9444020224
2026-05-13T12:19:23.942402+02:00,0.09804594972683442,0.26783274295585285,0.23690039166064528,1.6992872948805666,1.4219004556220092,2.3794351603058557,1.1818085029561467,-0.14141311220261465,-0.2719632175345901,0.15502471316624256,-1.107626782443226,0.4357431973493151,49.0,50.0,50.0,40.0,44.0,26.0,30.0,26.0,51.0,91.3,3975442432,1566457856,1445089280,7.8,7.85,8.2,25297891328,9444020224
2026-05-13T12:19:23.994483+02:00,0.09804594972683442,0.26783274295585285,0.23690039166064528,1.6992872948805666,1.4219004556220092,2.3794351603058557,1.1818085029561467,-0.14141311220261465,-0.2719632175345901,0.15502471316624256,-1.107626782443226,0.4357431973493151,49.0,50.0,50.0,40.0,44.0,26.0,30.0,26.0,51.0,91.3,3975442432,1566457856,1445089280,7.8,7.85,8.2,25297891328,9444020224
2026-05-13T12:19:24.045455+02:00,0.09804594972683442,0.26783274295585285,0.23690039166064528,1.6992872948805666,1.4219004556220092,2.3794351603058557,1.1818085029561467,-0.14141311220261465,-0.2719632175345901,0.15502471316624256,-1.107626782443226,0.4357431973493151,49.0,50.0,50.0,40.0,44.0,26.0,30.0,26.0,51.0,91.3,3975442432,1566457856,1445089280,7.8,7.85,8.2,25297891328,9444020224
2026-05-13T12:19:24.099570+02:00,0.09804594972683442,0.26783274295585285,0.23690039166064528,1.6992872948805666,1.4219004556220092,2.3794351603058557,1.1818085029561467,-0.14141311220261465,-0.2719632175345901,0.15502471316624256,-1.107626782443226,0.4357431973493151,49.0,50.0,50.0,40.0,44.0,26.0,30.0,26.0,51.0,91.3,3975442432,1566457856,1445089280,7.8,7.85,8.2,25297891328,9444020224
2026-05-13T12:19:24.151148+02:00,0.09804594972683442,0.26783274295585285,0.23690039166064528,1.6992872948805666,1.4219004556220092,2.3794351603058557,1.1818085029561467,-0.14141311220261465,-0.2719632175345901,0.15502471316624256,-1.107626782443226,0.4357431973493151,49.0,50.0,50.0,40.0,44.0,26.0,30.0,26.0,51.0,91.3,3975442432,1566457856,1445089280,7.8,7.85,8.2,25297891328,9444020224
2026-05-13T12:19:24.204399+02:00,0.09804594972683442,0.26783274295585285,0.23690039166064528,1.6992872948805666,1.4219004556220092,2.3794351603058557,1.1818085029561467,-0.14141311220261465,-0.2719632175345901,0.15502471316624256,-1.107626782443226,0.4357431973493151,49.0,50.0,50.0,40.0,44.0,26.0,30.0,26.0,51.0,91.3,3975442432,1566457856,1445089280,7.8,7.85,8.2,25297891328,9444020224
2026-05-13T12:19:24.259371+02:00,0.09804594972683442,0.26783274295585285,0.23690039166064528,1.6992872948805666,1.4219004556220092,2.3794351603058557,1.1818085029561467,-0.14141311220261465,-0.2719632175345901,0.15502471316624256,-1.107626782443226,0.4357431973493151,49.0,50.0,50.0,40.0,44.0,26.0,30.0,26.0,51.0,91.3,3975442432,1566457856,1445089280,7.8,7.85,8.2,25297891328,9444020224
2026-05-13T12:19:24.312404+02:00,0.09804594972683442,0.26783274295585285,0.23690039166064528,1.6992872948805666,1.4219004556220092,2.3794351603058557,1.1818085029561467,-0.14141311220261465,-0.2719632175345901,0.15502471316624256,-1.107626782443226,0.4357431973493151,49.0,50.0,50.0,40.0,44.0,26.0,30.0,26.0,51.0,91.3,3975442432,1566457856,1445089280,7.8,7.85,8.2,25297891328,9444020224
2026-05-13T12:19:24.367443+02:00,0.09804594972683442,0.26783274295585285,0.23690039166064528,1.6992872948805666,1.4219004556220092,2.3794351603058557,1.1818085029561467,-0.14141311220261465,-0.2719632175345901,0.15502471316624256,-1.107626782443226,0.4357431973493151,49.0,50.0,50.0,40.0,44.0,26.0,30.0,26.0,51.0,91.3,3975442432,1566457856,1445089280,7.8,7.85,8.2,25297891328,9444020224
2026-05-13T12:19:24.422469+02:00,0.09804594972683442,0.26783274295585285,0.23690039166064528,1.6992872948805666,1.4219004556220092,2.3794351603058557,1.1818085029561467,-0.14141311220261465,-0.2719632175345901,0.15502471316624256,-1.107626782443226,0.4357431973493151,49.0,50.0,50.0,40.0,44.0,26.0,30.0,26.0,51.0,91.3,3975442432,1566457856,1445089280,7.8,7.85,8.2,25297891328,9444020224
2026-05-13T12:19:24.473614+02:00,0.09804594972683442,0.26783274295585285,0.23690039166064528,1.6992872948805666,1.4219004556220092,2.3794351603058557,1.1818085029561467,-0.14141311220261465,-0.2719632175345901,0.15502471316624256,-1.107626782443226,0.4357431973493151,49.0,50.0,50.0,40.0,44.0,26.0,30.0,26.0,51.0,91.3,3975442432,1566457856,1445089280,7.8,7.85,8.2,25297891328,9444020224
2026-05-13T12:19:24.528779+02:00,0.09804594972683442,0.26783274295585285,0.23690039166064528,1.6992872948805666,1.4219004556220092,2.3794351603058557,1.1818085029561467,-0.14141311220261465,-0.2719632175345901,0.15502471316624256,-1.107626782443226,0.4357431973493151,49.0,50.0,50.0,40.0,44.0,26.0,30.0,26.0,51.0,91.3,3975442432,1566457856,1445089280,7.8,7.85,8.2,25297891328,9444020224
2026-05-13T12:19:24.583034+02:00,0.09804594972683442,0.26783274295585285,0.23690039166064528,1.6992872948805666,1.4219004556220092,2.3794351603058557,1.1818085029561467,-0.14141311220261465,-0.2719632175345901,0.15502471316624256,-1.107626782443226,0.4357431973493151,49.0,50.0,50.0,40.0,44.0,26.0,30.0,26.0,51.0,91.3,3975442432,1566457856,1445089280,7.8,7.85,8.2,25297891328,9444020224
2026-05-13T12:19:24.636894+02:00,0.09804594972683442,0.26783274295585285,0.23690039166064528,1.6992872948805666,1.4219004556220092,2.3794351603058557,1.1818085029561467,-0.14141311220261465,-0.2719632175345901,0.15502471316624256,-1.107626782443226,0.4357431973493151,49.0,50.0,50.0,40.0,44.0,26.0,30.0,26.0,51.0,91.3,3975442432,1566457856,1445089280,7.8,7.85,8.2,25297891328,9444020224
2026-05-13T12:19:24.691904+02:00,0.09804594972683442,0.26783274295585285,0.23690039166064528,1.6992872948805666,1.4219004556220092,2.3794351603058557,1.1818085029561467,-0.14141311220261465,-0.2719632175345901,0.15502471316624256,-1.107626782443226,0.4357431973493151,49.0,50.0,50.0,40.0,44.0,26.0,30.0,26.0,51.0,91.3,3975442432,1566457856,1445089280,7.8,7.85,8.2,25297891328,9444020224
2026-05-13T12:19:24.742380+02:00,0.09804594972683442,0.26783274295585285,0.23690039166064528,1.6992872948805666,1.4219004556220092,2.3794351603058557,1.1818085029561467,-0.14141311220261465,-0.2719632175345901,0.15502471316624256,-1.107626782443226,0.4357431973493151,49.0,50.0,50.0,40.0,44.0,26.0,30.0,26.0,53.0,89.26,3975442432,1566617600,1444925440,7.8,7.85,8.2,25297891328,9444020224
2026-05-13T12:19:24.793236+02:00,0.09804594972683442,0.26783274295585285,0.23690039166064528,1.6992872948805666,1.4219004556220092,2.3794351603058557,1.1818085029561467,-0.14141311220261465,-0.2719632175345901,0.15502471316624256,-1.107626782443226,0.4357431973493151,49.0,50.0,50.0,40.0,44.0,26.0,30.0,26.0,53.0,89.26,3975442432,1566617600,1444925440,7.8,7.85,8.2,25297891328,9444020224
2026-05-13T12:19:24.843749+02:00,0.09804594972683442,0.26783274295585285,0.23690039166064528,1.6992872948805666,1.4219004556220092,2.3794351603058557,1.1818085029561467,-0.14141311220261465,-0.2719632175345901,0.15502471316624256,-1.107626782443226,0.4357431973493151,49.0,50.0,50.0,40.0,44.0,26.0,30.0,26.0,53.0,89.26,3975442432,1566617600,1444925440,7.8,7.85,8.2,25297891328,9444020224
2026-05-13T12:19:24.897095+02:00,0.09804594972683442,0.26783274295585285,0.23690039166064528,1.6992872948805666,1.4219004556220092,2.3794351603058557,1.1818085029561467,-0.14141311220261465,-0.2719632175345901,0.15502471316624256,-1.107626782443226,0.4357431973493151,49.0,50.0,50.0,40.0,44.0,26.0,30.0,26.0,53.0,89.26,3975442432,1566617600,1444925440,7.8,7.85,8.2,25297891328,9444020224
2026-05-13T12:19:24.948252+02:00,0.09804594972683442,0.26783274295585285,0.23690039166064528,1.6992872948805666,1.4219004556220092,2.3794351603058557,1.1818085029561467,-0.14141311220261465,-0.2719632175345901,0.15502471316624256,-1.107626782443226,0.4357431973493151,49.0,50.0,50.0,40.0,44.0,26.0,30.0,26.0,53.0,89.26,3975442432,1566617600,1444925440,7.8,7.85,8.2,25297891328,9444020224
2026-05-13T12:19:24.999423+02:00,0.09804594972683442,0.26783274295585285,0.23690039166064528,1.6992872948805666,1.4219004556220092,2.3794351603058557,1.1818085029561467,-0.14141311220261465,-0.2719632175345901,0.15502471316624256,-1.107626782443226,0.4357431973493151,49.0,50.0,50.0,40.0,44.0,26.0,30.0,26.0,53.0,89.26,3975442432,1566617600,1444925440,7.8,7.85,8.2,25297891328,9444020224
2026-05-13T12:19:25.054413+02:00,0.09804594972683442,0.26783274295585285,0.23690039166064528,1.6992872948805666,1.4219004556220092,2.3794351603058557,1.1818085029561467,-0.14141311220261465,-0.2719632175345901,0.15502471316624256,-1.107626782443226,0.4357431973493151,49.0,50.0,50.0,40.0,44.0,26.0,30.0,26.0,53.0,89.26,3975442432,1566617600,1444925440,7.8,7.85,8.2,25297891328,9444020224
2026-05-13T12:19:25.109429+02:00,0.09804594972683442,0.26783274295585285,0.23690039166064528,1.6992872948805666,1.4219004556220092,2.3794351603058557,1.1818085029561467,-0.14141311220261465,-0.2719632175345901,0.15502471316624256,-1.107626782443226,0.4357431973493151,49.0,50.0,50.0,40.0,44.0,26.0,30.0,26.0,53.0,89.26,3975442432,1566617600,1444925440,7.8,7.85,8.2,25297891328,9444020224
2026-05-13T12:19:25.159933+02:00,0.09804594972683442,0.26783274295585285,0.23690039166064528,1.6992872948805666,1.4219004556220092,2.3794351603058557,1.1818085029561467,-0.14141311220261465,-0.2719632175345901,0.15502471316624256,-1.107626782443226,0.4357431973493151,49.0,50.0,50.0,40.0,44.0,26.0,30.0,26.0,53.0,89.26,3975442432,1566617600,1444925440,7.8,7.85,8.2,25297891328,9444020224
2026-05-13T12:19:25.214971+02:00,0.09804594972683442,0.26783274295585285,0.23690039166064528,1.6992872948805666,1.4219004556220092,2.3794351603058557,1.1818085029561467,-0.14141311220261465,-0.2719632175345901,0.15502471316624256,-1.107626782443226,0.4357431973493151,49.0,50.0,50.0,40.0,44.0,26.0,30.0,26.0,53.0,89.26,3975442432,1566617600,1444925440,7.8,7.85,8.2,25297891328,9444020224
2026-05-13T12:19:25.265482+02:00,0.09804594972683442,0.26783274295585285,0.23690039166064528,1.6992872948805666,1.4219004556220092,2.3794351603058557,1.1818085029561467,-0.14141311220261465,-0.2719632175345901,0.15502471316624256,-1.107626782443226,0.4357431973493151,49.0,50.0,50.0,40.0,44.0,26.0,30.0,26.0,53.0,89.26,3975442432,1566617600,1444925440,7.8,7.85,8.2,25297891328,9444020224
2026-05-13T12:19:25.317405+02:00,0.09810386341628895,0.26794562266903693,0.2369202464115803,1.6895707769260377,1.4214294138056096,2.3696095854576655,1.1818085029561467,-0.14141311220261465,-0.2719632175345901,0.15502471316624256,-1.107626782443226,0.4357431973493151,49.0,50.0,50.0,40.0,44.0,26.0,30.0,26.0,53.0,89.26,3975442432,1566617600,1444925440,7.8,7.85,8.2,25297891328,9444020224
2026-05-13T12:19:25.368311+02:00,0.09810386341628895,0.26794562266903693,0.2369202464115803,1.6895707769260377,1.4214294138056096,2.3696095854576655,1.1818085029561467,-0.14141311220261465,-0.2719632175345901,0.15502471316624256,-1.107626782443226,0.4357431973493151,49.0,50.0,50.0,40.0,44.0,26.0,30.0,26.0,53.0,89.26,3975442432,1566617600,1444925440,7.8,7.85,8.2,25297891328,9444020224
2026-05-13T12:19:25.421635+02:00,0.09810386341628895,0.26794562266903693,0.2369202464115803,1.6895707769260377,1.4214294138056096,2.3696095854576655,1.1818085029561467,-0.14141311220261465,-0.2719632175345901,0.15502471316624256,-1.107626782443226,0.4357431973493151,49.0,50.0,50.0,40.0,44.0,26.0,30.0,26.0,53.0,89.26,3975442432,1566617600,1444925440,7.8,7.85,8.2,25297891328,9444020224
2026-05-13T12:19:25.472176+02:00,0.09804594972683442,0.26783274295585285,0.23690039166064528,1.6992872948805666,1.4219004556220092,2.3794351603058557,1.1818085029561467,-0.14141311220261465,-0.2719632175345901,0.15502471316624256,-1.107626782443226,0.4357431973493151,49.0,50.0,50.0,40.0,44.0,26.0,30.0,26.0,53.0,89.26,3975442432,1566617600,1444925440,7.8,7.85,8.2,25297891328,9444020224
2026-05-13T12:19:25.527215+02:00,0.09804594972683442,0.26783274295585285,0.23690039166064528,1.6992872948805666,1.4219004556220092,2.3794351603058557,1.1818085029561467,-0.14141311220261465,-0.2719632175345901,0.15502471316624256,-1.107626782443226,0.4357431973493151,49.0,50.0,50.0,40.0,44.0,26.0,30.0,26.0,53.0,89.26,3975442432,1566617600,1444925440,7.8,7.85,8.2,25297891328,9444020224
2026-05-13T12:19:25.578371+02:00,0.09804594972683442,0.26783274295585285,0.23690039166064528,1.6992872948805666,1.4219004556220092,2.3794351603058557,1.1818085029561467,-0.14141311220261465,-0.2719632175345901,0.15502471316624256,-1.107626782443226,0.4357431973493151,49.0,50.0,50.0,40.0,44.0,26.0,30.0,26.0,53.0,97.12,3975442432,1552211968,1459322880,7.8,7.85,8.2,25297891328,9444020224
2026-05-13T12:19:25.632818+02:00,0.09804594972683442,0.26783274295585285,0.23690039166064528,1.6992872948805666,1.4219004556220092,2.3794351603058557,1.1818085029561467,-0.14141311220261465,-0.2719632175345901,0.15502471316624256,-1.107626782443226,0.4357431973493151,49.0,50.0,50.0,40.0,44.0,26.0,30.0,26.0,53.0,97.12,3975442432,1552211968,1459322880,7.8,7.85,8.2,25297891328,9444020224
2026-05-13T12:19:25.683332+02:00,0.09804594972683442,0.26783274295585285,0.23690039166064528,1.6992872948805666,1.4219004556220092,2.3794351603058557,1.1818085029561467,-0.14141311220261465,-0.2719632175345901,0.15502471316624256,-1.107626782443226,0.4357431973493151,49.0,50.0,50.0,40.0,44.0,26.0,30.0,26.0,53.0,97.12,3975442432,1552211968,1459322880,7.8,7.85,8.2,25297891328,9444020224
2026-05-13T12:19:25.737146+02:00,0.09804594972683442,0.26783274295585285,0.23690039166064528,1.6992872948805666,1.4219004556220092,2.3794351603058557,1.1818085029561467,-0.14141311220261465,-0.2719632175345901,0.15502471316624256,-1.107626782443226,0.4357431973493151,49.0,50.0,50.0,40.0,44.0,26.0,30.0,26.0,53.0,97.12,3975442432,1552211968,1459322880,7.8,7.85,8.2,25297891328,9444020224
2026-05-13T12:19:25.792165+02:00,0.09804594972683442,0.26783274295585285,0.23690039166064528,1.6992872948805666,1.4219004556220092,2.3794351603058557,1.1818085029561467,-0.14141311220261465,-0.2719632175345901,0.15502471316624256,-1.107626782443226,0.4357431973493151,49.0,50.0,50.0,40.0,44.0,26.0,30.0,26.0,53.0,97.12,3975442432,1552211968,1459322880,7.8,7.85,8.2,25297891328,9444020224
2026-05-13T12:19:25.842195+02:00,0.09804594972683442,0.26783274295585285,0.23690039166064528,1.6992872948805666,1.4219004556220092,2.3794351603058557,1.1818085029561467,-0.14141311220261465,-0.2719632175345901,0.15502471316624256,-1.107626782443226,0.4357431973493151,49.0,50.0,50.0,40.0,44.0,26.0,30.0,26.0,53.0,97.12,3975442432,1552211968,1459322880,7.8,7.85,8.2,25297891328,9444020224
2026-05-13T12:19:25.893434+02:00,0.09804594972683442,0.26783274295585285,0.23690039166064528,1.6992872948805666,1.4219004556220092,2.3794351603058557,1.1818085029561467,-0.14141311220261465,-0.2719632175345901,0.15502471316624256,-1.107626782443226,0.4357431973493151,49.0,50.0,50.0,40.0,44.0,26.0,30.0,26.0,53.0,97.12,3975442432,1552211968,1459322880,7.8,7.85,8.2,25297891328,9444020224
2026-05-13T12:19:25.943505+02:00,0.09804594972683442,0.26783274295585285,0.23690039166064528,1.6992872948805666,1.4219004556220092,2.3794351603058557,1.1818085029561467,-0.14141311220261465,-0.2719632175345901,0.15502471316624256,-1.107626782443226,0.4357431973493151,49.0,50.0,50.0,40.0,44.0,26.0,30.0,26.0,53.0,97.12,3975442432,1552211968,1459322880,7.8,7.85,8.2,25297891328,9444020224
2026-05-13T12:19:25.995303+02:00,0.09804594972683442,0.26783274295585285,0.23690039166064528,1.6992872948805666,1.4219004556220092,2.3794351603058557,1.1818085029561467,-0.14141311220261465,-0.2719632175345901,0.15502471316624256,-1.107626782443226,0.4357431973493151,49.0,50.0,50.0,40.0,44.0,26.0,30.0,26.0,53.0,97.12,3975442432,1552211968,1459322880,7.8,7.85,8.2,25297891328,9444020224
2026-05-13T12:19:26.050070+02:00,0.09804594972683442,0.26783274295585285,0.23690039166064528,1.6992872948805666,1.4219004556220092,2.3794351603058557,1.1818085029561467,-0.14141311220261465,-0.2719632175345901,0.15502471316624256,-1.107626782443226,0.4357431973493151,49.0,50.0,50.0,40.0,44.0,26.0,30.0,26.0,53.0,97.12,3975442432,1552211968,1459322880,7.8,7.85,8.2,25297891328,9444020224
2026-05-13T12:19:26.105093+02:00,0.09804594972683442,0.26783274295585285,0.23690039166064528,1.6992872948805666,1.4219004556220092,2.3794351603058557,1.1818085029561467,-0.14141311220261465,-0.2719632175345901,0.15502471316624256,-1.107626782443226,0.4357431973493151,49.0,50.0,50.0,40.0,44.0,26.0,30.0,26.0,53.0,97.12,3975442432,1552211968,1459322880,7.8,7.85,8.2,25297891328,9444020224
2026-05-13T12:19:26.157528+02:00,0.09804594972683442,0.26783274295585285,0.23690039166064528,1.6992872948805666,1.4219004556220092,2.3794351603058557,1.1818085029561467,-0.14141311220261465,-0.2719632175345901,0.15502471316624256,-1.107626782443226,0.4357431973493151,49.0,50.0,50.0,40.0,44.0,26.0,30.0,26.0,53.0,97.12,3975442432,1552211968,1459322880,7.8,7.85,8.2,25297891328,9444020224
2026-05-13T12:19:26.212583+02:00,0.09804594972683442,0.26783274295585285,0.23690039166064528,1.6992872948805666,1.4219004556220092,2.3794351603058557,1.1818085029561467,-0.14141311220261465,-0.2719632175345901,0.15502471316624256,-1.107626782443226,0.4357431973493151,49.0,50.0,50.0,40.0,44.0,26.0,30.0,26.0,53.0,97.12,3975442432,1552211968,1459322880,7.8,7.85,8.2,25297891328,9444020224
2026-05-13T12:19:26.263342+02:00,0.09804594972683442,0.26783274295585285,0.23690039166064528,1.6992872948805666,1.4219004556220092,2.3794351603058557,1.1818085029561467,-0.14141311220261465,-0.2719632175345901,0.15502471316624256,-1.107626782443226,0.4357431973493151,49.0,50.0,50.0,40.0,44.0,26.0,30.0,26.0,53.0,97.12,3975442432,1552211968,1459322880,7.8,7.85,8.2,25297891328,9444020224
2026-05-13T12:19:26.315335+02:00,0.09804594972683442,0.26783274295585285,0.23690039166064528,1.6992872948805666,1.4219004556220092,2.3794351603058557,1.1818085029561467,-0.14141311220261465,-0.2719632175345901,0.15502471316624256,-1.107626782443226,0.4357431973493151,49.0,50.0,50.0,40.0,44.0,26.0,30.0,26.0,53.0,97.12,3975442432,1552211968,1459322880,7.8,7.85,8.2,25297891328,9444020224
2026-05-13T12:19:26.366344+02:00,0.09804594972683442,0.26783274295585285,0.23690039166064528,1.6992872948805666,1.4219004556220092,2.3794351603058557,1.1818085029561467,-0.14141311220261465,-0.2719632175345901,0.15502471316624256,-1.107626782443226,0.4357431973493151,49.0,50.0,50.0,40.0,44.0,26.0,30.0,26.0,53.0,97.12,3975442432,1552211968,1459322880,7.8,7.85,8.2,25297891328,9444020224
2026-05-13T12:19:26.419403+02:00,0.09804594972683442,0.26783274295585285,0.23690039166064528,1.6992872948805666,1.4219004556220092,2.3794351603058557,1.1818085029561467,-0.14141311220261465,-0.2719632175345901,0.15502471316624256,-1.107626782443226,0.4357431973493151,49.0,50.0,50.0,40.0,44.0,26.0,30.0,26.0,53.0,97.12,3975442432,1552211968,1459322880,7.8,7.85,8.2,25297891328,9444020224
2026-05-13T12:19:26.469772+02:00,0.09804594972683442,0.26783274295585285,0.23690039166064528,1.6992872948805666,1.4219004556220092,2.3794351603058557,1.1818085029561467,-0.14141311220261465,-0.2719632175345901,0.15502471316624256,-1.107626782443226,0.4357431973493151,49.0,50.0,50.0,40.0,44.0,26.0,30.0,26.0,53.0,97.12,3975442432,1552211968,1459322880,7.8,7.85,8.2,25297891328,9444020224
2026-05-13T12:19:26.524230+02:00,0.09804594972683442,0.26783274295585285,0.23690039166064528,1.6992872948805666,1.4219004556220092,2.3794351603058557,1.1818085029561467,-0.14141311220261465,-0.2719632175345901,0.15502471316624256,-1.107626782443226,0.4357431973493151,49.0,50.0,50.0,40.0,44.0,26.0,30.0,26.0,53.0,97.12,3975442432,1552211968,1459322880,7.8,7.85,8.2,25297891328,9444020224
2026-05-13T12:19:26.574881+02:00,0.09804594972683442,0.26783274295585285,0.23690039166064528,1.6992872948805666,1.4219004556220092,2.3794351603058557,1.1818085029561467,-0.14141311220261465,-0.2719632175345901,0.15502471316624256,-1.107626782443226,0.4357431973493151,49.0,50.0,50.0,40.0,44.0,26.0,30.0,26.0,53.0,87.97,3975442432,1529495552,1482043392,7.8,7.85,8.2,25297891328,9444020224
2026-05-13T12:19:26.627327+02:00,0.09804594972683442,0.26783274295585285,0.23690039166064528,1.6992872948805666,1.4219004556220092,2.3794351603058557,1.1818085029561467,-0.14141311220261465,-0.2719632175345901,0.15502471316624256,-1.107626782443226,0.4357431973493151,49.0,50.0,50.0,40.0,44.0,26.0,30.0,26.0,53.0,87.97,3975442432,1529495552,1482043392,7.8,7.85,8.2,25297891328,9444020224
2026-05-13T12:19:26.679598+02:00,0.09804594972683442,0.26783274295585285,0.23690039166064528,1.6992872948805666,1.4219004556220092,2.3794351603058557,1.1818085029561467,-0.14141311220261465,-0.2719632175345901,0.15502471316624256,-1.107626782443226,0.4357431973493151,49.0,50.0,50.0,40.0,44.0,26.0,30.0,26.0,53.0,87.97,3975442432,1529495552,1482043392,7.8,7.85,8.2,25297891328,9444020224
2026-05-13T12:19:26.730135+02:00,0.09804594972683442,0.26783274295585285,0.23690039166064528,1.6992872948805666,1.4219004556220092,2.3794351603058557,1.1818085029561467,-0.14141311220261465,-0.2719632175345901,0.15502471316624256,-1.107626782443226,0.4357431973493151,49.0,50.0,50.0,40.0,44.0,26.0,30.0,26.0,53.0,87.97,3975442432,1529495552,1482043392,7.8,7.85,8.2,25297891328,9444020224
2026-05-13T12:19:26.780520+02:00,0.09804594972683442,0.26783274295585285,0.23690039166064528,1.6992872948805666,1.4219004556220092,2.3794351603058557,1.1818085029561467,-0.14141311220261465,-0.2719632175345901,0.15502471316624256,-1.107626782443226,0.4357431973493151,49.0,50.0,50.0,40.0,44.0,26.0,30.0,26.0,53.0,87.97,3975442432,1529495552,1482043392,7.8,7.85,8.2,25297891328,9444020224
2026-05-13T12:19:26.835611+02:00,0.09804594972683442,0.26783274295585285,0.23690039166064528,1.6992872948805666,1.4219004556220092,2.3794351603058557,1.1818085029561467,-0.14141311220261465,-0.2719632175345901,0.15502471316624256,-1.107626782443226,0.4357431973493151,49.0,50.0,50.0,40.0,44.0,26.0,30.0,26.0,53.0,87.97,3975442432,1529495552,1482043392,7.8,7.85,8.2,25297891328,9444020224
2026-05-13T12:19:26.890639+02:00,0.09804594972683442,0.26783274295585285,0.23690039166064528,1.6992872948805666,1.4219004556220092,2.3794351603058557,1.1818085029561467,-0.14141311220261465,-0.2719632175345901,0.15502471316624256,-1.107626782443226,0.4357431973493151,49.0,50.0,50.0,40.0,44.0,26.0,30.0,26.0,53.0,87.97,3975442432,1529495552,1482043392,7.8,7.85,8.2,25297891328,9444020224
2026-05-13T12:19:26.944644+02:00,0.09804594972683442,0.26783274295585285,0.23690039166064528,1.6992872948805666,1.4219004556220092,2.3794351603058557,1.1818085029561467,-0.14141311220261465,-0.2719632175345901,0.15502471316624256,-1.107626782443226,0.4357431973493151,49.0,50.0,50.0,40.0,44.0,26.0,30.0,26.0,53.0,87.97,3975442432,1529495552,1482043392,7.8,7.85,8.2,25297891328,9444020224
2026-05-13T12:19:26.995508+02:00,0.09804594972683442,0.26783274295585285,0.23690039166064528,1.6992872948805666,1.4219004556220092,2.3794351603058557,1.1818085029561467,-0.14141311220261465,-0.2719632175345901,0.15502471316624256,-1.107626782443226,0.4357431973493151,49.0,50.0,50.0,40.0,44.0,26.0,30.0,26.0,53.0,87.97,3975442432,1529495552,1482043392,7.8,7.85,8.2,25297891328,9444020224
2026-05-13T12:19:27.049177+02:00,0.09804594972683442,0.26783274295585285,0.23690039166064528,1.6992872948805666,1.4219004556220092,2.3794351603058557,1.1818085029561467,-0.14141311220261465,-0.2719632175345901,0.15502471316624256,-1.107626782443226,0.4357431973493151,49.0,50.0,50.0,40.0,44.0,26.0,30.0,26.0,53.0,87.97,3975442432,1529495552,1482043392,7.8,7.85,8.2,25297891328,9444020224
2026-05-13T12:19:27.100137+02:00,0.09804594972683442,0.26783274295585285,0.23690039166064528,1.6992872948805666,1.4219004556220092,2.3794351603058557,1.1818085029561467,-0.14141311220261465,-0.2719632175345901,0.15502471316624256,-1.107626782443226,0.4357431973493151,49.0,50.0,50.0,40.0,44.0,26.0,30.0,26.0,53.0,87.97,3975442432,1529495552,1482043392,7.8,7.85,8.2,25297891328,9444020224
2026-05-13T12:19:27.150302+02:00,0.09804594972683442,0.26783274295585285,0.23690039166064528,1.6992872948805666,1.4219004556220092,2.3794351603058557,1.1818085029561467,-0.14141311220261465,-0.2719632175345901,0.15502471316624256,-1.107626782443226,0.4357431973493151,49.0,50.0,50.0,40.0,44.0,26.0,30.0,26.0,53.0,87.97,3975442432,1529495552,1482043392,7.8,7.85,8.2,25297891328,9444020224
2026-05-13T12:19:27.201103+02:00,0.09804594972683442,0.26783274295585285,0.23690039166064528,1.6992872948805666,1.4219004556220092,2.3794351603058557,1.1818085029561467,-0.14141311220261465,-0.2719632175345901,0.15502471316624256,-1.107626782443226,0.4357431973493151,49.0,50.0,50.0,40.0,44.0,26.0,30.0,26.0,53.0,87.97,3975442432,1529495552,1482043392,7.8,7.85,8.2,25297891328,9444020224
2026-05-13T12:19:27.254099+02:00,0.09804594972683442,0.26783274295585285,0.23690039166064528,1.6992872948805666,1.4219004556220092,2.3794351603058557,1.1818085029561467,-0.14141311220261465,-0.2719632175345901,0.15502471316624256,-1.107626782443226,0.4357431973493151,49.0,50.0,50.0,40.0,44.0,26.0,30.0,26.0,53.0,87.97,3975442432,1529495552,1482043392,7.8,7.85,8.2,25297891328,9444020224
2026-05-13T12:19:27.309879+02:00,0.09804594972683442,0.26783274295585285,0.23690039166064528,1.6992872948805666,1.4219004556220092,2.3794351603058557,1.1818085029561467,-0.14141311220261465,-0.2719632175345901,0.15502471316624256,-1.107626782443226,0.4357431973493151,49.0,50.0,50.0,40.0,44.0,26.0,30.0,26.0,53.0,87.97,3975442432,1529495552,1482043392,7.8,7.85,8.2,25297891328,9444020224
2026-05-13T12:19:27.360324+02:00,0.09804594972683442,0.26783274295585285,0.23690039166064528,1.6992872948805666,1.4219004556220092,2.3794351603058557,1.1818085029561467,-0.14141311220261465,-0.2719632175345901,0.15502471316624256,-1.107626782443226,0.4357431973493151,49.0,50.0,50.0,40.0,44.0,26.0,30.0,26.0,53.0,87.97,3975442432,1529495552,1482043392,7.8,7.85,8.2,25297891328,9444020224
2026-05-13T12:19:27.415367+02:00,0.09804594972683442,0.26783274295585285,0.23690039166064528,1.6992872948805666,1.4219004556220092,2.3794351603058557,1.1818085029561467,-0.14141311220261465,-0.2719632175345901,0.15502471316624256,-1.107626782443226,0.4357431973493151,49.0,50.0,50.0,40.0,44.0,26.0,30.0,26.0,53.0,87.97,3975442432,1529495552,1482043392,7.8,7.85,8.2,25297891328,9444020224
2026-05-13T12:19:27.468335+02:00,0.09804594972683442,0.26783274295585285,0.23690039166064528,1.6992872948805666,1.4219004556220092,2.3794351603058557,1.1818085029561467,-0.14141311220261465,-0.2719632175345901,0.15502471316624256,-1.107626782443226,0.4357431973493151,49.0,50.0,50.0,40.0,44.0,26.0,30.0,26.0,53.0,87.97,3975442432,1529495552,1482043392,7.8,7.85,8.2,25297891328,9444020224
2026-05-13T12:19:27.523808+02:00,0.09804594972683442,0.26783274295585285,0.23690039166064528,1.6992872948805666,1.4219004556220092,2.3794351603058557,1.1818085029561467,-0.14141311220261465,-0.2719632175345901,0.15502471316624256,-1.107626782443226,0.4357431973493151,49.0,50.0,50.0,40.0,44.0,26.0,30.0,26.0,53.0,87.97,3975442432,1529495552,1482043392,7.8,7.85,8.2,25297891328,9444020224
2026-05-13T12:19:27.578825+02:00,0.09804594972683442,0.26783274295585285,0.23690039166064528,1.6992872948805666,1.4219004556220092,2.3794351603058557,1.1818085029561467,-0.14141311220261465,-0.2719632175345901,0.15502471316624256,-1.107626782443226,0.4357431973493151,49.0,50.0,50.0,40.0,44.0,26.0,30.0,26.0,53.0,93.18,3975442432,1529163776,1482375168,7.9,7.87,8.21,25297891328,9444020224
2026-05-13T12:19:27.628841+02:00,0.09804594972683442,0.26783274295585285,0.23690039166064528,1.6992872948805666,1.4219004556220092,2.3794351603058557,1.1818085029561467,-0.14141311220261465,-0.2719632175345901,0.15502471316624256,-1.107626782443226,0.4357431973493151,49.0,50.0,50.0,40.0,44.0,26.0,30.0,26.0,53.0,93.18,3975442432,1529163776,1482375168,7.9,7.87,8.21,25297891328,9444020224
2026-05-13T12:19:27.681298+02:00,0.09804594972683442,0.26783274295585285,0.23690039166064528,1.6992872948805666,1.4219004556220092,2.3794351603058557,1.1818085029561467,-0.14141311220261465,-0.2719632175345901,0.15502471316624256,-1.107626782443226,0.4357431973493151,49.0,50.0,50.0,40.0,44.0,26.0,30.0,26.0,53.0,93.18,3975442432,1529163776,1482375168,7.9,7.87,8.21,25297891328,9444020224
2026-05-13T12:19:27.732775+02:00,0.09804594972683442,0.26783274295585285,0.23690039166064528,1.6992872948805666,1.4219004556220092,2.3794351603058557,1.1818085029561467,-0.14141311220261465,-0.2719632175345901,0.15502471316624256,-1.107626782443226,0.4357431973493151,49.0,50.0,50.0,40.0,44.0,26.0,30.0,26.0,53.0,93.18,3975442432,1529163776,1482375168,7.9,7.87,8.21,25297891328,9444020224
2026-05-13T12:19:27.782830+02:00,0.09804594972683442,0.26783274295585285,0.23690039166064528,1.6992872948805666,1.4219004556220092,2.3794351603058557,1.1818085029561467,-0.14141311220261465,-0.2719632175345901,0.15502471316624256,-1.107626782443226,0.4357431973493151,49.0,50.0,50.0,40.0,44.0,26.0,30.0,26.0,53.0,93.18,3975442432,1529163776,1482375168,7.9,7.87,8.21,25297891328,9444020224
2026-05-13T12:19:27.836294+02:00,0.09804594972683442,0.26783274295585285,0.23690039166064528,1.6992872948805666,1.4219004556220092,2.3794351603058557,1.1818085029561467,-0.14141311220261465,-0.2719632175345901,0.15502471316624256,-1.107626782443226,0.4357431973493151,49.0,50.0,50.0,40.0,44.0,26.0,30.0,26.0,53.0,93.18,3975442432,1529163776,1482375168,7.9,7.87,8.21,25297891328,9444020224
2026-05-13T12:19:27.889127+02:00,0.09804594972683442,0.26783274295585285,0.23690039166064528,1.6992872948805666,1.4219004556220092,2.3794351603058557,1.1818085029561467,-0.14141311220261465,-0.2719632175345901,0.15502471316624256,-1.107626782443226,0.4357431973493151,49.0,50.0,50.0,40.0,44.0,26.0,30.0,26.0,53.0,93.18,3975442432,1529163776,1482375168,7.9,7.87,8.21,25297891328,9444020224
2026-05-13T12:19:27.939590+02:00,0.09804594972683442,0.26783274295585285,0.23690039166064528,1.6992872948805666,1.4219004556220092,2.3794351603058557,1.1818085029561467,-0.14141311220261465,-0.2719632175345901,0.15502471316624256,-1.107626782443226,0.4357431973493151,49.0,50.0,50.0,40.0,44.0,26.0,30.0,26.0,53.0,93.18,3975442432,1529163776,1482375168,7.9,7.87,8.21,25297891328,9444020224
2026-05-13T12:19:27.994949+02:00,0.09804594972683442,0.26783274295585285,0.23690039166064528,1.6992872948805666,1.4219004556220092,2.3794351603058557,1.1818085029561467,-0.14141311220261465,-0.2719632175345901,0.15502471316624256,-1.107626782443226,0.4357431973493151,49.0,50.0,50.0,40.0,44.0,26.0,30.0,26.0,53.0,93.18,3975442432,1529163776,1482375168,7.9,7.87,8.21,25297891328,9444020224
2026-05-13T12:19:28.046785+02:00,0.09804594972683442,0.26783274295585285,0.23690039166064528,1.6992872948805666,1.4219004556220092,2.3794351603058557,1.1818085029561467,-0.14141311220261465,-0.2719632175345901,0.15502471316624256,-1.107626782443226,0.4357431973493151,49.0,50.0,50.0,40.0,44.0,26.0,30.0,26.0,53.0,93.18,3975442432,1529163776,1482375168,7.9,7.87,8.21,25297891328,9444020224
2026-05-13T12:19:28.097390+02:00,0.09804594972683442,0.26783274295585285,0.23690039166064528,1.6992872948805666,1.4219004556220092,2.3794351603058557,1.1818085029561467,-0.14141311220261465,-0.2719632175345901,0.15502471316624256,-1.107626782443226,0.4357431973493151,49.0,50.0,50.0,40.0,44.0,26.0,30.0,26.0,53.0,93.18,3975442432,1529163776,1482375168,7.9,7.87,8.21,25297891328,9444020224
2026-05-13T12:19:28.149012+02:00,0.09804594972683442,0.26783274295585285,0.23690039166064528,1.6992872948805666,1.4219004556220092,2.3794351603058557,1.1818085029561467,-0.14141311220261465,-0.2719632175345901,0.15502471316624256,-1.107626782443226,0.4357431973493151,49.0,50.0,50.0,40.0,44.0,26.0,30.0,26.0,53.0,93.18,3975442432,1529163776,1482375168,7.9,7.87,8.21,25297891328,9444020224
2026-05-13T12:19:28.199331+02:00,0.09804594972683442,0.26783274295585285,0.23690039166064528,1.6992872948805666,1.4219004556220092,2.3794351603058557,1.1818085029561467,-0.14141311220261465,-0.2719632175345901,0.15502471316624256,-1.107626782443226,0.4357431973493151,49.0,50.0,50.0,40.0,44.0,26.0,30.0,26.0,53.0,93.18,3975442432,1529163776,1482375168,7.9,7.87,8.21,25297891328,9444020224
2026-05-13T12:19:28.250690+02:00,0.09804594972683442,0.26783274295585285,0.23690039166064528,1.6992872948805666,1.4219004556220092,2.3794351603058557,1.1818085029561467,-0.14141311220261465,-0.2719632175345901,0.15502471316624256,-1.107626782443226,0.4357431973493151,49.0,50.0,50.0,40.0,44.0,26.0,30.0,26.0,53.0,93.18,3975442432,1529163776,1482375168,7.9,7.87,8.21,25297891328,9444020224
2026-05-13T12:19:28.301372+02:00,0.09804594972683442,0.26783274295585285,0.23690039166064528,1.6992872948805666,1.4219004556220092,2.3794351603058557,1.1818085029561467,-0.14141311220261465,-0.2719632175345901,0.15502471316624256,-1.107626782443226,0.4357431973493151,49.0,50.0,50.0,40.0,44.0,26.0,30.0,26.0,53.0,93.18,3975442432,1529163776,1482375168,7.9,7.87,8.21,25297891328,9444020224
2026-05-13T12:19:28.352477+02:00,0.09804594972683442,0.26783274295585285,0.23690039166064528,1.6992872948805666,1.4219004556220092,2.3794351603058557,1.1818085029561467,-0.14141311220261465,-0.2719632175345901,0.15502471316624256,-1.107626782443226,0.4357431973493151,49.0,50.0,50.0,40.0,44.0,26.0,30.0,26.0,53.0,93.18,3975442432,1529163776,1482375168,7.9,7.87,8.21,25297891328,9444020224
2026-05-13T12:19:28.405652+02:00,0.09804594972683442,0.26783274295585285,0.23690039166064528,1.6992872948805666,1.4219004556220092,2.3794351603058557,1.1818085029561467,-0.14141311220261465,-0.2719632175345901,0.15502471316624256,-1.107626782443226,0.4357431973493151,49.0,50.0,50.0,40.0,44.0,26.0,30.0,26.0,53.0,93.18,3975442432,1529163776,1482375168,7.9,7.87,8.21,25297891328,9444020224
2026-05-13T12:19:28.458314+02:00,0.09804594972683442,0.26783274295585285,0.23690039166064528,1.6992872948805666,1.4219004556220092,2.3794351603058557,1.1818085029561467,-0.14141311220261465,-0.2719632175345901,0.15502471316624256,-1.107626782443226,0.4357431973493151,49.0,50.0,50.0,40.0,44.0,26.0,30.0,26.0,53.0,93.18,3975442432,1529163776,1482375168,7.9,7.87,8.21,25297891328,9444020224
2026-05-13T12:19:28.510817+02:00,0.09804594972683442,0.26783274295585285,0.23690039166064528,1.6992872948805666,1.4219004556220092,2.3794351603058557,1.1818085029561467,-0.14141311220261465,-0.2719632175345901,0.15502471316624256,-1.107626782443226,0.4357431973493151,49.0,50.0,50.0,40.0,44.0,26.0,30.0,26.0,53.0,93.18,3975442432,1529163776,1482375168,7.9,7.87,8.21,25297891328,9444020224
2026-05-13T12:19:28.566370+02:00,0.09804594972683442,0.26783274295585285,0.23690039166064528,1.6992872948805666,1.4219004556220092,2.3794351603058557,1.1818085029561467,-0.14141311220261465,-0.2719632175345901,0.15502471316624256,-1.107626782443226,0.4357431973493151,49.0,50.0,50.0,40.0,44.0,26.0,30.0,26.0,53.0,91.73,3975442432,1529118720,1482412032,7.9,7.87,8.21,25297891328,9444020224
2026-05-13T12:19:28.621392+02:00,0.09804594972683442,0.26783274295585285,0.23690039166064528,1.6992872948805666,1.4219004556220092,2.3794351603058557,1.1818085029561467,-0.14141311220261465,-0.2719632175345901,0.15502471316624256,-1.107626782443226,0.4357431973493151,49.0,50.0,50.0,40.0,44.0,26.0,30.0,26.0,53.0,91.73,3975442432,1529118720,1482412032,7.9,7.87,8.21,25297891328,9444020224
2026-05-13T12:19:28.672307+02:00,0.09804594972683442,0.26783274295585285,0.23690039166064528,1.6992872948805666,1.4219004556220092,2.3794351603058557,1.1818085029561467,-0.14141311220261465,-0.2719632175345901,0.15502471316624256,-1.107626782443226,0.4357431973493151,49.0,50.0,50.0,40.0,44.0,26.0,30.0,26.0,53.0,91.73,3975442432,1529118720,1482412032,7.9,7.87,8.21,25297891328,9444020224
2026-05-13T12:19:28.724922+02:00,0.09804594972683442,0.26783274295585285,0.23690039166064528,1.6992872948805666,1.4219004556220092,2.3794351603058557,1.1818085029561467,-0.14141311220261465,-0.2719632175345901,0.15502471316624256,-1.107626782443226,0.4357431973493151,49.0,50.0,50.0,40.0,44.0,26.0,30.0,26.0,53.0,91.73,3975442432,1529118720,1482412032,7.9,7.87,8.21,25297891328,9444020224
2026-05-13T12:19:28.779913+02:00,0.09804594972683442,0.26783274295585285,0.23690039166064528,1.6992872948805666,1.4219004556220092,2.3794351603058557,1.1818085029561467,-0.14141311220261465,-0.2719632175345901,0.15502471316624256,-1.107626782443226,0.4357431973493151,49.0,50.0,50.0,40.0,44.0,26.0,30.0,26.0,53.0,91.73,3975442432,1529118720,1482412032,7.9,7.87,8.21,25297891328,9444020224
2026-05-13T12:19:28.832422+02:00,0.09804594972683442,0.26783274295585285,0.23690039166064528,1.6992872948805666,1.4219004556220092,2.3794351603058557,1.1818085029561467,-0.14141311220261465,-0.2719632175345901,0.15502471316624256,-1.107626782443226,0.4357431973493151,49.0,50.0,50.0,40.0,44.0,26.0,30.0,26.0,53.0,91.73,3975442432,1529118720,1482412032,7.9,7.87,8.21,25297891328,9444020224
2026-05-13T12:19:28.882891+02:00,0.09804594972683442,0.26783274295585285,0.23690039166064528,1.6992872948805666,1.4219004556220092,2.3794351603058557,1.1818085029561467,-0.14141311220261465,-0.2719632175345901,0.15502471316624256,-1.107626782443226,0.4357431973493151,49.0,50.0,50.0,40.0,44.0,26.0,30.0,26.0,53.0,91.73,3975442432,1529118720,1482412032,7.9,7.87,8.21,25297891328,9444020224
2026-05-13T12:19:28.937934+02:00,0.09804594972683442,0.26783274295585285,0.23690039166064528,1.6992872948805666,1.4219004556220092,2.3794351603058557,1.1818085029561467,-0.14141311220261465,-0.2719632175345901,0.15502471316624256,-1.107626782443226,0.4357431973493151,49.0,50.0,50.0,40.0,44.0,26.0,30.0,26.0,53.0,91.73,3975442432,1529118720,1482412032,7.9,7.87,8.21,25297891328,9444020224
2026-05-13T12:19:28.992096+02:00,0.09804594972683442,0.26783274295585285,0.23690039166064528,1.6992872948805666,1.4219004556220092,2.3794351603058557,1.1818085029561467,-0.14141311220261465,-0.2719632175345901,0.15502471316624256,-1.107626782443226,0.4357431973493151,49.0,50.0,50.0,40.0,44.0,26.0,30.0,26.0,53.0,91.73,3975442432,1529118720,1482412032,7.9,7.87,8.21,25297891328,9444020224
2026-05-13T12:19:29.043466+02:00,0.09804594972683442,0.26783274295585285,0.23690039166064528,1.6992872948805666,1.4219004556220092,2.3794351603058557,1.1818085029561467,-0.14141311220261465,-0.2719632175345901,0.15502471316624256,-1.107626782443226,0.4357431973493151,49.0,50.0,50.0,40.0,44.0,26.0,30.0,26.0,53.0,91.73,3975442432,1529118720,1482412032,7.9,7.87,8.21,25297891328,9444020224
2026-05-13T12:19:29.093978+02:00,0.09804594972683442,0.26783274295585285,0.23690039166064528,1.6992872948805666,1.4219004556220092,2.3794351603058557,1.1818085029561467,-0.14141311220261465,-0.2719632175345901,0.15502471316624256,-1.107626782443226,0.4357431973493151,49.0,50.0,50.0,40.0,44.0,26.0,30.0,26.0,53.0,91.73,3975442432,1529118720,1482412032,7.9,7.87,8.21,25297891328,9444020224
2026-05-13T12:19:29.144757+02:00,0.09804594972683442,0.26783274295585285,0.23690039166064528,1.6992872948805666,1.4219004556220092,2.3794351603058557,1.1818085029561467,-0.14141311220261465,-0.2719632175345901,0.15502471316624256,-1.107626782443226,0.4357431973493151,49.0,50.0,50.0,40.0,44.0,26.0,30.0,26.0,53.0,91.73,3975442432,1529118720,1482412032,7.9,7.87,8.21,25297891328,9444020224
2026-05-13T12:19:29.195660+02:00,0.09804594972683442,0.26783274295585285,0.23690039166064528,1.6992872948805666,1.4219004556220092,2.3794351603058557,1.1818085029561467,-0.14141311220261465,-0.2719632175345901,0.15502471316624256,-1.107626782443226,0.4357431973493151,49.0,50.0,50.0,40.0,44.0,26.0,30.0,26.0,53.0,91.73,3975442432,1529118720,1482412032,7.9,7.87,8.21,25297891328,9444020224
2026-05-13T12:19:29.247109+02:00,0.09804594972683442,0.26783274295585285,0.23690039166064528,1.6992872948805666,1.4219004556220092,2.3794351603058557,1.1818085029561467,-0.14141311220261465,-0.2719632175345901,0.15502471316624256,-1.107626782443226,0.4357431973493151,49.0,50.0,50.0,40.0,44.0,26.0,30.0,26.0,53.0,91.73,3975442432,1529118720,1482412032,7.9,7.87,8.21,25297891328,9444020224
2026-05-13T12:19:29.299266+02:00,0.09804594972683442,0.26783274295585285,0.23690039166064528,1.6992872948805666,1.4219004556220092,2.3794351603058557,1.1818085029561467,-0.14141311220261465,-0.2719632175345901,0.15502471316624256,-1.107626782443226,0.4357431973493151,49.0,50.0,50.0,40.0,44.0,26.0,30.0,26.0,53.0,91.73,3975442432,1529118720,1482412032,7.9,7.87,8.21,25297891328,9444020224
2026-05-13T12:19:29.355767+02:00,0.09804594972683442,0.26783274295585285,0.23690039166064528,1.6992872948805666,1.4219004556220092,2.3794351603058557,1.1818085029561467,-0.14141311220261465,-0.2719632175345901,0.15502471316624256,-1.107626782443226,0.4357431973493151,49.0,50.0,50.0,40.0,44.0,26.0,30.0,26.0,53.0,91.73,3975442432,1529118720,1482412032,7.9,7.87,8.21,25297891328,9444020224
2026-05-13T12:19:29.406479+02:00,0.09804594972683442,0.26783274295585285,0.23690039166064528,1.6992872948805666,1.4219004556220092,2.3794351603058557,1.1818085029561467,-0.14141311220261465,-0.2719632175345901,0.15502471316624256,-1.107626782443226,0.4357431973493151,49.0,50.0,50.0,40.0,44.0,26.0,30.0,26.0,53.0,91.73,3975442432,1529118720,1482412032,7.9,7.87,8.21,25297891328,9444020224
2026-05-13T12:19:29.459444+02:00,0.09804594972683442,0.26783274295585285,0.23690039166064528,1.6992872948805666,1.4219004556220092,2.3794351603058557,1.1818085029561467,-0.14141311220261465,-0.2719632175345901,0.15502471316624256,-1.107626782443226,0.4357431973493151,49.0,50.0,50.0,40.0,44.0,26.0,30.0,26.0,53.0,91.73,3975442432,1529118720,1482412032,7.9,7.87,8.21,25297891328,9444020224
2026-05-13T12:19:29.512668+02:00,0.09804594972683442,0.26783274295585285,0.23690039166064528,1.6992872948805666,1.4219004556220092,2.3794351603058557,1.1818085029561467,-0.14141311220261465,-0.2719632175345901,0.15502471316624256,-1.107626782443226,0.4357431973493151,49.0,50.0,50.0,40.0,44.0,26.0,30.0,26.0,53.0,91.73,3975442432,1529118720,1482412032,7.9,7.87,8.21,25297891328,9444020224
2026-05-13T12:19:29.563919+02:00,0.09804594972683442,0.26783274295585285,0.23690039166064528,1.6992872948805666,1.4219004556220092,2.3794351603058557,1.1818085029561467,-0.14141311220261465,-0.2719632175345901,0.15502471316624256,-1.107626782443226,0.4357431973493151,49.0,50.0,50.0,40.0,44.0,26.0,30.0,26.0,53.0,91.73,3975442432,1529118720,1482412032,7.9,7.87,8.21,25297891328,9444020224
2026-05-13T12:19:29.614774+02:00,0.09804594972683442,0.26783274295585285,0.23690039166064528,1.6992872948805666,1.4219004556220092,2.3794351603058557,1.1818085029561467,-0.14141311220261465,-0.2719632175345901,0.15502471316624256,-1.107626782443226,0.4357431973493151,49.0,50.0,50.0,40.0,44.0,26.0,30.0,26.0,53.0,91.73,3975442432,1529118720,1482412032,7.9,7.87,8.21,25297891328,9444020224
2026-05-13T12:19:29.665982+02:00,0.09804594972683442,0.26783274295585285,0.23690039166064528,1.6992872948805666,1.4219004556220092,2.3794351603058557,1.1818085029561467,-0.14141311220261465,-0.2719632175345901,0.15502471316624256,-1.107626782443226,0.4357431973493151,49.0,50.0,50.0,40.0,44.0,26.0,30.0,26.0,53.0,90.84,3975442432,1530015744,1481531392,7.9,7.87,8.21,25297891328,9444020224
2026-05-13T12:19:29.717316+02:00,0.09804594972683442,0.26783274295585285,0.23690039166064528,1.6992872948805666,1.4219004556220092,2.3794351603058557,1.1818085029561467,-0.14141311220261465,-0.2719632175345901,0.15502471316624256,-1.107626782443226,0.4357431973493151,49.0,50.0,50.0,40.0,44.0,26.0,30.0,26.0,53.0,90.84,3975442432,1530015744,1481531392,7.9,7.87,8.21,25297891328,9444020224
2026-05-13T12:19:29.772259+02:00,0.09804594972683442,0.26783274295585285,0.23690039166064528,1.6992872948805666,1.4219004556220092,2.3794351603058557,1.1818085029561467,-0.14141311220261465,-0.2719632175345901,0.15502471316624256,-1.107626782443226,0.4357431973493151,49.0,50.0,50.0,40.0,44.0,26.0,30.0,26.0,53.0,90.84,3975442432,1530015744,1481531392,7.9,7.87,8.21,25297891328,9444020224
2026-05-13T12:19:29.824271+02:00,0.09804594972683442,0.26783274295585285,0.23690039166064528,1.6992872948805666,1.4219004556220092,2.3794351603058557,1.1818085029561467,-0.14141311220261465,-0.2719632175345901,0.15502471316624256,-1.107626782443226,0.4357431973493151,49.0,50.0,50.0,40.0,44.0,26.0,30.0,26.0,53.0,90.84,3975442432,1530015744,1481531392,7.9,7.87,8.21,25297891328,9444020224
2026-05-13T12:19:29.874746+02:00,0.09804594972683442,0.26783274295585285,0.23690039166064528,1.6992872948805666,1.4219004556220092,2.3794351603058557,1.1818085029561467,-0.14141311220261465,-0.2719632175345901,0.15502471316624256,-1.107626782443226,0.4357431973493151,49.0,50.0,50.0,40.0,44.0,26.0,30.0,26.0,53.0,90.84,3975442432,1530015744,1481531392,7.9,7.87,8.21,25297891328,9444020224
2026-05-13T12:19:29.927802+02:00,0.09804594972683442,0.26783274295585285,0.23690039166064528,1.6992872948805666,1.4219004556220092,2.3794351603058557,1.1818085029561467,-0.14141311220261465,-0.2719632175345901,0.15502471316624256,-1.107626782443226,0.4357431973493151,49.0,50.0,50.0,40.0,44.0,26.0,30.0,26.0,53.0,90.84,3975442432,1530015744,1481531392,7.9,7.87,8.21,25297891328,9444020224
2026-05-13T12:19:29.979799+02:00,0.09804594972683442,0.26783274295585285,0.23690039166064528,1.6992872948805666,1.4219004556220092,2.3794351603058557,1.1818085029561467,-0.14141311220261465,-0.2719632175345901,0.15502471316624256,-1.107626782443226,0.4357431973493151,49.0,50.0,50.0,40.0,44.0,26.0,30.0,26.0,53.0,90.84,3975442432,1530015744,1481531392,7.9,7.87,8.21,25297891328,9444020224
2026-05-13T12:19:30.032829+02:00,0.09804594972683442,0.26783274295585285,0.23690039166064528,1.6992872948805666,1.4219004556220092,2.3794351603058557,1.1818085029561467,-0.14141311220261465,-0.2719632175345901,0.15502471316624256,-1.107626782443226,0.4357431973493151,49.0,50.0,50.0,40.0,44.0,26.0,30.0,26.0,53.0,90.84,3975442432,1530015744,1481531392,7.9,7.87,8.21,25297891328,9444020224
2026-05-13T12:19:30.087818+02:00,0.09804594972683442,0.26783274295585285,0.23690039166064528,1.6992872948805666,1.4219004556220092,2.3794351603058557,1.1818085029561467,-0.14141311220261465,-0.2719632175345901,0.15502471316624256,-1.107626782443226,0.4357431973493151,49.0,50.0,50.0,40.0,44.0,26.0,30.0,26.0,53.0,90.84,3975442432,1530015744,1481531392,7.9,7.87,8.21,25297891328,9444020224
2026-05-13T12:19:30.139152+02:00,0.09804594972683442,0.26783274295585285,0.23690039166064528,1.6992872948805666,1.4219004556220092,2.3794351603058557,1.1818085029561467,-0.14141311220261465,-0.2719632175345901,0.15502471316624256,-1.107626782443226,0.4357431973493151,49.0,50.0,50.0,40.0,44.0,26.0,30.0,26.0,53.0,90.84,3975442432,1530015744,1481531392,7.9,7.87,8.21,25297891328,9444020224
2026-05-13T12:19:30.194064+02:00,0.09804594972683442,0.26783274295585285,0.23690039166064528,1.6992872948805666,1.4219004556220092,2.3794351603058557,1.1818085029561467,-0.14141311220261465,-0.2719632175345901,0.15502471316624256,-1.107626782443226,0.4357431973493151,49.0,50.0,50.0,40.0,44.0,26.0,30.0,26.0,53.0,90.84,3975442432,1530015744,1481531392,7.9,7.87,8.21,25297891328,9444020224
2026-05-13T12:19:30.245050+02:00,0.09804594972683442,0.26783274295585285,0.23690039166064528,1.6992872948805666,1.4219004556220092,2.3794351603058557,1.1818085029561467,-0.14141311220261465,-0.2719632175345901,0.15502471316624256,-1.107626782443226,0.4357431973493151,49.0,50.0,50.0,40.0,44.0,26.0,30.0,26.0,53.0,90.84,3975442432,1530015744,1481531392,7.9,7.87,8.21,25297891328,9444020224
2026-05-13T12:19:30.295138+02:00,0.09804594972683442,0.26783274295585285,0.23690039166064528,1.6992872948805666,1.4219004556220092,2.3794351603058557,1.1818085029561467,-0.14141311220261465,-0.2719632175345901,0.15502471316624256,-1.107626782443226,0.4357431973493151,49.0,50.0,50.0,40.0,44.0,26.0,30.0,26.0,53.0,90.84,3975442432,1530015744,1481531392,7.9,7.87,8.21,25297891328,9444020224
2026-05-13T12:19:30.345332+02:00,0.09804594972683442,0.26783274295585285,0.23690039166064528,1.6992872948805666,1.4219004556220092,2.3794351603058557,1.1818085029561467,-0.14141311220261465,-0.2719632175345901,0.15502471316624256,-1.107626782443226,0.4357431973493151,49.0,50.0,50.0,40.0,44.0,26.0,30.0,26.0,53.0,90.84,3975442432,1530015744,1481531392,7.9,7.87,8.21,25297891328,9444020224
2026-05-13T12:19:30.398555+02:00,0.09804594972683442,0.26783274295585285,0.23690039166064528,1.6992872948805666,1.4219004556220092,2.3794351603058557,1.1818085029561467,-0.14141311220261465,-0.2719632175345901,0.15502471316624256,-1.107626782443226,0.4357431973493151,49.0,50.0,50.0,40.0,44.0,26.0,30.0,26.0,53.0,90.84,3975442432,1530015744,1481531392,7.9,7.87,8.21,25297891328,9444020224
2026-05-13T12:19:30.450763+02:00,0.09804594972683442,0.26783274295585285,0.23690039166064528,1.6992872948805666,1.4219004556220092,2.3794351603058557,1.1818085029561467,-0.14141311220261465,-0.2719632175345901,0.15502471316624256,-1.107626782443226,0.4357431973493151,49.0,50.0,50.0,40.0,44.0,26.0,30.0,26.0,53.0,90.84,3975442432,1530015744,1481531392,7.9,7.87,8.21,25297891328,9444020224
2026-05-13T12:19:30.505955+02:00,0.09804594972683442,0.26783274295585285,0.23690039166064528,1.6992872948805666,1.4219004556220092,2.3794351603058557,1.1818085029561467,-0.14141311220261465,-0.2719632175345901,0.15502471316624256,-1.107626782443226,0.4357431973493151,49.0,50.0,50.0,40.0,44.0,26.0,30.0,26.0,53.0,90.84,3975442432,1530015744,1481531392,7.9,7.87,8.21,25297891328,9444020224
2026-05-13T12:19:30.557145+02:00,0.09804594972683442,0.26783274295585285,0.23690039166064528,1.6992872948805666,1.4219004556220092,2.3794351603058557,1.1818085029561467,-0.14141311220261465,-0.2719632175345901,0.15502471316624256,-1.107626782443226,0.4357431973493151,49.0,50.0,50.0,40.0,44.0,26.0,30.0,26.0,53.0,90.84,3975442432,1530015744,1481531392,7.9,7.87,8.21,25297891328,9444020224
2026-05-13T12:19:30.607469+02:00,0.09804594972683442,0.26783274295585285,0.23690039166064528,1.6992872948805666,1.4219004556220092,2.3794351603058557,1.1818085029561467,-0.14141311220261465,-0.2719632175345901,0.15502471316624256,-1.107626782443226,0.4357431973493151,49.0,50.0,50.0,40.0,44.0,26.0,30.0,26.0,53.0,90.84,3975442432,1530015744,1481531392,7.9,7.87,8.21,25297891328,9444020224
2026-05-13T12:19:30.657539+02:00,0.09804594972683442,0.26783274295585285,0.23690039166064528,1.6992872948805666,1.4219004556220092,2.3794351603058557,1.1818085029561467,-0.14141311220261465,-0.2719632175345901,0.15502471316624256,-1.107626782443226,0.4357431973493151,49.0,50.0,50.0,40.0,44.0,26.0,30.0,26.0,53.0,97.67,3975442432,1529925632,1481613312,7.9,7.87,8.21,25297891328,9444020224
2026-05-13T12:19:30.712574+02:00,0.09804594972683442,0.26783274295585285,0.23690039166064528,1.6992872948805666,1.4219004556220092,2.3794351603058557,1.1818085029561467,-0.14141311220261465,-0.2719632175345901,0.15502471316624256,-1.107626782443226,0.4357431973493151,49.0,50.0,50.0,40.0,44.0,26.0,30.0,26.0,53.0,97.67,3975442432,1529925632,1481613312,7.9,7.87,8.21,25297891328,9444020224
2026-05-13T12:19:30.767103+02:00,0.09804594972683442,0.26783274295585285,0.23690039166064528,1.6992872948805666,1.4219004556220092,2.3794351603058557,1.1818085029561467,-0.14141311220261465,-0.2719632175345901,0.15502471316624256,-1.107626782443226,0.4357431973493151,49.0,50.0,50.0,40.0,44.0,26.0,30.0,26.0,53.0,97.67,3975442432,1529925632,1481613312,7.9,7.87,8.21,25297891328,9444020224
2026-05-13T12:19:30.817963+02:00,0.09804594972683442,0.26783274295585285,0.23690039166064528,1.6992872948805666,1.4219004556220092,2.3794351603058557,1.1818085029561467,-0.14141311220261465,-0.2719632175345901,0.15502471316624256,-1.107626782443226,0.4357431973493151,49.0,50.0,50.0,40.0,44.0,26.0,30.0,26.0,53.0,97.67,3975442432,1529925632,1481613312,7.9,7.87,8.21,25297891328,9444020224
2026-05-13T12:19:30.872992+02:00,0.09804594972683442,0.26783274295585285,0.23690039166064528,1.6992872948805666,1.4219004556220092,2.3794351603058557,1.1818085029561467,-0.14141311220261465,-0.2719632175345901,0.15502471316624256,-1.107626782443226,0.4357431973493151,49.0,50.0,50.0,40.0,44.0,26.0,30.0,26.0,53.0,97.67,3975442432,1529925632,1481613312,7.9,7.87,8.21,25297891328,9444020224
2026-05-13T12:19:30.923569+02:00,0.09804594972683442,0.26783274295585285,0.23690039166064528,1.6992872948805666,1.4219004556220092,2.3794351603058557,1.1818085029561467,-0.14141311220261465,-0.2719632175345901,0.15502471316624256,-1.107626782443226,0.4357431973493151,49.0,50.0,50.0,40.0,44.0,26.0,30.0,26.0,53.0,97.67,3975442432,1529925632,1481613312,7.9,7.87,8.21,25297891328,9444020224
2026-05-13T12:19:30.977515+02:00,0.09804594972683442,0.26783274295585285,0.23690039166064528,1.6992872948805666,1.4219004556220092,2.3794351603058557,1.1818085029561467,-0.14141311220261465,-0.2719632175345901,0.15502471316624256,-1.107626782443226,0.4357431973493151,49.0,50.0,50.0,40.0,44.0,26.0,30.0,26.0,53.0,97.67,3975442432,1529925632,1481613312,7.9,7.87,8.21,25297891328,9444020224
2026-05-13T12:19:31.028027+02:00,0.09804594972683442,0.26783274295585285,0.23690039166064528,1.6992872948805666,1.4219004556220092,2.3794351603058557,1.1818085029561467,-0.14141311220261465,-0.2719632175345901,0.15502471316624256,-1.107626782443226,0.4357431973493151,49.0,50.0,50.0,40.0,44.0,26.0,30.0,26.0,53.0,97.67,3975442432,1529925632,1481613312,7.9,7.87,8.21,25297891328,9444020224
2026-05-13T12:19:31.078632+02:00,0.09804594972683442,0.26783274295585285,0.23690039166064528,1.6992872948805666,1.4219004556220092,2.3794351603058557,1.1818085029561467,-0.14141311220261465,-0.2719632175345901,0.15502471316624256,-1.107626782443226,0.4357431973493151,49.0,50.0,50.0,40.0,44.0,26.0,30.0,26.0,53.0,97.67,3975442432,1529925632,1481613312,7.9,7.87,8.21,25297891328,9444020224
2026-05-13T12:19:31.133068+02:00,0.09804594972683442,0.26783274295585285,0.23690039166064528,1.6992872948805666,1.4219004556220092,2.3794351603058557,1.1818085029561467,-0.14141311220261465,-0.2719632175345901,0.15502471316624256,-1.107626782443226,0.4357431973493151,49.0,50.0,50.0,40.0,44.0,26.0,30.0,26.0,53.0,97.67,3975442432,1529925632,1481613312,7.9,7.87,8.21,25297891328,9444020224
2026-05-13T12:19:31.183275+02:00,0.09804594972683442,0.26783274295585285,0.23690039166064528,1.6992872948805666,1.4219004556220092,2.3794351603058557,1.1818085029561467,-0.14141311220261465,-0.2719632175345901,0.15502471316624256,-1.107626782443226,0.4357431973493151,49.0,50.0,50.0,40.0,44.0,26.0,30.0,26.0,53.0,97.67,3975442432,1529925632,1481613312,7.9,7.87,8.21,25297891328,9444020224
2026-05-13T12:19:31.235229+02:00,0.09804594972683442,0.26783274295585285,0.23690039166064528,1.6992872948805666,1.4219004556220092,2.3794351603058557,1.1818085029561467,-0.14141311220261465,-0.2719632175345901,0.15502471316624256,-1.107626782443226,0.4357431973493151,49.0,50.0,50.0,40.0,44.0,26.0,30.0,26.0,53.0,97.67,3975442432,1529925632,1481613312,7.9,7.87,8.21,25297891328,9444020224
2026-05-13T12:19:31.286244+02:00,0.09804594972683442,0.26783274295585285,0.23690039166064528,1.6992872948805666,1.4219004556220092,2.3794351603058557,1.1818085029561467,-0.14141311220261465,-0.2719632175345901,0.15502471316624256,-1.107626782443226,0.4357431973493151,49.0,50.0,50.0,40.0,44.0,26.0,30.0,26.0,53.0,97.67,3975442432,1529925632,1481613312,7.9,7.87,8.21,25297891328,9444020224
2026-05-13T12:19:31.336469+02:00,0.09804594972683442,0.26783274295585285,0.23690039166064528,1.6992872948805666,1.4219004556220092,2.3794351603058557,1.1818085029561467,-0.14141311220261465,-0.2719632175345901,0.15502471316624256,-1.107626782443226,0.4357431973493151,49.0,50.0,50.0,40.0,44.0,26.0,30.0,26.0,53.0,97.67,3975442432,1529925632,1481613312,7.9,7.87,8.21,25297891328,9444020224
2026-05-13T12:19:31.387172+02:00,0.09804594972683442,0.26783274295585285,0.23690039166064528,1.6992872948805666,1.4219004556220092,2.3794351603058557,1.1818085029561467,-0.14141311220261465,-0.2719632175345901,0.15502471316624256,-1.107626782443226,0.4357431973493151,49.0,50.0,50.0,40.0,44.0,26.0,30.0,26.0,53.0,97.67,3975442432,1529925632,1481613312,7.9,7.87,8.21,25297891328,9444020224
2026-05-13T12:19:31.439197+02:00,0.09804594972683442,0.26783274295585285,0.23690039166064528,1.6992872948805666,1.4219004556220092,2.3794351603058557,1.1818085029561467,-0.14141311220261465,-0.2719632175345901,0.15502471316624256,-1.107626782443226,0.4357431973493151,49.0,50.0,50.0,40.0,44.0,26.0,30.0,26.0,53.0,97.67,3975442432,1529925632,1481613312,7.9,7.87,8.21,25297891328,9444020224
2026-05-13T12:19:31.489214+02:00,0.09804594972683442,0.26783274295585285,0.23690039166064528,1.6992872948805666,1.4219004556220092,2.3794351603058557,1.1818085029561467,-0.14141311220261465,-0.2719632175345901,0.15502471316624256,-1.107626782443226,0.4357431973493151,49.0,50.0,50.0,40.0,44.0,26.0,30.0,26.0,53.0,97.67,3975442432,1529925632,1481613312,7.9,7.87,8.21,25297891328,9444020224
2026-05-13T12:19:31.540748+02:00,0.09804594972683442,0.26783274295585285,0.23690039166064528,1.6992872948805666,1.4219004556220092,2.3794351603058557,1.1818085029561467,-0.14141311220261465,-0.2719632175345901,0.15502471316624256,-1.107626782443226,0.4357431973493151,49.0,50.0,50.0,40.0,44.0,26.0,30.0,26.0,53.0,97.67,3975442432,1529925632,1481613312,7.9,7.87,8.21,25297891328,9444020224
2026-05-13T12:19:31.591415+02:00,0.09804594972683442,0.26783274295585285,0.23690039166064528,1.6992872948805666,1.4219004556220092,2.3794351603058557,1.1818085029561467,-0.14141311220261465,-0.2719632175345901,0.15502471316624256,-1.107626782443226,0.4357431973493151,49.0,50.0,50.0,40.0,44.0,26.0,30.0,26.0,53.0,97.67,3975442432,1529925632,1481613312,7.9,7.87,8.21,25297891328,9444020224
2026-05-13T12:19:31.644935+02:00,0.09804594972683442,0.26783274295585285,0.23690039166064528,1.6992872948805666,1.4219004556220092,2.3794351603058557,1.1818085029561467,-0.14141311220261465,-0.2719632175345901,0.15502471316624256,-1.107626782443226,0.4357431973493151,49.0,50.0,50.0,40.0,44.0,26.0,30.0,26.0,53.0,99.26,3975442432,1562456064,1449082880,7.9,7.87,8.21,25297891328,9444020224
2026-05-13T12:19:31.698198+02:00,0.09804594972683442,0.26783274295585285,0.23690039166064528,1.6992872948805666,1.4219004556220092,2.3794351603058557,1.1818085029561467,-0.14141311220261465,-0.2719632175345901,0.15502471316624256,-1.107626782443226,0.4357431973493151,49.0,50.0,50.0,40.0,44.0,26.0,30.0,26.0,53.0,99.26,3975442432,1562456064,1449082880,7.9,7.87,8.21,25297891328,9444020224
2026-05-13T12:19:31.749207+02:00,0.09804594972683442,0.26783274295585285,0.23690039166064528,1.6992872948805666,1.4219004556220092,2.3794351603058557,1.1818085029561467,-0.14141311220261465,-0.2719632175345901,0.15502471316624256,-1.107626782443226,0.4357431973493151,49.0,50.0,50.0,40.0,44.0,26.0,30.0,26.0,53.0,99.26,3975442432,1562456064,1449082880,7.9,7.87,8.21,25297891328,9444020224
2026-05-13T12:19:31.801582+02:00,0.09804594972683442,0.26783274295585285,0.23690039166064528,1.6992872948805666,1.4219004556220092,2.3794351603058557,1.1818085029561467,-0.14141311220261465,-0.2719632175345901,0.15502471316624256,-1.107626782443226,0.4357431973493151,49.0,50.0,50.0,40.0,44.0,26.0,30.0,26.0,53.0,99.26,3975442432,1562456064,1449082880,7.9,7.87,8.21,25297891328,9444020224
2026-05-13T12:19:31.856374+02:00,0.09804594972683442,0.26783274295585285,0.23690039166064528,1.6992872948805666,1.4219004556220092,2.3794351603058557,1.1818085029561467,-0.14141311220261465,-0.2719632175345901,0.15502471316624256,-1.107626782443226,0.4357431973493151,49.0,50.0,50.0,40.0,44.0,26.0,30.0,26.0,53.0,99.26,3975442432,1562456064,1449082880,7.9,7.87,8.21,25297891328,9444020224
2026-05-13T12:19:31.911950+02:00,0.09804594972683442,0.26783274295585285,0.23690039166064528,1.6992872948805666,1.4219004556220092,2.3794351603058557,1.1818085029561467,-0.14141311220261465,-0.2719632175345901,0.15502471316624256,-1.107626782443226,0.4357431973493151,49.0,50.0,50.0,40.0,44.0,26.0,30.0,26.0,53.0,99.26,3975442432,1562456064,1449082880,7.9,7.87,8.21,25297891328,9444020224
2026-05-13T12:19:31.966294+02:00,0.09804594972683442,0.26783274295585285,0.23690039166064528,1.6992872948805666,1.4219004556220092,2.3794351603058557,1.1818085029561467,-0.14141311220261465,-0.2719632175345901,0.15502471316624256,-1.107626782443226,0.4357431973493151,49.0,50.0,50.0,40.0,44.0,26.0,30.0,26.0,53.0,99.26,3975442432,1562456064,1449082880,7.9,7.87,8.21,25297891328,9444020224
2026-05-13T12:19:32.021321+02:00,0.09804594972683442,0.26783274295585285,0.23690039166064528,1.6992872948805666,1.4219004556220092,2.3794351603058557,1.1818085029561467,-0.14141311220261465,-0.2719632175345901,0.15502471316624256,-1.107626782443226,0.4357431973493151,49.0,50.0,50.0,40.0,44.0,26.0,30.0,26.0,53.0,99.26,3975442432,1562456064,1449082880,7.9,7.87,8.21,25297891328,9444020224
2026-05-13T12:19:32.071547+02:00,0.09804594972683442,0.26783274295585285,0.23690039166064528,1.6992872948805666,1.4219004556220092,2.3794351603058557,1.1818085029561467,-0.14141311220261465,-0.2719632175345901,0.15502471316624256,-1.107626782443226,0.4357431973493151,49.0,50.0,50.0,40.0,44.0,26.0,30.0,26.0,53.0,99.26,3975442432,1562456064,1449082880,7.9,7.87,8.21,25297891328,9444020224
2026-05-13T12:19:32.125240+02:00,0.09804594972683442,0.26783274295585285,0.23690039166064528,1.6992872948805666,1.4219004556220092,2.3794351603058557,1.1818085029561467,-0.14141311220261465,-0.2719632175345901,0.15502471316624256,-1.107626782443226,0.4357431973493151,49.0,50.0,50.0,40.0,44.0,26.0,30.0,26.0,53.0,99.26,3975442432,1562456064,1449082880,7.9,7.87,8.21,25297891328,9444020224
2026-05-13T12:19:32.180445+02:00,0.09804594972683442,0.26783274295585285,0.23690039166064528,1.6992872948805666,1.4219004556220092,2.3794351603058557,1.1818085029561467,-0.14141311220261465,-0.2719632175345901,0.15502471316624256,-1.107626782443226,0.4357431973493151,49.0,50.0,50.0,40.0,44.0,26.0,30.0,26.0,53.0,99.26,3975442432,1562456064,1449082880,7.9,7.87,8.21,25297891328,9444020224
2026-05-13T12:19:32.235469+02:00,0.09804594972683442,0.26783274295585285,0.23690039166064528,1.6992872948805666,1.4219004556220092,2.3794351603058557,1.1818085029561467,-0.14141311220261465,-0.2719632175345901,0.15502471316624256,-1.107626782443226,0.4357431973493151,49.0,50.0,50.0,40.0,44.0,26.0,30.0,26.0,53.0,99.26,3975442432,1562456064,1449082880,7.9,7.87,8.21,25297891328,9444020224
2026-05-13T12:19:32.290487+02:00,0.09804594972683442,0.26783274295585285,0.23690039166064528,1.6992872948805666,1.4219004556220092,2.3794351603058557,1.1818085029561467,-0.14141311220261465,-0.2719632175345901,0.15502471316624256,-1.107626782443226,0.4357431973493151,49.0,50.0,50.0,40.0,44.0,26.0,30.0,26.0,53.0,99.26,3975442432,1562456064,1449082880,7.9,7.87,8.21,25297891328,9444020224
2026-05-13T12:19:32.341449+02:00,0.09804594972683442,0.26783274295585285,0.23690039166064528,1.6992872948805666,1.4219004556220092,2.3794351603058557,1.1818085029561467,-0.14141311220261465,-0.2719632175345901,0.15502471316624256,-1.107626782443226,0.4357431973493151,49.0,50.0,50.0,40.0,44.0,26.0,30.0,26.0,53.0,99.26,3975442432,1562456064,1449082880,7.9,7.87,8.21,25297891328,9444020224
2026-05-13T12:19:32.392162+02:00,0.09804594972683442,0.26783274295585285,0.23690039166064528,1.6992872948805666,1.4219004556220092,2.3794351603058557,1.1818085029561467,-0.14141311220261465,-0.2719632175345901,0.15502471316624256,-1.107626782443226,0.4357431973493151,49.0,50.0,50.0,40.0,44.0,26.0,30.0,26.0,53.0,99.26,3975442432,1562456064,1449082880,7.9,7.87,8.21,25297891328,9444020224
2026-05-13T12:19:32.443516+02:00,0.09804594972683442,0.26783274295585285,0.23690039166064528,1.6992872948805666,1.4219004556220092,2.3794351603058557,1.1818085029561467,-0.14141311220261465,-0.2719632175345901,0.15502471316624256,-1.107626782443226,0.4357431973493151,49.0,50.0,50.0,40.0,44.0,26.0,30.0,26.0,53.0,99.26,3975442432,1562456064,1449082880,7.9,7.87,8.21,25297891328,9444020224
2026-05-13T12:19:32.496220+02:00,0.09804594972683442,0.26783274295585285,0.23690039166064528,1.6992872948805666,1.4219004556220092,2.3794351603058557,1.1818085029561467,-0.14141311220261465,-0.2719632175345901,0.15502471316624256,-1.107626782443226,0.4357431973493151,49.0,50.0,50.0,40.0,44.0,26.0,30.0,26.0,53.0,99.26,3975442432,1562456064,1449082880,7.9,7.87,8.21,25297891328,9444020224
2026-05-13T12:19:32.547135+02:00,0.09804594972683442,0.26783274295585285,0.23690039166064528,1.6992872948805666,1.4219004556220092,2.3794351603058557,1.1818085029561467,-0.14141311220261465,-0.2719632175345901,0.15502471316624256,-1.107626782443226,0.4357431973493151,49.0,50.0,50.0,40.0,44.0,26.0,30.0,26.0,53.0,99.26,3975442432,1562456064,1449082880,7.9,7.87,8.21,25297891328,9444020224
2026-05-13T12:19:32.597520+02:00,0.09804594972683442,0.26783274295585285,0.23690039166064528,1.6992872948805666,1.4219004556220092,2.3794351603058557,1.1818085029561467,-0.14141311220261465,-0.2719632175345901,0.15502471316624256,-1.107626782443226,0.4357431973493151,49.0,50.0,50.0,40.0,44.0,26.0,30.0,26.0,53.0,99.26,3975442432,1562456064,1449082880,7.9,7.87,8.21,25297891328,9444020224
2026-05-13T12:19:32.650148+02:00,0.09804594972683442,0.26783274295585285,0.23690039166064528,1.6992872948805666,1.4219004556220092,2.3794351603058557,1.1818085029561467,-0.14141311220261465,-0.2719632175345901,0.15502471316624256,-1.107626782443226,0.4357431973493151,49.0,50.0,50.0,40.0,44.0,26.0,30.0,26.0,53.0,99.26,3975442432,1562456064,1449082880,7.9,7.87,8.21,25297891328,9444020224
2026-05-13T12:19:32.701977+02:00,0.09804594972683442,0.26783274295585285,0.23690039166064528,1.6992872948805666,1.4219004556220092,2.3794351603058557,1.1818085029561467,-0.14141311220261465,-0.2719632175345901,0.15502471316624256,-1.107626782443226,0.4357431973493151,49.0,50.0,50.0,40.0,44.0,26.0,30.0,26.0,52.0,99.26,3975442432,1562456064,1449082880,7.9,7.87,8.21,25297891328,9444020224
2026-05-13T12:19:32.752568+02:00,0.09804594972683442,0.26783274295585285,0.23690039166064528,1.6992872948805666,1.4219004556220092,2.3794351603058557,1.1818085029561467,-0.14141311220261465,-0.2719632175345901,0.15502471316624256,-1.107626782443226,0.4357431973493151,49.0,50.0,50.0,40.0,44.0,26.0,30.0,26.0,52.0,91.18,3975442432,1565868032,1445658624,8.95,8.09,8.27,25297891328,9444020224
2026-05-13T12:19:32.803970+02:00,0.09804594972683442,0.26783274295585285,0.23690039166064528,1.6992872948805666,1.4219004556220092,2.3794351603058557,1.1818085029561467,-0.14141311220261465,-0.2719632175345901,0.15502471316624256,-1.107626782443226,0.4357431973493151,49.0,50.0,50.0,40.0,44.0,26.0,30.0,26.0,52.0,91.18,3975442432,1565868032,1445658624,8.95,8.09,8.27,25297891328,9444020224
2026-05-13T12:19:32.854516+02:00,0.09804594972683442,0.26783274295585285,0.23690039166064528,1.6992872948805666,1.4219004556220092,2.3794351603058557,1.1818085029561467,-0.14141311220261465,-0.2719632175345901,0.15502471316624256,-1.107626782443226,0.4357431973493151,49.0,50.0,50.0,40.0,44.0,26.0,30.0,26.0,52.0,91.18,3975442432,1565868032,1445658624,8.95,8.09,8.27,25297891328,9444020224
2026-05-13T12:19:32.909559+02:00,0.09804594972683442,0.26783274295585285,0.23690039166064528,1.6992872948805666,1.4219004556220092,2.3794351603058557,1.1818085029561467,-0.14141311220261465,-0.2719632175345901,0.15502471316624256,-1.107626782443226,0.4357431973493151,49.0,50.0,50.0,40.0,44.0,26.0,30.0,26.0,52.0,91.18,3975442432,1565868032,1445658624,8.95,8.09,8.27,25297891328,9444020224
2026-05-13T12:19:32.960408+02:00,0.09804594972683442,0.26783274295585285,0.23690039166064528,1.6992872948805666,1.4219004556220092,2.3794351603058557,1.1818085029561467,-0.14141311220261465,-0.2719632175345901,0.15502471316624256,-1.107626782443226,0.4357431973493151,49.0,50.0,50.0,40.0,44.0,26.0,30.0,26.0,52.0,91.18,3975442432,1565868032,1445658624,8.95,8.09,8.27,25297891328,9444020224
2026-05-13T12:19:33.010467+02:00,0.09804594972683442,0.26783274295585285,0.23690039166064528,1.6992872948805666,1.4219004556220092,2.3794351603058557,1.1818085029561467,-0.14141311220261465,-0.2719632175345901,0.15502471316624256,-1.107626782443226,0.4357431973493151,49.0,50.0,50.0,40.0,44.0,26.0,30.0,26.0,52.0,91.18,3975442432,1565868032,1445658624,8.95,8.09,8.27,25297891328,9444020224
2026-05-13T12:19:33.063521+02:00,0.09804594972683442,0.26783274295585285,0.23690039166064528,1.6992872948805666,1.4219004556220092,2.3794351603058557,1.1818085029561467,-0.14141311220261465,-0.2719632175345901,0.15502471316624256,-1.107626782443226,0.4357431973493151,49.0,50.0,50.0,40.0,44.0,26.0,30.0,26.0,52.0,91.18,3975442432,1565868032,1445658624,8.95,8.09,8.27,25297891328,9444020224
2026-05-13T12:19:33.115226+02:00,0.09804594972683442,0.26783274295585285,0.23690039166064528,1.6992872948805666,1.4219004556220092,2.3794351603058557,1.1818085029561467,-0.14141311220261465,-0.2719632175345901,0.15502471316624256,-1.107626782443226,0.4357431973493151,49.0,50.0,50.0,40.0,44.0,26.0,30.0,26.0,52.0,91.18,3975442432,1565868032,1445658624,8.95,8.09,8.27,25297891328,9444020224
2026-05-13T12:19:33.165283+02:00,0.09804594972683442,0.26783274295585285,0.23690039166064528,1.6992872948805666,1.4219004556220092,2.3794351603058557,1.1818085029561467,-0.14141311220261465,-0.2719632175345901,0.15502471316624256,-1.107626782443226,0.4357431973493151,49.0,50.0,50.0,40.0,44.0,26.0,30.0,26.0,52.0,91.18,3975442432,1565868032,1445658624,8.95,8.09,8.27,25297891328,9444020224
2026-05-13T12:19:33.216400+02:00,0.09804594972683442,0.26783274295585285,0.23690039166064528,1.6992872948805666,1.4219004556220092,2.3794351603058557,1.1818085029561467,-0.14141311220261465,-0.2719632175345901,0.15502471316624256,-1.107626782443226,0.4357431973493151,49.0,50.0,50.0,40.0,44.0,26.0,30.0,26.0,52.0,91.18,3975442432,1565868032,1445658624,8.95,8.09,8.27,25297891328,9444020224
2026-05-13T12:19:33.268357+02:00,0.09804594972683442,0.26783274295585285,0.23690039166064528,1.6992872948805666,1.4219004556220092,2.3794351603058557,1.1818085029561467,-0.14141311220261465,-0.2719632175345901,0.15502471316624256,-1.107626782443226,0.4357431973493151,49.0,50.0,50.0,40.0,44.0,26.0,30.0,26.0,52.0,91.18,3975442432,1565868032,1445658624,8.95,8.09,8.27,25297891328,9444020224
2026-05-13T12:19:33.319015+02:00,0.09804594972683442,0.26783274295585285,0.23690039166064528,1.6992872948805666,1.4219004556220092,2.3794351603058557,1.1818085029561467,-0.14141311220261465,-0.2719632175345901,0.15502471316624256,-1.107626782443226,0.4357431973493151,49.0,50.0,50.0,40.0,44.0,26.0,30.0,26.0,52.0,91.18,3975442432,1565868032,1445658624,8.95,8.09,8.27,25297891328,9444020224
2026-05-13T12:19:33.373185+02:00,0.09804594972683442,0.26783274295585285,0.23690039166064528,1.6992872948805666,1.4219004556220092,2.3794351603058557,1.1818085029561467,-0.14141311220261465,-0.2719632175345901,0.15502471316624256,-1.107626782443226,0.4357431973493151,49.0,50.0,50.0,40.0,44.0,26.0,30.0,26.0,52.0,91.18,3975442432,1565868032,1445658624,8.95,8.09,8.27,25297891328,9444020224
2026-05-13T12:19:33.425127+02:00,0.09804594972683442,0.26783274295585285,0.23690039166064528,1.6992872948805666,1.4219004556220092,2.3794351603058557,1.1818085029561467,-0.14141311220261465,-0.2719632175345901,0.15502471316624256,-1.107626782443226,0.4357431973493151,49.0,50.0,50.0,40.0,44.0,26.0,30.0,26.0,52.0,91.18,3975442432,1565868032,1445658624,8.95,8.09,8.27,25297891328,9444020224
2026-05-13T12:19:33.476661+02:00,0.09804594972683442,0.26783274295585285,0.23690039166064528,1.6992872948805666,1.4219004556220092,2.3794351603058557,1.1818085029561467,-0.14141311220261465,-0.2719632175345901,0.15502471316624256,-1.107626782443226,0.4357431973493151,49.0,50.0,50.0,40.0,44.0,26.0,30.0,26.0,52.0,91.18,3975442432,1565868032,1445658624,8.95,8.09,8.27,25297891328,9444020224
2026-05-13T12:19:33.531696+02:00,0.09804594972683442,0.26783274295585285,0.23690039166064528,1.6992872948805666,1.4219004556220092,2.3794351603058557,1.1818085029561467,-0.14141311220261465,-0.2719632175345901,0.15502471316624256,-1.107626782443226,0.4357431973493151,49.0,50.0,50.0,40.0,44.0,26.0,30.0,26.0,52.0,91.18,3975442432,1565868032,1445658624,8.95,8.09,8.27,25297891328,9444020224
2026-05-13T12:19:33.583256+02:00,0.09804594972683442,0.26783274295585285,0.23690039166064528,1.6992872948805666,1.4219004556220092,2.3794351603058557,1.1818085029561467,-0.14141311220261465,-0.2719632175345901,0.15502471316624256,-1.107626782443226,0.4357431973493151,49.0,50.0,50.0,40.0,44.0,26.0,30.0,26.0,52.0,91.18,3975442432,1565868032,1445658624,8.95,8.09,8.27,25297891328,9444020224
2026-05-13T12:19:33.634146+02:00,0.09804594972683442,0.26783274295585285,0.23690039166064528,1.6992872948805666,1.4219004556220092,2.3794351603058557,1.1818085029561467,-0.14141311220261465,-0.2719632175345901,0.15502471316624256,-1.107626782443226,0.4357431973493151,49.0,50.0,50.0,40.0,44.0,26.0,30.0,26.0,52.0,91.18,3975442432,1565868032,1445658624,8.95,8.09,8.27,25297891328,9444020224
2026-05-13T12:19:33.685868+02:00,0.09804594972683442,0.26783274295585285,0.23690039166064528,1.6992872948805666,1.4219004556220092,2.3794351603058557,1.1818085029561467,-0.14141311220261465,-0.2719632175345901,0.15502471316624256,-1.107626782443226,0.4357431973493151,49.0,50.0,50.0,40.0,44.0,26.0,30.0,26.0,52.0,93.01,3975442432,1566658560,1444855808,8.95,8.09,8.27,25297891328,9444020224
2026-05-13T12:19:33.736945+02:00,0.09804594972683442,0.26783274295585285,0.23690039166064528,1.6992872948805666,1.4219004556220092,2.3794351603058557,1.1818085029561467,-0.14141311220261465,-0.2719632175345901,0.15502471316624256,-1.107626782443226,0.4357431973493151,49.0,50.0,50.0,40.0,44.0,26.0,30.0,26.0,52.0,93.01,3975442432,1566658560,1444855808,8.95,8.09,8.27,25297891328,9444020224
2026-05-13T12:19:33.787842+02:00,0.09804594972683442,0.26783274295585285,0.23690039166064528,1.6992872948805666,1.4219004556220092,2.3794351603058557,1.1818085029561467,-0.14141311220261465,-0.2719632175345901,0.15502471316624256,-1.107626782443226,0.4357431973493151,49.0,50.0,50.0,40.0,44.0,26.0,30.0,26.0,52.0,93.01,3975442432,1566658560,1444855808,8.95,8.09,8.27,25297891328,9444020224
2026-05-13T12:19:33.840255+02:00,0.09804594972683442,0.26783274295585285,0.23690039166064528,1.6992872948805666,1.4219004556220092,2.3794351603058557,1.1818085029561467,-0.14141311220261465,-0.2719632175345901,0.15502471316624256,-1.107626782443226,0.4357431973493151,49.0,50.0,50.0,40.0,44.0,26.0,30.0,26.0,52.0,93.01,3975442432,1566658560,1444855808,8.95,8.09,8.27,25297891328,9444020224
2026-05-13T12:19:33.893961+02:00,0.09804594972683442,0.26783274295585285,0.23690039166064528,1.6992872948805666,1.4219004556220092,2.3794351603058557,1.1818085029561467,-0.14141311220261465,-0.2719632175345901,0.15502471316624256,-1.107626782443226,0.4357431973493151,49.0,50.0,50.0,40.0,44.0,26.0,30.0,26.0,52.0,93.01,3975442432,1566658560,1444855808,8.95,8.09,8.27,25297891328,9444020224
2026-05-13T12:19:33.948984+02:00,0.09804594972683442,0.26783274295585285,0.23690039166064528,1.6992872948805666,1.4219004556220092,2.3794351603058557,1.1818085029561467,-0.14141311220261465,-0.2719632175345901,0.15502471316624256,-1.107626782443226,0.4357431973493151,49.0,50.0,50.0,40.0,44.0,26.0,30.0,26.0,52.0,93.01,3975442432,1566658560,1444855808,8.95,8.09,8.27,25297891328,9444020224
2026-05-13T12:19:34.001259+02:00,0.09804594972683442,0.26783274295585285,0.23690039166064528,1.6992872948805666,1.4219004556220092,2.3794351603058557,1.1818085029561467,-0.14141311220261465,-0.2719632175345901,0.15502471316624256,-1.107626782443226,0.4357431973493151,49.0,50.0,50.0,40.0,44.0,26.0,30.0,26.0,52.0,93.01,3975442432,1566658560,1444855808,8.95,8.09,8.27,25297891328,9444020224
2026-05-13T12:19:34.053153+02:00,0.09804594972683442,0.26783274295585285,0.23690039166064528,1.6992872948805666,1.4219004556220092,2.3794351603058557,1.1818085029561467,-0.14141311220261465,-0.2719632175345901,0.15502471316624256,-1.107626782443226,0.4357431973493151,49.0,50.0,50.0,40.0,44.0,26.0,30.0,26.0,52.0,93.01,3975442432,1566658560,1444855808,8.95,8.09,8.27,25297891328,9444020224
2026-05-13T12:19:34.106535+02:00,0.09804594972683442,0.26783274295585285,0.23690039166064528,1.6992872948805666,1.4219004556220092,2.3794351603058557,1.1818085029561467,-0.14141311220261465,-0.2719632175345901,0.15502471316624256,-1.107626782443226,0.4357431973493151,49.0,50.0,50.0,40.0,44.0,26.0,30.0,26.0,52.0,93.01,3975442432,1566658560,1444855808,8.95,8.09,8.27,25297891328,9444020224
2026-05-13T12:19:34.157773+02:00,0.09804594972683442,0.26783274295585285,0.23690039166064528,1.6992872948805666,1.4219004556220092,2.3794351603058557,1.1818085029561467,-0.14141311220261465,-0.2719632175345901,0.15502471316624256,-1.107626782443226,0.4357431973493151,49.0,50.0,50.0,40.0,44.0,26.0,30.0,26.0,52.0,93.01,3975442432,1566658560,1444855808,8.95,8.09,8.27,25297891328,9444020224
2026-05-13T12:19:34.208494+02:00,0.09804594972683442,0.26783274295585285,0.23690039166064528,1.6992872948805666,1.4219004556220092,2.3794351603058557,1.1818085029561467,-0.14141311220261465,-0.2719632175345901,0.15502471316624256,-1.107626782443226,0.4357431973493151,49.0,50.0,50.0,40.0,44.0,26.0,30.0,26.0,52.0,93.01,3975442432,1566658560,1444855808,8.95,8.09,8.27,25297891328,9444020224
2026-05-13T12:19:34.263529+02:00,0.09804594972683442,0.26783274295585285,0.23690039166064528,1.6992872948805666,1.4219004556220092,2.3794351603058557,1.1818085029561467,-0.14141311220261465,-0.2719632175345901,0.15502471316624256,-1.107626782443226,0.4357431973493151,49.0,50.0,50.0,40.0,44.0,26.0,30.0,26.0,52.0,93.01,3975442432,1566658560,1444855808,8.95,8.09,8.27,25297891328,9444020224
2026-05-13T12:19:34.315012+02:00,0.09804594972683442,0.26783274295585285,0.23690039166064528,1.6992872948805666,1.4219004556220092,2.3794351603058557,1.1818085029561467,-0.14141311220261465,-0.2719632175345901,0.15502471316624256,-1.107626782443226,0.4357431973493151,49.0,50.0,50.0,40.0,44.0,26.0,30.0,26.0,52.0,93.01,3975442432,1566658560,1444855808,8.95,8.09,8.27,25297891328,9444020224
2026-05-13T12:19:34.367494+02:00,0.09804594972683442,0.26783274295585285,0.23690039166064528,1.6992872948805666,1.4219004556220092,2.3794351603058557,1.1818085029561467,-0.14141311220261465,-0.2719632175345901,0.15502471316624256,-1.107626782443226,0.4357431973493151,49.0,50.0,50.0,40.0,44.0,26.0,30.0,26.0,52.0,93.01,3975442432,1566658560,1444855808,8.95,8.09,8.27,25297891328,9444020224
2026-05-13T12:19:34.418113+02:00,0.09804594972683442,0.26783274295585285,0.23690039166064528,1.6992872948805666,1.4219004556220092,2.3794351603058557,1.1818085029561467,-0.14141311220261465,-0.2719632175345901,0.15502471316624256,-1.107626782443226,0.4357431973493151,49.0,50.0,50.0,40.0,44.0,26.0,30.0,26.0,52.0,93.01,3975442432,1566658560,1444855808,8.95,8.09,8.27,25297891328,9444020224
2026-05-13T12:19:34.473597+02:00,0.09804594972683442,0.26783274295585285,0.23690039166064528,1.6992872948805666,1.4219004556220092,2.3794351603058557,1.1818085029561467,-0.14141311220261465,-0.2719632175345901,0.15502471316624256,-1.107626782443226,0.4357431973493151,49.0,50.0,50.0,40.0,44.0,26.0,30.0,26.0,52.0,93.01,3975442432,1566658560,1444855808,8.95,8.09,8.27,25297891328,9444020224
2026-05-13T12:19:34.524995+02:00,0.09804594972683442,0.26783274295585285,0.23690039166064528,1.6992872948805666,1.4219004556220092,2.3794351603058557,1.1818085029561467,-0.14141311220261465,-0.2719632175345901,0.15502471316624256,-1.107626782443226,0.4357431973493151,49.0,50.0,50.0,40.0,44.0,26.0,30.0,26.0,52.0,93.01,3975442432,1566658560,1444855808,8.95,8.09,8.27,25297891328,9444020224
2026-05-13T12:19:34.575032+02:00,0.09804594972683442,0.26783274295585285,0.23690039166064528,1.6992872948805666,1.4219004556220092,2.3794351603058557,1.1818085029561467,-0.14141311220261465,-0.2719632175345901,0.15502471316624256,-1.107626782443226,0.4357431973493151,49.0,50.0,50.0,40.0,44.0,26.0,30.0,26.0,52.0,93.01,3975442432,1566658560,1444855808,8.95,8.09,8.27,25297891328,9444020224
2026-05-13T12:19:34.625275+02:00,0.09804594972683442,0.26783274295585285,0.23690039166064528,1.6992872948805666,1.4219004556220092,2.3794351603058557,1.1818085029561467,-0.14141311220261465,-0.2719632175345901,0.15502471316624256,-1.107626782443226,0.4357431973493151,49.0,50.0,50.0,40.0,44.0,26.0,30.0,26.0,52.0,93.01,3975442432,1566658560,1444855808,8.95,8.09,8.27,25297891328,9444020224
2026-05-13T12:19:34.676659+02:00,0.09804594972683442,0.26783274295585285,0.23690039166064528,1.6992872948805666,1.4219004556220092,2.3794351603058557,1.1818085029561467,-0.14141311220261465,-0.2719632175345901,0.15502471316624256,-1.107626782443226,0.4357431973493151,49.0,50.0,50.0,40.0,44.0,26.0,30.0,26.0,52.0,93.01,3975442432,1566658560,1444855808,8.95,8.09,8.27,25297891328,9444020224
2026-05-13T12:19:34.732287+02:00,0.09804594972683442,0.26783274295585285,0.23690039166064528,1.6992872948805666,1.4219004556220092,2.3794351603058557,1.1818085029561467,-0.14141311220261465,-0.2719632175345901,0.15502471316624256,-1.107626782443226,0.4357431973493151,49.0,50.0,50.0,40.0,44.0,26.0,30.0,26.0,52.0,93.01,3975442432,1566658560,1444855808,8.95,8.09,8.27,25297891328,9444020224
2026-05-13T12:19:34.786946+02:00,0.09804594972683442,0.26783274295585285,0.23690039166064528,1.6992872948805666,1.4219004556220092,2.3794351603058557,1.1818085029561467,-0.14141311220261465,-0.2719632175345901,0.15502471316624256,-1.107626782443226,0.4357431973493151,49.0,50.0,50.0,40.0,44.0,26.0,30.0,26.0,52.0,93.59,3975442432,1561096192,1450418176,8.95,8.09,8.27,25297891328,9444024320
2026-05-13T12:19:34.841575+02:00,0.09804594972683442,0.26783274295585285,0.23690039166064528,1.6992872948805666,1.4219004556220092,2.3794351603058557,1.1818085029561467,-0.14141311220261465,-0.2719632175345901,0.15502471316624256,-1.107626782443226,0.4357431973493151,49.0,50.0,50.0,40.0,44.0,26.0,30.0,26.0,52.0,93.59,3975442432,1561096192,1450418176,8.95,8.09,8.27,25297891328,9444024320
2026-05-13T12:19:34.892845+02:00,0.09804594972683442,0.26783274295585285,0.23690039166064528,1.6992872948805666,1.4219004556220092,2.3794351603058557,1.1818085029561467,-0.14141311220261465,-0.2719632175345901,0.15502471316624256,-1.107626782443226,0.4357431973493151,49.0,50.0,50.0,40.0,44.0,26.0,30.0,26.0,52.0,93.59,3975442432,1561096192,1450418176,8.95,8.09,8.27,25297891328,9444024320
2026-05-13T12:19:34.944012+02:00,0.09804594972683442,0.26783274295585285,0.23690039166064528,1.6992872948805666,1.4219004556220092,2.3794351603058557,1.1818085029561467,-0.14141311220261465,-0.2719632175345901,0.15502471316624256,-1.107626782443226,0.4357431973493151,49.0,50.0,50.0,40.0,44.0,26.0,30.0,26.0,52.0,93.59,3975442432,1561096192,1450418176,8.95,8.09,8.27,25297891328,9444024320
2026-05-13T12:19:34.994129+02:00,0.09804594972683442,0.26783274295585285,0.23690039166064528,1.6992872948805666,1.4219004556220092,2.3794351603058557,1.1818085029561467,-0.14141311220261465,-0.2719632175345901,0.15502471316624256,-1.107626782443226,0.4357431973493151,49.0,50.0,50.0,40.0,44.0,26.0,30.0,26.0,52.0,93.59,3975442432,1561096192,1450418176,8.95,8.09,8.27,25297891328,9444024320
2026-05-13T12:19:35.044177+02:00,0.09804594972683442,0.26783274295585285,0.23690039166064528,1.6992872948805666,1.4219004556220092,2.3794351603058557,1.1818085029561467,-0.14141311220261465,-0.2719632175345901,0.15502471316624256,-1.107626782443226,0.4357431973493151,49.0,50.0,50.0,40.0,44.0,26.0,30.0,26.0,52.0,93.59,3975442432,1561096192,1450418176,8.95,8.09,8.27,25297891328,9444024320
2026-05-13T12:19:35.095436+02:00,0.09804594972683442,0.26783274295585285,0.23690039166064528,1.6992872948805666,1.4219004556220092,2.3794351603058557,1.1818085029561467,-0.14141311220261465,-0.2719632175345901,0.15502471316624256,-1.107626782443226,0.4357431973493151,49.0,50.0,50.0,40.0,44.0,26.0,30.0,26.0,52.0,93.59,3975442432,1561096192,1450418176,8.95,8.09,8.27,25297891328,9444024320
2026-05-13T12:19:35.147169+02:00,0.09804594972683442,0.26783274295585285,0.23690039166064528,1.6992872948805666,1.4219004556220092,2.3794351603058557,1.1818085029561467,-0.14141311220261465,-0.2719632175345901,0.15502471316624256,-1.107626782443226,0.4357431973493151,49.0,50.0,50.0,40.0,44.0,26.0,30.0,26.0,52.0,93.59,3975442432,1561096192,1450418176,8.95,8.09,8.27,25297891328,9444024320
2026-05-13T12:19:35.201466+02:00,0.09804594972683442,0.26783274295585285,0.23690039166064528,1.6992872948805666,1.4219004556220092,2.3794351603058557,1.1818085029561467,-0.14141311220261465,-0.2719632175345901,0.15502471316624256,-1.107626782443226,0.4357431973493151,49.0,50.0,50.0,40.0,44.0,26.0,30.0,26.0,52.0,93.59,3975442432,1561096192,1450418176,8.95,8.09,8.27,25297891328,9444024320
2026-05-13T12:19:35.253061+02:00,0.09804594972683442,0.26783274295585285,0.23690039166064528,1.6992872948805666,1.4219004556220092,2.3794351603058557,1.1818085029561467,-0.14141311220261465,-0.2719632175345901,0.15502471316624256,-1.107626782443226,0.4357431973493151,49.0,50.0,50.0,40.0,44.0,26.0,30.0,26.0,52.0,93.59,3975442432,1561096192,1450418176,8.95,8.09,8.27,25297891328,9444024320
2026-05-13T12:19:35.308195+02:00,0.09804594972683442,0.26783274295585285,0.23690039166064528,1.6992872948805666,1.4219004556220092,2.3794351603058557,1.1818085029561467,-0.14141311220261465,-0.2719632175345901,0.15502471316624256,-1.107626782443226,0.4357431973493151,49.0,50.0,50.0,40.0,44.0,26.0,30.0,26.0,52.0,93.59,3975442432,1561096192,1450418176,8.95,8.09,8.27,25297891328,9444024320
2026-05-13T12:19:35.363226+02:00,0.09804594972683442,0.26783274295585285,0.23690039166064528,1.6992872948805666,1.4219004556220092,2.3794351603058557,1.1818085029561467,-0.14141311220261465,-0.2719632175345901,0.15502471316624256,-1.107626782443226,0.4357431973493151,49.0,50.0,50.0,40.0,44.0,26.0,30.0,26.0,52.0,93.59,3975442432,1561096192,1450418176,8.95,8.09,8.27,25297891328,9444024320
2026-05-13T12:19:35.414311+02:00,0.09804594972683442,0.26783274295585285,0.23690039166064528,1.6992872948805666,1.4219004556220092,2.3794351603058557,1.1818085029561467,-0.14141311220261465,-0.2719632175345901,0.15502471316624256,-1.107626782443226,0.4357431973493151,49.0,50.0,50.0,40.0,44.0,26.0,30.0,26.0,52.0,93.59,3975442432,1561096192,1450418176,8.95,8.09,8.27,25297891328,9444024320
2026-05-13T12:19:35.469327+02:00,0.09804594972683442,0.26783274295585285,0.23690039166064528,1.6992872948805666,1.4219004556220092,2.3794351603058557,1.1818085029561467,-0.14141311220261465,-0.2719632175345901,0.15502471316624256,-1.107626782443226,0.4357431973493151,49.0,50.0,50.0,40.0,44.0,26.0,30.0,26.0,52.0,93.59,3975442432,1561096192,1450418176,8.95,8.09,8.27,25297891328,9444024320
2026-05-13T12:19:35.522162+02:00,0.09804594972683442,0.26783274295585285,0.23690039166064528,1.6992872948805666,1.4219004556220092,2.3794351603058557,1.1818085029561467,-0.14141311220261465,-0.2719632175345901,0.15502471316624256,-1.107626782443226,0.4357431973493151,49.0,50.0,50.0,40.0,44.0,26.0,30.0,26.0,52.0,93.59,3975442432,1561096192,1450418176,8.95,8.09,8.27,25297891328,9444024320
2026-05-13T12:19:35.573691+02:00,0.09804594972683442,0.26783274295585285,0.23690039166064528,1.6992872948805666,1.4219004556220092,2.3794351603058557,1.1818085029561467,-0.14141311220261465,-0.2719632175345901,0.15502471316624256,-1.107626782443226,0.4357431973493151,49.0,50.0,50.0,40.0,44.0,26.0,30.0,26.0,52.0,93.59,3975442432,1561096192,1450418176,8.95,8.09,8.27,25297891328,9444024320
2026-05-13T12:19:35.625699+02:00,0.09804594972683442,0.26783274295585285,0.23690039166064528,1.6992872948805666,1.4219004556220092,2.3794351603058557,1.1818085029561467,-0.14141311220261465,-0.2719632175345901,0.15502471316624256,-1.107626782443226,0.4357431973493151,49.0,50.0,50.0,40.0,44.0,26.0,30.0,26.0,52.0,93.59,3975442432,1561096192,1450418176,8.95,8.09,8.27,25297891328,9444024320
2026-05-13T12:19:35.680707+02:00,0.09804594972683442,0.26783274295585285,0.23690039166064528,1.6992872948805666,1.4219004556220092,2.3794351603058557,1.1818085029561467,-0.14141311220261465,-0.2719632175345901,0.15502471316624256,-1.107626782443226,0.4357431973493151,49.0,50.0,50.0,40.0,44.0,26.0,30.0,26.0,52.0,93.59,3975442432,1561096192,1450418176,8.95,8.09,8.27,25297891328,9444024320
2026-05-13T12:19:35.731080+02:00,0.09804594972683442,0.26783274295585285,0.23690039166064528,1.6992872948805666,1.4219004556220092,2.3794351603058557,1.1818085029561467,-0.14141311220261465,-0.2719632175345901,0.15502471316624256,-1.107626782443226,0.4357431973493151,49.0,50.0,50.0,40.0,44.0,26.0,30.0,26.0,52.0,93.59,3975442432,1561096192,1450418176,8.95,8.09,8.27,25297891328,9444024320
2026-05-13T12:19:35.782080+02:00,0.09804594972683442,0.26783274295585285,0.23690039166064528,1.6992872948805666,1.4219004556220092,2.3794351603058557,1.1818085029561467,-0.14141311220261465,-0.2719632175345901,0.15502471316624256,-1.107626782443226,0.4357431973493151,49.0,50.0,50.0,40.0,44.0,26.0,30.0,26.0,52.0,93.59,3975442432,1561096192,1450418176,8.95,8.09,8.27,25297891328,9444024320
2026-05-13T12:19:35.833218+02:00,0.09804594972683442,0.26783274295585285,0.23690039166064528,1.6992872948805666,1.4219004556220092,2.3794351603058557,1.1818085029561467,-0.14141311220261465,-0.2719632175345901,0.15502471316624256,-1.107626782443226,0.4357431973493151,49.0,50.0,50.0,40.0,44.0,26.0,30.0,26.0,52.0,93.59,3975442432,1561096192,1450418176,8.95,8.09,8.27,25297891328,9444024320
2026-05-13T12:19:35.884505+02:00,0.09804594972683442,0.26783274295585285,0.23690039166064528,1.6992872948805666,1.4219004556220092,2.3794351603058557,1.1818085029561467,-0.14141311220261465,-0.2719632175345901,0.15502471316624256,-1.107626782443226,0.4357431973493151,49.0,50.0,50.0,40.0,44.0,26.0,30.0,26.0,52.0,93.59,3975442432,1561096192,1450418176,8.95,8.09,8.27,25297891328,9444024320
2026-05-13T12:19:35.938924+02:00,0.09804594972683442,0.26783274295585285,0.23690039166064528,1.6992872948805666,1.4219004556220092,2.3794351603058557,1.1818085029561467,-0.14141311220261465,-0.2719632175345901,0.15502471316624256,-1.107626782443226,0.4357431973493151,49.0,50.0,50.0,40.0,44.0,26.0,30.0,26.0,52.0,93.59,3975442432,1561096192,1450418176,8.95,8.09,8.27,25297891328,9444024320
2026-05-13T12:19:35.993905+02:00,0.09804594972683442,0.26783274295585285,0.23690039166064528,1.6992872948805666,1.4219004556220092,2.3794351603058557,1.1818085029561467,-0.14141311220261465,-0.2719632175345901,0.15502471316624256,-1.107626782443226,0.4357431973493151,49.0,50.0,50.0,40.0,44.0,26.0,30.0,26.0,52.0,93.59,3975442432,1561096192,1450418176,8.95,8.09,8.27,25297891328,9444024320
2026-05-13T12:19:36.048925+02:00,0.09804594972683442,0.26783274295585285,0.23690039166064528,1.6992872948805666,1.4219004556220092,2.3794351603058557,1.1818085029561467,-0.14141311220261465,-0.2719632175345901,0.15502471316624256,-1.107626782443226,0.4357431973493151,49.0,50.0,50.0,40.0,44.0,26.0,30.0,26.0,52.0,93.59,3975442432,1561096192,1450418176,8.95,8.09,8.27,25297891328,9444024320
2026-05-13T12:19:36.099110+02:00,0.09804594972683442,0.26783274295585285,0.23690039166064528,1.6992872948805666,1.4219004556220092,2.3794351603058557,1.1818085029561467,-0.14141311220261465,-0.2719632175345901,0.15502471316624256,-1.107626782443226,0.4357431973493151,49.0,50.0,50.0,40.0,44.0,26.0,30.0,26.0,52.0,93.59,3975442432,1561096192,1450418176,8.95,8.09,8.27,25297891328,9444024320
2026-05-13T12:19:36.153895+02:00,0.09804594972683442,0.26783274295585285,0.23690039166064528,1.6992872948805666,1.4219004556220092,2.3794351603058557,1.1818085029561467,-0.14141311220261465,-0.2719632175345901,0.15502471316624256,-1.107626782443226,0.4357431973493151,49.0,50.0,50.0,40.0,44.0,26.0,30.0,26.0,52.0,93.59,3975442432,1561096192,1450418176,8.95,8.09,8.27,25297891328,9444024320
2026-05-13T12:19:36.204050+02:00,0.09804594972683442,0.26783274295585285,0.23690039166064528,1.6992872948805666,1.4219004556220092,2.3794351603058557,1.1818085029561467,-0.14141311220261465,-0.2719632175345901,0.15502471316624256,-1.107626782443226,0.4357431973493151,49.0,50.0,50.0,40.0,44.0,26.0,30.0,26.0,52.0,93.59,3975442432,1561096192,1450418176,8.95,8.09,8.27,25297891328,9444024320
2026-05-13T12:19:36.254330+02:00,0.09804594972683442,0.26783274295585285,0.23690039166064528,1.6992872948805666,1.4219004556220092,2.3794351603058557,1.1818085029561467,-0.14141311220261465,-0.2719632175345901,0.15502471316624256,-1.107626782443226,0.4357431973493151,49.0,50.0,50.0,40.0,44.0,26.0,30.0,26.0,52.0,93.59,3975442432,1561096192,1450418176,8.95,8.09,8.27,25297891328,9444024320
2026-05-13T12:19:36.309372+02:00,0.09804594972683442,0.26783274295585285,0.23690039166064528,1.6992872948805666,1.4219004556220092,2.3794351603058557,1.1818085029561467,-0.14141311220261465,-0.2719632175345901,0.15502471316624256,-1.107626782443226,0.4357431973493151,49.0,50.0,50.0,40.0,44.0,26.0,30.0,26.0,52.0,93.59,3975442432,1561096192,1450418176,8.95,8.09,8.27,25297891328,9444024320
2026-05-13T12:19:36.361018+02:00,0.09804594972683442,0.26783274295585285,0.23690039166064528,1.6992872948805666,1.4219004556220092,2.3794351603058557,1.1818085029561467,-0.14141311220261465,-0.2719632175345901,0.15502471316624256,-1.107626782443226,0.4357431973493151,49.0,50.0,50.0,40.0,44.0,26.0,30.0,26.0,52.0,90.26,3975442432,1528750080,1482752000,8.95,8.09,8.27,25297891328,9444024320
2026-05-13T12:19:36.412068+02:00,0.09804594972683442,0.26783274295585285,0.23690039166064528,1.6992872948805666,1.4219004556220092,2.3794351603058557,1.1818085029561467,-0.14141311220261465,-0.2719632175345901,0.15502471316624256,-1.107626782443226,0.4357431973493151,49.0,50.0,50.0,40.0,44.0,26.0,30.0,26.0,52.0,90.26,3975442432,1528750080,1482752000,8.95,8.09,8.27,25297891328,9444024320
2026-05-13T12:19:36.466411+02:00,0.09804594972683442,0.26783274295585285,0.23690039166064528,1.6992872948805666,1.4219004556220092,2.3794351603058557,1.1818085029561467,-0.14141311220261465,-0.2719632175345901,0.15502471316624256,-1.107626782443226,0.4357431973493151,49.0,50.0,50.0,40.0,44.0,26.0,30.0,26.0,52.0,90.26,3975442432,1528750080,1482752000,8.95,8.09,8.27,25297891328,9444024320
2026-05-13T12:19:36.517164+02:00,0.09804594972683442,0.26783274295585285,0.23690039166064528,1.6992872948805666,1.4219004556220092,2.3794351603058557,1.1818085029561467,-0.14141311220261465,-0.2719632175345901,0.15502471316624256,-1.107626782443226,0.4357431973493151,49.0,50.0,50.0,40.0,44.0,26.0,30.0,26.0,52.0,90.26,3975442432,1528750080,1482752000,8.95,8.09,8.27,25297891328,9444024320
2026-05-13T12:19:36.568476+02:00,0.09804594972683442,0.26783274295585285,0.23690039166064528,1.6992872948805666,1.4219004556220092,2.3794351603058557,1.1818085029561467,-0.14141311220261465,-0.2719632175345901,0.15502471316624256,-1.107626782443226,0.4357431973493151,49.0,50.0,50.0,40.0,44.0,26.0,30.0,26.0,52.0,90.26,3975442432,1528750080,1482752000,8.95,8.09,8.27,25297891328,9444024320
2026-05-13T12:19:36.620525+02:00,0.09804594972683442,0.26783274295585285,0.23690039166064528,1.6992872948805666,1.4219004556220092,2.3794351603058557,1.1818085029561467,-0.14141311220261465,-0.2719632175345901,0.15502471316624256,-1.107626782443226,0.4357431973493151,49.0,50.0,50.0,40.0,44.0,26.0,30.0,26.0,52.0,90.26,3975442432,1528750080,1482752000,8.95,8.09,8.27,25297891328,9444024320
2026-05-13T12:19:36.670801+02:00,0.09804594972683442,0.26783274295585285,0.23690039166064528,1.6992872948805666,1.4219004556220092,2.3794351603058557,1.1818085029561467,-0.14141311220261465,-0.2719632175345901,0.15502471316624256,-1.107626782443226,0.4357431973493151,49.0,50.0,50.0,40.0,44.0,26.0,30.0,26.0,52.0,90.26,3975442432,1528750080,1482752000,8.95,8.09,8.27,25297891328,9444024320
2026-05-13T12:19:36.721303+02:00,0.09804594972683442,0.26783274295585285,0.23690039166064528,1.6992872948805666,1.4219004556220092,2.3794351603058557,1.1818085029561467,-0.14141311220261465,-0.2719632175345901,0.15502471316624256,-1.107626782443226,0.4357431973493151,49.0,50.0,50.0,40.0,44.0,26.0,30.0,26.0,52.0,90.26,3975442432,1528750080,1482752000,8.95,8.09,8.27,25297891328,9444024320
2026-05-13T12:19:36.775677+02:00,0.09804594972683442,0.26783274295585285,0.23690039166064528,1.6992872948805666,1.4219004556220092,2.3794351603058557,1.1818085029561467,-0.14141311220261465,-0.2719632175345901,0.15502471316624256,-1.107626782443226,0.4357431973493151,49.0,50.0,50.0,40.0,44.0,26.0,30.0,26.0,52.0,90.26,3975442432,1528750080,1482752000,8.95,8.09,8.27,25297891328,9444024320
2026-05-13T12:19:36.826923+02:00,0.09804594972683442,0.26783274295585285,0.23690039166064528,1.6992872948805666,1.4219004556220092,2.3794351603058557,1.1818085029561467,-0.14141311220261465,-0.2719632175345901,0.15502471316624256,-1.107626782443226,0.4357431973493151,49.0,50.0,50.0,40.0,44.0,26.0,30.0,26.0,52.0,90.26,3975442432,1528750080,1482752000,8.95,8.09,8.27,25297891328,9444024320
2026-05-13T12:19:36.877494+02:00,0.09804594972683442,0.26783274295585285,0.23690039166064528,1.6992872948805666,1.4219004556220092,2.3794351603058557,1.1818085029561467,-0.14141311220261465,-0.2719632175345901,0.15502471316624256,-1.107626782443226,0.4357431973493151,49.0,50.0,50.0,40.0,44.0,26.0,30.0,26.0,52.0,90.26,3975442432,1528750080,1482752000,8.95,8.09,8.27,25297891328,9444024320
2026-05-13T12:19:36.928203+02:00,0.09804594972683442,0.26783274295585285,0.23690039166064528,1.6992872948805666,1.4219004556220092,2.3794351603058557,1.1818085029561467,-0.14141311220261465,-0.2719632175345901,0.15502471316624256,-1.107626782443226,0.4357431973493151,49.0,50.0,50.0,40.0,44.0,26.0,30.0,26.0,52.0,90.26,3975442432,1528750080,1482752000,8.95,8.09,8.27,25297891328,9444024320
2026-05-13T12:19:36.983323+02:00,0.09804594972683442,0.26783274295585285,0.23690039166064528,1.6992872948805666,1.4219004556220092,2.3794351603058557,1.1818085029561467,-0.14141311220261465,-0.2719632175345901,0.15502471316624256,-1.107626782443226,0.4357431973493151,49.0,50.0,50.0,40.0,44.0,26.0,30.0,26.0,52.0,90.26,3975442432,1528750080,1482752000,8.95,8.09,8.27,25297891328,9444024320
2026-05-13T12:19:37.034061+02:00,0.09804594972683442,0.26783274295585285,0.23690039166064528,1.6992872948805666,1.4219004556220092,2.3794351603058557,1.1818085029561467,-0.14141311220261465,-0.2719632175345901,0.15502471316624256,-1.107626782443226,0.4357431973493151,49.0,50.0,50.0,40.0,44.0,26.0,30.0,26.0,52.0,90.26,3975442432,1528750080,1482752000,8.95,8.09,8.27,25297891328,9444024320
2026-05-13T12:19:37.089077+02:00,0.09804594972683442,0.26783274295585285,0.23690039166064528,1.6992872948805666,1.4219004556220092,2.3794351603058557,1.1818085029561467,-0.14141311220261465,-0.2719632175345901,0.15502471316624256,-1.1060928016553402,0.4357431973493151,49.0,50.0,50.0,40.0,44.0,26.0,30.0,26.0,52.0,90.26,3975442432,1528750080,1482752000,8.95,8.09,8.27,25297891328,9444024320
2026-05-13T12:19:37.143297+02:00,0.09804594972683442,0.26783274295585285,0.23690039166064528,1.6992872948805666,1.4219004556220092,2.3794351603058557,1.1818085029561467,-0.14141311220261465,-0.2719632175345901,0.15502471316624256,-1.1060928016553402,0.4357431973493151,49.0,50.0,50.0,40.0,44.0,26.0,30.0,26.0,52.0,90.26,3975442432,1528750080,1482752000,8.95,8.09,8.27,25297891328,9444024320
2026-05-13T12:19:37.194581+02:00,0.09804594972683442,0.26783274295585285,0.23690039166064528,1.6992872948805666,1.4219004556220092,2.3794351603058557,1.1818085029561467,-0.14141311220261465,-0.2719632175345901,0.15502471316624256,-1.1060928016553402,0.4357431973493151,49.0,50.0,50.0,40.0,44.0,26.0,30.0,26.0,52.0,90.26,3975442432,1528750080,1482752000,8.95,8.09,8.27,25297891328,9444024320
2026-05-13T12:19:37.249584+02:00,0.09804594972683442,0.26783274295585285,0.23690039166064528,1.6992872948805666,1.4219004556220092,2.3794351603058557,1.1818085029561467,-0.14141311220261465,-0.2719632175345901,0.15502471316624256,-1.1060928016553402,0.4357431973493151,49.0,50.0,50.0,40.0,44.0,26.0,30.0,26.0,52.0,93.23,3975442432,1528725504,1482776576,8.63,8.04,8.26,25297891328,9444024320
2026-05-13T12:19:37.301183+02:00,0.09804594972683442,0.26783274295585285,0.23690039166064528,1.6992872948805666,1.4219004556220092,2.3794351603058557,1.1818085029561467,-0.14141311220261465,-0.2719632175345901,0.15502471316624256,-1.1060928016553402,0.4357431973493151,49.0,50.0,50.0,40.0,44.0,26.0,30.0,26.0,52.0,93.23,3975442432,1528725504,1482776576,8.63,8.04,8.26,25297891328,9444024320
2026-05-13T12:19:37.355949+02:00,0.09804594972683442,0.26783274295585285,0.23690039166064528,1.6992872948805666,1.4219004556220092,2.3794351603058557,1.1818085029561467,-0.14141311220261465,-0.2719632175345901,0.15502471316624256,-1.107626782443226,0.4357431973493151,49.0,50.0,50.0,40.0,44.0,26.0,30.0,26.0,52.0,93.23,3975442432,1528725504,1482776576,8.63,8.04,8.26,25297891328,9444024320
2026-05-13T12:19:37.406926+02:00,0.09804594972683442,0.26783274295585285,0.23690039166064528,1.6992872948805666,1.4219004556220092,2.3794351603058557,1.1818085029561467,-0.14141311220261465,-0.2719632175345901,0.15502471316624256,-1.107626782443226,0.4357431973493151,49.0,50.0,50.0,40.0,44.0,26.0,30.0,26.0,52.0,93.23,3975442432,1528725504,1482776576,8.63,8.04,8.26,25297891328,9444024320
2026-05-13T12:19:37.461932+02:00,0.09804594972683442,0.26783274295585285,0.23690039166064528,1.6992872948805666,1.4219004556220092,2.3794351603058557,1.1818085029561467,-0.14141311220261465,-0.2719632175345901,0.15502471316624256,-1.107626782443226,0.4357431973493151,49.0,50.0,50.0,40.0,44.0,26.0,30.0,26.0,52.0,93.23,3975442432,1528725504,1482776576,8.63,8.04,8.26,25297891328,9444024320
2026-05-13T12:19:37.514397+02:00,0.09804594972683442,0.26783274295585285,0.23690039166064528,1.6992872948805666,1.4219004556220092,2.3794351603058557,1.1818085029561467,-0.14141311220261465,-0.2719632175345901,0.15502471316624256,-1.107626782443226,0.4357431973493151,49.0,50.0,50.0,40.0,44.0,26.0,30.0,26.0,52.0,93.23,3975442432,1528725504,1482776576,8.63,8.04,8.26,25297891328,9444024320
2026-05-13T12:19:37.566506+02:00,0.09804594972683442,0.26783274295585285,0.23690039166064528,1.6992872948805666,1.4219004556220092,2.3794351603058557,1.1818085029561467,-0.14141311220261465,-0.2719632175345901,0.15502471316624256,-1.107626782443226,0.4357431973493151,49.0,50.0,50.0,40.0,44.0,26.0,30.0,26.0,52.0,93.23,3975442432,1528725504,1482776576,8.63,8.04,8.26,25297891328,9444024320
2026-05-13T12:19:37.617668+02:00,0.09804594972683442,0.26783274295585285,0.23690039166064528,1.6992872948805666,1.4219004556220092,2.3794351603058557,1.1818085029561467,-0.14141311220261465,-0.2719632175345901,0.15502471316624256,-1.107626782443226,0.4357431973493151,49.0,50.0,50.0,40.0,44.0,26.0,30.0,26.0,52.0,93.23,3975442432,1528725504,1482776576,8.63,8.04,8.26,25297891328,9444024320
2026-05-13T12:19:37.668529+02:00,0.09804594972683442,0.26783274295585285,0.23690039166064528,1.6992872948805666,1.4219004556220092,2.3794351603058557,1.1818085029561467,-0.14141311220261465,-0.2719632175345901,0.15502471316624256,-1.107626782443226,0.4357431973493151,49.0,50.0,50.0,40.0,44.0,26.0,30.0,26.0,52.0,93.23,3975442432,1528725504,1482776576,8.63,8.04,8.26,25297891328,9444024320
2026-05-13T12:19:37.719472+02:00,0.09804594972683442,0.26783274295585285,0.23690039166064528,1.6992872948805666,1.4219004556220092,2.3794351603058557,1.1818085029561467,-0.14141311220261465,-0.2719632175345901,0.15502471316624256,-1.107626782443226,0.4357431973493151,49.0,50.0,50.0,40.0,44.0,26.0,30.0,26.0,52.0,93.23,3975442432,1528725504,1482776576,8.63,8.04,8.26,25297891328,9444024320
2026-05-13T12:19:37.770650+02:00,0.09804594972683442,0.26783274295585285,0.23690039166064528,1.6992872948805666,1.4219004556220092,2.3794351603058557,1.1818085029561467,-0.14141311220261465,-0.2719632175345901,0.15502471316624256,-1.107626782443226,0.4357431973493151,49.0,50.0,50.0,40.0,44.0,26.0,30.0,26.0,52.0,93.23,3975442432,1528725504,1482776576,8.63,8.04,8.26,25297891328,9444024320
2026-05-13T12:19:37.821099+02:00,0.09804594972683442,0.26783274295585285,0.23690039166064528,1.6992872948805666,1.4219004556220092,2.3794351603058557,1.1818085029561467,-0.14141311220261465,-0.2719632175345901,0.15502471316624256,-1.107626782443226,0.4357431973493151,49.0,50.0,50.0,40.0,44.0,26.0,30.0,26.0,52.0,93.23,3975442432,1528725504,1482776576,8.63,8.04,8.26,25297891328,9444024320
2026-05-13T12:19:37.872753+02:00,0.09804594972683442,0.26783274295585285,0.23690039166064528,1.6992872948805666,1.4219004556220092,2.3794351603058557,1.1818085029561467,-0.14141311220261465,-0.2719632175345901,0.15502471316624256,-1.107626782443226,0.4357431973493151,49.0,50.0,50.0,40.0,44.0,26.0,30.0,26.0,52.0,93.23,3975442432,1528725504,1482776576,8.63,8.04,8.26,25297891328,9444024320
2026-05-13T12:19:37.926285+02:00,0.09804594972683442,0.26783274295585285,0.23690039166064528,1.6992872948805666,1.4219004556220092,2.3794351603058557,1.1818085029561467,-0.14141311220261465,-0.2719632175345901,0.15502471316624256,-1.107626782443226,0.4357431973493151,49.0,50.0,50.0,40.0,44.0,26.0,30.0,26.0,52.0,93.23,3975442432,1528725504,1482776576,8.63,8.04,8.26,25297891328,9444024320
2026-05-13T12:19:37.980670+02:00,0.09804594972683442,0.26783274295585285,0.23690039166064528,1.6992872948805666,1.4219004556220092,2.3794351603058557,1.1818085029561467,-0.14141311220261465,-0.2719632175345901,0.15502471316624256,-1.107626782443226,0.4357431973493151,49.0,50.0,50.0,40.0,44.0,26.0,30.0,26.0,52.0,93.23,3975442432,1528725504,1482776576,8.63,8.04,8.26,25297891328,9444024320
2026-05-13T12:19:38.030754+02:00,0.09804594972683442,0.26783274295585285,0.23690039166064528,1.6992872948805666,1.4219004556220092,2.3794351603058557,1.1818085029561467,-0.14141311220261465,-0.2719632175345901,0.15502471316624256,-1.107626782443226,0.4357431973493151,49.0,50.0,50.0,40.0,44.0,26.0,30.0,26.0,52.0,93.23,3975442432,1528725504,1482776576,8.63,8.04,8.26,25297891328,9444024320
2026-05-13T12:19:38.081649+02:00,0.09804594972683442,0.26783274295585285,0.23690039166064528,1.6992872948805666,1.4219004556220092,2.3794351603058557,1.1818085029561467,-0.14141311220261465,-0.2719632175345901,0.15502471316624256,-1.107626782443226,0.4357431973493151,49.0,50.0,50.0,40.0,44.0,26.0,30.0,26.0,52.0,93.23,3975442432,1528725504,1482776576,8.63,8.04,8.26,25297891328,9444024320
2026-05-13T12:19:38.132597+02:00,0.09804594972683442,0.26783274295585285,0.23690039166064528,1.6992872948805666,1.4219004556220092,2.3794351603058557,1.1818085029561467,-0.14141311220261465,-0.2719632175345901,0.15502471316624256,-1.107626782443226,0.4357431973493151,49.0,50.0,50.0,40.0,44.0,26.0,30.0,26.0,52.0,93.23,3975442432,1528725504,1482776576,8.63,8.04,8.26,25297891328,9444024320
2026-05-13T12:19:38.183913+02:00,0.09804594972683442,0.26783274295585285,0.23690039166064528,1.6992872948805666,1.4219004556220092,2.3794351603058557,1.1818085029561467,-0.14141311220261465,-0.2719632175345901,0.15502471316624256,-1.107626782443226,0.4357431973493151,49.0,50.0,50.0,40.0,44.0,26.0,30.0,26.0,52.0,93.23,3975442432,1528725504,1482776576,8.63,8.04,8.26,25297891328,9444024320
2026-05-13T12:19:38.234852+02:00,0.09804594972683442,0.26783274295585285,0.23690039166064528,1.6992872948805666,1.4219004556220092,2.3794351603058557,1.1818085029561467,-0.14141311220261465,-0.2719632175345901,0.15502471316624256,-1.107626782443226,0.4357431973493151,49.0,50.0,50.0,40.0,44.0,26.0,30.0,26.0,52.0,93.23,3975442432,1528725504,1482776576,8.63,8.04,8.26,25297891328,9444024320
2026-05-13T12:19:38.289221+02:00,0.09804594972683442,0.26783274295585285,0.23690039166064528,1.6992872948805666,1.4219004556220092,2.3794351603058557,1.1818085029561467,-0.14141311220261465,-0.2719632175345901,0.15502471316624256,-1.107626782443226,0.4357431973493151,49.0,50.0,50.0,40.0,44.0,26.0,30.0,26.0,52.0,91.76,3975442432,1528139776,1483362304,8.63,8.04,8.26,25297891328,9444024320
2026-05-13T12:19:38.339283+02:00,0.09804594972683442,0.26783274295585285,0.23690039166064528,1.6992872948805666,1.4219004556220092,2.3794351603058557,1.1818085029561467,-0.14141311220261465,-0.2719632175345901,0.15502471316624256,-1.107626782443226,0.4357431973493151,49.0,50.0,50.0,40.0,44.0,26.0,30.0,26.0,52.0,91.76,3975442432,1528139776,1483362304,8.63,8.04,8.26,25297891328,9444024320
2026-05-13T12:19:38.392596+02:00,0.09804594972683442,0.26783274295585285,0.23690039166064528,1.6992872948805666,1.4219004556220092,2.3794351603058557,1.1818085029561467,-0.14141311220261465,-0.2719632175345901,0.15502471316624256,-1.107626782443226,0.4357431973493151,49.0,50.0,50.0,40.0,44.0,26.0,30.0,26.0,52.0,91.76,3975442432,1528139776,1483362304,8.63,8.04,8.26,25297891328,9444024320
2026-05-13T12:19:38.443839+02:00,0.09804594972683442,0.26783274295585285,0.23690039166064528,1.6992872948805666,1.4219004556220092,2.3794351603058557,1.1818085029561467,-0.14141311220261465,-0.2719632175345901,0.15502471316624256,-1.107626782443226,0.4357431973493151,49.0,50.0,50.0,40.0,44.0,26.0,30.0,26.0,52.0,91.76,3975442432,1528139776,1483362304,8.63,8.04,8.26,25297891328,9444024320
2026-05-13T12:19:38.498907+02:00,0.09804594972683442,0.26783274295585285,0.23690039166064528,1.6992872948805666,1.4219004556220092,2.3794351603058557,1.1818085029561467,-0.14141311220261465,-0.2719632175345901,0.15502471316624256,-1.107626782443226,0.4357431973493151,49.0,50.0,50.0,40.0,44.0,26.0,30.0,26.0,52.0,91.76,3975442432,1528139776,1483362304,8.63,8.04,8.26,25297891328,9444024320
2026-05-13T12:19:38.549669+02:00,0.09804594972683442,0.26783274295585285,0.23690039166064528,1.6992872948805666,1.4219004556220092,2.3794351603058557,1.1818085029561467,-0.14141311220261465,-0.2719632175345901,0.15502471316624256,-1.107626782443226,0.4357431973493151,49.0,50.0,50.0,40.0,44.0,26.0,30.0,26.0,52.0,91.76,3975442432,1528139776,1483362304,8.63,8.04,8.26,25297891328,9444024320
2026-05-13T12:19:38.602030+02:00,0.09804594972683442,0.26783274295585285,0.23690039166064528,1.6992872948805666,1.4219004556220092,2.3794351603058557,1.1818085029561467,-0.14141311220261465,-0.2719632175345901,0.15502471316624256,-1.107626782443226,0.4357431973493151,49.0,50.0,50.0,40.0,44.0,26.0,30.0,26.0,52.0,91.76,3975442432,1528139776,1483362304,8.63,8.04,8.26,25297891328,9444024320
2026-05-13T12:19:38.655428+02:00,0.09804594972683442,0.26783274295585285,0.23690039166064528,1.6992872948805666,1.4219004556220092,2.3794351603058557,1.1818085029561467,-0.14141311220261465,-0.2719632175345901,0.15502471316624256,-1.107626782443226,0.4357431973493151,49.0,50.0,50.0,40.0,44.0,26.0,30.0,26.0,52.0,91.76,3975442432,1528139776,1483362304,8.63,8.04,8.26,25297891328,9444024320
2026-05-13T12:19:38.708758+02:00,0.09804594972683442,0.26783274295585285,0.23690039166064528,1.6992872948805666,1.4219004556220092,2.3794351603058557,1.1818085029561467,-0.14141311220261465,-0.2719632175345901,0.15502471316624256,-1.107626782443226,0.4357431973493151,49.0,50.0,50.0,40.0,44.0,26.0,30.0,26.0,52.0,91.76,3975442432,1528139776,1483362304,8.63,8.04,8.26,25297891328,9444024320
2026-05-13T12:19:38.763770+02:00,0.09804594972683442,0.26783274295585285,0.23690039166064528,1.6992872948805666,1.4219004556220092,2.3794351603058557,1.1818085029561467,-0.14141311220261465,-0.2719632175345901,0.15502471316624256,-1.107626782443226,0.4357431973493151,49.0,50.0,50.0,40.0,44.0,26.0,30.0,26.0,52.0,91.76,3975442432,1528139776,1483362304,8.63,8.04,8.26,25297891328,9444024320
2026-05-13T12:19:38.815513+02:00,0.09804594972683442,0.26783274295585285,0.23690039166064528,1.6992872948805666,1.4219004556220092,2.3794351603058557,1.1818085029561467,-0.14141311220261465,-0.2719632175345901,0.15502471316624256,-1.107626782443226,0.4357431973493151,49.0,50.0,50.0,40.0,44.0,26.0,30.0,26.0,52.0,91.76,3975442432,1528139776,1483362304,8.63,8.04,8.26,25297891328,9444024320
2026-05-13T12:19:38.868440+02:00,0.09804594972683442,0.26783274295585285,0.23690039166064528,1.6992872948805666,1.4219004556220092,2.3794351603058557,1.1818085029561467,-0.14141311220261465,-0.2719632175345901,0.15502471316624256,-1.107626782443226,0.4357431973493151,49.0,50.0,50.0,40.0,44.0,26.0,30.0,26.0,52.0,91.76,3975442432,1528139776,1483362304,8.63,8.04,8.26,25297891328,9444024320
2026-05-13T12:19:38.922998+02:00,0.09804594972683442,0.26783274295585285,0.23690039166064528,1.6992872948805666,1.4219004556220092,2.3794351603058557,1.1818085029561467,-0.14141311220261465,-0.2719632175345901,0.15502471316624256,-1.107626782443226,0.4357431973493151,49.0,50.0,50.0,40.0,44.0,26.0,30.0,26.0,52.0,91.76,3975442432,1528139776,1483362304,8.63,8.04,8.26,25297891328,9444024320
2026-05-13T12:19:38.976156+02:00,0.09804594972683442,0.26783274295585285,0.23690039166064528,1.6992872948805666,1.4219004556220092,2.3794351603058557,1.1818085029561467,-0.14141311220261465,-0.2719632175345901,0.15502471316624256,-1.107626782443226,0.4357431973493151,49.0,50.0,50.0,40.0,44.0,26.0,30.0,26.0,52.0,91.76,3975442432,1528139776,1483362304,8.63,8.04,8.26,25297891328,9444024320
2026-05-13T12:19:39.027060+02:00,0.09804594972683442,0.26783274295585285,0.23690039166064528,1.6992872948805666,1.4219004556220092,2.3794351603058557,1.1818085029561467,-0.14141311220261465,-0.2719632175345901,0.15502471316624256,-1.107626782443226,0.4357431973493151,49.0,50.0,50.0,40.0,44.0,26.0,30.0,26.0,52.0,91.76,3975442432,1528139776,1483362304,8.63,8.04,8.26,25297891328,9444024320
2026-05-13T12:19:39.078839+02:00,0.09804594972683442,0.26783274295585285,0.23690039166064528,1.6992872948805666,1.4219004556220092,2.3794351603058557,1.1818085029561467,-0.14141311220261465,-0.2719632175345901,0.15502471316624256,-1.107626782443226,0.4357431973493151,49.0,50.0,50.0,40.0,44.0,26.0,30.0,26.0,52.0,91.76,3975442432,1528139776,1483362304,8.63,8.04,8.26,25297891328,9444024320
2026-05-13T12:19:39.132004+02:00,0.09804594972683442,0.26783274295585285,0.23690039166064528,1.6992872948805666,1.4219004556220092,2.3794351603058557,1.1818085029561467,-0.14141311220261465,-0.2719632175345901,0.15502471316624256,-1.107626782443226,0.4357431973493151,49.0,50.0,50.0,40.0,44.0,26.0,30.0,26.0,52.0,93.1,3975442432,1527992320,1483464704,8.63,8.04,8.26,25297891328,9444024320
2026-05-13T12:19:39.182998+02:00,0.09804594972683442,0.26783274295585285,0.23690039166064528,1.6992872948805666,1.4219004556220092,2.3794351603058557,1.1818085029561467,-0.14141311220261465,-0.2719632175345901,0.15502471316624256,-1.107626782443226,0.4357431973493151,49.0,50.0,50.0,40.0,44.0,26.0,30.0,26.0,52.0,93.1,3975442432,1527992320,1483464704,8.63,8.04,8.26,25297891328,9444024320
2026-05-13T12:19:39.233112+02:00,0.09804594972683442,0.26783274295585285,0.23690039166064528,1.6992872948805666,1.4219004556220092,2.3794351603058557,1.1818085029561467,-0.14141311220261465,-0.2719632175345901,0.15502471316624256,-1.107626782443226,0.4357431973493151,49.0,50.0,50.0,40.0,44.0,26.0,30.0,26.0,52.0,93.1,3975442432,1527992320,1483464704,8.63,8.04,8.26,25297891328,9444024320
2026-05-13T12:19:39.283985+02:00,0.09804594972683442,0.26783274295585285,0.23690039166064528,1.6992872948805666,1.4219004556220092,2.3794351603058557,1.1818085029561467,-0.14141311220261465,-0.2719632175345901,0.15502471316624256,-1.107626782443226,0.4357431973493151,49.0,50.0,50.0,40.0,44.0,26.0,30.0,26.0,52.0,93.1,3975442432,1527992320,1483464704,8.63,8.04,8.26,25297891328,9444024320
2026-05-13T12:19:39.335714+02:00,0.09804594972683442,0.26783274295585285,0.23690039166064528,1.6992872948805666,1.4219004556220092,2.3794351603058557,1.1818085029561467,-0.14141311220261465,-0.2719632175345901,0.15502471316624256,-1.107626782443226,0.4357431973493151,49.0,50.0,50.0,40.0,44.0,26.0,30.0,26.0,52.0,93.1,3975442432,1527992320,1483464704,8.63,8.04,8.26,25297891328,9444024320
2026-05-13T12:19:39.387290+02:00,0.09804594972683442,0.26783274295585285,0.23690039166064528,1.6992872948805666,1.4219004556220092,2.3794351603058557,1.1818085029561467,-0.14141311220261465,-0.2719632175345901,0.15502471316624256,-1.107626782443226,0.4357431973493151,49.0,50.0,50.0,40.0,44.0,26.0,30.0,26.0,52.0,93.1,3975442432,1527992320,1483464704,8.63,8.04,8.26,25297891328,9444024320
2026-05-13T12:19:39.437978+02:00,0.09804594972683442,0.26783274295585285,0.23690039166064528,1.6992872948805666,1.4219004556220092,2.3794351603058557,1.1818085029561467,-0.14141311220261465,-0.2719632175345901,0.15502471316624256,-1.107626782443226,0.4357431973493151,49.0,50.0,50.0,40.0,44.0,26.0,30.0,26.0,52.0,93.1,3975442432,1527992320,1483464704,8.63,8.04,8.26,25297891328,9444024320
2026-05-13T12:19:39.491457+02:00,0.09804594972683442,0.26783274295585285,0.23690039166064528,1.6992872948805666,1.4219004556220092,2.3794351603058557,1.1818085029561467,-0.14141311220261465,-0.2719632175345901,0.15502471316624256,-1.107626782443226,0.4357431973493151,49.0,50.0,50.0,40.0,44.0,26.0,30.0,26.0,52.0,93.1,3975442432,1527992320,1483464704,8.63,8.04,8.26,25297891328,9444024320
2026-05-13T12:19:39.542990+02:00,0.09804594972683442,0.26783274295585285,0.23690039166064528,1.6992872948805666,1.4219004556220092,2.3794351603058557,1.1818085029561467,-0.14141311220261465,-0.2719632175345901,0.15502471316624256,-1.107626782443226,0.4357431973493151,49.0,50.0,50.0,40.0,44.0,26.0,30.0,26.0,52.0,93.1,3975442432,1527992320,1483464704,8.63,8.04,8.26,25297891328,9444024320
2026-05-13T12:19:39.593174+02:00,0.09804594972683442,0.26783274295585285,0.23690039166064528,1.6992872948805666,1.4219004556220092,2.3794351603058557,1.1818085029561467,-0.14141311220261465,-0.2719632175345901,0.15502471316624256,-1.107626782443226,0.4357431973493151,49.0,50.0,50.0,40.0,44.0,26.0,30.0,26.0,52.0,93.1,3975442432,1527992320,1483464704,8.63,8.04,8.26,25297891328,9444024320
2026-05-13T12:19:39.647217+02:00,0.09804594972683442,0.26783274295585285,0.23690039166064528,1.6992872948805666,1.4219004556220092,2.3794351603058557,1.1818085029561467,-0.14141311220261465,-0.2719632175345901,0.15502471316624256,-1.107626782443226,0.4357431973493151,49.0,50.0,50.0,40.0,44.0,26.0,30.0,26.0,52.0,93.1,3975442432,1527992320,1483464704,8.63,8.04,8.26,25297891328,9444024320
2026-05-13T12:19:39.702177+02:00,0.09804594972683442,0.26783274295585285,0.23690039166064528,1.6992872948805666,1.4219004556220092,2.3794351603058557,1.1818085029561467,-0.14141311220261465,-0.2719632175345901,0.15502471316624256,-1.107626782443226,0.4357431973493151,49.0,50.0,50.0,40.0,44.0,26.0,30.0,26.0,52.0,93.1,3975442432,1527992320,1483464704,8.63,8.04,8.26,25297891328,9444024320
2026-05-13T12:19:39.757485+02:00,0.09804594972683442,0.26783274295585285,0.23690039166064528,1.6992872948805666,1.4219004556220092,2.3794351603058557,1.1818085029561467,-0.14141311220261465,-0.2719632175345901,0.15502471316624256,-1.107626782443226,0.4357431973493151,49.0,50.0,50.0,40.0,44.0,26.0,30.0,26.0,52.0,93.1,3975442432,1527992320,1483464704,8.63,8.04,8.26,25297891328,9444024320
2026-05-13T12:19:39.810760+02:00,0.09804594972683442,0.26783274295585285,0.23690039166064528,1.6992872948805666,1.4219004556220092,2.3794351603058557,1.1818085029561467,-0.14141311220261465,-0.2719632175345901,0.15502471316624256,-1.107626782443226,0.4357431973493151,49.0,50.0,50.0,40.0,44.0,26.0,30.0,26.0,52.0,93.1,3975442432,1527992320,1483464704,8.63,8.04,8.26,25297891328,9444024320
2026-05-13T12:19:39.861393+02:00,0.09804594972683442,0.26783274295585285,0.23690039166064528,1.6992872948805666,1.4219004556220092,2.3794351603058557,1.1818085029561467,-0.14141311220261465,-0.2719632175345901,0.15502471316624256,-1.107626782443226,0.4357431973493151,49.0,50.0,50.0,40.0,44.0,26.0,30.0,26.0,52.0,93.1,3975442432,1527992320,1483464704,8.63,8.04,8.26,25297891328,9444024320
2026-05-13T12:19:39.916382+02:00,0.09804594972683442,0.26783274295585285,0.23690039166064528,1.6992872948805666,1.4219004556220092,2.3794351603058557,1.1818085029561467,-0.14141311220261465,-0.2719632175345901,0.15502471316624256,-1.107626782443226,0.4357431973493151,49.0,50.0,50.0,40.0,44.0,26.0,30.0,26.0,52.0,93.1,3975442432,1527992320,1483464704,8.63,8.04,8.26,25297891328,9444024320
2026-05-13T12:19:39.971442+02:00,0.09804594972683442,0.26783274295585285,0.23690039166064528,1.6992872948805666,1.4219004556220092,2.3794351603058557,1.1818085029561467,-0.14141311220261465,-0.2719632175345901,0.15502471316624256,-1.107626782443226,0.4357431973493151,49.0,50.0,50.0,40.0,44.0,26.0,30.0,26.0,52.0,93.1,3975442432,1527992320,1483464704,8.63,8.04,8.26,25297891328,9444024320
2026-05-13T12:19:40.026430+02:00,0.09804594972683442,0.26783274295585285,0.23690039166064528,1.6992872948805666,1.4219004556220092,2.3794351603058557,1.1818085029561467,-0.14141311220261465,-0.2719632175345901,0.15502471316624256,-1.107626782443226,0.4357431973493151,49.0,50.0,50.0,40.0,44.0,26.0,30.0,26.0,52.0,93.1,3975442432,1527992320,1483464704,8.63,8.04,8.26,25297891328,9444024320
2026-05-13T12:19:40.077177+02:00,0.09804594972683442,0.26783274295585285,0.23690039166064528,1.6992872948805666,1.4219004556220092,2.3794351603058557,1.1818085029561467,-0.14141311220261465,-0.2719632175345901,0.15502471316624256,-1.107626782443226,0.4357431973493151,49.0,50.0,50.0,40.0,44.0,26.0,30.0,26.0,52.0,98.67,3975442432,1537789952,1473658880,8.63,8.04,8.26,25297891328,9444024320
2026-05-13T12:19:40.127414+02:00,0.09804594972683442,0.26783274295585285,0.23690039166064528,1.6992872948805666,1.4219004556220092,2.3794351603058557,1.1818085029561467,-0.14141311220261465,-0.2719632175345901,0.15502471316624256,-1.107626782443226,0.4357431973493151,49.0,50.0,50.0,40.0,44.0,26.0,30.0,26.0,52.0,98.67,3975442432,1537789952,1473658880,8.63,8.04,8.26,25297891328,9444024320
2026-05-13T12:19:40.178475+02:00,0.09804594972683442,0.26783274295585285,0.23690039166064528,1.6992872948805666,1.4219004556220092,2.3794351603058557,1.1818085029561467,-0.14141311220261465,-0.2719632175345901,0.15502471316624256,-1.107626782443226,0.4357431973493151,49.0,50.0,50.0,40.0,44.0,26.0,30.0,26.0,52.0,98.67,3975442432,1537789952,1473658880,8.63,8.04,8.26,25297891328,9444024320
2026-05-13T12:19:40.229099+02:00,0.09804594972683442,0.26783274295585285,0.23690039166064528,1.6992872948805666,1.4219004556220092,2.3794351603058557,1.1818085029561467,-0.14141311220261465,-0.2719632175345901,0.15502471316624256,-1.107626782443226,0.4357431973493151,49.0,50.0,50.0,40.0,44.0,26.0,30.0,26.0,52.0,98.67,3975442432,1537789952,1473658880,8.63,8.04,8.26,25297891328,9444024320
2026-05-13T12:19:40.282724+02:00,0.09804594972683442,0.26783274295585285,0.23690039166064528,1.6992872948805666,1.4219004556220092,2.3794351603058557,1.1818085029561467,-0.14141311220261465,-0.2719632175345901,0.15502471316624256,-1.107626782443226,0.4357431973493151,49.0,50.0,50.0,40.0,44.0,26.0,30.0,26.0,52.0,98.67,3975442432,1537789952,1473658880,8.63,8.04,8.26,25297891328,9444024320
2026-05-13T12:19:40.333225+02:00,0.09804594972683442,0.26783274295585285,0.23690039166064528,1.6992872948805666,1.4219004556220092,2.3794351603058557,1.1818085029561467,-0.14141311220261465,-0.2719632175345901,0.15502471316624256,-1.107626782443226,0.4357431973493151,49.0,50.0,50.0,40.0,44.0,26.0,30.0,26.0,52.0,98.67,3975442432,1537789952,1473658880,8.63,8.04,8.26,25297891328,9444024320
2026-05-13T12:19:40.385172+02:00,0.09804594972683442,0.26783274295585285,0.23690039166064528,1.6992872948805666,1.4219004556220092,2.3794351603058557,1.1818085029561467,-0.14141311220261465,-0.2719632175345901,0.15502471316624256,-1.107626782443226,0.4357431973493151,49.0,50.0,50.0,40.0,44.0,26.0,30.0,26.0,52.0,98.67,3975442432,1537789952,1473658880,8.63,8.04,8.26,25297891328,9444024320
2026-05-13T12:19:40.436300+02:00,0.09804594972683442,0.26783274295585285,0.23690039166064528,1.6992872948805666,1.4219004556220092,2.3794351603058557,1.1818085029561467,-0.14141311220261465,-0.2719632175345901,0.15502471316624256,-1.107626782443226,0.4357431973493151,49.0,50.0,50.0,40.0,44.0,26.0,30.0,26.0,52.0,98.67,3975442432,1537789952,1473658880,8.63,8.04,8.26,25297891328,9444024320
2026-05-13T12:19:40.491747+02:00,0.09804594972683442,0.26783274295585285,0.23690039166064528,1.6992872948805666,1.4219004556220092,2.3794351603058557,1.1818085029561467,-0.14141311220261465,-0.2719632175345901,0.15502471316624256,-1.107626782443226,0.4357431973493151,49.0,50.0,50.0,40.0,44.0,26.0,30.0,26.0,52.0,98.67,3975442432,1537789952,1473658880,8.63,8.04,8.26,25297891328,9444024320
2026-05-13T12:19:40.544389+02:00,0.09804594972683442,0.26783274295585285,0.23690039166064528,1.6992872948805666,1.4219004556220092,2.3794351603058557,1.1818085029561467,-0.14141311220261465,-0.2719632175345901,0.15502471316624256,-1.107626782443226,0.4357431973493151,49.0,50.0,50.0,40.0,44.0,26.0,30.0,26.0,52.0,98.67,3975442432,1537789952,1473658880,8.63,8.04,8.26,25297891328,9444024320
2026-05-13T12:19:40.596586+02:00,0.09804594972683442,0.26783274295585285,0.23690039166064528,1.6992872948805666,1.4219004556220092,2.3794351603058557,1.1818085029561467,-0.14141311220261465,-0.2719632175345901,0.15502471316624256,-1.107626782443226,0.4357431973493151,49.0,50.0,50.0,40.0,44.0,26.0,30.0,26.0,52.0,98.67,3975442432,1537789952,1473658880,8.63,8.04,8.26,25297891328,9444024320
2026-05-13T12:19:40.646969+02:00,0.09804594972683442,0.26783274295585285,0.23690039166064528,1.6992872948805666,1.4219004556220092,2.3794351603058557,1.1818085029561467,-0.14141311220261465,-0.2719632175345901,0.15502471316624256,-1.107626782443226,0.4357431973493151,49.0,50.0,50.0,40.0,44.0,26.0,30.0,26.0,52.0,98.67,3975442432,1537789952,1473658880,8.63,8.04,8.26,25297891328,9444024320
2026-05-13T12:19:40.697945+02:00,0.09804594972683442,0.26783274295585285,0.23690039166064528,1.6992872948805666,1.4219004556220092,2.3794351603058557,1.1818085029561467,-0.14141311220261465,-0.2719632175345901,0.15502471316624256,-1.107626782443226,0.4357431973493151,49.0,50.0,50.0,40.0,44.0,26.0,30.0,26.0,52.0,98.67,3975442432,1537789952,1473658880,8.63,8.04,8.26,25297891328,9444024320
2026-05-13T12:19:40.749968+02:00,0.09804594972683442,0.26783274295585285,0.23690039166064528,1.6992872948805666,1.4219004556220092,2.3794351603058557,1.1818085029561467,-0.14141311220261465,-0.2719632175345901,0.15502471316624256,-1.107626782443226,0.4357431973493151,49.0,50.0,50.0,40.0,44.0,26.0,30.0,26.0,52.0,98.67,3975442432,1537789952,1473658880,8.63,8.04,8.26,25297891328,9444024320
2026-05-13T12:19:40.803248+02:00,0.09804594972683442,0.26783274295585285,0.23690039166064528,1.6992872948805666,1.4219004556220092,2.3794351603058557,1.1818085029561467,-0.14141311220261465,-0.2719632175345901,0.15502471316624256,-1.107626782443226,0.4357431973493151,49.0,50.0,50.0,40.0,44.0,26.0,30.0,26.0,52.0,98.67,3975442432,1537789952,1473658880,8.63,8.04,8.26,25297891328,9444024320
2026-05-13T12:19:40.858292+02:00,0.09804594972683442,0.26783274295585285,0.23690039166064528,1.6992872948805666,1.4219004556220092,2.3794351603058557,1.1818085029561467,-0.14141311220261465,-0.2719632175345901,0.15502471316624256,-1.107626782443226,0.4357431973493151,49.0,50.0,50.0,40.0,44.0,26.0,30.0,26.0,52.0,98.67,3975442432,1537789952,1473658880,8.63,8.04,8.26,25297891328,9444024320
2026-05-13T12:19:40.908315+02:00,0.09804594972683442,0.26783274295585285,0.23690039166064528,1.6992872948805666,1.4219004556220092,2.3794351603058557,1.1818085029561467,-0.14141311220261465,-0.2719632175345901,0.15502471316624256,-1.107626782443226,0.4357431973493151,49.0,50.0,50.0,40.0,44.0,26.0,30.0,26.0,52.0,98.67,3975442432,1537789952,1473658880,8.63,8.04,8.26,25297891328,9444024320
2026-05-13T12:19:40.960967+02:00,0.09804594972683442,0.26783274295585285,0.23690039166064528,1.6992872948805666,1.4219004556220092,2.3794351603058557,1.1818085029561467,-0.14141311220261465,-0.2719632175345901,0.15502471316624256,-1.107626782443226,0.4357431973493151,49.0,50.0,50.0,40.0,44.0,26.0,30.0,26.0,52.0,98.67,3975442432,1537789952,1473658880,8.63,8.04,8.26,25297891328,9444024320
2026-05-13T12:19:41.016542+02:00,0.09804594972683442,0.26783274295585285,0.23690039166064528,1.6992872948805666,1.4219004556220092,2.3794351603058557,1.1818085029561467,-0.14141311220261465,-0.2719632175345901,0.15502471316624256,-1.107626782443226,0.4357431973493151,49.0,50.0,50.0,40.0,44.0,26.0,30.0,26.0,52.0,98.67,3975442432,1537789952,1473658880,8.63,8.04,8.26,25297891328,9444024320
2026-05-13T12:19:41.071289+02:00,0.09804594972683442,0.26783274295585285,0.23690039166064528,1.6992872948805666,1.4219004556220092,2.3794351603058557,1.1818085029561467,-0.14141311220261465,-0.2719632175345901,0.15502471316624256,-1.107626782443226,0.4357431973493151,49.0,50.0,50.0,40.0,44.0,26.0,30.0,26.0,52.0,98.67,3975442432,1537789952,1473658880,8.63,8.04,8.26,25297891328,9444024320
2026-05-13T12:19:41.121971+02:00,0.09804594972683442,0.26783274295585285,0.23690039166064528,1.6992872948805666,1.4219004556220092,2.3794351603058557,1.1818085029561467,-0.14141311220261465,-0.2719632175345901,0.15502471316624256,-1.107626782443226,0.4357431973493151,49.0,50.0,50.0,40.0,44.0,26.0,30.0,26.0,52.0,98.67,3975442432,1537789952,1473658880,8.63,8.04,8.26,25297891328,9444024320
2026-05-13T12:19:41.177027+02:00,0.09804594972683442,0.26783274295585285,0.23690039166064528,1.6992872948805666,1.4219004556220092,2.3794351603058557,1.1818085029561467,-0.14141311220261465,-0.2719632175345901,0.15502471316624256,-1.107626782443226,0.4357431973493151,49.0,50.0,50.0,40.0,44.0,26.0,30.0,26.0,52.0,99.26,3975442432,1565585408,1445818368,8.63,8.04,8.26,25297891328,9444024320
2026-05-13T12:19:41.231991+02:00,0.09804594972683442,0.26783274295585285,0.23690039166064528,1.6992872948805666,1.4219004556220092,2.3794351603058557,1.1818085029561467,-0.14141311220261465,-0.2719632175345901,0.15502471316624256,-1.107626782443226,0.4357431973493151,49.0,50.0,50.0,40.0,44.0,26.0,30.0,26.0,52.0,99.26,3975442432,1565585408,1445818368,8.63,8.04,8.26,25297891328,9444024320
2026-05-13T12:19:41.284068+02:00,0.09804594972683442,0.26783274295585285,0.23690039166064528,1.6992872948805666,1.4219004556220092,2.3794351603058557,1.1818085029561467,-0.14141311220261465,-0.2719632175345901,0.15502471316624256,-1.107626782443226,0.4357431973493151,49.0,50.0,50.0,40.0,44.0,26.0,30.0,26.0,52.0,99.26,3975442432,1565585408,1445818368,8.63,8.04,8.26,25297891328,9444024320
2026-05-13T12:19:41.336384+02:00,0.09804594972683442,0.26783274295585285,0.23690039166064528,1.6992872948805666,1.4219004556220092,2.3794351603058557,1.1818085029561467,-0.14141311220261465,-0.2719632175345901,0.15502471316624256,-1.107626782443226,0.4357431973493151,49.0,50.0,50.0,40.0,44.0,26.0,30.0,26.0,52.0,99.26,3975442432,1565585408,1445818368,8.63,8.04,8.26,25297891328,9444024320
2026-05-13T12:19:41.386675+02:00,0.09804594972683442,0.26783274295585285,0.23690039166064528,1.6992872948805666,1.4219004556220092,2.3794351603058557,1.1818085029561467,-0.14141311220261465,-0.2719632175345901,0.15502471316624256,-1.107626782443226,0.4357431973493151,49.0,50.0,50.0,40.0,44.0,26.0,30.0,26.0,52.0,99.26,3975442432,1565585408,1445818368,8.63,8.04,8.26,25297891328,9444024320
2026-05-13T12:19:41.437928+02:00,0.09804594972683442,0.26783274295585285,0.23690039166064528,1.6992872948805666,1.4219004556220092,2.3794351603058557,1.1818085029561467,-0.14141311220261465,-0.2719632175345901,0.15502471316624256,-1.107626782443226,0.4357431973493151,49.0,50.0,50.0,40.0,44.0,26.0,30.0,26.0,52.0,99.26,3975442432,1565585408,1445818368,8.63,8.04,8.26,25297891328,9444024320
2026-05-13T12:19:41.490386+02:00,0.09804594972683442,0.26783274295585285,0.23690039166064528,1.6992872948805666,1.4219004556220092,2.3794351603058557,1.1818085029561467,-0.14141311220261465,-0.2719632175345901,0.15502471316624256,-1.107626782443226,0.4357431973493151,49.0,50.0,50.0,40.0,44.0,26.0,30.0,26.0,52.0,99.26,3975442432,1565585408,1445818368,8.63,8.04,8.26,25297891328,9444024320
2026-05-13T12:19:41.545418+02:00,0.09804594972683442,0.26783274295585285,0.23690039166064528,1.6992872948805666,1.4219004556220092,2.3794351603058557,1.1818085029561467,-0.14141311220261465,-0.2719632175345901,0.15502471316624256,-1.107626782443226,0.4357431973493151,49.0,50.0,50.0,40.0,44.0,26.0,30.0,26.0,52.0,99.26,3975442432,1565585408,1445818368,8.63,8.04,8.26,25297891328,9444024320
2026-05-13T12:19:41.600723+02:00,0.09804594972683442,0.26783274295585285,0.23690039166064528,1.6992872948805666,1.4219004556220092,2.3794351603058557,1.1818085029561467,-0.14141311220261465,-0.2719632175345901,0.15502471316624256,-1.107626782443226,0.4357431973493151,49.0,50.0,50.0,40.0,44.0,26.0,30.0,26.0,52.0,99.26,3975442432,1565585408,1445818368,8.63,8.04,8.26,25297891328,9444024320
2026-05-13T12:19:41.651466+02:00,0.09804594972683442,0.26783274295585285,0.23690039166064528,1.6992872948805666,1.4219004556220092,2.3794351603058557,1.1818085029561467,-0.14141311220261465,-0.2719632175345901,0.15502471316624256,-1.107626782443226,0.4357431973493151,49.0,50.0,50.0,40.0,44.0,26.0,30.0,26.0,52.0,99.26,3975442432,1565585408,1445818368,8.63,8.04,8.26,25297891328,9444024320
2026-05-13T12:19:41.701641+02:00,0.09804594972683442,0.26783274295585285,0.23690039166064528,1.6992872948805666,1.4219004556220092,2.3794351603058557,1.1818085029561467,-0.14141311220261465,-0.2719632175345901,0.15502471316624256,-1.107626782443226,0.4357431973493151,49.0,50.0,50.0,40.0,44.0,26.0,30.0,26.0,52.0,99.26,3975442432,1565585408,1445818368,8.63,8.04,8.26,25297891328,9444024320
2026-05-13T12:19:41.753125+02:00,0.09804594972683442,0.26783274295585285,0.23690039166064528,1.6992872948805666,1.4219004556220092,2.3794351603058557,1.1818085029561467,-0.14141311220261465,-0.2719632175345901,0.15502471316624256,-1.107626782443226,0.4357431973493151,49.0,50.0,50.0,40.0,44.0,26.0,30.0,26.0,52.0,99.26,3975442432,1565585408,1445818368,8.63,8.04,8.26,25297891328,9444024320
2026-05-13T12:19:41.804130+02:00,0.09804594972683442,0.26783274295585285,0.23690039166064528,1.6992872948805666,1.4219004556220092,2.3794351603058557,1.1818085029561467,-0.14141311220261465,-0.2719632175345901,0.15502471316624256,-1.107626782443226,0.4357431973493151,49.0,50.0,50.0,40.0,44.0,26.0,30.0,26.0,52.0,99.26,3975442432,1565585408,1445818368,8.63,8.04,8.26,25297891328,9444024320
2026-05-13T12:19:41.855216+02:00,0.09804594972683442,0.26783274295585285,0.23690039166064528,1.6992872948805666,1.4219004556220092,2.3794351603058557,1.1818085029561467,-0.14141311220261465,-0.2719632175345901,0.15502471316624256,-1.107626782443226,0.4357431973493151,49.0,50.0,50.0,40.0,44.0,26.0,30.0,26.0,52.0,99.26,3975442432,1565585408,1445818368,8.63,8.04,8.26,25297891328,9444024320
2026-05-13T12:19:41.906259+02:00,0.09804594972683442,0.26783274295585285,0.23690039166064528,1.6992872948805666,1.4219004556220092,2.3794351603058557,1.1818085029561467,-0.14141311220261465,-0.2719632175345901,0.15502471316624256,-1.107626782443226,0.4357431973493151,49.0,50.0,50.0,40.0,44.0,26.0,30.0,26.0,52.0,99.26,3975442432,1565585408,1445818368,8.63,8.04,8.26,25297891328,9444024320
2026-05-13T12:19:41.961013+02:00,0.09804594972683442,0.26783274295585285,0.23690039166064528,1.6992872948805666,1.4219004556220092,2.3794351603058557,1.1818085029561467,-0.14141311220261465,-0.2719632175345901,0.15502471316624256,-1.107626782443226,0.4357431973493151,49.0,50.0,50.0,40.0,44.0,26.0,30.0,26.0,52.0,99.26,3975442432,1565585408,1445818368,8.63,8.04,8.26,25297891328,9444024320
2026-05-13T12:19:42.011073+02:00,0.09804594972683442,0.26783274295585285,0.23690039166064528,1.6992872948805666,1.4219004556220092,2.3794351603058557,1.1818085029561467,-0.14141311220261465,-0.2719632175345901,0.15502471316624256,-1.107626782443226,0.4357431973493151,49.0,50.0,50.0,40.0,44.0,26.0,30.0,26.0,52.0,99.26,3975442432,1565585408,1445818368,8.63,8.04,8.26,25297891328,9444024320
2026-05-13T12:19:42.066504+02:00,0.09804594972683442,0.26783274295585285,0.23690039166064528,1.6992872948805666,1.4219004556220092,2.3794351603058557,1.1818085029561467,-0.14141311220261465,-0.2719632175345901,0.15502471316624256,-1.107626782443226,0.4357431973493151,49.0,50.0,50.0,40.0,44.0,26.0,30.0,26.0,52.0,99.26,3975442432,1565585408,1445818368,8.63,8.04,8.26,25297891328,9444024320
2026-05-13T12:19:42.121535+02:00,0.09804594972683442,0.26783274295585285,0.23690039166064528,1.6992872948805666,1.4219004556220092,2.3794351603058557,1.1818085029561467,-0.14141311220261465,-0.2719632175345901,0.15502471316624256,-1.107626782443226,0.4357431973493151,49.0,50.0,50.0,40.0,44.0,26.0,30.0,26.0,52.0,99.26,3975442432,1565585408,1445818368,8.63,8.04,8.26,25297891328,9444024320
2026-05-13T12:19:42.172830+02:00,0.09804594972683442,0.26783274295585285,0.23690039166064528,1.6992872948805666,1.4219004556220092,2.3794351603058557,1.1818085029561467,-0.14141311220261465,-0.2719632175345901,0.15502471316624256,-1.107626782443226,0.4357431973493151,49.0,50.0,50.0,40.0,44.0,26.0,30.0,26.0,52.0,99.26,3975442432,1565585408,1445818368,8.63,8.04,8.26,25297891328,9444024320
2026-05-13T12:19:42.228193+02:00,0.09804594972683442,0.26783274295585285,0.23690039166064528,1.6992872948805666,1.4219004556220092,2.3794351603058557,1.1818085029561467,-0.14141311220261465,-0.2719632175345901,0.15502471316624256,-1.107626782443226,0.4357431973493151,49.0,50.0,50.0,40.0,44.0,26.0,30.0,26.0,52.0,99.26,3975442432,1565585408,1445818368,8.63,8.04,8.26,25297891328,9444024320
2026-05-13T12:19:42.278551+02:00,0.09804594972683442,0.26783274295585285,0.23690039166064528,1.6992872948805666,1.4219004556220092,2.3794351603058557,1.1818085029561467,-0.14141311220261465,-0.2719632175345901,0.15502471316624256,-1.107626782443226,0.4357431973493151,49.0,50.0,50.0,40.0,44.0,26.0,30.0,26.0,52.0,99.26,3975442432,1565585408,1445818368,8.63,8.04,8.26,25297891328,9444024320
2026-05-13T12:19:42.328894+02:00,0.09804594972683442,0.26783274295585285,0.23690039166064528,1.6992872948805666,1.4219004556220092,2.3794351603058557,1.1818085029561467,-0.14141311220261465,-0.2719632175345901,0.15502471316624256,-1.107626782443226,0.4357431973493151,49.0,50.0,50.0,40.0,44.0,26.0,30.0,26.0,52.0,99.26,3975442432,1565585408,1445818368,8.63,8.04,8.26,25297891328,9444024320
2026-05-13T12:19:42.381354+02:00,0.09804594972683442,0.26783274295585285,0.23690039166064528,1.6992872948805666,1.4219004556220092,2.3794351603058557,1.1818085029561467,-0.14141311220261465,-0.2719632175345901,0.15502471316624256,-1.107626782443226,0.4357431973493151,49.0,50.0,50.0,40.0,44.0,26.0,30.0,26.0,52.0,99.26,3975442432,1565585408,1445818368,8.63,8.04,8.26,25297891328,9444024320
2026-05-13T12:19:42.431940+02:00,0.09804594972683442,0.26783274295585285,0.23690039166064528,1.6992872948805666,1.4219004556220092,2.3794351603058557,1.1818085029561467,-0.14141311220261465,-0.2719632175345901,0.15502471316624256,-1.107626782443226,0.4357431973493151,49.0,50.0,50.0,40.0,44.0,26.0,30.0,26.0,52.0,99.26,3975442432,1565585408,1445818368,8.63,8.04,8.26,25297891328,9444024320
2026-05-13T12:19:42.484621+02:00,0.09804594972683442,0.26783274295585285,0.23690039166064528,1.6992872948805666,1.4219004556220092,2.3794351603058557,1.1818085029561467,-0.14141311220261465,-0.2719632175345901,0.15502471316624256,-1.107626782443226,0.4357431973493151,49.0,50.0,50.0,40.0,44.0,26.0,30.0,26.0,52.0,95.49,3975442432,1567272960,1444106240,8.63,8.04,8.26,25297891328,9444024320
2026-05-13T12:19:42.539502+02:00,0.09804594972683442,0.26783274295585285,0.23690039166064528,1.6992872948805666,1.4219004556220092,2.3794351603058557,1.1818085029561467,-0.14141311220261465,-0.2719632175345901,0.15502471316624256,-1.107626782443226,0.4357431973493151,49.0,50.0,50.0,40.0,44.0,26.0,30.0,26.0,52.0,95.49,3975442432,1567272960,1444106240,8.63,8.04,8.26,25297891328,9444024320
2026-05-13T12:19:42.594506+02:00,0.09804594972683442,0.26783274295585285,0.23690039166064528,1.6992872948805666,1.4219004556220092,2.3794351603058557,1.1818085029561467,-0.14141311220261465,-0.2719632175345901,0.15502471316624256,-1.107626782443226,0.4357431973493151,49.0,50.0,50.0,40.0,44.0,26.0,30.0,26.0,52.0,95.49,3975442432,1567272960,1444106240,8.63,8.04,8.26,25297891328,9444024320
2026-05-13T12:19:42.647212+02:00,0.09804594972683442,0.26783274295585285,0.23690039166064528,1.6992872948805666,1.4219004556220092,2.3794351603058557,1.1818085029561467,-0.14141311220261465,-0.2719632175345901,0.15502471316624256,-1.107626782443226,0.4357431973493151,49.0,50.0,50.0,40.0,44.0,26.0,30.0,26.0,52.0,95.49,3975442432,1567272960,1444106240,8.63,8.04,8.26,25297891328,9444024320
2026-05-13T12:19:42.698378+02:00,0.09804594972683442,0.26783274295585285,0.23690039166064528,1.6992872948805666,1.4219004556220092,2.3794351603058557,1.1818085029561467,-0.14141311220261465,-0.2719632175345901,0.15502471316624256,-1.107626782443226,0.4357431973493151,49.0,50.0,50.0,40.0,44.0,26.0,30.0,26.0,52.0,95.49,3975442432,1567272960,1444106240,8.63,8.04,8.26,25297891328,9444024320
2026-05-13T12:19:42.749347+02:00,0.09804594972683442,0.26783274295585285,0.23690039166064528,1.6992872948805666,1.4219004556220092,2.3794351603058557,1.1818085029561467,-0.14141311220261465,-0.2719632175345901,0.15502471316624256,-1.107626782443226,0.4357431973493151,49.0,50.0,50.0,40.0,44.0,26.0,30.0,26.0,52.0,95.49,3975442432,1567272960,1444106240,8.63,8.04,8.26,25297891328,9444024320
2026-05-13T12:19:42.804422+02:00,0.09804594972683442,0.26783274295585285,0.23690039166064528,1.6992872948805666,1.4219004556220092,2.3794351603058557,1.1818085029561467,-0.14141311220261465,-0.2719632175345901,0.15502471316624256,-1.107626782443226,0.4357431973493151,49.0,50.0,50.0,40.0,44.0,26.0,30.0,26.0,52.0,95.49,3975442432,1567272960,1444106240,8.63,8.04,8.26,25297891328,9444024320
2026-05-13T12:19:42.855891+02:00,0.09804594972683442,0.26783274295585285,0.23690039166064528,1.6992872948805666,1.4219004556220092,2.3794351603058557,1.1818085029561467,-0.14141311220261465,-0.2719632175345901,0.15502471316624256,-1.107626782443226,0.4357431973493151,49.0,50.0,50.0,40.0,44.0,26.0,30.0,26.0,52.0,95.49,3975442432,1567272960,1444106240,8.63,8.04,8.26,25297891328,9444024320
2026-05-13T12:19:42.911374+02:00,0.09804594972683442,0.26783274295585285,0.23690039166064528,1.6992872948805666,1.4219004556220092,2.3794351603058557,1.1818085029561467,-0.14141311220261465,-0.2719632175345901,0.15502471316624256,-1.107626782443226,0.4357431973493151,49.0,50.0,50.0,40.0,44.0,26.0,30.0,26.0,52.0,95.49,3975442432,1567272960,1444106240,8.63,8.04,8.26,25297891328,9444024320
2026-05-13T12:19:42.966489+02:00,0.09804594972683442,0.26783274295585285,0.23690039166064528,1.6992872948805666,1.4219004556220092,2.3794351603058557,1.1818085029561467,-0.14141311220261465,-0.2719632175345901,0.15502471316624256,-1.107626782443226,0.4357431973493151,49.0,50.0,50.0,40.0,44.0,26.0,30.0,26.0,52.0,95.49,3975442432,1567272960,1444106240,8.63,8.04,8.26,25297891328,9444024320
2026-05-13T12:19:43.018614+02:00,0.09804594972683442,0.26783274295585285,0.23690039166064528,1.6992872948805666,1.4219004556220092,2.3794351603058557,1.1818085029561467,-0.14141311220261465,-0.2719632175345901,0.15502471316624256,-1.107626782443226,0.4357431973493151,49.0,50.0,50.0,40.0,44.0,26.0,30.0,26.0,52.0,95.49,3975442432,1567272960,1444106240,8.63,8.04,8.26,25297891328,9444024320
2026-05-13T12:19:43.070531+02:00,0.09804594972683442,0.26783274295585285,0.23690039166064528,1.6992872948805666,1.4219004556220092,2.3794351603058557,1.1818085029561467,-0.14141311220261465,-0.2719632175345901,0.15502471316624256,-1.107626782443226,0.4357431973493151,49.0,50.0,50.0,40.0,44.0,26.0,30.0,26.0,52.0,95.49,3975442432,1567272960,1444106240,8.63,8.04,8.26,25297891328,9444024320
2026-05-13T12:19:43.121588+02:00,0.09804594972683442,0.26783274295585285,0.23690039166064528,1.6992872948805666,1.4219004556220092,2.3794351603058557,1.1818085029561467,-0.14141311220261465,-0.2719632175345901,0.15502471316624256,-1.107626782443226,0.4357431973493151,49.0,50.0,50.0,40.0,44.0,26.0,30.0,26.0,52.0,95.49,3975442432,1567272960,1444106240,8.63,8.04,8.26,25297891328,9444024320
2026-05-13T12:19:43.176562+02:00,0.09804594972683442,0.26783274295585285,0.23690039166064528,1.6992872948805666,1.4219004556220092,2.3794351603058557,1.1818085029561467,-0.14141311220261465,-0.2719632175345901,0.15502471316624256,-1.107626782443226,0.4357431973493151,49.0,50.0,50.0,40.0,44.0,26.0,30.0,26.0,52.0,95.49,3975442432,1567272960,1444106240,8.63,8.04,8.26,25297891328,9444024320
2026-05-13T12:19:43.230505+02:00,0.09804594972683442,0.26783274295585285,0.23690039166064528,1.6992872948805666,1.4219004556220092,2.3794351603058557,1.1818085029561467,-0.14141311220261465,-0.2719632175345901,0.15502471316624256,-1.107626782443226,0.4357431973493151,49.0,50.0,50.0,40.0,44.0,26.0,30.0,26.0,52.0,95.49,3975442432,1567272960,1444106240,8.63,8.04,8.26,25297891328,9444024320
2026-05-13T12:19:43.285523+02:00,0.09804594972683442,0.26783274295585285,0.23690039166064528,1.6992872948805666,1.4219004556220092,2.3794351603058557,1.1818085029561467,-0.14141311220261465,-0.2719632175345901,0.15502471316624256,-1.107626782443226,0.4357431973493151,49.0,50.0,50.0,40.0,44.0,26.0,30.0,26.0,52.0,95.49,3975442432,1567272960,1444106240,8.63,8.04,8.26,25297891328,9444024320
2026-05-13T12:19:43.338905+02:00,0.09804594972683442,0.26783274295585285,0.23690039166064528,1.6992872948805666,1.4219004556220092,2.3794351603058557,1.1818085029561467,-0.14141311220261465,-0.2719632175345901,0.15502471316624256,-1.107626782443226,0.4357431973493151,49.0,50.0,50.0,40.0,44.0,26.0,30.0,26.0,52.0,95.49,3975442432,1567272960,1444106240,8.63,8.04,8.26,25297891328,9444024320
2026-05-13T12:19:43.393993+02:00,0.09804594972683442,0.26783274295585285,0.23690039166064528,1.6992872948805666,1.4219004556220092,2.3794351603058557,1.1818085029561467,-0.14141311220261465,-0.2719632175345901,0.15502471316624256,-1.107626782443226,0.4357431973493151,49.0,50.0,50.0,40.0,44.0,26.0,30.0,26.0,52.0,95.49,3975442432,1567272960,1444106240,8.63,8.04,8.26,25297891328,9444024320
2026-05-13T12:19:43.448967+02:00,0.09804594972683442,0.26783274295585285,0.23690039166064528,1.6992872948805666,1.4219004556220092,2.3794351603058557,1.1818085029561467,-0.14141311220261465,-0.2719632175345901,0.15502471316624256,-1.107626782443226,0.4357431973493151,49.0,50.0,50.0,40.0,44.0,26.0,30.0,26.0,52.0,95.49,3975442432,1567272960,1444106240,8.63,8.04,8.26,25297891328,9444024320
2026-05-13T12:19:43.499416+02:00,0.09804594972683442,0.26783274295585285,0.23690039166064528,1.6992872948805666,1.4219004556220092,2.3794351603058557,1.1818085029561467,-0.14141311220261465,-0.2719632175345901,0.15502471316624256,-1.107626782443226,0.4357431973493151,49.0,50.0,50.0,40.0,44.0,26.0,30.0,26.0,52.0,95.49,3975442432,1567272960,1444106240,8.63,8.04,8.26,25297891328,9444024320
2026-05-13T12:19:43.552590+02:00,0.09804594972683442,0.26783274295585285,0.23690039166064528,1.6992872948805666,1.4219004556220092,2.3794351603058557,1.1818085029561467,-0.14141311220261465,-0.2719632175345901,0.15502471316624256,-1.107626782443226,0.4357431973493151,49.0,50.0,50.0,40.0,44.0,26.0,30.0,26.0,52.0,95.49,3975442432,1567272960,1444106240,8.63,8.04,8.26,25297891328,9444024320
2026-05-13T12:19:43.603285+02:00,0.09804594972683442,0.26783274295585285,0.23690039166064528,1.6992872948805666,1.4219004556220092,2.3794351603058557,1.1818085029561467,-0.14141311220261465,-0.2719632175345901,0.15502471316624256,-1.107626782443226,0.4357431973493151,49.0,50.0,50.0,40.0,44.0,26.0,30.0,26.0,52.0,95.49,3975442432,1567272960,1444106240,8.63,8.04,8.26,25297891328,9444024320
2026-05-13T12:19:43.658764+02:00,0.09804594972683442,0.26783274295585285,0.23690039166064528,1.6992872948805666,1.4219004556220092,2.3794351603058557,1.1818085029561467,-0.14141311220261465,-0.2719632175345901,0.15502471316624256,-1.107626782443226,0.4357431973493151,49.0,50.0,50.0,40.0,44.0,26.0,30.0,26.0,52.0,95.49,3975442432,1567272960,1444106240,8.63,8.04,8.26,25297891328,9444024320
2026-05-13T12:19:43.713778+02:00,0.09804594972683442,0.26783274295585285,0.23690039166064528,1.6992872948805666,1.4219004556220092,2.3794351603058557,1.1818085029561467,-0.14141311220261465,-0.2719632175345901,0.15502471316624256,-1.107626782443226,0.4357431973493151,49.0,50.0,50.0,40.0,44.0,26.0,30.0,26.0,52.0,97.55,3975442432,1566965760,1444409344,8.34,7.98,8.24,25297891328,9444024320
2026-05-13T12:19:43.769399+02:00,0.09804594972683442,0.26783274295585285,0.23690039166064528,1.6992872948805666,1.4219004556220092,2.3794351603058557,1.1818085029561467,-0.14141311220261465,-0.2719632175345901,0.15502471316624256,-1.107626782443226,0.4357431973493151,49.0,50.0,50.0,40.0,44.0,26.0,30.0,26.0,52.0,97.55,3975442432,1566965760,1444409344,8.34,7.98,8.24,25297891328,9444024320
2026-05-13T12:19:43.820492+02:00,0.09804594972683442,0.26783274295585285,0.23690039166064528,1.6992872948805666,1.4219004556220092,2.3794351603058557,1.1818085029561467,-0.14141311220261465,-0.2719632175345901,0.15502471316624256,-1.107626782443226,0.4357431973493151,49.0,50.0,50.0,40.0,44.0,26.0,30.0,26.0,52.0,97.55,3975442432,1566965760,1444409344,8.34,7.98,8.24,25297891328,9444024320
2026-05-13T12:19:43.870948+02:00,0.09804594972683442,0.26783274295585285,0.23690039166064528,1.6992872948805666,1.4219004556220092,2.3794351603058557,1.1818085029561467,-0.14141311220261465,-0.2719632175345901,0.15502471316624256,-1.107626782443226,0.4357431973493151,49.0,50.0,50.0,40.0,44.0,26.0,30.0,26.0,52.0,97.55,3975442432,1566965760,1444409344,8.34,7.98,8.24,25297891328,9444024320
2026-05-13T12:19:43.921221+02:00,0.09804594972683442,0.26783274295585285,0.23690039166064528,1.6992872948805666,1.4219004556220092,2.3794351603058557,1.1818085029561467,-0.14141311220261465,-0.2719632175345901,0.15502471316624256,-1.107626782443226,0.4357431973493151,49.0,50.0,50.0,40.0,44.0,26.0,30.0,26.0,52.0,97.55,3975442432,1566965760,1444409344,8.34,7.98,8.24,25297891328,9444024320
2026-05-13T12:19:43.971776+02:00,0.09804594972683442,0.26783274295585285,0.23690039166064528,1.6992872948805666,1.4219004556220092,2.3794351603058557,1.1818085029561467,-0.14141311220261465,-0.2719632175345901,0.15502471316624256,-1.107626782443226,0.4357431973493151,49.0,50.0,50.0,40.0,44.0,26.0,30.0,26.0,52.0,97.55,3975442432,1566965760,1444409344,8.34,7.98,8.24,25297891328,9444024320
2026-05-13T12:19:44.021954+02:00,0.09804594972683442,0.26783274295585285,0.23690039166064528,1.6992872948805666,1.4219004556220092,2.3794351603058557,1.1818085029561467,-0.14141311220261465,-0.2719632175345901,0.15502471316624256,-1.107626782443226,0.4357431973493151,49.0,50.0,50.0,40.0,44.0,26.0,30.0,26.0,52.0,97.55,3975442432,1566965760,1444409344,8.34,7.98,8.24,25297891328,9444024320
2026-05-13T12:19:44.074495+02:00,0.09804594972683442,0.26783274295585285,0.23690039166064528,1.6992872948805666,1.4219004556220092,2.3794351603058557,1.1818085029561467,-0.14141311220261465,-0.2719632175345901,0.15502471316624256,-1.107626782443226,0.4357431973493151,49.0,50.0,50.0,40.0,44.0,26.0,30.0,26.0,52.0,97.55,3975442432,1566965760,1444409344,8.34,7.98,8.24,25297891328,9444024320
2026-05-13T12:19:44.126245+02:00,0.09804594972683442,0.26783274295585285,0.23690039166064528,1.6992872948805666,1.4219004556220092,2.3794351603058557,1.1818085029561467,-0.14141311220261465,-0.2719632175345901,0.15502471316624256,-1.107626782443226,0.4357431973493151,49.0,50.0,50.0,40.0,44.0,26.0,30.0,26.0,52.0,97.55,3975442432,1566965760,1444409344,8.34,7.98,8.24,25297891328,9444024320
2026-05-13T12:19:44.177179+02:00,0.09804594972683442,0.26783274295585285,0.23690039166064528,1.6992872948805666,1.4219004556220092,2.3794351603058557,1.1818085029561467,-0.14141311220261465,-0.2719632175345901,0.15502471316624256,-1.107626782443226,0.4357431973493151,49.0,50.0,50.0,40.0,44.0,26.0,30.0,26.0,52.0,97.55,3975442432,1566965760,1444409344,8.34,7.98,8.24,25297891328,9444024320
2026-05-13T12:19:44.228272+02:00,0.09804594972683442,0.26783274295585285,0.23690039166064528,1.6992872948805666,1.4219004556220092,2.3794351603058557,1.1818085029561467,-0.14141311220261465,-0.2719632175345901,0.15502471316624256,-1.107626782443226,0.4357431973493151,49.0,50.0,50.0,40.0,44.0,26.0,30.0,26.0,52.0,97.55,3975442432,1566965760,1444409344,8.34,7.98,8.24,25297891328,9444024320
2026-05-13T12:19:44.279346+02:00,0.09804594972683442,0.26783274295585285,0.23690039166064528,1.6992872948805666,1.4219004556220092,2.3794351603058557,1.1818085029561467,-0.14141311220261465,-0.2719632175345901,0.15502471316624256,-1.107626782443226,0.4357431973493151,49.0,50.0,50.0,40.0,44.0,26.0,30.0,26.0,52.0,97.55,3975442432,1566965760,1444409344,8.34,7.98,8.24,25297891328,9444024320
2026-05-13T12:19:44.331975+02:00,0.09804594972683442,0.26783274295585285,0.23690039166064528,1.6992872948805666,1.4219004556220092,2.3794351603058557,1.1818085029561467,-0.14141311220261465,-0.2719632175345901,0.15502471316624256,-1.107626782443226,0.4357431973493151,49.0,50.0,50.0,40.0,44.0,26.0,30.0,26.0,52.0,97.55,3975442432,1566965760,1444409344,8.34,7.98,8.24,25297891328,9444024320
2026-05-13T12:19:44.387000+02:00,0.09804594972683442,0.26783274295585285,0.23690039166064528,1.6992872948805666,1.4219004556220092,2.3794351603058557,1.1818085029561467,-0.14141311220261465,-0.2719632175345901,0.15502471316624256,-1.107626782443226,0.4357431973493151,49.0,50.0,50.0,40.0,44.0,26.0,30.0,26.0,52.0,97.55,3975442432,1566965760,1444409344,8.34,7.98,8.24,25297891328,9444024320
2026-05-13T12:19:44.437708+02:00,0.09804594972683442,0.26783274295585285,0.23690039166064528,1.6992872948805666,1.4219004556220092,2.3794351603058557,1.1818085029561467,-0.14141311220261465,-0.2719632175345901,0.15502471316624256,-1.107626782443226,0.4357431973493151,49.0,50.0,50.0,40.0,44.0,26.0,30.0,26.0,52.0,97.55,3975442432,1566965760,1444409344,8.34,7.98,8.24,25297891328,9444024320
2026-05-13T12:19:44.488098+02:00,0.09804594972683442,0.26783274295585285,0.23690039166064528,1.6992872948805666,1.4219004556220092,2.3794351603058557,1.1818085029561467,-0.14141311220261465,-0.2719632175345901,0.15502471316624256,-1.107626782443226,0.4357431973493151,49.0,50.0,50.0,40.0,44.0,26.0,30.0,26.0,52.0,97.55,3975442432,1566965760,1444409344,8.34,7.98,8.24,25297891328,9444024320
2026-05-13T12:19:44.540045+02:00,0.09804594972683442,0.26783274295585285,0.23690039166064528,1.6992872948805666,1.4219004556220092,2.3794351603058557,1.1818085029561467,-0.14141311220261465,-0.2719632175345901,0.15502471316624256,-1.107626782443226,0.4357431973493151,49.0,50.0,50.0,40.0,44.0,26.0,30.0,26.0,52.0,97.55,3975442432,1566965760,1444409344,8.34,7.98,8.24,25297891328,9444024320
2026-05-13T12:19:44.594408+02:00,0.09804594972683442,0.26783274295585285,0.23690039166064528,1.6992872948805666,1.4219004556220092,2.3794351603058557,1.1818085029561467,-0.14141311220261465,-0.2719632175345901,0.15502471316624256,-1.107626782443226,0.4357431973493151,49.0,50.0,50.0,40.0,44.0,26.0,30.0,26.0,52.0,97.55,3975442432,1566965760,1444409344,8.34,7.98,8.24,25297891328,9444024320
2026-05-13T12:19:44.647215+02:00,0.09804594972683442,0.26783274295585285,0.23690039166064528,1.6992872948805666,1.4219004556220092,2.3794351603058557,1.1818085029561467,-0.14141311220261465,-0.2719632175345901,0.15502471316624256,-1.107626782443226,0.4357431973493151,49.0,50.0,50.0,40.0,44.0,26.0,30.0,26.0,52.0,97.55,3975442432,1566965760,1444409344,8.34,7.98,8.24,25297891328,9444024320
2026-05-13T12:19:44.699977+02:00,0.09810386341628895,0.26794562266903693,0.2369202464115803,1.6895707769260377,1.4214294138056096,2.3696095854576655,1.1818085029561467,-0.14141311220261465,-0.2719632175345901,0.15502471316624256,-1.107626782443226,0.4357431973493151,49.0,50.0,50.0,40.0,44.0,26.0,30.0,26.0,52.0,97.55,3975442432,1566965760,1444409344,8.34,7.98,8.24,25297891328,9444024320
2026-05-13T12:19:44.754571+02:00,0.09810386341628895,0.26794562266903693,0.2369202464115803,1.6895707769260377,1.4214294138056096,2.3696095854576655,1.1818085029561467,-0.14141311220261465,-0.2719632175345901,0.15502471316624256,-1.107626782443226,0.4357431973493151,49.0,50.0,50.0,40.0,44.0,26.0,30.0,26.0,52.0,97.55,3975442432,1566965760,1444409344,8.34,7.98,8.24,25297891328,9444024320
2026-05-13T12:19:44.809135+02:00,0.09810386341628895,0.26794562266903693,0.2369202464115803,1.6895707769260377,1.4214294138056096,2.3696095854576655,1.1818085029561467,-0.14141311220261465,-0.2719632175345901,0.15502471316624256,-1.107626782443226,0.4357431973493151,49.0,50.0,50.0,40.0,44.0,26.0,30.0,26.0,52.0,97.55,3975442432,1566965760,1444409344,8.34,7.98,8.24,25297891328,9444024320
2026-05-13T12:19:44.862646+02:00,0.09810386341628895,0.26794562266903693,0.2369202464115803,1.6895707769260377,1.4214294138056096,2.3696095854576655,1.1818085029561467,-0.14141311220261465,-0.2719632175345901,0.15502471316624256,-1.107626782443226,0.4357431973493151,49.0,50.0,50.0,40.0,44.0,26.0,30.0,26.0,52.0,97.55,3975442432,1566965760,1444409344,8.34,7.98,8.24,25297891328,9444024320
2026-05-13T12:19:44.913723+02:00,0.09804594972683442,0.26783274295585285,0.23690039166064528,1.6992872948805666,1.4219004556220092,2.3794351603058557,1.1818085029561467,-0.14141311220261465,-0.2719632175345901,0.15502471316624256,-1.107626782443226,0.4357431973493151,49.0,50.0,50.0,40.0,44.0,26.0,30.0,26.0,52.0,97.55,3975442432,1566965760,1444409344,8.34,7.98,8.24,25297891328,9444024320
2026-05-13T12:19:44.965292+02:00,0.09804594972683442,0.26783274295585285,0.23690039166064528,1.6992872948805666,1.4219004556220092,2.3794351603058557,1.1818085029561467,-0.14141311220261465,-0.2719632175345901,0.15502471316624256,-1.107626782443226,0.4357431973493151,49.0,50.0,50.0,40.0,44.0,26.0,30.0,26.0,52.0,97.55,3975442432,1566965760,1444409344,8.34,7.98,8.24,25297891328,9444024320
2026-05-13T12:19:45.020048+02:00,0.09804594972683442,0.26783274295585285,0.23690039166064528,1.6992872948805666,1.4219004556220092,2.3794351603058557,1.1818085029561467,-0.14141311220261465,-0.2719632175345901,0.15502471316624256,-1.107626782443226,0.4357431973493151,49.0,50.0,50.0,40.0,44.0,26.0,30.0,26.0,52.0,97.55,3975442432,1566965760,1444409344,8.34,7.98,8.24,25297891328,9444024320
2026-05-13T12:19:45.070853+02:00,0.09804594972683442,0.26783274295585285,0.23690039166064528,1.6992872948805666,1.4219004556220092,2.3794351603058557,1.1818085029561467,-0.14141311220261465,-0.2719632175345901,0.15502471316624256,-1.107626782443226,0.4357431973493151,49.0,50.0,50.0,40.0,44.0,26.0,30.0,26.0,52.0,97.55,3975442432,1566965760,1444409344,8.34,7.98,8.24,25297891328,9444024320
2026-05-13T12:19:45.125747+02:00,0.09804594972683442,0.26783274295585285,0.23690039166064528,1.6992872948805666,1.4219004556220092,2.3794351603058557,1.1818085029561467,-0.14141311220261465,-0.2719632175345901,0.15502471316624256,-1.107626782443226,0.4357431973493151,49.0,50.0,50.0,40.0,44.0,26.0,30.0,26.0,52.0,91.4,3975442432,1527975936,1483456512,8.34,7.98,8.24,25297891328,9444032512
2026-05-13T12:19:45.180137+02:00,0.09804594972683442,0.26783274295585285,0.23690039166064528,1.6992872948805666,1.4219004556220092,2.3794351603058557,1.1818085029561467,-0.14141311220261465,-0.2719632175345901,0.15502471316624256,-1.107626782443226,0.4357431973493151,49.0,50.0,50.0,40.0,44.0,26.0,30.0,26.0,52.0,91.4,3975442432,1527975936,1483456512,8.34,7.98,8.24,25297891328,9444032512
2026-05-13T12:19:45.230697+02:00,0.09804594972683442,0.26783274295585285,0.23690039166064528,1.6992872948805666,1.4219004556220092,2.3794351603058557,1.1818085029561467,-0.14141311220261465,-0.2719632175345901,0.15502471316624256,-1.107626782443226,0.4357431973493151,49.0,50.0,50.0,40.0,44.0,26.0,30.0,26.0,52.0,91.4,3975442432,1527975936,1483456512,8.34,7.98,8.24,25297891328,9444032512
2026-05-13T12:19:45.281369+02:00,0.09804594972683442,0.26783274295585285,0.23690039166064528,1.6992872948805666,1.4219004556220092,2.3794351603058557,1.1818085029561467,-0.14141311220261465,-0.2719632175345901,0.15502471316624256,-1.107626782443226,0.4357431973493151,49.0,50.0,50.0,40.0,44.0,26.0,30.0,26.0,52.0,91.4,3975442432,1527975936,1483456512,8.34,7.98,8.24,25297891328,9444032512
2026-05-13T12:19:45.336390+02:00,0.09804594972683442,0.26783274295585285,0.23690039166064528,1.6992872948805666,1.4219004556220092,2.3794351603058557,1.1818085029561467,-0.14141311220261465,-0.2719632175345901,0.15502471316624256,-1.107626782443226,0.4357431973493151,49.0,50.0,50.0,40.0,44.0,26.0,30.0,26.0,52.0,91.4,3975442432,1527975936,1483456512,8.34,7.98,8.24,25297891328,9444032512
2026-05-13T12:19:45.387826+02:00,0.09804594972683442,0.26783274295585285,0.23690039166064528,1.6992872948805666,1.4219004556220092,2.3794351603058557,1.1818085029561467,-0.14141311220261465,-0.2719632175345901,0.15502471316624256,-1.107626782443226,0.4357431973493151,49.0,50.0,50.0,40.0,44.0,26.0,30.0,26.0,52.0,91.4,3975442432,1527975936,1483456512,8.34,7.98,8.24,25297891328,9444032512
2026-05-13T12:19:45.442783+02:00,0.09804594972683442,0.26783274295585285,0.23690039166064528,1.6992872948805666,1.4219004556220092,2.3794351603058557,1.1818085029561467,-0.14141311220261465,-0.2719632175345901,0.15502471316624256,-1.107626782443226,0.4357431973493151,49.0,50.0,50.0,40.0,44.0,26.0,30.0,26.0,52.0,91.4,3975442432,1527975936,1483456512,8.34,7.98,8.24,25297891328,9444032512
2026-05-13T12:19:45.493117+02:00,0.09804594972683442,0.26783274295585285,0.23690039166064528,1.6992872948805666,1.4219004556220092,2.3794351603058557,1.1818085029561467,-0.14141311220261465,-0.2719632175345901,0.15502471316624256,-1.107626782443226,0.4357431973493151,49.0,50.0,50.0,40.0,44.0,26.0,30.0,26.0,52.0,91.4,3975442432,1527975936,1483456512,8.34,7.98,8.24,25297891328,9444032512
2026-05-13T12:19:45.548079+02:00,0.09804594972683442,0.26783274295585285,0.23690039166064528,1.6992872948805666,1.4219004556220092,2.3794351603058557,1.1818085029561467,-0.14141311220261465,-0.2719632175345901,0.15502471316624256,-1.107626782443226,0.4357431973493151,49.0,50.0,50.0,40.0,44.0,26.0,30.0,26.0,52.0,91.4,3975442432,1527975936,1483456512,8.34,7.98,8.24,25297891328,9444032512
2026-05-13T12:19:45.601532+02:00,0.09804594972683442,0.26783274295585285,0.23690039166064528,1.6992872948805666,1.4219004556220092,2.3794351603058557,1.1818085029561467,-0.14141311220261465,-0.2719632175345901,0.15502471316624256,-1.107626782443226,0.4357431973493151,49.0,50.0,50.0,40.0,44.0,26.0,30.0,26.0,52.0,91.4,3975442432,1527975936,1483456512,8.34,7.98,8.24,25297891328,9444032512
2026-05-13T12:19:45.653375+02:00,0.09804594972683442,0.26783274295585285,0.23690039166064528,1.6992872948805666,1.4219004556220092,2.3794351603058557,1.1818085029561467,-0.14141311220261465,-0.2719632175345901,0.15502471316624256,-1.107626782443226,0.4357431973493151,49.0,50.0,50.0,40.0,44.0,26.0,30.0,26.0,52.0,91.4,3975442432,1527975936,1483456512,8.34,7.98,8.24,25297891328,9444032512
2026-05-13T12:19:45.704263+02:00,0.09804594972683442,0.26783274295585285,0.23690039166064528,1.6992872948805666,1.4219004556220092,2.3794351603058557,1.1818085029561467,-0.14141311220261465,-0.2719632175345901,0.15502471316624256,-1.107626782443226,0.4357431973493151,49.0,50.0,50.0,40.0,44.0,26.0,30.0,26.0,52.0,91.4,3975442432,1527975936,1483456512,8.34,7.98,8.24,25297891328,9444032512
2026-05-13T12:19:45.759317+02:00,0.09804594972683442,0.26783274295585285,0.23690039166064528,1.6992872948805666,1.4219004556220092,2.3794351603058557,1.1818085029561467,-0.14141311220261465,-0.2719632175345901,0.15502471316624256,-1.107626782443226,0.4357431973493151,49.0,50.0,50.0,40.0,44.0,26.0,30.0,26.0,52.0,91.4,3975442432,1527975936,1483456512,8.34,7.98,8.24,25297891328,9444032512
2026-05-13T12:19:45.814308+02:00,0.09804594972683442,0.26783274295585285,0.23690039166064528,1.6992872948805666,1.4219004556220092,2.3794351603058557,1.1818085029561467,-0.14141311220261465,-0.2719632175345901,0.15502471316624256,-1.107626782443226,0.4357431973493151,49.0,50.0,50.0,40.0,44.0,26.0,30.0,26.0,52.0,91.4,3975442432,1527975936,1483456512,8.34,7.98,8.24,25297891328,9444032512
2026-05-13T12:19:45.869327+02:00,0.09804594972683442,0.26783274295585285,0.23690039166064528,1.6992872948805666,1.4219004556220092,2.3794351603058557,1.1818085029561467,-0.14141311220261465,-0.2719632175345901,0.15502471316624256,-1.107626782443226,0.4357431973493151,49.0,50.0,50.0,40.0,44.0,26.0,30.0,26.0,52.0,91.4,3975442432,1527975936,1483456512,8.34,7.98,8.24,25297891328,9444032512
2026-05-13T12:19:45.922367+02:00,0.09804594972683442,0.26783274295585285,0.23690039166064528,1.6992872948805666,1.4219004556220092,2.3794351603058557,1.1818085029561467,-0.14141311220261465,-0.2719632175345901,0.15502471316624256,-1.107626782443226,0.4357431973493151,49.0,50.0,50.0,40.0,44.0,26.0,30.0,26.0,52.0,91.4,3975442432,1527975936,1483456512,8.34,7.98,8.24,25297891328,9444032512
2026-05-13T12:19:45.973523+02:00,0.09804594972683442,0.26783274295585285,0.23690039166064528,1.6992872948805666,1.4219004556220092,2.3794351603058557,1.1818085029561467,-0.14141311220261465,-0.2719632175345901,0.15502471316624256,-1.107626782443226,0.4357431973493151,49.0,50.0,50.0,40.0,44.0,26.0,30.0,26.0,52.0,91.4,3975442432,1527975936,1483456512,8.34,7.98,8.24,25297891328,9444032512
2026-05-13T12:19:46.024706+02:00,0.09804594972683442,0.26783274295585285,0.23690039166064528,1.6992872948805666,1.4219004556220092,2.3794351603058557,1.1818085029561467,-0.14141311220261465,-0.2719632175345901,0.15502471316624256,-1.107626782443226,0.4357431973493151,49.0,50.0,50.0,40.0,44.0,26.0,30.0,26.0,52.0,91.4,3975442432,1527975936,1483456512,8.34,7.98,8.24,25297891328,9444032512
2026-05-13T12:19:46.075796+02:00,0.09804594972683442,0.26783274295585285,0.23690039166064528,1.6992872948805666,1.4219004556220092,2.3794351603058557,1.1818085029561467,-0.14141311220261465,-0.2719632175345901,0.15502471316624256,-1.107626782443226,0.4357431973493151,49.0,50.0,50.0,40.0,44.0,26.0,30.0,26.0,52.0,90.36,3975442432,1528356864,1483063296,8.34,7.98,8.24,25297891328,9444032512
2026-05-13T12:19:46.126777+02:00,0.09804594972683442,0.26783274295585285,0.23690039166064528,1.6992872948805666,1.4219004556220092,2.3794351603058557,1.1818085029561467,-0.14141311220261465,-0.2719632175345901,0.15502471316624256,-1.107626782443226,0.4357431973493151,49.0,50.0,50.0,40.0,44.0,26.0,30.0,26.0,52.0,90.36,3975442432,1528356864,1483063296,8.34,7.98,8.24,25297891328,9444032512
2026-05-13T12:19:46.177632+02:00,0.09804594972683442,0.26783274295585285,0.23690039166064528,1.6992872948805666,1.4219004556220092,2.3794351603058557,1.1818085029561467,-0.14141311220261465,-0.2719632175345901,0.15502471316624256,-1.107626782443226,0.4357431973493151,49.0,50.0,50.0,40.0,44.0,26.0,30.0,26.0,52.0,90.36,3975442432,1528356864,1483063296,8.34,7.98,8.24,25297891328,9444032512
2026-05-13T12:19:46.230488+02:00,0.09804594972683442,0.26783274295585285,0.23690039166064528,1.6992872948805666,1.4219004556220092,2.3794351603058557,1.1818085029561467,-0.14141311220261465,-0.2719632175345901,0.15502471316624256,-1.107626782443226,0.4357431973493151,49.0,50.0,50.0,40.0,44.0,26.0,30.0,26.0,52.0,90.36,3975442432,1528356864,1483063296,8.34,7.98,8.24,25297891328,9444032512
2026-05-13T12:19:46.280962+02:00,0.09804594972683442,0.26783274295585285,0.23690039166064528,1.6992872948805666,1.4219004556220092,2.3794351603058557,1.1818085029561467,-0.14141311220261465,-0.2719632175345901,0.15502471316624256,-1.107626782443226,0.4357431973493151,49.0,50.0,50.0,40.0,44.0,26.0,30.0,26.0,52.0,90.36,3975442432,1528356864,1483063296,8.34,7.98,8.24,25297891328,9444032512
2026-05-13T12:19:46.331885+02:00,0.09804594972683442,0.26783274295585285,0.23690039166064528,1.6992872948805666,1.4219004556220092,2.3794351603058557,1.1818085029561467,-0.14141311220261465,-0.2719632175345901,0.15502471316624256,-1.107626782443226,0.4357431973493151,49.0,50.0,50.0,40.0,44.0,26.0,30.0,26.0,52.0,90.36,3975442432,1528356864,1483063296,8.34,7.98,8.24,25297891328,9444032512
2026-05-13T12:19:46.382814+02:00,0.09804594972683442,0.26783274295585285,0.23690039166064528,1.6992872948805666,1.4219004556220092,2.3794351603058557,1.1818085029561467,-0.14141311220261465,-0.2719632175345901,0.15502471316624256,-1.107626782443226,0.4357431973493151,49.0,50.0,50.0,40.0,44.0,26.0,30.0,26.0,52.0,90.36,3975442432,1528356864,1483063296,8.34,7.98,8.24,25297891328,9444032512
2026-05-13T12:19:46.434874+02:00,0.09804594972683442,0.26783274295585285,0.23690039166064528,1.6992872948805666,1.4219004556220092,2.3794351603058557,1.1818085029561467,-0.14141311220261465,-0.2719632175345901,0.15502471316624256,-1.107626782443226,0.4357431973493151,49.0,50.0,50.0,40.0,44.0,26.0,30.0,26.0,52.0,90.36,3975442432,1528356864,1483063296,8.34,7.98,8.24,25297891328,9444032512
2026-05-13T12:19:46.486766+02:00,0.09804594972683442,0.26783274295585285,0.23690039166064528,1.6992872948805666,1.4219004556220092,2.3794351603058557,1.1818085029561467,-0.14141311220261465,-0.2719632175345901,0.15502471316624256,-1.107626782443226,0.4357431973493151,49.0,50.0,50.0,40.0,44.0,26.0,30.0,26.0,52.0,90.36,3975442432,1528356864,1483063296,8.34,7.98,8.24,25297891328,9444032512
2026-05-13T12:19:46.538585+02:00,0.09804594972683442,0.26783274295585285,0.23690039166064528,1.6992872948805666,1.4219004556220092,2.3794351603058557,1.1818085029561467,-0.14141311220261465,-0.2719632175345901,0.15502471316624256,-1.107626782443226,0.4357431973493151,49.0,50.0,50.0,40.0,44.0,26.0,30.0,26.0,52.0,90.36,3975442432,1528356864,1483063296,8.34,7.98,8.24,25297891328,9444032512
2026-05-13T12:19:46.592473+02:00,0.09804594972683442,0.26783274295585285,0.23690039166064528,1.6992872948805666,1.4219004556220092,2.3794351603058557,1.1818085029561467,-0.14141311220261465,-0.2719632175345901,0.15502471316624256,-1.107626782443226,0.4357431973493151,49.0,50.0,50.0,40.0,44.0,26.0,30.0,26.0,52.0,90.36,3975442432,1528356864,1483063296,8.34,7.98,8.24,25297891328,9444032512
2026-05-13T12:19:46.643459+02:00,0.09804594972683442,0.26783274295585285,0.23690039166064528,1.6992872948805666,1.4219004556220092,2.3794351603058557,1.1818085029561467,-0.14141311220261465,-0.2719632175345901,0.15502471316624256,-1.107626782443226,0.4357431973493151,49.0,50.0,50.0,40.0,44.0,26.0,30.0,26.0,52.0,90.36,3975442432,1528356864,1483063296,8.34,7.98,8.24,25297891328,9444032512
2026-05-13T12:19:46.693780+02:00,0.09804594972683442,0.26783274295585285,0.23690039166064528,1.6992872948805666,1.4219004556220092,2.3794351603058557,1.1818085029561467,-0.14141311220261465,-0.2719632175345901,0.15502471316624256,-1.107626782443226,0.4357431973493151,49.0,50.0,50.0,40.0,44.0,26.0,30.0,26.0,52.0,90.36,3975442432,1528356864,1483063296,8.34,7.98,8.24,25297891328,9444032512
2026-05-13T12:19:46.747146+02:00,0.09804594972683442,0.26783274295585285,0.23690039166064528,1.6992872948805666,1.4219004556220092,2.3794351603058557,1.1818085029561467,-0.14141311220261465,-0.2719632175345901,0.15502471316624256,-1.107626782443226,0.4357431973493151,49.0,50.0,50.0,40.0,44.0,26.0,30.0,26.0,52.0,90.36,3975442432,1528356864,1483063296,8.34,7.98,8.24,25297891328,9444032512
2026-05-13T12:19:46.799554+02:00,0.09804594972683442,0.26783274295585285,0.23690039166064528,1.6992872948805666,1.4219004556220092,2.3794351603058557,1.1818085029561467,-0.14141311220261465,-0.2719632175345901,0.15502471316624256,-1.107626782443226,0.4357431973493151,49.0,50.0,50.0,40.0,44.0,26.0,30.0,26.0,52.0,90.36,3975442432,1528356864,1483063296,8.34,7.98,8.24,25297891328,9444032512
2026-05-13T12:19:46.852522+02:00,0.09804594972683442,0.26783274295585285,0.23690039166064528,1.6992872948805666,1.4219004556220092,2.3794351603058557,1.1818085029561467,-0.14141311220261465,-0.2719632175345901,0.15502471316624256,-1.107626782443226,0.4357431973493151,49.0,50.0,50.0,40.0,44.0,26.0,30.0,26.0,52.0,90.36,3975442432,1528356864,1483063296,8.34,7.98,8.24,25297891328,9444032512
2026-05-13T12:19:46.904647+02:00,0.09804594972683442,0.26783274295585285,0.23690039166064528,1.6992872948805666,1.4219004556220092,2.3794351603058557,1.1818085029561467,-0.14141311220261465,-0.2719632175345901,0.15502471316624256,-1.107626782443226,0.4357431973493151,49.0,50.0,50.0,40.0,44.0,26.0,30.0,26.0,52.0,90.36,3975442432,1528356864,1483063296,8.34,7.98,8.24,25297891328,9444032512
2026-05-13T12:19:46.959019+02:00,0.09804594972683442,0.26783274295585285,0.23690039166064528,1.6992872948805666,1.4219004556220092,2.3794351603058557,1.1818085029561467,-0.14141311220261465,-0.2719632175345901,0.15502471316624256,-1.107626782443226,0.4357431973493151,49.0,50.0,50.0,40.0,44.0,26.0,30.0,26.0,52.0,90.36,3975442432,1528356864,1483063296,8.34,7.98,8.24,25297891328,9444032512
2026-05-13T12:19:47.011884+02:00,0.09804594972683442,0.26783274295585285,0.23690039166064528,1.6992872948805666,1.4219004556220092,2.3794351603058557,1.1818085029561467,-0.14141311220261465,-0.2719632175345901,0.15502471316624256,-1.107626782443226,0.4357431973493151,49.0,50.0,50.0,40.0,44.0,26.0,30.0,26.0,52.0,90.36,3975442432,1528356864,1483063296,8.34,7.98,8.24,25297891328,9444032512
2026-05-13T12:19:47.067029+02:00,0.09804594972683442,0.26783274295585285,0.23690039166064528,1.6992872948805666,1.4219004556220092,2.3794351603058557,1.1818085029561467,-0.14141311220261465,-0.2719632175345901,0.15502471316624256,-1.107626782443226,0.4357431973493151,49.0,50.0,50.0,40.0,44.0,26.0,30.0,26.0,52.0,90.36,3975442432,1528356864,1483063296,8.34,7.98,8.24,25297891328,9444032512
2026-05-13T12:19:47.119080+02:00,0.09804594972683442,0.26783274295585285,0.23690039166064528,1.6992872948805666,1.4219004556220092,2.3794351603058557,1.1818085029561467,-0.14141311220261465,-0.2719632175345901,0.15502471316624256,-1.107626782443226,0.4357431973493151,49.0,50.0,50.0,40.0,44.0,26.0,30.0,26.0,52.0,90.36,3975442432,1528356864,1483063296,8.34,7.98,8.24,25297891328,9444032512
2026-05-13T12:19:47.173071+02:00,0.09804594972683442,0.26783274295585285,0.23690039166064528,1.6992872948805666,1.4219004556220092,2.3794351603058557,1.1818085029561467,-0.14141311220261465,-0.2719632175345901,0.15502471316624256,-1.107626782443226,0.4357431973493151,49.0,50.0,50.0,40.0,44.0,26.0,30.0,26.0,52.0,90.36,3975442432,1528356864,1483063296,8.34,7.98,8.24,25297891328,9444032512
2026-05-13T12:19:47.227216+02:00,0.09804594972683442,0.26783274295585285,0.23690039166064528,1.6992872948805666,1.4219004556220092,2.3794351603058557,1.1818085029561467,-0.14141311220261465,-0.2719632175345901,0.15502471316624256,-1.107626782443226,0.4357431973493151,49.0,50.0,50.0,40.0,44.0,26.0,30.0,26.0,52.0,90.36,3975442432,1528356864,1483063296,8.34,7.98,8.24,25297891328,9444032512
2026-05-13T12:19:47.282027+02:00,0.09804594972683442,0.26783274295585285,0.23690039166064528,1.6992872948805666,1.4219004556220092,2.3794351603058557,1.1818085029561467,-0.14141311220261465,-0.2719632175345901,0.15502471316624256,-1.107626782443226,0.4357431973493151,49.0,50.0,50.0,40.0,44.0,26.0,30.0,26.0,52.0,96.27,3975442432,1529798656,1481621504,8.34,7.98,8.24,25297891328,9444032512
2026-05-13T12:19:47.334566+02:00,0.09804594972683442,0.26783274295585285,0.23690039166064528,1.6992872948805666,1.4219004556220092,2.3794351603058557,1.1818085029561467,-0.14141311220261465,-0.2719632175345901,0.15502471316624256,-1.107626782443226,0.4357431973493151,49.0,50.0,50.0,40.0,44.0,26.0,30.0,26.0,52.0,96.27,3975442432,1529798656,1481621504,8.34,7.98,8.24,25297891328,9444032512
2026-05-13T12:19:47.385076+02:00,0.09804594972683442,0.26783274295585285,0.23690039166064528,1.6992872948805666,1.4219004556220092,2.3794351603058557,1.1818085029561467,-0.14141311220261465,-0.2719632175345901,0.15502471316624256,-1.107626782443226,0.4357431973493151,49.0,50.0,50.0,40.0,44.0,26.0,30.0,26.0,52.0,96.27,3975442432,1529798656,1481621504,8.34,7.98,8.24,25297891328,9444032512
2026-05-13T12:19:47.436813+02:00,0.09804594972683442,0.26783274295585285,0.23690039166064528,1.6992872948805666,1.4219004556220092,2.3794351603058557,1.1818085029561467,-0.14141311220261465,-0.2719632175345901,0.15502471316624256,-1.107626782443226,0.4357431973493151,49.0,50.0,50.0,40.0,44.0,26.0,30.0,26.0,52.0,96.27,3975442432,1529798656,1481621504,8.34,7.98,8.24,25297891328,9444032512
2026-05-13T12:19:47.487182+02:00,0.09804594972683442,0.26783274295585285,0.23690039166064528,1.6992872948805666,1.4219004556220092,2.3794351603058557,1.1818085029561467,-0.14141311220261465,-0.2719632175345901,0.15502471316624256,-1.107626782443226,0.4357431973493151,49.0,50.0,50.0,40.0,44.0,26.0,30.0,26.0,52.0,96.27,3975442432,1529798656,1481621504,8.34,7.98,8.24,25297891328,9444032512
2026-05-13T12:19:47.538325+02:00,0.09804594972683442,0.26783274295585285,0.23690039166064528,1.6992872948805666,1.4219004556220092,2.3794351603058557,1.1818085029561467,-0.14141311220261465,-0.2719632175345901,0.15502471316624256,-1.107626782443226,0.4357431973493151,49.0,50.0,50.0,40.0,44.0,26.0,30.0,26.0,52.0,96.27,3975442432,1529798656,1481621504,8.34,7.98,8.24,25297891328,9444032512
2026-05-13T12:19:47.588745+02:00,0.09804594972683442,0.26783274295585285,0.23690039166064528,1.6992872948805666,1.4219004556220092,2.3794351603058557,1.1818085029561467,-0.14141311220261465,-0.2719632175345901,0.15502471316624256,-1.107626782443226,0.4357431973493151,49.0,50.0,50.0,40.0,44.0,26.0,30.0,26.0,52.0,96.27,3975442432,1529798656,1481621504,8.34,7.98,8.24,25297891328,9444032512
2026-05-13T12:19:47.640362+02:00,0.09804594972683442,0.26783274295585285,0.23690039166064528,1.6992872948805666,1.4219004556220092,2.3794351603058557,1.1818085029561467,-0.14141311220261465,-0.2719632175345901,0.15502471316624256,-1.107626782443226,0.4357431973493151,49.0,50.0,50.0,40.0,44.0,26.0,30.0,26.0,52.0,96.27,3975442432,1529798656,1481621504,8.34,7.98,8.24,25297891328,9444032512
2026-05-13T12:19:47.690757+02:00,0.09804594972683442,0.26783274295585285,0.23690039166064528,1.6992872948805666,1.4219004556220092,2.3794351603058557,1.1818085029561467,-0.14141311220261465,-0.2719632175345901,0.15502471316624256,-1.107626782443226,0.4357431973493151,49.0,50.0,50.0,40.0,44.0,26.0,30.0,26.0,52.0,96.27,3975442432,1529798656,1481621504,8.34,7.98,8.24,25297891328,9444032512
2026-05-13T12:19:47.746444+02:00,0.09804594972683442,0.26783274295585285,0.23690039166064528,1.6992872948805666,1.4219004556220092,2.3794351603058557,1.1818085029561467,-0.14141311220261465,-0.2719632175345901,0.15502471316624256,-1.107626782443226,0.4357431973493151,49.0,50.0,50.0,40.0,44.0,26.0,30.0,26.0,52.0,96.27,3975442432,1529798656,1481621504,8.34,7.98,8.24,25297891328,9444032512
2026-05-13T12:19:47.797214+02:00,0.09804594972683442,0.26783274295585285,0.23690039166064528,1.6992872948805666,1.4219004556220092,2.3794351603058557,1.1818085029561467,-0.14141311220261465,-0.2719632175345901,0.15502471316624256,-1.107626782443226,0.4357431973493151,49.0,50.0,50.0,40.0,44.0,26.0,30.0,26.0,52.0,96.27,3975442432,1529798656,1481621504,8.34,7.98,8.24,25297891328,9444032512
2026-05-13T12:19:47.849986+02:00,0.09804594972683442,0.26783274295585285,0.23690039166064528,1.6992872948805666,1.4219004556220092,2.3794351603058557,1.1818085029561467,-0.14141311220261465,-0.2719632175345901,0.15502471316624256,-1.107626782443226,0.4357431973493151,49.0,50.0,50.0,40.0,44.0,26.0,30.0,26.0,52.0,96.27,3975442432,1529798656,1481621504,8.34,7.98,8.24,25297891328,9444032512
2026-05-13T12:19:47.905020+02:00,0.09804594972683442,0.26783274295585285,0.23690039166064528,1.6992872948805666,1.4219004556220092,2.3794351603058557,1.1818085029561467,-0.14141311220261465,-0.2719632175345901,0.15502471316624256,-1.107626782443226,0.4357431973493151,49.0,50.0,50.0,40.0,44.0,26.0,30.0,26.0,52.0,96.27,3975442432,1529798656,1481621504,8.34,7.98,8.24,25297891328,9444032512
2026-05-13T12:19:47.955146+02:00,0.09804594972683442,0.26783274295585285,0.23690039166064528,1.6992872948805666,1.4219004556220092,2.3794351603058557,1.1818085029561467,-0.14141311220261465,-0.2719632175345901,0.15502471316624256,-1.107626782443226,0.4357431973493151,49.0,50.0,50.0,40.0,44.0,26.0,30.0,26.0,52.0,96.27,3975442432,1529798656,1481621504,8.34,7.98,8.24,25297891328,9444032512
2026-05-13T12:19:48.006168+02:00,0.09804594972683442,0.26783274295585285,0.23690039166064528,1.6992872948805666,1.4219004556220092,2.3794351603058557,1.1818085029561467,-0.14141311220261465,-0.2719632175345901,0.15502471316624256,-1.107626782443226,0.4357431973493151,49.0,50.0,50.0,40.0,44.0,26.0,30.0,26.0,52.0,96.27,3975442432,1529798656,1481621504,8.34,7.98,8.24,25297891328,9444032512
2026-05-13T12:19:48.060929+02:00,0.09804594972683442,0.26783274295585285,0.23690039166064528,1.6992872948805666,1.4219004556220092,2.3794351603058557,1.1818085029561467,-0.14141311220261465,-0.2719632175345901,0.15502471316624256,-1.107626782443226,0.4357431973493151,49.0,50.0,50.0,40.0,44.0,26.0,30.0,26.0,52.0,91.37,3975442432,1528815616,1482604544,8.31,7.98,8.24,25297891328,9444032512
2026-05-13T12:19:48.113801+02:00,0.09804594972683442,0.26783274295585285,0.23690039166064528,1.6992872948805666,1.4219004556220092,2.3794351603058557,1.1818085029561467,-0.14141311220261465,-0.2719632175345901,0.15502471316624256,-1.107626782443226,0.4357431973493151,49.0,50.0,50.0,40.0,44.0,26.0,30.0,26.0,52.0,91.37,3975442432,1528815616,1482604544,8.31,7.98,8.24,25297891328,9444032512
2026-05-13T12:19:48.164107+02:00,0.09804594972683442,0.26783274295585285,0.23690039166064528,1.6992872948805666,1.4219004556220092,2.3794351603058557,1.1818085029561467,-0.14141311220261465,-0.2719632175345901,0.15502471316624256,-1.107626782443226,0.4357431973493151,49.0,50.0,50.0,40.0,44.0,26.0,30.0,26.0,52.0,91.37,3975442432,1528815616,1482604544,8.31,7.98,8.24,25297891328,9444032512
2026-05-13T12:19:48.219144+02:00,0.09804594972683442,0.26783274295585285,0.23690039166064528,1.6992872948805666,1.4219004556220092,2.3794351603058557,1.1818085029561467,-0.14141311220261465,-0.2719632175345901,0.15502471316624256,-1.107626782443226,0.4357431973493151,49.0,50.0,50.0,40.0,44.0,26.0,30.0,26.0,52.0,91.37,3975442432,1528815616,1482604544,8.31,7.98,8.24,25297891328,9444032512
2026-05-13T12:19:48.272146+02:00,0.09804594972683442,0.26783274295585285,0.23690039166064528,1.6992872948805666,1.4219004556220092,2.3794351603058557,1.1818085029561467,-0.14141311220261465,-0.2719632175345901,0.15502471316624256,-1.107626782443226,0.4357431973493151,49.0,50.0,50.0,40.0,44.0,26.0,30.0,26.0,52.0,91.37,3975442432,1528815616,1482604544,8.31,7.98,8.24,25297891328,9444032512
2026-05-13T12:19:48.327145+02:00,0.09804594972683442,0.26783274295585285,0.23690039166064528,1.6992872948805666,1.4219004556220092,2.3794351603058557,1.1818085029561467,-0.14141311220261465,-0.2719632175345901,0.15502471316624256,-1.107626782443226,0.4357431973493151,49.0,50.0,50.0,40.0,44.0,26.0,30.0,26.0,52.0,91.37,3975442432,1528815616,1482604544,8.31,7.98,8.24,25297891328,9444032512
2026-05-13T12:19:48.378993+02:00,0.09804594972683442,0.26783274295585285,0.23690039166064528,1.6992872948805666,1.4219004556220092,2.3794351603058557,1.1818085029561467,-0.14141311220261465,-0.2719632175345901,0.15502471316624256,-1.107626782443226,0.4357431973493151,49.0,50.0,50.0,40.0,44.0,26.0,30.0,26.0,52.0,91.37,3975442432,1528815616,1482604544,8.31,7.98,8.24,25297891328,9444032512
2026-05-13T12:19:48.429761+02:00,0.09804594972683442,0.26783274295585285,0.23690039166064528,1.6992872948805666,1.4219004556220092,2.3794351603058557,1.1818085029561467,-0.14141311220261465,-0.2719632175345901,0.15502471316624256,-1.107626782443226,0.4357431973493151,49.0,50.0,50.0,40.0,44.0,26.0,30.0,26.0,52.0,91.37,3975442432,1528815616,1482604544,8.31,7.98,8.24,25297891328,9444032512
2026-05-13T12:19:48.483104+02:00,0.09804594972683442,0.26783274295585285,0.23690039166064528,1.6992872948805666,1.4219004556220092,2.3794351603058557,1.1818085029561467,-0.14141311220261465,-0.2719632175345901,0.15502471316624256,-1.107626782443226,0.4357431973493151,49.0,50.0,50.0,40.0,44.0,26.0,30.0,26.0,52.0,91.37,3975442432,1528815616,1482604544,8.31,7.98,8.24,25297891328,9444032512
2026-05-13T12:19:48.537038+02:00,0.09804594972683442,0.26783274295585285,0.23690039166064528,1.6992872948805666,1.4219004556220092,2.3794351603058557,1.1818085029561467,-0.14141311220261465,-0.2719632175345901,0.15502471316624256,-1.107626782443226,0.4357431973493151,49.0,50.0,50.0,40.0,44.0,26.0,30.0,26.0,52.0,91.37,3975442432,1528815616,1482604544,8.31,7.98,8.24,25297891328,9444032512
2026-05-13T12:19:48.592068+02:00,0.09804594972683442,0.26783274295585285,0.23690039166064528,1.6992872948805666,1.4219004556220092,2.3794351603058557,1.1818085029561467,-0.14141311220261465,-0.2719632175345901,0.15502471316624256,-1.107626782443226,0.4357431973493151,49.0,50.0,50.0,40.0,44.0,26.0,30.0,26.0,52.0,91.37,3975442432,1528815616,1482604544,8.31,7.98,8.24,25297891328,9444032512
2026-05-13T12:19:48.642756+02:00,0.09804594972683442,0.26783274295585285,0.23690039166064528,1.6992872948805666,1.4219004556220092,2.3794351603058557,1.1818085029561467,-0.14141311220261465,-0.2719632175345901,0.15502471316624256,-1.107626782443226,0.4357431973493151,49.0,50.0,50.0,40.0,44.0,26.0,30.0,26.0,52.0,91.37,3975442432,1528815616,1482604544,8.31,7.98,8.24,25297891328,9444032512
2026-05-13T12:19:48.692943+02:00,0.09804594972683442,0.26783274295585285,0.23690039166064528,1.6992872948805666,1.4219004556220092,2.3794351603058557,1.1818085029561467,-0.14141311220261465,-0.2719632175345901,0.15502471316624256,-1.107626782443226,0.4357431973493151,49.0,50.0,50.0,40.0,44.0,26.0,30.0,26.0,51.0,91.37,3975442432,1528815616,1482604544,8.31,7.98,8.24,25297891328,9444032512
2026-05-13T12:19:48.747953+02:00,0.09804594972683442,0.26783274295585285,0.23690039166064528,1.6992872948805666,1.4219004556220092,2.3794351603058557,1.1818085029561467,-0.14141311220261465,-0.2719632175345901,0.15502471316624256,-1.107626782443226,0.4357431973493151,49.0,50.0,50.0,40.0,44.0,26.0,30.0,26.0,51.0,91.37,3975442432,1528815616,1482604544,8.31,7.98,8.24,25297891328,9444032512
2026-05-13T12:19:48.802983+02:00,0.09804594972683442,0.26783274295585285,0.23690039166064528,1.6992872948805666,1.4219004556220092,2.3794351603058557,1.1818085029561467,-0.14141311220261465,-0.2719632175345901,0.15502471316624256,-1.107626782443226,0.4357431973493151,49.0,50.0,50.0,40.0,44.0,26.0,30.0,26.0,51.0,91.37,3975442432,1528815616,1482604544,8.31,7.98,8.24,25297891328,9444032512
2026-05-13T12:19:48.855830+02:00,0.09804594972683442,0.26783274295585285,0.23690039166064528,1.6992872948805666,1.4219004556220092,2.3794351603058557,1.1818085029561467,-0.14141311220261465,-0.2719632175345901,0.15502471316624256,-1.107626782443226,0.4357431973493151,49.0,50.0,50.0,40.0,44.0,26.0,30.0,26.0,51.0,91.37,3975442432,1528815616,1482604544,8.31,7.98,8.24,25297891328,9444032512
2026-05-13T12:19:48.906077+02:00,0.09804594972683442,0.26783274295585285,0.23690039166064528,1.6992872948805666,1.4219004556220092,2.3794351603058557,1.1818085029561467,-0.14141311220261465,-0.2719632175345901,0.15502471316624256,-1.107626782443226,0.4357431973493151,49.0,50.0,50.0,40.0,44.0,26.0,30.0,26.0,51.0,91.37,3975442432,1528815616,1482604544,8.31,7.98,8.24,25297891328,9444032512
2026-05-13T12:19:48.956938+02:00,0.09804594972683442,0.26783274295585285,0.23690039166064528,1.6992872948805666,1.4219004556220092,2.3794351603058557,1.1818085029561467,-0.14141311220261465,-0.2719632175345901,0.15502471316624256,-1.107626782443226,0.4357431973493151,49.0,50.0,50.0,40.0,44.0,26.0,30.0,26.0,51.0,91.37,3975442432,1528815616,1482604544,8.31,7.98,8.24,25297891328,9444032512
2026-05-13T12:19:49.010128+02:00,0.09804594972683442,0.26783274295585285,0.23690039166064528,1.6992872948805666,1.4219004556220092,2.3794351603058557,1.1818085029561467,-0.14141311220261465,-0.2719632175345901,0.15502471316624256,-1.107626782443226,0.4357431973493151,49.0,50.0,50.0,40.0,44.0,26.0,30.0,26.0,51.0,91.37,3975442432,1528815616,1482604544,8.31,7.98,8.24,25297891328,9444032512
2026-05-13T12:19:49.060968+02:00,0.09804594972683442,0.26783274295585285,0.23690039166064528,1.6992872948805666,1.4219004556220092,2.3794351603058557,1.1818085029561467,-0.14141311220261465,-0.2719632175345901,0.15502471316624256,-1.107626782443226,0.4357431973493151,49.0,50.0,50.0,40.0,44.0,26.0,30.0,26.0,51.0,99.48,3975442432,1528639488,1482780672,8.31,7.98,8.24,25297891328,9444032512
2026-05-13T12:19:49.111383+02:00,0.09804594972683442,0.26783274295585285,0.23690039166064528,1.6992872948805666,1.4219004556220092,2.3794351603058557,1.1818085029561467,-0.14141311220261465,-0.2719632175345901,0.15502471316624256,-1.107626782443226,0.4357431973493151,49.0,50.0,50.0,40.0,44.0,26.0,30.0,26.0,51.0,99.48,3975442432,1528639488,1482780672,8.31,7.98,8.24,25297891328,9444032512
2026-05-13T12:19:49.161841+02:00,0.09804594972683442,0.26783274295585285,0.23690039166064528,1.6992872948805666,1.4219004556220092,2.3794351603058557,1.1818085029561467,-0.14141311220261465,-0.2719632175345901,0.15502471316624256,-1.107626782443226,0.4357431973493151,49.0,50.0,50.0,40.0,44.0,26.0,30.0,26.0,51.0,99.48,3975442432,1528639488,1482780672,8.31,7.98,8.24,25297891328,9444032512
2026-05-13T12:19:49.213930+02:00,0.09804594972683442,0.26783274295585285,0.23690039166064528,1.6992872948805666,1.4219004556220092,2.3794351603058557,1.1818085029561467,-0.14141311220261465,-0.2719632175345901,0.15502471316624256,-1.107626782443226,0.4357431973493151,49.0,50.0,50.0,40.0,44.0,26.0,30.0,26.0,51.0,99.48,3975442432,1528639488,1482780672,8.31,7.98,8.24,25297891328,9444032512
2026-05-13T12:19:49.267753+02:00,0.09804594972683442,0.26783274295585285,0.23690039166064528,1.6992872948805666,1.4219004556220092,2.3794351603058557,1.1818085029561467,-0.14141311220261465,-0.2719632175345901,0.15502471316624256,-1.107626782443226,0.4357431973493151,49.0,50.0,50.0,40.0,44.0,26.0,30.0,26.0,51.0,99.48,3975442432,1528639488,1482780672,8.31,7.98,8.24,25297891328,9444032512
2026-05-13T12:19:49.319608+02:00,0.09804594972683442,0.26783274295585285,0.23690039166064528,1.6992872948805666,1.4219004556220092,2.3794351603058557,1.1818085029561467,-0.14141311220261465,-0.2719632175345901,0.15502471316624256,-1.107626782443226,0.4357431973493151,49.0,50.0,50.0,40.0,44.0,26.0,30.0,26.0,51.0,99.48,3975442432,1528639488,1482780672,8.31,7.98,8.24,25297891328,9444032512
2026-05-13T12:19:49.371588+02:00,0.09804594972683442,0.26783274295585285,0.23690039166064528,1.6992872948805666,1.4219004556220092,2.3794351603058557,1.1818085029561467,-0.14141311220261465,-0.2719632175345901,0.15502471316624256,-1.107626782443226,0.4357431973493151,49.0,50.0,50.0,40.0,44.0,26.0,30.0,26.0,51.0,99.48,3975442432,1528639488,1482780672,8.31,7.98,8.24,25297891328,9444032512
2026-05-13T12:19:49.421850+02:00,0.09804594972683442,0.26783274295585285,0.23690039166064528,1.6992872948805666,1.4219004556220092,2.3794351603058557,1.1818085029561467,-0.14141311220261465,-0.2719632175345901,0.15502471316624256,-1.107626782443226,0.4357431973493151,49.0,50.0,50.0,40.0,44.0,26.0,30.0,26.0,51.0,99.48,3975442432,1528639488,1482780672,8.31,7.98,8.24,25297891328,9444032512
2026-05-13T12:19:49.472791+02:00,0.09804594972683442,0.26783274295585285,0.23690039166064528,1.6992872948805666,1.4219004556220092,2.3794351603058557,1.1818085029561467,-0.14141311220261465,-0.2719632175345901,0.15502471316624256,-1.107626782443226,0.4357431973493151,49.0,50.0,50.0,40.0,44.0,26.0,30.0,26.0,51.0,99.48,3975442432,1528639488,1482780672,8.31,7.98,8.24,25297891328,9444032512
2026-05-13T12:19:49.526451+02:00,0.09804594972683442,0.26783274295585285,0.23690039166064528,1.6992872948805666,1.4219004556220092,2.3794351603058557,1.1818085029561467,-0.14141311220261465,-0.2719632175345901,0.15502471316624256,-1.107626782443226,0.4357431973493151,49.0,50.0,50.0,40.0,44.0,26.0,30.0,26.0,51.0,99.48,3975442432,1528639488,1482780672,8.31,7.98,8.24,25297891328,9444032512
2026-05-13T12:19:49.581814+02:00,0.09804594972683442,0.26783274295585285,0.23690039166064528,1.6992872948805666,1.4219004556220092,2.3794351603058557,1.1818085029561467,-0.14141311220261465,-0.2719632175345901,0.15502471316624256,-1.107626782443226,0.4357431973493151,49.0,50.0,50.0,40.0,44.0,26.0,30.0,26.0,51.0,99.48,3975442432,1528639488,1482780672,8.31,7.98,8.24,25297891328,9444032512
2026-05-13T12:19:49.631887+02:00,0.09804594972683442,0.26783274295585285,0.23690039166064528,1.6992872948805666,1.4219004556220092,2.3794351603058557,1.1818085029561467,-0.14141311220261465,-0.2719632175345901,0.15502471316624256,-1.107626782443226,0.4357431973493151,49.0,50.0,50.0,40.0,44.0,26.0,30.0,26.0,51.0,99.48,3975442432,1528639488,1482780672,8.31,7.98,8.24,25297891328,9444032512
2026-05-13T12:19:49.686915+02:00,0.09804594972683442,0.26783274295585285,0.23690039166064528,1.6992872948805666,1.4219004556220092,2.3794351603058557,1.1818085029561467,-0.14141311220261465,-0.2719632175345901,0.15502471316624256,-1.107626782443226,0.4357431973493151,49.0,50.0,50.0,40.0,44.0,26.0,30.0,26.0,51.0,99.48,3975442432,1528639488,1482780672,8.31,7.98,8.24,25297891328,9444032512
2026-05-13T12:19:49.741928+02:00,0.09804594972683442,0.26783274295585285,0.23690039166064528,1.6992872948805666,1.4219004556220092,2.3794351603058557,1.1818085029561467,-0.14141311220261465,-0.2719632175345901,0.15502471316624256,-1.107626782443226,0.4357431973493151,49.0,50.0,50.0,40.0,44.0,26.0,30.0,26.0,51.0,99.48,3975442432,1528639488,1482780672,8.31,7.98,8.24,25297891328,9444032512
2026-05-13T12:19:49.791958+02:00,0.09804594972683442,0.26783274295585285,0.23690039166064528,1.6992872948805666,1.4219004556220092,2.3794351603058557,1.1818085029561467,-0.14141311220261465,-0.2719632175345901,0.15502471316624256,-1.107626782443226,0.4357431973493151,49.0,50.0,50.0,40.0,44.0,26.0,30.0,26.0,51.0,99.48,3975442432,1528639488,1482780672,8.31,7.98,8.24,25297891328,9444032512
2026-05-13T12:19:49.843381+02:00,0.09804594972683442,0.26783274295585285,0.23690039166064528,1.6992872948805666,1.4219004556220092,2.3794351603058557,1.1818085029561467,-0.14141311220261465,-0.2719632175345901,0.15502471316624256,-1.107626782443226,0.4357431973493151,49.0,50.0,50.0,40.0,44.0,26.0,30.0,26.0,51.0,99.48,3975442432,1528639488,1482780672,8.31,7.98,8.24,25297891328,9444032512
2026-05-13T12:19:49.894382+02:00,0.09804594972683442,0.26783274295585285,0.23690039166064528,1.6992872948805666,1.4219004556220092,2.3794351603058557,1.1818085029561467,-0.14141311220261465,-0.2719632175345901,0.15502471316624256,-1.107626782443226,0.4357431973493151,49.0,50.0,50.0,40.0,44.0,26.0,30.0,26.0,51.0,99.48,3975442432,1528639488,1482780672,8.31,7.98,8.24,25297891328,9444032512
2026-05-13T12:19:49.945093+02:00,0.09804594972683442,0.26783274295585285,0.23690039166064528,1.6992872948805666,1.4219004556220092,2.3794351603058557,1.1818085029561467,-0.14141311220261465,-0.2719632175345901,0.15502471316624256,-1.107626782443226,0.4357431973493151,49.0,50.0,50.0,40.0,44.0,26.0,30.0,26.0,51.0,99.48,3975442432,1528639488,1482780672,8.31,7.98,8.24,25297891328,9444032512
2026-05-13T12:19:49.998224+02:00,0.09804594972683442,0.26783274295585285,0.23690039166064528,1.6992872948805666,1.4219004556220092,2.3794351603058557,1.1818085029561467,-0.14141311220261465,-0.2719632175345901,0.15502471316624256,-1.107626782443226,0.4357431973493151,49.0,50.0,50.0,40.0,44.0,26.0,30.0,26.0,51.0,99.48,3975442432,1528639488,1482780672,8.31,7.98,8.24,25297891328,9444032512
2026-05-13T12:19:50.049853+02:00,0.09804594972683442,0.26783274295585285,0.23690039166064528,1.6992872948805666,1.4219004556220092,2.3794351603058557,1.1818085029561467,-0.14141311220261465,-0.2719632175345901,0.15502471316624256,-1.107626782443226,0.4357431973493151,49.0,50.0,50.0,40.0,44.0,26.0,30.0,26.0,51.0,99.48,3975442432,1528639488,1482780672,8.31,7.98,8.24,25297891328,9444032512
2026-05-13T12:19:50.101159+02:00,0.09804594972683442,0.26783274295585285,0.23690039166064528,1.6992872948805666,1.4219004556220092,2.3794351603058557,1.1818085029561467,-0.14141311220261465,-0.2719632175345901,0.15502471316624256,-1.107626782443226,0.4357431973493151,49.0,50.0,50.0,40.0,44.0,26.0,30.0,26.0,51.0,99.26,3975442432,1560985600,1450426368,8.31,7.98,8.24,25297891328,9444032512
2026-05-13T12:19:50.156201+02:00,0.09804594972683442,0.26783274295585285,0.23690039166064528,1.6992872948805666,1.4219004556220092,2.3794351603058557,1.1818085029561467,-0.14141311220261465,-0.2719632175345901,0.15502471316624256,-1.107626782443226,0.4357431973493151,49.0,50.0,50.0,40.0,44.0,26.0,30.0,26.0,51.0,99.26,3975442432,1560985600,1450426368,8.31,7.98,8.24,25297891328,9444032512
2026-05-13T12:19:50.206991+02:00,0.09804594972683442,0.26783274295585285,0.23690039166064528,1.6992872948805666,1.4219004556220092,2.3794351603058557,1.1818085029561467,-0.14141311220261465,-0.2719632175345901,0.15502471316624256,-1.107626782443226,0.4357431973493151,49.0,50.0,50.0,40.0,44.0,26.0,30.0,26.0,51.0,99.26,3975442432,1560985600,1450426368,8.31,7.98,8.24,25297891328,9444032512
2026-05-13T12:19:50.257651+02:00,0.09804594972683442,0.26783274295585285,0.23690039166064528,1.6992872948805666,1.4219004556220092,2.3794351603058557,1.1818085029561467,-0.14141311220261465,-0.2719632175345901,0.15502471316624256,-1.107626782443226,0.4357431973493151,49.0,50.0,50.0,40.0,44.0,26.0,30.0,26.0,51.0,99.26,3975442432,1560985600,1450426368,8.31,7.98,8.24,25297891328,9444032512
2026-05-13T12:19:50.309238+02:00,0.09804594972683442,0.26783274295585285,0.23690039166064528,1.6992872948805666,1.4219004556220092,2.3794351603058557,1.1818085029561467,-0.14141311220261465,-0.2719632175345901,0.15502471316624256,-1.107626782443226,0.4357431973493151,49.0,50.0,50.0,40.0,44.0,26.0,30.0,26.0,51.0,99.26,3975442432,1560985600,1450426368,8.31,7.98,8.24,25297891328,9444032512
2026-05-13T12:19:50.359704+02:00,0.09804594972683442,0.26783274295585285,0.23690039166064528,1.6992872948805666,1.4219004556220092,2.3794351603058557,1.1818085029561467,-0.14141311220261465,-0.2719632175345901,0.15502471316624256,-1.107626782443226,0.4357431973493151,49.0,50.0,50.0,40.0,44.0,26.0,30.0,26.0,51.0,99.26,3975442432,1560985600,1450426368,8.31,7.98,8.24,25297891328,9444032512
2026-05-13T12:19:50.414716+02:00,0.09804594972683442,0.26783274295585285,0.23690039166064528,1.6992872948805666,1.4219004556220092,2.3794351603058557,1.1818085029561467,-0.14141311220261465,-0.2719632175345901,0.15502471316624256,-1.107626782443226,0.4357431973493151,49.0,50.0,50.0,40.0,44.0,26.0,30.0,26.0,51.0,99.26,3975442432,1560985600,1450426368,8.31,7.98,8.24,25297891328,9444032512
2026-05-13T12:19:50.470004+02:00,0.09804594972683442,0.26783274295585285,0.23690039166064528,1.6992872948805666,1.4219004556220092,2.3794351603058557,1.1818085029561467,-0.14141311220261465,-0.2719632175345901,0.15502471316624256,-1.107626782443226,0.4357431973493151,49.0,50.0,50.0,40.0,44.0,26.0,30.0,26.0,51.0,99.26,3975442432,1560985600,1450426368,8.31,7.98,8.24,25297891328,9444032512
2026-05-13T12:19:50.523566+02:00,0.09804594972683442,0.26783274295585285,0.23690039166064528,1.6992872948805666,1.4219004556220092,2.3794351603058557,1.1818085029561467,-0.14141311220261465,-0.2719632175345901,0.15502471316624256,-1.107626782443226,0.4357431973493151,49.0,50.0,50.0,40.0,44.0,26.0,30.0,26.0,51.0,99.26,3975442432,1560985600,1450426368,8.31,7.98,8.24,25297891328,9444032512
2026-05-13T12:19:50.578896+02:00,0.09804594972683442,0.26783274295585285,0.23690039166064528,1.6992872948805666,1.4219004556220092,2.3794351603058557,1.1818085029561467,-0.14141311220261465,-0.2719632175345901,0.15502471316624256,-1.107626782443226,0.4357431973493151,49.0,50.0,50.0,40.0,44.0,26.0,30.0,26.0,51.0,99.26,3975442432,1560985600,1450426368,8.31,7.98,8.24,25297891328,9444032512
2026-05-13T12:19:50.629708+02:00,0.09804594972683442,0.26783274295585285,0.23690039166064528,1.6992872948805666,1.4219004556220092,2.3794351603058557,1.1818085029561467,-0.14141311220261465,-0.2719632175345901,0.15502471316624256,-1.107626782443226,0.4357431973493151,49.0,50.0,50.0,40.0,44.0,26.0,30.0,26.0,51.0,99.26,3975442432,1560985600,1450426368,8.31,7.98,8.24,25297891328,9444032512
2026-05-13T12:19:50.681873+02:00,0.09804594972683442,0.26783274295585285,0.23690039166064528,1.6992872948805666,1.4219004556220092,2.3794351603058557,1.1818085029561467,-0.14141311220261465,-0.2719632175345901,0.15502471316624256,-1.107626782443226,0.4357431973493151,49.0,50.0,50.0,40.0,44.0,26.0,30.0,26.0,51.0,99.26,3975442432,1560985600,1450426368,8.31,7.98,8.24,25297891328,9444032512
2026-05-13T12:19:50.732129+02:00,0.09804594972683442,0.26783274295585285,0.23690039166064528,1.6992872948805666,1.4219004556220092,2.3794351603058557,1.1818085029561467,-0.14141311220261465,-0.2719632175345901,0.15502471316624256,-1.107626782443226,0.4357431973493151,49.0,50.0,50.0,40.0,44.0,26.0,29.0,26.0,51.0,99.26,3975442432,1560985600,1450426368,8.31,7.98,8.24,25297891328,9444032512
2026-05-13T12:19:50.783373+02:00,0.09804594972683442,0.26783274295585285,0.23690039166064528,1.6992872948805666,1.4219004556220092,2.3794351603058557,1.1818085029561467,-0.14141311220261465,-0.2719632175345901,0.15502471316624256,-1.107626782443226,0.4357431973493151,49.0,50.0,50.0,40.0,44.0,26.0,29.0,26.0,51.0,99.26,3975442432,1560985600,1450426368,8.31,7.98,8.24,25297891328,9444032512
2026-05-13T12:19:50.837979+02:00,0.09804594972683442,0.26783274295585285,0.23690039166064528,1.6992872948805666,1.4219004556220092,2.3794351603058557,1.1818085029561467,-0.14141311220261465,-0.2719632175345901,0.15502471316624256,-1.107626782443226,0.4357431973493151,49.0,50.0,50.0,40.0,44.0,26.0,29.0,26.0,51.0,99.26,3975442432,1560985600,1450426368,8.31,7.98,8.24,25297891328,9444032512
2026-05-13T12:19:50.888677+02:00,0.09804594972683442,0.26783274295585285,0.23690039166064528,1.6992872948805666,1.4219004556220092,2.3794351603058557,1.1818085029561467,-0.14141311220261465,-0.2719632175345901,0.15502471316624256,-1.107626782443226,0.4357431973493151,49.0,50.0,50.0,40.0,44.0,26.0,29.0,26.0,51.0,99.26,3975442432,1560985600,1450426368,8.31,7.98,8.24,25297891328,9444032512
2026-05-13T12:19:50.941181+02:00,0.09804594972683442,0.26783274295585285,0.23690039166064528,1.6992872948805666,1.4219004556220092,2.3794351603058557,1.1818085029561467,-0.14141311220261465,-0.2719632175345901,0.15502471316624256,-1.107626782443226,0.4357431973493151,49.0,50.0,50.0,40.0,44.0,26.0,29.0,26.0,51.0,99.26,3975442432,1560985600,1450426368,8.31,7.98,8.24,25297891328,9444032512
2026-05-13T12:19:50.996217+02:00,0.09804594972683442,0.26783274295585285,0.23690039166064528,1.6992872948805666,1.4219004556220092,2.3794351603058557,1.1818085029561467,-0.14141311220261465,-0.2719632175345901,0.15502471316624256,-1.107626782443226,0.4357431973493151,49.0,50.0,50.0,40.0,44.0,26.0,29.0,26.0,51.0,99.26,3975442432,1560985600,1450426368,8.31,7.98,8.24,25297891328,9444032512
2026-05-13T12:19:51.047878+02:00,0.09804594972683442,0.26783274295585285,0.23690039166064528,1.6992872948805666,1.4219004556220092,2.3794351603058557,1.1818085029561467,-0.14141311220261465,-0.2719632175345901,0.15502471316624256,-1.107626782443226,0.4357431973493151,49.0,50.0,50.0,40.0,44.0,26.0,29.0,26.0,51.0,99.26,3975442432,1560985600,1450426368,8.31,7.98,8.24,25297891328,9444032512
2026-05-13T12:19:51.099854+02:00,0.09804594972683442,0.26783274295585285,0.23690039166064528,1.6992872948805666,1.4219004556220092,2.3794351603058557,1.1818085029561467,-0.14141311220261465,-0.2719632175345901,0.15502471316624256,-1.107626782443226,0.4357431973493151,49.0,50.0,50.0,40.0,44.0,26.0,29.0,26.0,51.0,92.98,3975442432,1566019584,1445351424,8.31,7.98,8.24,25297891328,9444032512
2026-05-13T12:19:51.151656+02:00,0.09804594972683442,0.26783274295585285,0.23690039166064528,1.6992872948805666,1.4219004556220092,2.3794351603058557,1.1818085029561467,-0.14141311220261465,-0.2719632175345901,0.15502471316624256,-1.107626782443226,0.4357431973493151,49.0,50.0,50.0,40.0,44.0,26.0,29.0,26.0,51.0,92.98,3975442432,1566019584,1445351424,8.31,7.98,8.24,25297891328,9444032512
2026-05-13T12:19:51.205703+02:00,0.09804594972683442,0.26783274295585285,0.23690039166064528,1.6992872948805666,1.4219004556220092,2.3794351603058557,1.1818085029561467,-0.14141311220261465,-0.2719632175345901,0.15502471316624256,-1.107626782443226,0.4357431973493151,49.0,50.0,50.0,40.0,44.0,26.0,29.0,26.0,51.0,92.98,3975442432,1566019584,1445351424,8.31,7.98,8.24,25297891328,9444032512
2026-05-13T12:19:51.257679+02:00,0.09804594972683442,0.26783274295585285,0.23690039166064528,1.6992872948805666,1.4219004556220092,2.3794351603058557,1.1818085029561467,-0.14141311220261465,-0.2719632175345901,0.15502471316624256,-1.107626782443226,0.4357431973493151,49.0,50.0,50.0,40.0,44.0,26.0,29.0,26.0,51.0,92.98,3975442432,1566019584,1445351424,8.31,7.98,8.24,25297891328,9444032512
2026-05-13T12:19:51.308011+02:00,0.09804594972683442,0.26783274295585285,0.23690039166064528,1.6992872948805666,1.4219004556220092,2.3794351603058557,1.1818085029561467,-0.14141311220261465,-0.2719632175345901,0.15502471316624256,-1.107626782443226,0.4357431973493151,49.0,50.0,50.0,40.0,44.0,26.0,29.0,26.0,51.0,92.98,3975442432,1566019584,1445351424,8.31,7.98,8.24,25297891328,9444032512
2026-05-13T12:19:51.360742+02:00,0.09804594972683442,0.26783274295585285,0.23690039166064528,1.6992872948805666,1.4219004556220092,2.3794351603058557,1.1818085029561467,-0.14141311220261465,-0.2719632175345901,0.15502471316624256,-1.107626782443226,0.4357431973493151,49.0,50.0,50.0,40.0,44.0,26.0,29.0,26.0,51.0,92.98,3975442432,1566019584,1445351424,8.31,7.98,8.24,25297891328,9444032512
2026-05-13T12:19:51.412674+02:00,0.09804594972683442,0.26783274295585285,0.23690039166064528,1.6992872948805666,1.4219004556220092,2.3794351603058557,1.1818085029561467,-0.14141311220261465,-0.2719632175345901,0.15502471316624256,-1.107626782443226,0.4357431973493151,49.0,50.0,50.0,40.0,44.0,26.0,29.0,26.0,51.0,92.98,3975442432,1566019584,1445351424,8.31,7.98,8.24,25297891328,9444032512
2026-05-13T12:19:51.467695+02:00,0.09804594972683442,0.26783274295585285,0.23690039166064528,1.6992872948805666,1.4219004556220092,2.3794351603058557,1.1818085029561467,-0.14141311220261465,-0.2719632175345901,0.15502471316624256,-1.107626782443226,0.4357431973493151,49.0,50.0,50.0,40.0,44.0,26.0,29.0,26.0,51.0,92.98,3975442432,1566019584,1445351424,8.31,7.98,8.24,25297891328,9444032512
2026-05-13T12:19:51.518841+02:00,0.09804594972683442,0.26783274295585285,0.23690039166064528,1.6992872948805666,1.4219004556220092,2.3794351603058557,1.1818085029561467,-0.14141311220261465,-0.2719632175345901,0.15502471316624256,-1.107626782443226,0.4357431973493151,49.0,50.0,50.0,40.0,44.0,26.0,29.0,26.0,51.0,92.98,3975442432,1566019584,1445351424,8.31,7.98,8.24,25297891328,9444032512
2026-05-13T12:19:51.574078+02:00,0.09804594972683442,0.26783274295585285,0.23690039166064528,1.6992872948805666,1.4219004556220092,2.3794351603058557,1.1818085029561467,-0.14141311220261465,-0.2719632175345901,0.15502471316624256,-1.107626782443226,0.4357431973493151,49.0,50.0,50.0,40.0,44.0,26.0,29.0,26.0,51.0,92.98,3975442432,1566019584,1445351424,8.31,7.98,8.24,25297891328,9444032512
2026-05-13T12:19:51.624670+02:00,0.09804594972683442,0.26783274295585285,0.23690039166064528,1.6992872948805666,1.4219004556220092,2.3794351603058557,1.1818085029561467,-0.14141311220261465,-0.2719632175345901,0.15502471316624256,-1.107626782443226,0.4357431973493151,49.0,50.0,50.0,40.0,44.0,26.0,29.0,26.0,51.0,92.98,3975442432,1566019584,1445351424,8.31,7.98,8.24,25297891328,9444032512
2026-05-13T12:19:51.676349+02:00,0.09804594972683442,0.26783274295585285,0.23690039166064528,1.6992872948805666,1.4219004556220092,2.3794351603058557,1.1818085029561467,-0.14141311220261465,-0.2719632175345901,0.15502471316624256,-1.107626782443226,0.4357431973493151,49.0,50.0,50.0,40.0,44.0,26.0,29.0,26.0,51.0,92.98,3975442432,1566019584,1445351424,8.31,7.98,8.24,25297891328,9444032512
2026-05-13T12:19:51.726678+02:00,0.09804594972683442,0.26783274295585285,0.23690039166064528,1.6992872948805666,1.4219004556220092,2.3794351603058557,1.1818085029561467,-0.14141311220261465,-0.2719632175345901,0.15502471316624256,-1.107626782443226,0.4357431973493151,49.0,50.0,50.0,40.0,44.0,26.0,29.0,26.0,51.0,92.98,3975442432,1566019584,1445351424,8.31,7.98,8.24,25297891328,9444032512
2026-05-13T12:19:51.776839+02:00,0.09804594972683442,0.26783274295585285,0.23690039166064528,1.6992872948805666,1.4219004556220092,2.3794351603058557,1.1818085029561467,-0.14141311220261465,-0.2719632175345901,0.15502471316624256,-1.107626782443226,0.4357431973493151,49.0,50.0,50.0,40.0,44.0,26.0,29.0,26.0,51.0,92.98,3975442432,1566019584,1445351424,8.31,7.98,8.24,25297891328,9444032512
2026-05-13T12:19:51.828585+02:00,0.09804594972683442,0.26783274295585285,0.23690039166064528,1.6992872948805666,1.4219004556220092,2.3794351603058557,1.1818085029561467,-0.14141311220261465,-0.2719632175345901,0.15502471316624256,-1.107626782443226,0.4357431973493151,49.0,50.0,50.0,40.0,44.0,26.0,29.0,26.0,51.0,92.98,3975442432,1566019584,1445351424,8.31,7.98,8.24,25297891328,9444032512
2026-05-13T12:19:51.880685+02:00,0.09804594972683442,0.26783274295585285,0.23690039166064528,1.6992872948805666,1.4219004556220092,2.3794351603058557,1.1818085029561467,-0.14141311220261465,-0.2719632175345901,0.15502471316624256,-1.107626782443226,0.4357431973493151,49.0,50.0,50.0,40.0,44.0,26.0,29.0,26.0,51.0,92.98,3975442432,1566019584,1445351424,8.31,7.98,8.24,25297891328,9444032512
2026-05-13T12:19:51.930737+02:00,0.09804594972683442,0.26783274295585285,0.23690039166064528,1.6992872948805666,1.4219004556220092,2.3794351603058557,1.1818085029561467,-0.14141311220261465,-0.2719632175345901,0.15502471316624256,-1.107626782443226,0.4357431973493151,49.0,50.0,50.0,40.0,44.0,26.0,29.0,26.0,51.0,92.98,3975442432,1566019584,1445351424,8.31,7.98,8.24,25297891328,9444032512
2026-05-13T12:19:51.981636+02:00,0.09804594972683442,0.26783274295585285,0.23690039166064528,1.6992872948805666,1.4219004556220092,2.3794351603058557,1.1818085029561467,-0.14141311220261465,-0.2719632175345901,0.15502471316624256,-1.107626782443226,0.4357431973493151,49.0,50.0,50.0,40.0,44.0,26.0,29.0,26.0,51.0,92.98,3975442432,1566019584,1445351424,8.31,7.98,8.24,25297891328,9444032512
2026-05-13T12:19:52.032967+02:00,0.09804594972683442,0.26783274295585285,0.23690039166064528,1.6992872948805666,1.4219004556220092,2.3794351603058557,1.1818085029561467,-0.14141311220261465,-0.2719632175345901,0.15502471316624256,-1.107626782443226,0.4357431973493151,49.0,50.0,50.0,40.0,44.0,26.0,29.0,26.0,51.0,92.98,3975442432,1566019584,1445351424,8.31,7.98,8.24,25297891328,9444032512
2026-05-13T12:19:52.084083+02:00,0.09804594972683442,0.26783274295585285,0.23690039166064528,1.6992872948805666,1.4219004556220092,2.3794351603058557,1.1818085029561467,-0.14141311220261465,-0.2719632175345901,0.15502471316624256,-1.107626782443226,0.4357431973493151,49.0,50.0,50.0,40.0,44.0,26.0,29.0,26.0,51.0,90.0,3975442432,1567305728,1444065280,8.31,7.98,8.24,25297891328,9444032512
2026-05-13T12:19:52.135957+02:00,0.09804594972683442,0.26783274295585285,0.23690039166064528,1.6992872948805666,1.4219004556220092,2.3794351603058557,1.1818085029561467,-0.14141311220261465,-0.2719632175345901,0.15502471316624256,-1.107626782443226,0.4357431973493151,49.0,50.0,50.0,40.0,44.0,26.0,29.0,26.0,51.0,90.0,3975442432,1567305728,1444065280,8.31,7.98,8.24,25297891328,9444032512
2026-05-13T12:19:52.187686+02:00,0.09804594972683442,0.26783274295585285,0.23690039166064528,1.6992872948805666,1.4219004556220092,2.3794351603058557,1.1818085029561467,-0.14141311220261465,-0.2719632175345901,0.15502471316624256,-1.107626782443226,0.4357431973493151,49.0,50.0,50.0,40.0,44.0,26.0,29.0,26.0,51.0,90.0,3975442432,1567305728,1444065280,8.31,7.98,8.24,25297891328,9444032512
2026-05-13T12:19:52.239700+02:00,0.09804594972683442,0.26783274295585285,0.23690039166064528,1.6992872948805666,1.4219004556220092,2.3794351603058557,1.1818085029561467,-0.14141311220261465,-0.2719632175345901,0.15502471316624256,-1.107626782443226,0.4357431973493151,49.0,50.0,50.0,40.0,44.0,26.0,29.0,26.0,51.0,90.0,3975442432,1567305728,1444065280,8.31,7.98,8.24,25297891328,9444032512
2026-05-13T12:19:52.290529+02:00,0.09804594972683442,0.26783274295585285,0.23690039166064528,1.6992872948805666,1.4219004556220092,2.3794351603058557,1.1818085029561467,-0.14141311220261465,-0.2719632175345901,0.15502471316624256,-1.107626782443226,0.4357431973493151,49.0,50.0,50.0,40.0,44.0,26.0,29.0,26.0,51.0,90.0,3975442432,1567305728,1444065280,8.31,7.98,8.24,25297891328,9444032512
2026-05-13T12:19:52.340994+02:00,0.09804594972683442,0.26783274295585285,0.23690039166064528,1.6992872948805666,1.4219004556220092,2.3794351603058557,1.1818085029561467,-0.14141311220261465,-0.2719632175345901,0.15502471316624256,-1.107626782443226,0.4357431973493151,49.0,50.0,50.0,40.0,44.0,26.0,29.0,26.0,51.0,90.0,3975442432,1567305728,1444065280,8.31,7.98,8.24,25297891328,9444032512
2026-05-13T12:19:52.393362+02:00,0.09804594972683442,0.26783274295585285,0.23690039166064528,1.6992872948805666,1.4219004556220092,2.3794351603058557,1.1818085029561467,-0.14141311220261465,-0.2719632175345901,0.15502471316624256,-1.107626782443226,0.4357431973493151,49.0,50.0,50.0,40.0,44.0,26.0,29.0,26.0,51.0,90.0,3975442432,1567305728,1444065280,8.31,7.98,8.24,25297891328,9444032512
2026-05-13T12:19:52.445269+02:00,0.09804594972683442,0.26783274295585285,0.23690039166064528,1.6992872948805666,1.4219004556220092,2.3794351603058557,1.1818085029561467,-0.14141311220261465,-0.2719632175345901,0.15502471316624256,-1.107626782443226,0.4357431973493151,49.0,50.0,50.0,40.0,44.0,26.0,29.0,26.0,51.0,90.0,3975442432,1567305728,1444065280,8.31,7.98,8.24,25297891328,9444032512
2026-05-13T12:19:52.495699+02:00,0.09804594972683442,0.26783274295585285,0.23690039166064528,1.6992872948805666,1.4219004556220092,2.3794351603058557,1.1818085029561467,-0.14141311220261465,-0.2719632175345901,0.15502471316624256,-1.107626782443226,0.4357431973493151,49.0,50.0,50.0,40.0,44.0,26.0,29.0,26.0,51.0,90.0,3975442432,1567305728,1444065280,8.31,7.98,8.24,25297891328,9444032512
2026-05-13T12:19:52.548267+02:00,0.09804594972683442,0.26783274295585285,0.23690039166064528,1.6992872948805666,1.4219004556220092,2.3794351603058557,1.1818085029561467,-0.14141311220261465,-0.2719632175345901,0.15502471316624256,-1.107626782443226,0.4357431973493151,49.0,50.0,50.0,40.0,44.0,26.0,29.0,26.0,51.0,90.0,3975442432,1567305728,1444065280,8.31,7.98,8.24,25297891328,9444032512
2026-05-13T12:19:52.599175+02:00,0.09804594972683442,0.26783274295585285,0.23690039166064528,1.6992872948805666,1.4219004556220092,2.3794351603058557,1.1818085029561467,-0.14141311220261465,-0.2719632175345901,0.15502471316624256,-1.107626782443226,0.4357431973493151,49.0,50.0,50.0,40.0,44.0,26.0,29.0,26.0,51.0,90.0,3975442432,1567305728,1444065280,8.31,7.98,8.24,25297891328,9444032512
2026-05-13T12:19:52.650754+02:00,0.09804594972683442,0.26783274295585285,0.23690039166064528,1.6992872948805666,1.4219004556220092,2.3794351603058557,1.1818085029561467,-0.14141311220261465,-0.2719632175345901,0.15502471316624256,-1.107626782443226,0.4357431973493151,49.0,50.0,50.0,40.0,44.0,26.0,29.0,26.0,51.0,90.0,3975442432,1567305728,1444065280,8.31,7.98,8.24,25297891328,9444032512
2026-05-13T12:19:52.702052+02:00,0.09804594972683442,0.26783274295585285,0.23690039166064528,1.6992872948805666,1.4219004556220092,2.3794351603058557,1.1818085029561467,-0.14141311220261465,-0.2719632175345901,0.15502471316624256,-1.107626782443226,0.4357431973493151,49.0,50.0,50.0,40.0,44.0,26.0,30.0,26.0,52.0,90.0,3975442432,1567305728,1444065280,8.31,7.98,8.24,25297891328,9444032512
2026-05-13T12:19:52.756761+02:00,0.09804594972683442,0.26783274295585285,0.23690039166064528,1.6992872948805666,1.4219004556220092,2.3794351603058557,1.1818085029561467,-0.14141311220261465,-0.2719632175345901,0.15502471316624256,-1.107626782443226,0.4357431973493151,49.0,50.0,50.0,40.0,44.0,26.0,30.0,26.0,52.0,90.0,3975442432,1567305728,1444065280,8.31,7.98,8.24,25297891328,9444032512
2026-05-13T12:19:52.808787+02:00,0.09804594972683442,0.26783274295585285,0.23690039166064528,1.6992872948805666,1.4219004556220092,2.3794351603058557,1.1818085029561467,-0.14141311220261465,-0.2719632175345901,0.15502471316624256,-1.107626782443226,0.4357431973493151,49.0,50.0,50.0,40.0,44.0,26.0,30.0,26.0,52.0,90.0,3975442432,1567305728,1444065280,8.31,7.98,8.24,25297891328,9444032512
2026-05-13T12:19:52.863805+02:00,0.09804594972683442,0.26783274295585285,0.23690039166064528,1.6992872948805666,1.4219004556220092,2.3794351603058557,1.1818085029561467,-0.14141311220261465,-0.2719632175345901,0.15502471316624256,-1.107626782443226,0.4357431973493151,49.0,50.0,50.0,40.0,44.0,26.0,30.0,26.0,52.0,90.0,3975442432,1567305728,1444065280,8.31,7.98,8.24,25297891328,9444032512
2026-05-13T12:19:52.915904+02:00,0.09804594972683442,0.26783274295585285,0.23690039166064528,1.6992872948805666,1.4219004556220092,2.3794351603058557,1.1818085029561467,-0.14141311220261465,-0.2719632175345901,0.15502471316624256,-1.1060928016553402,0.4357431973493151,49.0,50.0,50.0,40.0,44.0,26.0,30.0,26.0,52.0,90.0,3975442432,1567305728,1444065280,8.31,7.98,8.24,25297891328,9444032512
2026-05-13T12:19:52.965990+02:00,0.09804594972683442,0.26783274295585285,0.23690039166064528,1.6992872948805666,1.4219004556220092,2.3794351603058557,1.1818085029561467,-0.14141311220261465,-0.2719632175345901,0.15502471316624256,-1.1060928016553402,0.4357431973493151,49.0,50.0,50.0,40.0,44.0,26.0,30.0,26.0,52.0,90.0,3975442432,1567305728,1444065280,8.31,7.98,8.24,25297891328,9444032512
2026-05-13T12:19:53.021514+02:00,0.09804594972683442,0.26783274295585285,0.23690039166064528,1.6992872948805666,1.4219004556220092,2.3794351603058557,1.1818085029561467,-0.14141311220261465,-0.2719632175345901,0.15502471316624256,-1.1060928016553402,0.4357431973493151,49.0,50.0,50.0,40.0,44.0,26.0,30.0,26.0,52.0,90.0,3975442432,1567305728,1444065280,8.31,7.98,8.24,25297891328,9444032512
2026-05-13T12:19:53.071845+02:00,0.09804594972683442,0.26783274295585285,0.23690039166064528,1.6992872948805666,1.4219004556220092,2.3794351603058557,1.1818085029561467,-0.14141311220261465,-0.2719632175345901,0.15502471316624256,-1.1060928016553402,0.4357431973493151,49.0,50.0,50.0,40.0,44.0,26.0,30.0,26.0,52.0,92.62,3975442432,1565331456,1446039552,8.53,8.04,8.25,25297891328,9444032512
2026-05-13T12:19:53.123626+02:00,0.09804594972683442,0.26783274295585285,0.23690039166064528,1.6992872948805666,1.4219004556220092,2.3794351603058557,1.1818085029561467,-0.14141311220261465,-0.2719632175345901,0.15502471316624256,-1.107626782443226,0.4357431973493151,49.0,50.0,50.0,40.0,44.0,26.0,30.0,26.0,52.0,92.62,3975442432,1565331456,1446039552,8.53,8.04,8.25,25297891328,9444032512
2026-05-13T12:19:53.175815+02:00,0.09804594972683442,0.26783274295585285,0.23690039166064528,1.6992872948805666,1.4219004556220092,2.3794351603058557,1.1818085029561467,-0.14141311220261465,-0.2719632175345901,0.15502471316624256,-1.107626782443226,0.4357431973493151,49.0,50.0,50.0,40.0,44.0,26.0,30.0,26.0,52.0,92.62,3975442432,1565331456,1446039552,8.53,8.04,8.25,25297891328,9444032512
2026-05-13T12:19:53.226596+02:00,0.09804594972683442,0.26783274295585285,0.23690039166064528,1.6992872948805666,1.4219004556220092,2.3794351603058557,1.1818085029561467,-0.14141311220261465,-0.2719632175345901,0.15502471316624256,-1.107626782443226,0.4357431973493151,49.0,50.0,50.0,40.0,44.0,26.0,30.0,26.0,52.0,92.62,3975442432,1565331456,1446039552,8.53,8.04,8.25,25297891328,9444032512
2026-05-13T12:19:53.278407+02:00,0.09804594972683442,0.26783274295585285,0.23690039166064528,1.6992872948805666,1.4219004556220092,2.3794351603058557,1.1818085029561467,-0.14141311220261465,-0.2719632175345901,0.15502471316624256,-1.107626782443226,0.4357431973493151,49.0,50.0,50.0,40.0,44.0,26.0,30.0,26.0,52.0,92.62,3975442432,1565331456,1446039552,8.53,8.04,8.25,25297891328,9444032512
2026-05-13T12:19:53.329495+02:00,0.09804594972683442,0.26783274295585285,0.23690039166064528,1.6992872948805666,1.4219004556220092,2.3794351603058557,1.1818085029561467,-0.14141311220261465,-0.2719632175345901,0.15502471316624256,-1.107626782443226,0.4357431973493151,49.0,50.0,50.0,40.0,44.0,26.0,30.0,26.0,52.0,92.62,3975442432,1565331456,1446039552,8.53,8.04,8.25,25297891328,9444032512
2026-05-13T12:19:53.384535+02:00,0.09804594972683442,0.26783274295585285,0.23690039166064528,1.6992872948805666,1.4219004556220092,2.3794351603058557,1.1818085029561467,-0.14141311220261465,-0.2719632175345901,0.15502471316624256,-1.107626782443226,0.4357431973493151,49.0,50.0,50.0,40.0,44.0,26.0,30.0,26.0,52.0,92.62,3975442432,1565331456,1446039552,8.53,8.04,8.25,25297891328,9444032512
2026-05-13T12:19:53.435085+02:00,0.09804594972683442,0.26783274295585285,0.23690039166064528,1.6992872948805666,1.4219004556220092,2.3794351603058557,1.1818085029561467,-0.14141311220261465,-0.2719632175345901,0.15502471316624256,-1.107626782443226,0.4357431973493151,49.0,50.0,50.0,40.0,44.0,26.0,30.0,26.0,52.0,92.62,3975442432,1565331456,1446039552,8.53,8.04,8.25,25297891328,9444032512
2026-05-13T12:19:53.486832+02:00,0.09804594972683442,0.26783274295585285,0.23690039166064528,1.6992872948805666,1.4219004556220092,2.3794351603058557,1.1818085029561467,-0.14141311220261465,-0.2719632175345901,0.15502471316624256,-1.107626782443226,0.4357431973493151,49.0,50.0,50.0,40.0,44.0,26.0,30.0,26.0,52.0,92.62,3975442432,1565331456,1446039552,8.53,8.04,8.25,25297891328,9444032512
2026-05-13T12:19:53.537753+02:00,0.09804594972683442,0.26783274295585285,0.23690039166064528,1.6992872948805666,1.4219004556220092,2.3794351603058557,1.1818085029561467,-0.14141311220261465,-0.2719632175345901,0.15502471316624256,-1.107626782443226,0.4357431973493151,49.0,50.0,50.0,40.0,44.0,26.0,30.0,26.0,52.0,92.62,3975442432,1565331456,1446039552,8.53,8.04,8.25,25297891328,9444032512
2026-05-13T12:19:53.590408+02:00,0.09804594972683442,0.26783274295585285,0.23690039166064528,1.6992872948805666,1.4219004556220092,2.3794351603058557,1.1818085029561467,-0.14141311220261465,-0.2719632175345901,0.15502471316624256,-1.107626782443226,0.4357431973493151,49.0,50.0,50.0,40.0,44.0,26.0,30.0,26.0,52.0,92.62,3975442432,1565331456,1446039552,8.53,8.04,8.25,25297891328,9444032512
2026-05-13T12:19:53.645570+02:00,0.09804594972683442,0.26783274295585285,0.23690039166064528,1.6992872948805666,1.4219004556220092,2.3794351603058557,1.1818085029561467,-0.14141311220261465,-0.2719632175345901,0.15502471316624256,-1.107626782443226,0.4357431973493151,49.0,50.0,50.0,40.0,44.0,26.0,30.0,26.0,52.0,92.62,3975442432,1565331456,1446039552,8.53,8.04,8.25,25297891328,9444032512
2026-05-13T12:19:53.696632+02:00,0.09804594972683442,0.26783274295585285,0.23690039166064528,1.6992872948805666,1.4219004556220092,2.3794351603058557,1.1818085029561467,-0.14141311220261465,-0.2719632175345901,0.15502471316624256,-1.107626782443226,0.4357431973493151,49.0,50.0,50.0,40.0,44.0,26.0,30.0,26.0,52.0,92.62,3975442432,1565331456,1446039552,8.53,8.04,8.25,25297891328,9444032512
2026-05-13T12:19:53.749884+02:00,0.09804594972683442,0.26783274295585285,0.23690039166064528,1.6992872948805666,1.4219004556220092,2.3794351603058557,1.1818085029561467,-0.14141311220261465,-0.2719632175345901,0.15502471316624256,-1.107626782443226,0.4357431973493151,49.0,50.0,50.0,40.0,44.0,26.0,30.0,26.0,52.0,92.62,3975442432,1565331456,1446039552,8.53,8.04,8.25,25297891328,9444032512
2026-05-13T12:19:53.801444+02:00,0.09804594972683442,0.26783274295585285,0.23690039166064528,1.6992872948805666,1.4219004556220092,2.3794351603058557,1.1818085029561467,-0.14141311220261465,-0.2719632175345901,0.15502471316624256,-1.107626782443226,0.4357431973493151,49.0,50.0,50.0,40.0,44.0,26.0,30.0,26.0,52.0,92.62,3975442432,1565331456,1446039552,8.53,8.04,8.25,25297891328,9444032512
2026-05-13T12:19:53.851522+02:00,0.09804594972683442,0.26783274295585285,0.23690039166064528,1.6992872948805666,1.4219004556220092,2.3794351603058557,1.1818085029561467,-0.14141311220261465,-0.2719632175345901,0.15502471316624256,-1.107626782443226,0.4357431973493151,49.0,50.0,50.0,40.0,44.0,26.0,30.0,26.0,52.0,92.62,3975442432,1565331456,1446039552,8.53,8.04,8.25,25297891328,9444032512
2026-05-13T12:19:53.906462+02:00,0.09804594972683442,0.26783274295585285,0.23690039166064528,1.6992872948805666,1.4219004556220092,2.3794351603058557,1.1818085029561467,-0.14141311220261465,-0.2719632175345901,0.15502471316624256,-1.107626782443226,0.4357431973493151,49.0,50.0,50.0,40.0,44.0,26.0,30.0,26.0,52.0,95.74,3975442432,1529524224,1481838592,8.53,8.04,8.25,25297891328,9444032512
2026-05-13T12:19:53.958732+02:00,0.09804594972683442,0.26783274295585285,0.23690039166064528,1.6992872948805666,1.4219004556220092,2.3794351603058557,1.1818085029561467,-0.14141311220261465,-0.2719632175345901,0.15502471316624256,-1.107626782443226,0.4357431973493151,49.0,50.0,50.0,40.0,44.0,26.0,30.0,26.0,52.0,95.74,3975442432,1529524224,1481838592,8.53,8.04,8.25,25297891328,9444032512
2026-05-13T12:19:54.009919+02:00,0.09804594972683442,0.26783274295585285,0.23690039166064528,1.6992872948805666,1.4219004556220092,2.3794351603058557,1.1818085029561467,-0.14141311220261465,-0.2719632175345901,0.15502471316624256,-1.107626782443226,0.4357431973493151,49.0,50.0,50.0,40.0,44.0,26.0,30.0,26.0,52.0,95.74,3975442432,1529524224,1481838592,8.53,8.04,8.25,25297891328,9444032512
2026-05-13T12:19:54.064943+02:00,0.09804594972683442,0.26783274295585285,0.23690039166064528,1.6992872948805666,1.4219004556220092,2.3794351603058557,1.1818085029561467,-0.14141311220261465,-0.2719632175345901,0.15502471316624256,-1.107626782443226,0.4357431973493151,49.0,50.0,50.0,40.0,44.0,26.0,30.0,26.0,52.0,95.74,3975442432,1529524224,1481838592,8.53,8.04,8.25,25297891328,9444032512
2026-05-13T12:19:54.117386+02:00,0.09804594972683442,0.26783274295585285,0.23690039166064528,1.6992872948805666,1.4219004556220092,2.3794351603058557,1.1818085029561467,-0.14141311220261465,-0.2719632175345901,0.15502471316624256,-1.107626782443226,0.4357431973493151,49.0,50.0,50.0,40.0,44.0,26.0,30.0,26.0,52.0,95.74,3975442432,1529524224,1481838592,8.53,8.04,8.25,25297891328,9444032512
2026-05-13T12:19:54.171584+02:00,0.09804594972683442,0.26783274295585285,0.23690039166064528,1.6992872948805666,1.4219004556220092,2.3794351603058557,1.1818085029561467,-0.14141311220261465,-0.2719632175345901,0.15502471316624256,-1.107626782443226,0.4357431973493151,49.0,50.0,50.0,40.0,44.0,26.0,30.0,26.0,52.0,95.74,3975442432,1529524224,1481838592,8.53,8.04,8.25,25297891328,9444032512
2026-05-13T12:19:54.226611+02:00,0.09804594972683442,0.26783274295585285,0.23690039166064528,1.6992872948805666,1.4219004556220092,2.3794351603058557,1.1818085029561467,-0.14141311220261465,-0.2719632175345901,0.15502471316624256,-1.107626782443226,0.4357431973493151,49.0,50.0,50.0,40.0,44.0,26.0,30.0,26.0,52.0,95.74,3975442432,1529524224,1481838592,8.53,8.04,8.25,25297891328,9444032512
2026-05-13T12:19:54.276965+02:00,0.09804594972683442,0.26783274295585285,0.23690039166064528,1.6992872948805666,1.4219004556220092,2.3794351603058557,1.1818085029561467,-0.14141311220261465,-0.2719632175345901,0.15502471316624256,-1.107626782443226,0.4357431973493151,49.0,50.0,50.0,40.0,44.0,26.0,30.0,26.0,52.0,95.74,3975442432,1529524224,1481838592,8.53,8.04,8.25,25297891328,9444032512
2026-05-13T12:19:54.328541+02:00,0.09804594972683442,0.26783274295585285,0.23690039166064528,1.6992872948805666,1.4219004556220092,2.3794351603058557,1.1818085029561467,-0.14141311220261465,-0.2719632175345901,0.15502471316624256,-1.107626782443226,0.4357431973493151,49.0,50.0,50.0,40.0,44.0,26.0,30.0,26.0,52.0,95.74,3975442432,1529524224,1481838592,8.53,8.04,8.25,25297891328,9444032512
2026-05-13T12:19:54.379582+02:00,0.09804594972683442,0.26783274295585285,0.23690039166064528,1.6992872948805666,1.4219004556220092,2.3794351603058557,1.1818085029561467,-0.14141311220261465,-0.2719632175345901,0.15502471316624256,-1.107626782443226,0.4357431973493151,49.0,50.0,50.0,40.0,44.0,26.0,30.0,26.0,52.0,95.74,3975442432,1529524224,1481838592,8.53,8.04,8.25,25297891328,9444032512
2026-05-13T12:19:54.430613+02:00,0.09804594972683442,0.26783274295585285,0.23690039166064528,1.6992872948805666,1.4219004556220092,2.3794351603058557,1.1818085029561467,-0.14141311220261465,-0.2719632175345901,0.15502471316624256,-1.107626782443226,0.4357431973493151,49.0,50.0,50.0,40.0,44.0,26.0,30.0,26.0,52.0,95.74,3975442432,1529524224,1481838592,8.53,8.04,8.25,25297891328,9444032512
2026-05-13T12:19:54.480640+02:00,0.09804594972683442,0.26783274295585285,0.23690039166064528,1.6992872948805666,1.4219004556220092,2.3794351603058557,1.1818085029561467,-0.14141311220261465,-0.2719632175345901,0.15502471316624256,-1.107626782443226,0.4357431973493151,49.0,50.0,50.0,40.0,44.0,26.0,30.0,26.0,52.0,95.74,3975442432,1529524224,1481838592,8.53,8.04,8.25,25297891328,9444032512
2026-05-13T12:19:54.530744+02:00,0.09804594972683442,0.26783274295585285,0.23690039166064528,1.6992872948805666,1.4219004556220092,2.3794351603058557,1.1818085029561467,-0.14141311220261465,-0.2719632175345901,0.15502471316624256,-1.107626782443226,0.4357431973493151,49.0,50.0,50.0,40.0,44.0,26.0,30.0,26.0,52.0,95.74,3975442432,1529524224,1481838592,8.53,8.04,8.25,25297891328,9444032512
2026-05-13T12:19:54.585827+02:00,0.09804594972683442,0.26783274295585285,0.23690039166064528,1.6992872948805666,1.4219004556220092,2.3794351603058557,1.1818085029561467,-0.14141311220261465,-0.2719632175345901,0.15502471316624256,-1.107626782443226,0.4357431973493151,49.0,50.0,50.0,40.0,44.0,26.0,30.0,26.0,52.0,95.74,3975442432,1529524224,1481838592,8.53,8.04,8.25,25297891328,9444032512
2026-05-13T12:19:54.637626+02:00,0.09804594972683442,0.26783274295585285,0.23690039166064528,1.6992872948805666,1.4219004556220092,2.3794351603058557,1.1818085029561467,-0.14141311220261465,-0.2719632175345901,0.15502471316624256,-1.107626782443226,0.4357431973493151,49.0,50.0,50.0,40.0,44.0,26.0,30.0,26.0,52.0,95.74,3975442432,1529524224,1481838592,8.53,8.04,8.25,25297891328,9444032512
2026-05-13T12:19:54.689809+02:00,0.09804594972683442,0.26783274295585285,0.23690039166064528,1.6992872948805666,1.4219004556220092,2.3794351603058557,1.1818085029561467,-0.14141311220261465,-0.2719632175345901,0.15502471316624256,-1.107626782443226,0.4357431973493151,49.0,50.0,50.0,40.0,44.0,26.0,30.0,26.0,52.0,95.74,3975442432,1529524224,1481838592,8.53,8.04,8.25,25297891328,9444032512
2026-05-13T12:19:54.740605+02:00,0.09804594972683442,0.26783274295585285,0.23690039166064528,1.6992872948805666,1.4219004556220092,2.3794351603058557,1.1818085029561467,-0.14141311220261465,-0.2719632175345901,0.15502471316624256,-1.107626782443226,0.4357431973493151,49.0,50.0,50.0,40.0,44.0,26.0,30.0,26.0,52.0,95.74,3975442432,1529524224,1481838592,8.53,8.04,8.25,25297891328,9444032512
2026-05-13T12:19:54.795630+02:00,0.09804594972683442,0.26783274295585285,0.23690039166064528,1.6992872948805666,1.4219004556220092,2.3794351603058557,1.1818085029561467,-0.14141311220261465,-0.2719632175345901,0.15502471316624256,-1.107626782443226,0.4357431973493151,49.0,50.0,50.0,40.0,44.0,26.0,30.0,26.0,52.0,95.74,3975442432,1529524224,1481838592,8.53,8.04,8.25,25297891328,9444032512
2026-05-13T12:19:54.849989+02:00,0.09804594972683442,0.26783274295585285,0.23690039166064528,1.6992872948805666,1.4219004556220092,2.3794351603058557,1.1818085029561467,-0.14141311220261465,-0.2719632175345901,0.15502471316624256,-1.107626782443226,0.4357431973493151,49.0,50.0,50.0,40.0,44.0,26.0,30.0,26.0,52.0,95.74,3975442432,1529524224,1481838592,8.53,8.04,8.25,25297891328,9444032512
2026-05-13T12:19:54.905053+02:00,0.09804594972683442,0.26783274295585285,0.23690039166064528,1.6992872948805666,1.4219004556220092,2.3794351603058557,1.1818085029561467,-0.14141311220261465,-0.2719632175345901,0.15502471316624256,-1.107626782443226,0.4357431973493151,49.0,50.0,50.0,40.0,44.0,26.0,30.0,26.0,52.0,88.19,3975442432,1528823808,1482539008,8.53,8.04,8.25,25297891328,9444032512
2026-05-13T12:19:54.959849+02:00,0.09804594972683442,0.26783274295585285,0.23690039166064528,1.6992872948805666,1.4219004556220092,2.3794351603058557,1.1818085029561467,-0.14141311220261465,-0.2719632175345901,0.15502471316624256,-1.107626782443226,0.4357431973493151,49.0,50.0,50.0,40.0,44.0,26.0,30.0,26.0,52.0,88.19,3975442432,1528823808,1482539008,8.53,8.04,8.25,25297891328,9444032512
2026-05-13T12:19:55.014701+02:00,0.09804594972683442,0.26783274295585285,0.23690039166064528,1.6992872948805666,1.4219004556220092,2.3794351603058557,1.1818085029561467,-0.14141311220261465,-0.2719632175345901,0.15502471316624256,-1.107626782443226,0.4357431973493151,49.0,50.0,50.0,40.0,44.0,26.0,30.0,26.0,52.0,88.19,3975442432,1528823808,1482539008,8.53,8.04,8.25,25297891328,9444032512
2026-05-13T12:19:55.067194+02:00,0.09804594972683442,0.26783274295585285,0.23690039166064528,1.6992872948805666,1.4219004556220092,2.3794351603058557,1.1818085029561467,-0.14141311220261465,-0.2719632175345901,0.15502471316624256,-1.107626782443226,0.4357431973493151,49.0,50.0,50.0,40.0,44.0,26.0,30.0,26.0,52.0,88.19,3975442432,1528823808,1482539008,8.53,8.04,8.25,25297891328,9444032512
2026-05-13T12:19:55.117745+02:00,0.09804594972683442,0.26783274295585285,0.23690039166064528,1.6992872948805666,1.4219004556220092,2.3794351603058557,1.1818085029561467,-0.14141311220261465,-0.2719632175345901,0.15502471316624256,-1.107626782443226,0.4357431973493151,49.0,50.0,50.0,40.0,44.0,26.0,30.0,26.0,52.0,88.19,3975442432,1528823808,1482539008,8.53,8.04,8.25,25297891328,9444032512
2026-05-13T12:19:55.169080+02:00,0.09804594972683442,0.26783274295585285,0.23690039166064528,1.6992872948805666,1.4219004556220092,2.3794351603058557,1.1818085029561467,-0.14141311220261465,-0.2719632175345901,0.15502471316624256,-1.107626782443226,0.4357431973493151,49.0,50.0,50.0,40.0,44.0,26.0,30.0,26.0,52.0,88.19,3975442432,1528823808,1482539008,8.53,8.04,8.25,25297891328,9444032512
2026-05-13T12:19:55.224100+02:00,0.09804594972683442,0.26783274295585285,0.23690039166064528,1.6992872948805666,1.4219004556220092,2.3794351603058557,1.1818085029561467,-0.14141311220261465,-0.2719632175345901,0.15502471316624256,-1.107626782443226,0.4357431973493151,49.0,50.0,50.0,40.0,44.0,26.0,30.0,26.0,52.0,88.19,3975442432,1528823808,1482539008,8.53,8.04,8.25,25297891328,9444032512
2026-05-13T12:19:55.279247+02:00,0.09804594972683442,0.26783274295585285,0.23690039166064528,1.6992872948805666,1.4219004556220092,2.3794351603058557,1.1818085029561467,-0.14141311220261465,-0.2719632175345901,0.15502471316624256,-1.107626782443226,0.4357431973493151,49.0,50.0,50.0,40.0,44.0,26.0,30.0,26.0,52.0,88.19,3975442432,1528823808,1482539008,8.53,8.04,8.25,25297891328,9444032512
2026-05-13T12:19:55.330064+02:00,0.09804594972683442,0.26783274295585285,0.23690039166064528,1.6992872948805666,1.4219004556220092,2.3794351603058557,1.1818085029561467,-0.14141311220261465,-0.2719632175345901,0.15502471316624256,-1.107626782443226,0.4357431973493151,49.0,50.0,50.0,40.0,44.0,26.0,30.0,26.0,52.0,88.19,3975442432,1528823808,1482539008,8.53,8.04,8.25,25297891328,9444032512
2026-05-13T12:19:55.383036+02:00,0.09804594972683442,0.26783274295585285,0.23690039166064528,1.6992872948805666,1.4219004556220092,2.3794351603058557,1.1818085029561467,-0.14141311220261465,-0.2719632175345901,0.15502471316624256,-1.107626782443226,0.4357431973493151,49.0,50.0,50.0,40.0,44.0,26.0,30.0,26.0,52.0,88.19,3975442432,1528823808,1482539008,8.53,8.04,8.25,25297891328,9444032512
2026-05-13T12:19:55.435819+02:00,0.09804594972683442,0.26783274295585285,0.23690039166064528,1.6992872948805666,1.4219004556220092,2.3794351603058557,1.1818085029561467,-0.14141311220261465,-0.2719632175345901,0.15502471316624256,-1.107626782443226,0.4357431973493151,49.0,50.0,50.0,40.0,44.0,26.0,30.0,26.0,52.0,88.19,3975442432,1528823808,1482539008,8.53,8.04,8.25,25297891328,9444032512
2026-05-13T12:19:55.487250+02:00,0.09804594972683442,0.26783274295585285,0.23690039166064528,1.6992872948805666,1.4219004556220092,2.3794351603058557,1.1818085029561467,-0.14141311220261465,-0.2719632175345901,0.15502471316624256,-1.107626782443226,0.4357431973493151,49.0,50.0,50.0,40.0,44.0,26.0,30.0,26.0,52.0,88.19,3975442432,1528823808,1482539008,8.53,8.04,8.25,25297891328,9444032512
2026-05-13T12:19:55.542330+02:00,0.09804594972683442,0.26783274295585285,0.23690039166064528,1.6992872948805666,1.4219004556220092,2.3794351603058557,1.1818085029561467,-0.14141311220261465,-0.2719632175345901,0.15502471316624256,-1.107626782443226,0.4357431973493151,49.0,50.0,50.0,40.0,44.0,26.0,30.0,26.0,52.0,88.19,3975442432,1528823808,1482539008,8.53,8.04,8.25,25297891328,9444032512
2026-05-13T12:19:55.597411+02:00,0.09804594972683442,0.26783274295585285,0.23690039166064528,1.6992872948805666,1.4219004556220092,2.3794351603058557,1.1818085029561467,-0.14141311220261465,-0.2719632175345901,0.15502471316624256,-1.107626782443226,0.4357431973493151,49.0,50.0,50.0,40.0,44.0,26.0,30.0,26.0,52.0,88.19,3975442432,1528823808,1482539008,8.53,8.04,8.25,25297891328,9444032512
2026-05-13T12:19:55.648532+02:00,0.09804594972683442,0.26783274295585285,0.23690039166064528,1.6992872948805666,1.4219004556220092,2.3794351603058557,1.1818085029561467,-0.14141311220261465,-0.2719632175345901,0.15502471316624256,-1.107626782443226,0.4357431973493151,49.0,50.0,50.0,40.0,44.0,26.0,30.0,26.0,52.0,88.19,3975442432,1528823808,1482539008,8.53,8.04,8.25,25297891328,9444032512
2026-05-13T12:19:55.703526+02:00,0.09804594972683442,0.26783274295585285,0.23690039166064528,1.6992872948805666,1.4219004556220092,2.3794351603058557,1.1818085029561467,-0.14141311220261465,-0.2719632175345901,0.15502471316624256,-1.107626782443226,0.4357431973493151,49.0,50.0,50.0,40.0,44.0,26.0,30.0,26.0,52.0,88.19,3975442432,1528823808,1482539008,8.53,8.04,8.25,25297891328,9444032512
2026-05-13T12:19:55.758588+02:00,0.09804594972683442,0.26783274295585285,0.23690039166064528,1.6992872948805666,1.4219004556220092,2.3794351603058557,1.1818085029561467,-0.14141311220261465,-0.2719632175345901,0.15502471316624256,-1.107626782443226,0.4357431973493151,49.0,50.0,50.0,40.0,44.0,26.0,30.0,26.0,52.0,88.19,3975442432,1528823808,1482539008,8.53,8.04,8.25,25297891328,9444032512
2026-05-13T12:19:55.811956+02:00,0.09804594972683442,0.26783274295585285,0.23690039166064528,1.6992872948805666,1.4219004556220092,2.3794351603058557,1.1818085029561467,-0.14141311220261465,-0.2719632175345901,0.15502471316624256,-1.107626782443226,0.4357431973493151,49.0,50.0,50.0,40.0,44.0,26.0,30.0,26.0,52.0,88.19,3975442432,1528823808,1482539008,8.53,8.04,8.25,25297891328,9444032512
2026-05-13T12:19:55.862380+02:00,0.09804594972683442,0.26783274295585285,0.23690039166064528,1.6992872948805666,1.4219004556220092,2.3794351603058557,1.1818085029561467,-0.14141311220261465,-0.2719632175345901,0.15502471316624256,-1.107626782443226,0.4357431973493151,49.0,50.0,50.0,40.0,44.0,26.0,30.0,26.0,52.0,88.19,3975442432,1528823808,1482539008,8.53,8.04,8.25,25297891328,9444032512
2026-05-13T12:19:55.912497+02:00,0.09804594972683442,0.26783274295585285,0.23690039166064528,1.6992872948805666,1.4219004556220092,2.3794351603058557,1.1818085029561467,-0.14141311220261465,-0.2719632175345901,0.15502471316624256,-1.107626782443226,0.4357431973493151,49.0,50.0,50.0,40.0,44.0,26.0,30.0,26.0,52.0,88.19,3975442432,1528823808,1482539008,8.53,8.04,8.25,25297891328,9444032512
2026-05-13T12:19:55.965633+02:00,0.09804594972683442,0.26783274295585285,0.23690039166064528,1.6992872948805666,1.4219004556220092,2.3794351603058557,1.1818085029561467,-0.14141311220261465,-0.2719632175345901,0.15502471316624256,-1.107626782443226,0.4357431973493151,49.0,50.0,50.0,40.0,44.0,26.0,30.0,26.0,52.0,88.19,3975442432,1528823808,1482539008,8.53,8.04,8.25,25297891328,9444032512
2026-05-13T12:19:56.015976+02:00,0.09804594972683442,0.26783274295585285,0.23690039166064528,1.6992872948805666,1.4219004556220092,2.3794351603058557,1.1818085029561467,-0.14141311220261465,-0.2719632175345901,0.15502471316624256,-1.107626782443226,0.4357431973493151,49.0,50.0,50.0,40.0,44.0,26.0,30.0,26.0,52.0,88.19,3975442432,1528823808,1482539008,8.53,8.04,8.25,25297891328,9444032512
2026-05-13T12:19:56.067082+02:00,0.09804594972683442,0.26783274295585285,0.23690039166064528,1.6992872948805666,1.4219004556220092,2.3794351603058557,1.1818085029561467,-0.14141311220261465,-0.2719632175345901,0.15502471316624256,-1.107626782443226,0.4357431973493151,49.0,50.0,50.0,40.0,44.0,26.0,30.0,26.0,52.0,90.32,3975442432,1528786944,1482575872,8.53,8.04,8.25,25297891328,9444036608
2026-05-13T12:19:56.117426+02:00,0.09804594972683442,0.26783274295585285,0.23690039166064528,1.6992872948805666,1.4219004556220092,2.3794351603058557,1.1818085029561467,-0.14141311220261465,-0.2719632175345901,0.15502471316624256,-1.107626782443226,0.4357431973493151,49.0,50.0,50.0,40.0,44.0,26.0,30.0,26.0,52.0,90.32,3975442432,1528786944,1482575872,8.53,8.04,8.25,25297891328,9444036608
2026-05-13T12:19:56.172507+02:00,0.09804594972683442,0.26783274295585285,0.23690039166064528,1.6992872948805666,1.4219004556220092,2.3794351603058557,1.1818085029561467,-0.14141311220261465,-0.2719632175345901,0.15502471316624256,-1.107626782443226,0.4357431973493151,49.0,50.0,50.0,40.0,44.0,26.0,30.0,26.0,52.0,90.32,3975442432,1528786944,1482575872,8.53,8.04,8.25,25297891328,9444036608
2026-05-13T12:19:56.227175+02:00,0.09804594972683442,0.26783274295585285,0.23690039166064528,1.6992872948805666,1.4219004556220092,2.3794351603058557,1.1818085029561467,-0.14141311220261465,-0.2719632175345901,0.15502471316624256,-1.107626782443226,0.4357431973493151,49.0,50.0,50.0,40.0,44.0,26.0,30.0,26.0,52.0,90.32,3975442432,1528786944,1482575872,8.53,8.04,8.25,25297891328,9444036608
2026-05-13T12:19:56.277227+02:00,0.09804594972683442,0.26783274295585285,0.23690039166064528,1.6992872948805666,1.4219004556220092,2.3794351603058557,1.1818085029561467,-0.14141311220261465,-0.2719632175345901,0.15502471316624256,-1.107626782443226,0.4357431973493151,49.0,50.0,50.0,40.0,44.0,26.0,30.0,26.0,52.0,90.32,3975442432,1528786944,1482575872,8.53,8.04,8.25,25297891328,9444036608
2026-05-13T12:19:56.327572+02:00,0.09804594972683442,0.26783274295585285,0.23690039166064528,1.6992872948805666,1.4219004556220092,2.3794351603058557,1.1818085029561467,-0.14141311220261465,-0.2719632175345901,0.15502471316624256,-1.107626782443226,0.4357431973493151,49.0,50.0,50.0,40.0,44.0,26.0,30.0,26.0,52.0,90.32,3975442432,1528786944,1482575872,8.53,8.04,8.25,25297891328,9444036608
2026-05-13T12:19:56.380190+02:00,0.09804594972683442,0.26783274295585285,0.23690039166064528,1.6992872948805666,1.4219004556220092,2.3794351603058557,1.1818085029561467,-0.14141311220261465,-0.2719632175345901,0.15502471316624256,-1.107626782443226,0.4357431973493151,49.0,50.0,50.0,40.0,44.0,26.0,30.0,26.0,52.0,90.32,3975442432,1528786944,1482575872,8.53,8.04,8.25,25297891328,9444036608
2026-05-13T12:19:56.433237+02:00,0.09804594972683442,0.26783274295585285,0.23690039166064528,1.6992872948805666,1.4219004556220092,2.3794351603058557,1.1818085029561467,-0.14141311220261465,-0.2719632175345901,0.15502471316624256,-1.107626782443226,0.4357431973493151,49.0,50.0,50.0,40.0,44.0,26.0,30.0,26.0,52.0,90.32,3975442432,1528786944,1482575872,8.53,8.04,8.25,25297891328,9444036608
2026-05-13T12:19:56.488202+02:00,0.09804594972683442,0.26783274295585285,0.23690039166064528,1.6992872948805666,1.4219004556220092,2.3794351603058557,1.1818085029561467,-0.14141311220261465,-0.2719632175345901,0.15502471316624256,-1.107626782443226,0.4357431973493151,49.0,50.0,50.0,40.0,44.0,26.0,30.0,26.0,52.0,90.32,3975442432,1528786944,1482575872,8.53,8.04,8.25,25297891328,9444036608
2026-05-13T12:19:56.542840+02:00,0.09804594972683442,0.26783274295585285,0.23690039166064528,1.6992872948805666,1.4219004556220092,2.3794351603058557,1.1818085029561467,-0.14141311220261465,-0.2719632175345901,0.15502471316624256,-1.107626782443226,0.4357431973493151,49.0,50.0,50.0,40.0,44.0,26.0,30.0,26.0,52.0,90.32,3975442432,1528786944,1482575872,8.53,8.04,8.25,25297891328,9444036608
2026-05-13T12:19:56.596423+02:00,0.09804594972683442,0.26783274295585285,0.23690039166064528,1.6992872948805666,1.4219004556220092,2.3794351603058557,1.1818085029561467,-0.14141311220261465,-0.2719632175345901,0.15502471316624256,-1.107626782443226,0.4357431973493151,49.0,50.0,50.0,40.0,44.0,26.0,30.0,26.0,52.0,90.32,3975442432,1528786944,1482575872,8.53,8.04,8.25,25297891328,9444036608
2026-05-13T12:19:56.647037+02:00,0.09804594972683442,0.26783274295585285,0.23690039166064528,1.6992872948805666,1.4219004556220092,2.3794351603058557,1.1818085029561467,-0.14141311220261465,-0.2719632175345901,0.15502471316624256,-1.107626782443226,0.4357431973493151,49.0,50.0,50.0,40.0,44.0,26.0,30.0,26.0,52.0,90.32,3975442432,1528786944,1482575872,8.53,8.04,8.25,25297891328,9444036608
2026-05-13T12:19:56.698756+02:00,0.09804594972683442,0.26783274295585285,0.23690039166064528,1.6992872948805666,1.4219004556220092,2.3794351603058557,1.1818085029561467,-0.14141311220261465,-0.2719632175345901,0.15502471316624256,-1.107626782443226,0.4357431973493151,49.0,50.0,50.0,40.0,44.0,26.0,30.0,26.0,52.0,90.32,3975442432,1528786944,1482575872,8.53,8.04,8.25,25297891328,9444036608
2026-05-13T12:19:56.749578+02:00,0.09804594972683442,0.26783274295585285,0.23690039166064528,1.6992872948805666,1.4219004556220092,2.3794351603058557,1.1818085029561467,-0.14141311220261465,-0.2719632175345901,0.15502471316624256,-1.107626782443226,0.4357431973493151,49.0,50.0,50.0,40.0,44.0,26.0,30.0,26.0,53.0,90.32,3975442432,1528786944,1482575872,8.53,8.04,8.25,25297891328,9444036608
2026-05-13T12:19:56.801576+02:00,0.09804594972683442,0.26783274295585285,0.23690039166064528,1.6992872948805666,1.4219004556220092,2.3794351603058557,1.1818085029561467,-0.14141311220261465,-0.2719632175345901,0.15502471316624256,-1.107626782443226,0.4357431973493151,49.0,50.0,50.0,40.0,44.0,26.0,30.0,26.0,53.0,90.32,3975442432,1528786944,1482575872,8.53,8.04,8.25,25297891328,9444036608
2026-05-13T12:19:56.853395+02:00,0.09804594972683442,0.26783274295585285,0.23690039166064528,1.6992872948805666,1.4219004556220092,2.3794351603058557,1.1818085029561467,-0.14141311220261465,-0.2719632175345901,0.15502471316624256,-1.107626782443226,0.4357431973493151,49.0,50.0,50.0,40.0,44.0,26.0,30.0,26.0,53.0,90.32,3975442432,1528786944,1482575872,8.53,8.04,8.25,25297891328,9444036608
2026-05-13T12:19:56.903848+02:00,0.09804594972683442,0.26783274295585285,0.23690039166064528,1.6992872948805666,1.4219004556220092,2.3794351603058557,1.1818085029561467,-0.14141311220261465,-0.2719632175345901,0.15502471316624256,-1.107626782443226,0.4357431973493151,49.0,50.0,50.0,40.0,44.0,26.0,30.0,26.0,53.0,90.7,3975442432,1528623104,1482760192,8.53,8.04,8.25,25297891328,9444036608
2026-05-13T12:19:56.958872+02:00,0.09804594972683442,0.26783274295585285,0.23690039166064528,1.6992872948805666,1.4219004556220092,2.3794351603058557,1.1818085029561467,-0.14141311220261465,-0.2719632175345901,0.15502471316624256,-1.107626782443226,0.4357431973493151,49.0,50.0,50.0,40.0,44.0,26.0,30.0,26.0,53.0,90.7,3975442432,1528623104,1482760192,8.53,8.04,8.25,25297891328,9444036608
2026-05-13T12:19:57.013891+02:00,0.09804594972683442,0.26783274295585285,0.23690039166064528,1.6992872948805666,1.4219004556220092,2.3794351603058557,1.1818085029561467,-0.14141311220261465,-0.2719632175345901,0.15502471316624256,-1.107626782443226,0.4357431973493151,49.0,50.0,50.0,40.0,44.0,26.0,30.0,26.0,53.0,90.7,3975442432,1528623104,1482760192,8.53,8.04,8.25,25297891328,9444036608
2026-05-13T12:19:57.072350+02:00,0.09804594972683442,0.26783274295585285,0.23690039166064528,1.6992872948805666,1.4219004556220092,2.3794351603058557,1.1818085029561467,-0.14141311220261465,-0.2719632175345901,0.15502471316624256,-1.107626782443226,0.4357431973493151,49.0,50.0,50.0,40.0,44.0,26.0,30.0,26.0,53.0,90.7,3975442432,1528623104,1482760192,8.53,8.04,8.25,25297891328,9444036608
2026-05-13T12:19:57.127359+02:00,0.09804594972683442,0.26783274295585285,0.23690039166064528,1.6992872948805666,1.4219004556220092,2.3794351603058557,1.1818085029561467,-0.14141311220261465,-0.2719632175345901,0.15502471316624256,-1.107626782443226,0.4357431973493151,49.0,50.0,50.0,40.0,44.0,26.0,30.0,26.0,53.0,90.7,3975442432,1528623104,1482760192,8.53,8.04,8.25,25297891328,9444036608
2026-05-13T12:19:57.180798+02:00,0.09804594972683442,0.26783274295585285,0.23690039166064528,1.6992872948805666,1.4219004556220092,2.3794351603058557,1.1818085029561467,-0.14141311220261465,-0.2719632175345901,0.15502471316624256,-1.107626782443226,0.4357431973493151,49.0,50.0,50.0,40.0,44.0,26.0,30.0,26.0,53.0,90.7,3975442432,1528623104,1482760192,8.53,8.04,8.25,25297891328,9444036608
2026-05-13T12:19:57.232550+02:00,0.09804594972683442,0.26783274295585285,0.23690039166064528,1.6992872948805666,1.4219004556220092,2.3794351603058557,1.1818085029561467,-0.14141311220261465,-0.2719632175345901,0.15502471316624256,-1.107626782443226,0.4357431973493151,49.0,50.0,50.0,40.0,44.0,26.0,30.0,26.0,53.0,90.7,3975442432,1528623104,1482760192,8.53,8.04,8.25,25297891328,9444036608
2026-05-13T12:19:57.285694+02:00,0.09804594972683442,0.26783274295585285,0.23690039166064528,1.6992872948805666,1.4219004556220092,2.3794351603058557,1.1818085029561467,-0.14141311220261465,-0.2719632175345901,0.15502471316624256,-1.107626782443226,0.4357431973493151,49.0,50.0,50.0,40.0,44.0,26.0,30.0,26.0,53.0,90.7,3975442432,1528623104,1482760192,8.53,8.04,8.25,25297891328,9444036608
2026-05-13T12:19:57.340702+02:00,0.09804594972683442,0.26783274295585285,0.23690039166064528,1.6992872948805666,1.4219004556220092,2.3794351603058557,1.1818085029561467,-0.14141311220261465,-0.2719632175345901,0.15502471316624256,-1.107626782443226,0.4357431973493151,49.0,50.0,50.0,40.0,44.0,26.0,30.0,26.0,53.0,90.7,3975442432,1528623104,1482760192,8.53,8.04,8.25,25297891328,9444036608
2026-05-13T12:19:57.393048+02:00,0.09804594972683442,0.26783274295585285,0.23690039166064528,1.6992872948805666,1.4219004556220092,2.3794351603058557,1.1818085029561467,-0.14141311220261465,-0.2719632175345901,0.15502471316624256,-1.107626782443226,0.4357431973493151,49.0,50.0,50.0,40.0,44.0,26.0,30.0,26.0,53.0,90.7,3975442432,1528623104,1482760192,8.53,8.04,8.25,25297891328,9444036608
2026-05-13T12:19:57.448290+02:00,0.09804594972683442,0.26783274295585285,0.23690039166064528,1.6992872948805666,1.4219004556220092,2.3794351603058557,1.1818085029561467,-0.14141311220261465,-0.2719632175345901,0.15502471316624256,-1.107626782443226,0.4357431973493151,49.0,50.0,50.0,40.0,44.0,26.0,30.0,26.0,53.0,90.7,3975442432,1528623104,1482760192,8.53,8.04,8.25,25297891328,9444036608
2026-05-13T12:19:57.499140+02:00,0.09804594972683442,0.26783274295585285,0.23690039166064528,1.6992872948805666,1.4219004556220092,2.3794351603058557,1.1818085029561467,-0.14141311220261465,-0.2719632175345901,0.15502471316624256,-1.107626782443226,0.4357431973493151,49.0,50.0,50.0,40.0,44.0,26.0,30.0,26.0,53.0,90.7,3975442432,1528623104,1482760192,8.53,8.04,8.25,25297891328,9444036608
2026-05-13T12:19:57.549520+02:00,0.09804594972683442,0.26783274295585285,0.23690039166064528,1.6992872948805666,1.4219004556220092,2.3794351603058557,1.1818085029561467,-0.14141311220261465,-0.2719632175345901,0.15502471316624256,-1.107626782443226,0.4357431973493151,49.0,50.0,50.0,40.0,44.0,26.0,30.0,26.0,53.0,90.7,3975442432,1528623104,1482760192,8.53,8.04,8.25,25297891328,9444036608
2026-05-13T12:19:57.599738+02:00,0.09804594972683442,0.26783274295585285,0.23690039166064528,1.6992872948805666,1.4219004556220092,2.3794351603058557,1.1818085029561467,-0.14141311220261465,-0.2719632175345901,0.15502471316624256,-1.107626782443226,0.4357431973493151,49.0,50.0,50.0,40.0,44.0,26.0,30.0,26.0,53.0,90.7,3975442432,1528623104,1482760192,8.53,8.04,8.25,25297891328,9444036608
2026-05-13T12:19:57.652320+02:00,0.09804594972683442,0.26783274295585285,0.23690039166064528,1.6992872948805666,1.4219004556220092,2.3794351603058557,1.1818085029561467,-0.14141311220261465,-0.2719632175345901,0.15502471316624256,-1.107626782443226,0.4357431973493151,49.0,50.0,50.0,40.0,44.0,26.0,30.0,26.0,53.0,90.7,3975442432,1528623104,1482760192,8.53,8.04,8.25,25297891328,9444036608
2026-05-13T12:19:57.702773+02:00,0.09804594972683442,0.26783274295585285,0.23690039166064528,1.6992872948805666,1.4219004556220092,2.3794351603058557,1.1818085029561467,-0.14141311220261465,-0.2719632175345901,0.15502471316624256,-1.107626782443226,0.4357431973493151,49.0,50.0,50.0,40.0,44.0,26.0,30.0,26.0,53.0,90.7,3975442432,1528623104,1482760192,8.53,8.04,8.25,25297891328,9444036608
2026-05-13T12:19:57.752810+02:00,0.09804594972683442,0.26783274295585285,0.23690039166064528,1.6992872948805666,1.4219004556220092,2.3794351603058557,1.1818085029561467,-0.14141311220261465,-0.2719632175345901,0.15502471316624256,-1.107626782443226,0.4357431973493151,49.0,50.0,50.0,40.0,44.0,26.0,30.0,26.0,53.0,90.7,3975442432,1528623104,1482760192,8.53,8.04,8.25,25297891328,9444036608
2026-05-13T12:19:57.805597+02:00,0.09804594972683442,0.26783274295585285,0.23690039166064528,1.6992872948805666,1.4219004556220092,2.3794351603058557,1.1818085029561467,-0.14141311220261465,-0.2719632175345901,0.15502471316624256,-1.107626782443226,0.4357431973493151,49.0,50.0,50.0,40.0,44.0,26.0,30.0,26.0,53.0,90.7,3975442432,1528623104,1482760192,8.53,8.04,8.25,25297891328,9444036608
2026-05-13T12:19:57.856508+02:00,0.09804594972683442,0.26783274295585285,0.23690039166064528,1.6992872948805666,1.4219004556220092,2.3794351603058557,1.1818085029561467,-0.14141311220261465,-0.2719632175345901,0.15502471316624256,-1.107626782443226,0.4357431973493151,49.0,50.0,50.0,40.0,44.0,26.0,30.0,26.0,53.0,90.7,3975442432,1528623104,1482760192,8.53,8.04,8.25,25297891328,9444036608
2026-05-13T12:19:57.907666+02:00,0.09804594972683442,0.26783274295585285,0.23690039166064528,1.6992872948805666,1.4219004556220092,2.3794351603058557,1.1818085029561467,-0.14141311220261465,-0.2719632175345901,0.15502471316624256,-1.107626782443226,0.4357431973493151,49.0,50.0,50.0,40.0,44.0,26.0,30.0,26.0,53.0,90.7,3975442432,1528623104,1482760192,8.53,8.04,8.25,25297891328,9444036608
2026-05-13T12:19:57.962687+02:00,0.09804594972683442,0.26783274295585285,0.23690039166064528,1.6992872948805666,1.4219004556220092,2.3794351603058557,1.1818085029561467,-0.14141311220261465,-0.2719632175345901,0.15502471316624256,-1.107626782443226,0.4357431973493151,49.0,50.0,50.0,40.0,44.0,26.0,30.0,26.0,53.0,95.35,3975442432,1529098240,1482285056,8.81,8.1,8.27,25297891328,9444036608
2026-05-13T12:19:58.013694+02:00,0.09804594972683442,0.26783274295585285,0.23690039166064528,1.6992872948805666,1.4219004556220092,2.3794351603058557,1.1818085029561467,-0.14141311220261465,-0.2719632175345901,0.15502471316624256,-1.107626782443226,0.4357431973493151,49.0,50.0,50.0,40.0,44.0,26.0,30.0,26.0,53.0,95.35,3975442432,1529098240,1482285056,8.81,8.1,8.27,25297891328,9444036608
2026-05-13T12:19:58.065917+02:00,0.09804594972683442,0.26783274295585285,0.23690039166064528,1.6992872948805666,1.4219004556220092,2.3794351603058557,1.1818085029561467,-0.14141311220261465,-0.2719632175345901,0.15502471316624256,-1.107626782443226,0.4357431973493151,49.0,50.0,50.0,40.0,44.0,26.0,30.0,26.0,53.0,95.35,3975442432,1529098240,1482285056,8.81,8.1,8.27,25297891328,9444036608
2026-05-13T12:19:58.116751+02:00,0.09804594972683442,0.26783274295585285,0.23690039166064528,1.6992872948805666,1.4219004556220092,2.3794351603058557,1.1818085029561467,-0.14141311220261465,-0.2719632175345901,0.15502471316624256,-1.107626782443226,0.4357431973493151,49.0,50.0,50.0,40.0,44.0,26.0,30.0,26.0,53.0,95.35,3975442432,1529098240,1482285056,8.81,8.1,8.27,25297891328,9444036608
2026-05-13T12:19:58.169407+02:00,0.09804594972683442,0.26783274295585285,0.23690039166064528,1.6992872948805666,1.4219004556220092,2.3794351603058557,1.1818085029561467,-0.14141311220261465,-0.2719632175345901,0.15502471316624256,-1.107626782443226,0.4357431973493151,49.0,50.0,50.0,40.0,44.0,26.0,30.0,26.0,53.0,95.35,3975442432,1529098240,1482285056,8.81,8.1,8.27,25297891328,9444036608
2026-05-13T12:19:58.222074+02:00,0.09804594972683442,0.26783274295585285,0.23690039166064528,1.6992872948805666,1.4219004556220092,2.3794351603058557,1.1818085029561467,-0.14141311220261465,-0.2719632175345901,0.15502471316624256,-1.107626782443226,0.4357431973493151,49.0,50.0,50.0,40.0,44.0,26.0,30.0,26.0,53.0,95.35,3975442432,1529098240,1482285056,8.81,8.1,8.27,25297891328,9444036608
2026-05-13T12:19:58.272850+02:00,0.09804594972683442,0.26783274295585285,0.23690039166064528,1.6992872948805666,1.4219004556220092,2.3794351603058557,1.1818085029561467,-0.14141311220261465,-0.2719632175345901,0.15502471316624256,-1.107626782443226,0.4357431973493151,49.0,50.0,50.0,40.0,44.0,26.0,30.0,26.0,53.0,95.35,3975442432,1529098240,1482285056,8.81,8.1,8.27,25297891328,9444036608
2026-05-13T12:19:58.326922+02:00,0.09804594972683442,0.26783274295585285,0.23690039166064528,1.6992872948805666,1.4219004556220092,2.3794351603058557,1.1818085029561467,-0.14141311220261465,-0.2719632175345901,0.15502471316624256,-1.107626782443226,0.4357431973493151,49.0,50.0,50.0,40.0,44.0,26.0,30.0,26.0,53.0,95.35,3975442432,1529098240,1482285056,8.81,8.1,8.27,25297891328,9444036608
2026-05-13T12:19:58.382305+02:00,0.09804594972683442,0.26783274295585285,0.23690039166064528,1.6992872948805666,1.4219004556220092,2.3794351603058557,1.1818085029561467,-0.14141311220261465,-0.2719632175345901,0.15502471316624256,-1.107626782443226,0.4357431973493151,49.0,50.0,50.0,40.0,44.0,26.0,30.0,26.0,53.0,95.35,3975442432,1529098240,1482285056,8.81,8.1,8.27,25297891328,9444036608
2026-05-13T12:19:58.437349+02:00,0.09804594972683442,0.26783274295585285,0.23690039166064528,1.6992872948805666,1.4219004556220092,2.3794351603058557,1.1818085029561467,-0.14141311220261465,-0.2719632175345901,0.15502471316624256,-1.107626782443226,0.4357431973493151,49.0,50.0,50.0,40.0,44.0,26.0,30.0,26.0,53.0,95.35,3975442432,1529098240,1482285056,8.81,8.1,8.27,25297891328,9444036608
2026-05-13T12:19:58.488888+02:00,0.09804594972683442,0.26783274295585285,0.23690039166064528,1.6992872948805666,1.4219004556220092,2.3794351603058557,1.1818085029561467,-0.14141311220261465,-0.2719632175345901,0.15502471316624256,-1.107626782443226,0.4357431973493151,49.0,50.0,50.0,40.0,44.0,26.0,30.0,26.0,53.0,95.35,3975442432,1529098240,1482285056,8.81,8.1,8.27,25297891328,9444036608
2026-05-13T12:19:58.541456+02:00,0.09804594972683442,0.26783274295585285,0.23690039166064528,1.6992872948805666,1.4219004556220092,2.3794351603058557,1.1818085029561467,-0.14141311220261465,-0.2719632175345901,0.15502471316624256,-1.107626782443226,0.4357431973493151,49.0,50.0,50.0,40.0,44.0,26.0,30.0,26.0,53.0,95.35,3975442432,1529098240,1482285056,8.81,8.1,8.27,25297891328,9444036608
2026-05-13T12:19:58.592958+02:00,0.09804594972683442,0.26783274295585285,0.23690039166064528,1.6992872948805666,1.4219004556220092,2.3794351603058557,1.1818085029561467,-0.14141311220261465,-0.2719632175345901,0.15502471316624256,-1.107626782443226,0.4357431973493151,49.0,50.0,50.0,40.0,44.0,26.0,30.0,26.0,53.0,95.35,3975442432,1529098240,1482285056,8.81,8.1,8.27,25297891328,9444036608
2026-05-13T12:19:58.644668+02:00,0.09804594972683442,0.26783274295585285,0.23690039166064528,1.6992872948805666,1.4219004556220092,2.3794351603058557,1.1818085029561467,-0.14141311220261465,-0.2719632175345901,0.15502471316624256,-1.107626782443226,0.4357431973493151,49.0,50.0,50.0,40.0,44.0,26.0,30.0,26.0,53.0,95.35,3975442432,1529098240,1482285056,8.81,8.1,8.27,25297891328,9444036608
2026-05-13T12:19:58.695293+02:00,0.09804594972683442,0.26783274295585285,0.23690039166064528,1.6992872948805666,1.4219004556220092,2.3794351603058557,1.1818085029561467,-0.14141311220261465,-0.2719632175345901,0.15502471316624256,-1.107626782443226,0.4357431973493151,49.0,50.0,50.0,40.0,44.0,26.0,30.0,26.0,53.0,95.35,3975442432,1529098240,1482285056,8.81,8.1,8.27,25297891328,9444036608
2026-05-13T12:19:58.751012+02:00,0.09804594972683442,0.26783274295585285,0.23690039166064528,1.6992872948805666,1.4219004556220092,2.3794351603058557,1.1818085029561467,-0.14141311220261465,-0.2719632175345901,0.15502471316624256,-1.107626782443226,0.4357431973493151,49.0,50.0,50.0,40.0,44.0,26.0,30.0,26.0,53.0,95.35,3975442432,1529098240,1482285056,8.81,8.1,8.27,25297891328,9444036608
2026-05-13T12:19:58.801650+02:00,0.09804594972683442,0.26783274295585285,0.23690039166064528,1.6992872948805666,1.4219004556220092,2.3794351603058557,1.1818085029561467,-0.14141311220261465,-0.2719632175345901,0.15502471316624256,-1.107626782443226,0.4357431973493151,49.0,50.0,50.0,40.0,44.0,26.0,30.0,26.0,53.0,95.35,3975442432,1529098240,1482285056,8.81,8.1,8.27,25297891328,9444036608
2026-05-13T12:19:58.855149+02:00,0.09804594972683442,0.26783274295585285,0.23690039166064528,1.6992872948805666,1.4219004556220092,2.3794351603058557,1.1818085029561467,-0.14141311220261465,-0.2719632175345901,0.15502471316624256,-1.107626782443226,0.4357431973493151,49.0,50.0,50.0,40.0,44.0,26.0,30.0,26.0,53.0,95.35,3975442432,1529098240,1482285056,8.81,8.1,8.27,25297891328,9444036608
2026-05-13T12:19:58.908468+02:00,0.09804594972683442,0.26783274295585285,0.23690039166064528,1.6992872948805666,1.4219004556220092,2.3794351603058557,1.1818085029561467,-0.14141311220261465,-0.2719632175345901,0.15502471316624256,-1.107626782443226,0.4357431973493151,49.0,50.0,50.0,40.0,44.0,26.0,30.0,26.0,53.0,95.35,3975442432,1529098240,1482285056,8.81,8.1,8.27,25297891328,9444036608
2026-05-13T12:19:58.962683+02:00,0.09804594972683442,0.26783274295585285,0.23690039166064528,1.6992872948805666,1.4219004556220092,2.3794351603058557,1.1818085029561467,-0.14141311220261465,-0.2719632175345901,0.15502471316624256,-1.107626782443226,0.4357431973493151,49.0,50.0,50.0,40.0,44.0,26.0,30.0,26.0,53.0,95.35,3975442432,1529098240,1482285056,8.81,8.1,8.27,25297891328,9444036608
2026-05-13T12:19:59.016051+02:00,0.09804594972683442,0.26783274295585285,0.23690039166064528,1.6992872948805666,1.4219004556220092,2.3794351603058557,1.1818085029561467,-0.14141311220261465,-0.2719632175345901,0.15502471316624256,-1.107626782443226,0.4357431973493151,49.0,50.0,50.0,40.0,44.0,26.0,30.0,26.0,53.0,100.0,3975442432,1558609920,1452765184,8.81,8.1,8.27,25297891328,9444036608
2026-05-13T12:19:59.066507+02:00,0.09804594972683442,0.26783274295585285,0.23690039166064528,1.6992872948805666,1.4219004556220092,2.3794351603058557,1.1818085029561467,-0.14141311220261465,-0.2719632175345901,0.15502471316624256,-1.107626782443226,0.4357431973493151,49.0,50.0,50.0,40.0,44.0,26.0,30.0,26.0,53.0,100.0,3975442432,1558609920,1452765184,8.81,8.1,8.27,25297891328,9444036608
2026-05-13T12:19:59.121513+02:00,0.09804594972683442,0.26783274295585285,0.23690039166064528,1.6992872948805666,1.4219004556220092,2.3794351603058557,1.1818085029561467,-0.14141311220261465,-0.2719632175345901,0.15502471316624256,-1.107626782443226,0.4357431973493151,49.0,50.0,50.0,40.0,44.0,26.0,30.0,26.0,53.0,100.0,3975442432,1558609920,1452765184,8.81,8.1,8.27,25297891328,9444036608
2026-05-13T12:19:59.172364+02:00,0.09804594972683442,0.26783274295585285,0.23690039166064528,1.6992872948805666,1.4219004556220092,2.3794351603058557,1.1818085029561467,-0.14141311220261465,-0.2719632175345901,0.15502471316624256,-1.107626782443226,0.4357431973493151,49.0,50.0,50.0,40.0,44.0,26.0,30.0,26.0,53.0,100.0,3975442432,1558609920,1452765184,8.81,8.1,8.27,25297891328,9444036608
2026-05-13T12:19:59.227654+02:00,0.09804594972683442,0.26783274295585285,0.23690039166064528,1.6992872948805666,1.4219004556220092,2.3794351603058557,1.1818085029561467,-0.14141311220261465,-0.2719632175345901,0.15502471316624256,-1.107626782443226,0.4357431973493151,49.0,50.0,50.0,40.0,44.0,26.0,30.0,26.0,53.0,100.0,3975442432,1558609920,1452765184,8.81,8.1,8.27,25297891328,9444036608
2026-05-13T12:19:59.281430+02:00,0.09804594972683442,0.26783274295585285,0.23690039166064528,1.6992872948805666,1.4219004556220092,2.3794351603058557,1.1818085029561467,-0.14141311220261465,-0.2719632175345901,0.15502471316624256,-1.107626782443226,0.4357431973493151,49.0,50.0,50.0,40.0,44.0,26.0,30.0,26.0,53.0,100.0,3975442432,1558609920,1452765184,8.81,8.1,8.27,25297891328,9444036608
2026-05-13T12:19:59.332886+02:00,0.09804594972683442,0.26783274295585285,0.23690039166064528,1.6992872948805666,1.4219004556220092,2.3794351603058557,1.1818085029561467,-0.14141311220261465,-0.2719632175345901,0.15502471316624256,-1.107626782443226,0.4357431973493151,49.0,50.0,50.0,40.0,44.0,26.0,30.0,26.0,53.0,100.0,3975442432,1558609920,1452765184,8.81,8.1,8.27,25297891328,9444036608
2026-05-13T12:19:59.387889+02:00,0.09804594972683442,0.26783274295585285,0.23690039166064528,1.6992872948805666,1.4219004556220092,2.3794351603058557,1.1818085029561467,-0.14141311220261465,-0.2719632175345901,0.15502471316624256,-1.107626782443226,0.4357431973493151,49.0,50.0,50.0,40.0,44.0,26.0,30.0,26.0,53.0,100.0,3975442432,1558609920,1452765184,8.81,8.1,8.27,25297891328,9444036608
2026-05-13T12:19:59.439603+02:00,0.09804594972683442,0.26783274295585285,0.23690039166064528,1.6992872948805666,1.4219004556220092,2.3794351603058557,1.1818085029561467,-0.14141311220261465,-0.2719632175345901,0.15502471316624256,-1.107626782443226,0.4357431973493151,49.0,50.0,50.0,40.0,44.0,26.0,30.0,26.0,53.0,100.0,3975442432,1558609920,1452765184,8.81,8.1,8.27,25297891328,9444036608
2026-05-13T12:19:59.490115+02:00,0.09804594972683442,0.26783274295585285,0.23690039166064528,1.6992872948805666,1.4219004556220092,2.3794351603058557,1.1818085029561467,-0.14141311220261465,-0.2719632175345901,0.15502471316624256,-1.107626782443226,0.4357431973493151,49.0,50.0,50.0,40.0,44.0,26.0,30.0,26.0,53.0,100.0,3975442432,1558609920,1452765184,8.81,8.1,8.27,25297891328,9444036608
2026-05-13T12:19:59.545132+02:00,0.09804594972683442,0.26783274295585285,0.23690039166064528,1.6992872948805666,1.4219004556220092,2.3794351603058557,1.1818085029561467,-0.14141311220261465,-0.2719632175345901,0.15502471316624256,-1.107626782443226,0.4357431973493151,49.0,50.0,50.0,40.0,44.0,26.0,30.0,26.0,53.0,100.0,3975442432,1558609920,1452765184,8.81,8.1,8.27,25297891328,9444036608
2026-05-13T12:19:59.597320+02:00,0.09804594972683442,0.26783274295585285,0.23690039166064528,1.6992872948805666,1.4219004556220092,2.3794351603058557,1.1818085029561467,-0.14141311220261465,-0.2719632175345901,0.15502471316624256,-1.107626782443226,0.4357431973493151,49.0,50.0,50.0,40.0,44.0,26.0,30.0,26.0,53.0,100.0,3975442432,1558609920,1452765184,8.81,8.1,8.27,25297891328,9444036608
2026-05-13T12:19:59.647368+02:00,0.09804594972683442,0.26783274295585285,0.23690039166064528,1.6992872948805666,1.4219004556220092,2.3794351603058557,1.1818085029561467,-0.14141311220261465,-0.2719632175345901,0.15502471316624256,-1.107626782443226,0.4357431973493151,49.0,50.0,50.0,40.0,44.0,26.0,30.0,26.0,53.0,100.0,3975442432,1558609920,1452765184,8.81,8.1,8.27,25297891328,9444036608
2026-05-13T12:19:59.699460+02:00,0.09804594972683442,0.26783274295585285,0.23690039166064528,1.6992872948805666,1.4219004556220092,2.3794351603058557,1.1818085029561467,-0.14141311220261465,-0.2719632175345901,0.15502471316624256,-1.107626782443226,0.4357431973493151,49.0,50.0,50.0,40.0,44.0,26.0,30.0,26.0,53.0,100.0,3975442432,1558609920,1452765184,8.81,8.1,8.27,25297891328,9444036608
2026-05-13T12:19:59.753491+02:00,0.09804594972683442,0.26783274295585285,0.23690039166064528,1.6992872948805666,1.4219004556220092,2.3794351603058557,1.1818085029561467,-0.14141311220261465,-0.2719632175345901,0.15502471316624256,-1.107626782443226,0.4357431973493151,49.0,50.0,50.0,40.0,44.0,26.0,30.0,26.0,53.0,100.0,3975442432,1558609920,1452765184,8.81,8.1,8.27,25297891328,9444036608
2026-05-13T12:19:59.807286+02:00,0.09804594972683442,0.26783274295585285,0.23690039166064528,1.6992872948805666,1.4219004556220092,2.3794351603058557,1.1818085029561467,-0.14141311220261465,-0.2719632175345901,0.15502471316624256,-1.107626782443226,0.4357431973493151,49.0,50.0,50.0,40.0,44.0,26.0,30.0,26.0,53.0,100.0,3975442432,1558609920,1452765184,8.81,8.1,8.27,25297891328,9444036608
2026-05-13T12:19:59.859952+02:00,0.09804594972683442,0.26783274295585285,0.23690039166064528,1.6992872948805666,1.4219004556220092,2.3794351603058557,1.1818085029561467,-0.14141311220261465,-0.2719632175345901,0.15502471316624256,-1.107626782443226,0.4357431973493151,49.0,50.0,50.0,40.0,44.0,26.0,30.0,26.0,53.0,100.0,3975442432,1558609920,1452765184,8.81,8.1,8.27,25297891328,9444036608
2026-05-13T12:19:59.910341+02:00,0.09804594972683442,0.26783274295585285,0.23690039166064528,1.6992872948805666,1.4219004556220092,2.3794351603058557,1.1818085029561467,-0.14141311220261465,-0.2719632175345901,0.15502471316624256,-1.107626782443226,0.4357431973493151,49.0,50.0,50.0,40.0,44.0,26.0,30.0,26.0,53.0,100.0,3975442432,1558609920,1452765184,8.81,8.1,8.27,25297891328,9444036608
2026-05-13T12:19:59.965388+02:00,0.09804594972683442,0.26783274295585285,0.23690039166064528,1.6992872948805666,1.4219004556220092,2.3794351603058557,1.1818085029561467,-0.14141311220261465,-0.2719632175345901,0.15502471316624256,-1.107626782443226,0.4357431973493151,49.0,50.0,50.0,40.0,44.0,26.0,30.0,26.0,53.0,89.84,3975442432,1566343168,1445048320,8.81,8.1,8.27,25297891328,9444036608
2026-05-13T12:20:00.020395+02:00,0.09804594972683442,0.26783274295585285,0.23690039166064528,1.6992872948805666,1.4219004556220092,2.3794351603058557,1.1818085029561467,-0.14141311220261465,-0.2719632175345901,0.15502471316624256,-1.107626782443226,0.4357431973493151,49.0,50.0,50.0,40.0,44.0,26.0,30.0,26.0,53.0,89.84,3975442432,1566343168,1445048320,8.81,8.1,8.27,25297891328,9444036608
2026-05-13T12:20:00.074254+02:00,0.09804594972683442,0.26783274295585285,0.23690039166064528,1.6992872948805666,1.4219004556220092,2.3794351603058557,1.1818085029561467,-0.14141311220261465,-0.2719632175345901,0.15502471316624256,-1.107626782443226,0.4357431973493151,49.0,50.0,50.0,40.0,44.0,26.0,30.0,26.0,53.0,89.84,3975442432,1566343168,1445048320,8.81,8.1,8.27,25297891328,9444036608
2026-05-13T12:20:00.129335+02:00,0.09804594972683442,0.26783274295585285,0.23690039166064528,1.6992872948805666,1.4219004556220092,2.3794351603058557,1.1818085029561467,-0.14141311220261465,-0.2719632175345901,0.15502471316624256,-1.107626782443226,0.4357431973493151,49.0,50.0,50.0,40.0,44.0,26.0,30.0,26.0,53.0,89.84,3975442432,1566343168,1445048320,8.81,8.1,8.27,25297891328,9444036608
2026-05-13T12:20:00.181553+02:00,0.09804594972683442,0.26783274295585285,0.23690039166064528,1.6992872948805666,1.4219004556220092,2.3794351603058557,1.1818085029561467,-0.14141311220261465,-0.2719632175345901,0.15502471316624256,-1.107626782443226,0.4357431973493151,49.0,50.0,50.0,40.0,44.0,26.0,30.0,26.0,53.0,89.84,3975442432,1566343168,1445048320,8.81,8.1,8.27,25297891328,9444036608
2026-05-13T12:20:00.232599+02:00,0.09804594972683442,0.26783274295585285,0.23690039166064528,1.6992872948805666,1.4219004556220092,2.3794351603058557,1.1818085029561467,-0.14141311220261465,-0.2719632175345901,0.15502471316624256,-1.107626782443226,0.4357431973493151,49.0,50.0,50.0,40.0,44.0,26.0,30.0,26.0,53.0,89.84,3975442432,1566343168,1445048320,8.81,8.1,8.27,25297891328,9444036608
2026-05-13T12:20:00.284118+02:00,0.09804594972683442,0.26783274295585285,0.23690039166064528,1.6992872948805666,1.4219004556220092,2.3794351603058557,1.1818085029561467,-0.14141311220261465,-0.2719632175345901,0.15502471316624256,-1.107626782443226,0.4357431973493151,49.0,50.0,50.0,40.0,44.0,26.0,30.0,26.0,53.0,89.84,3975442432,1566343168,1445048320,8.81,8.1,8.27,25297891328,9444036608
2026-05-13T12:20:00.334520+02:00,0.09804594972683442,0.26783274295585285,0.23690039166064528,1.6992872948805666,1.4219004556220092,2.3794351603058557,1.1818085029561467,-0.14141311220261465,-0.2719632175345901,0.15502471316624256,-1.107626782443226,0.4357431973493151,49.0,50.0,50.0,40.0,44.0,26.0,30.0,26.0,53.0,89.84,3975442432,1566343168,1445048320,8.81,8.1,8.27,25297891328,9444036608
2026-05-13T12:20:00.386266+02:00,0.09804594972683442,0.26783274295585285,0.23690039166064528,1.6992872948805666,1.4219004556220092,2.3794351603058557,1.1818085029561467,-0.14141311220261465,-0.2719632175345901,0.15502471316624256,-1.107626782443226,0.4357431973493151,49.0,50.0,50.0,40.0,44.0,26.0,30.0,26.0,53.0,89.84,3975442432,1566343168,1445048320,8.81,8.1,8.27,25297891328,9444036608
2026-05-13T12:20:00.437453+02:00,0.09804594972683442,0.26783274295585285,0.23690039166064528,1.6992872948805666,1.4219004556220092,2.3794351603058557,1.1818085029561467,-0.14141311220261465,-0.2719632175345901,0.15502471316624256,-1.107626782443226,0.4357431973493151,49.0,50.0,50.0,40.0,44.0,26.0,30.0,26.0,53.0,89.84,3975442432,1566343168,1445048320,8.81,8.1,8.27,25297891328,9444036608
2026-05-13T12:20:00.490067+02:00,0.09804594972683442,0.26783274295585285,0.23690039166064528,1.6992872948805666,1.4219004556220092,2.3794351603058557,1.1818085029561467,-0.14141311220261465,-0.2719632175345901,0.15502471316624256,-1.107626782443226,0.4357431973493151,49.0,50.0,50.0,40.0,44.0,26.0,30.0,26.0,53.0,89.84,3975442432,1566343168,1445048320,8.81,8.1,8.27,25297891328,9444036608
2026-05-13T12:20:00.540583+02:00,0.09804594972683442,0.26783274295585285,0.23690039166064528,1.6992872948805666,1.4219004556220092,2.3794351603058557,1.1818085029561467,-0.14141311220261465,-0.2719632175345901,0.15502471316624256,-1.107626782443226,0.4357431973493151,49.0,50.0,50.0,40.0,44.0,26.0,30.0,26.0,53.0,89.84,3975442432,1566343168,1445048320,8.81,8.1,8.27,25297891328,9444036608
2026-05-13T12:20:00.591415+02:00,0.09804594972683442,0.26783274295585285,0.23690039166064528,1.6992872948805666,1.4219004556220092,2.3794351603058557,1.1818085029561467,-0.14141311220261465,-0.2719632175345901,0.15502471316624256,-1.107626782443226,0.4357431973493151,49.0,50.0,50.0,40.0,44.0,26.0,30.0,26.0,53.0,89.84,3975442432,1566343168,1445048320,8.81,8.1,8.27,25297891328,9444036608
2026-05-13T12:20:00.642864+02:00,0.09804594972683442,0.26783274295585285,0.23690039166064528,1.6992872948805666,1.4219004556220092,2.3794351603058557,1.1818085029561467,-0.14141311220261465,-0.2719632175345901,0.15502471316624256,-1.107626782443226,0.4357431973493151,49.0,50.0,50.0,40.0,44.0,26.0,30.0,26.0,53.0,89.84,3975442432,1566343168,1445048320,8.81,8.1,8.27,25297891328,9444036608
2026-05-13T12:20:00.697202+02:00,0.09804594972683442,0.26783274295585285,0.23690039166064528,1.6992872948805666,1.4219004556220092,2.3794351603058557,1.1818085029561467,-0.14141311220261465,-0.2719632175345901,0.15502471316624256,-1.107626782443226,0.4357431973493151,49.0,50.0,50.0,40.0,44.0,26.0,30.0,26.0,52.0,89.84,3975442432,1566343168,1445048320,8.81,8.1,8.27,25297891328,9444036608
2026-05-13T12:20:00.748633+02:00,0.09804594972683442,0.26783274295585285,0.23690039166064528,1.6992872948805666,1.4219004556220092,2.3794351603058557,1.1818085029561467,-0.14141311220261465,-0.2719632175345901,0.15502471316624256,-1.107626782443226,0.4357431973493151,49.0,50.0,50.0,40.0,44.0,26.0,30.0,26.0,52.0,89.84,3975442432,1566343168,1445048320,8.81,8.1,8.27,25297891328,9444036608
2026-05-13T12:20:00.800413+02:00,0.09804594972683442,0.26783274295585285,0.23690039166064528,1.6992872948805666,1.4219004556220092,2.3794351603058557,1.1818085029561467,-0.14141311220261465,-0.2719632175345901,0.15502471316624256,-1.107626782443226,0.4357431973493151,49.0,50.0,50.0,40.0,44.0,26.0,30.0,26.0,52.0,89.84,3975442432,1566343168,1445048320,8.81,8.1,8.27,25297891328,9444036608
2026-05-13T12:20:00.854881+02:00,0.09804594972683442,0.26783274295585285,0.23690039166064528,1.6992872948805666,1.4219004556220092,2.3794351603058557,1.1818085029561467,-0.14141311220261465,-0.2719632175345901,0.15502471316624256,-1.107626782443226,0.4357431973493151,49.0,50.0,50.0,40.0,44.0,26.0,30.0,26.0,52.0,89.84,3975442432,1566343168,1445048320,8.81,8.1,8.27,25297891328,9444036608
2026-05-13T12:20:00.909874+02:00,0.09804594972683442,0.26783274295585285,0.23690039166064528,1.6992872948805666,1.4219004556220092,2.3794351603058557,1.1818085029561467,-0.14141311220261465,-0.2719632175345901,0.15502471316624256,-1.107626782443226,0.4357431973493151,49.0,50.0,50.0,40.0,44.0,26.0,30.0,26.0,52.0,89.84,3975442432,1566343168,1445048320,8.81,8.1,8.27,25297891328,9444036608
2026-05-13T12:20:00.961031+02:00,0.09804594972683442,0.26783274295585285,0.23690039166064528,1.6992872948805666,1.4219004556220092,2.3794351603058557,1.1818085029561467,-0.14141311220261465,-0.2719632175345901,0.15502471316624256,-1.107626782443226,0.4357431973493151,49.0,50.0,50.0,40.0,44.0,26.0,30.0,26.0,52.0,89.84,3975442432,1566343168,1445048320,8.81,8.1,8.27,25297891328,9444036608
2026-05-13T12:20:01.013147+02:00,0.09804594972683442,0.26783274295585285,0.23690039166064528,1.6992872948805666,1.4219004556220092,2.3794351603058557,1.1818085029561467,-0.14141311220261465,-0.2719632175345901,0.15502471316624256,-1.107626782443226,0.4357431973493151,49.0,50.0,50.0,40.0,44.0,26.0,30.0,26.0,52.0,89.84,3975442432,1566343168,1445048320,8.81,8.1,8.27,25297891328,9444036608
2026-05-13T12:20:01.063355+02:00,0.09804594972683442,0.26783274295585285,0.23690039166064528,1.6992872948805666,1.4219004556220092,2.3794351603058557,1.1818085029561467,-0.14141311220261465,-0.2719632175345901,0.15502471316624256,-1.107626782443226,0.4357431973493151,49.0,50.0,50.0,40.0,44.0,26.0,30.0,26.0,52.0,91.41,3975442432,1567367168,1444016128,8.81,8.1,8.27,25297891328,9444036608
2026-05-13T12:20:01.118372+02:00,0.09804594972683442,0.26783274295585285,0.23690039166064528,1.6992872948805666,1.4219004556220092,2.3794351603058557,1.1818085029561467,-0.14141311220261465,-0.2719632175345901,0.15502471316624256,-1.107626782443226,0.4357431973493151,49.0,50.0,50.0,40.0,44.0,26.0,30.0,26.0,52.0,91.41,3975442432,1567367168,1444016128,8.81,8.1,8.27,25297891328,9444036608
2026-05-13T12:20:01.173413+02:00,0.09804594972683442,0.26783274295585285,0.23690039166064528,1.6992872948805666,1.4219004556220092,2.3794351603058557,1.1818085029561467,-0.14141311220261465,-0.2719632175345901,0.15502471316624256,-1.107626782443226,0.4357431973493151,49.0,50.0,50.0,40.0,44.0,26.0,30.0,26.0,52.0,91.41,3975442432,1567367168,1444016128,8.81,8.1,8.27,25297891328,9444036608
2026-05-13T12:20:01.224442+02:00,0.09804594972683442,0.26783274295585285,0.23690039166064528,1.6992872948805666,1.4219004556220092,2.3794351603058557,1.1818085029561467,-0.14141311220261465,-0.2719632175345901,0.15502471316624256,-1.107626782443226,0.4357431973493151,49.0,50.0,50.0,40.0,44.0,26.0,30.0,26.0,52.0,91.41,3975442432,1567367168,1444016128,8.81,8.1,8.27,25297891328,9444036608
2026-05-13T12:20:01.275425+02:00,0.09804594972683442,0.26783274295585285,0.23690039166064528,1.6992872948805666,1.4219004556220092,2.3794351603058557,1.1818085029561467,-0.14141311220261465,-0.2719632175345901,0.15502471316624256,-1.107626782443226,0.4357431973493151,49.0,50.0,50.0,40.0,44.0,26.0,30.0,26.0,52.0,91.41,3975442432,1567367168,1444016128,8.81,8.1,8.27,25297891328,9444036608
2026-05-13T12:20:01.326381+02:00,0.09804594972683442,0.26783274295585285,0.23690039166064528,1.6992872948805666,1.4219004556220092,2.3794351603058557,1.1818085029561467,-0.14141311220261465,-0.2719632175345901,0.15502471316624256,-1.107626782443226,0.4357431973493151,49.0,50.0,50.0,40.0,44.0,26.0,30.0,26.0,52.0,91.41,3975442432,1567367168,1444016128,8.81,8.1,8.27,25297891328,9444036608
2026-05-13T12:20:01.376403+02:00,0.09804594972683442,0.26783274295585285,0.23690039166064528,1.6992872948805666,1.4219004556220092,2.3794351603058557,1.1818085029561467,-0.14141311220261465,-0.2719632175345901,0.15502471316624256,-1.107626782443226,0.4357431973493151,49.0,50.0,50.0,40.0,44.0,26.0,30.0,26.0,52.0,91.41,3975442432,1567367168,1444016128,8.81,8.1,8.27,25297891328,9444036608
2026-05-13T12:20:01.427243+02:00,0.09804594972683442,0.26783274295585285,0.23690039166064528,1.6992872948805666,1.4219004556220092,2.3794351603058557,1.1818085029561467,-0.14141311220261465,-0.2719632175345901,0.15502471316624256,-1.107626782443226,0.4357431973493151,49.0,50.0,50.0,40.0,44.0,26.0,30.0,26.0,52.0,91.41,3975442432,1567367168,1444016128,8.81,8.1,8.27,25297891328,9444036608
2026-05-13T12:20:01.478016+02:00,0.09804594972683442,0.26783274295585285,0.23690039166064528,1.6992872948805666,1.4219004556220092,2.3794351603058557,1.1818085029561467,-0.14141311220261465,-0.2719632175345901,0.15502471316624256,-1.107626782443226,0.4357431973493151,49.0,50.0,50.0,40.0,44.0,26.0,30.0,26.0,52.0,91.41,3975442432,1567367168,1444016128,8.81,8.1,8.27,25297891328,9444036608
2026-05-13T12:20:01.529013+02:00,0.09804594972683442,0.26783274295585285,0.23690039166064528,1.6992872948805666,1.4219004556220092,2.3794351603058557,1.1818085029561467,-0.14141311220261465,-0.2719632175345901,0.15502471316624256,-1.107626782443226,0.4357431973493151,49.0,50.0,50.0,40.0,44.0,26.0,30.0,26.0,52.0,91.41,3975442432,1567367168,1444016128,8.81,8.1,8.27,25297891328,9444036608
2026-05-13T12:20:01.583609+02:00,0.09804594972683442,0.26783274295585285,0.23690039166064528,1.6992872948805666,1.4219004556220092,2.3794351603058557,1.1818085029561467,-0.14141311220261465,-0.2719632175345901,0.15502471316624256,-1.107626782443226,0.4357431973493151,49.0,50.0,50.0,40.0,44.0,26.0,30.0,26.0,52.0,91.41,3975442432,1567367168,1444016128,8.81,8.1,8.27,25297891328,9444036608
2026-05-13T12:20:01.637705+02:00,0.09804594972683442,0.26783274295585285,0.23690039166064528,1.6992872948805666,1.4219004556220092,2.3794351603058557,1.1818085029561467,-0.14141311220261465,-0.2719632175345901,0.15502471316624256,-1.107626782443226,0.4357431973493151,49.0,50.0,50.0,40.0,44.0,26.0,30.0,26.0,52.0,91.41,3975442432,1567367168,1444016128,8.81,8.1,8.27,25297891328,9444036608
2026-05-13T12:20:01.691447+02:00,0.09804594972683442,0.26783274295585285,0.23690039166064528,1.6992872948805666,1.4219004556220092,2.3794351603058557,1.1818085029561467,-0.14141311220261465,-0.2719632175345901,0.15502471316624256,-1.107626782443226,0.4357431973493151,49.0,50.0,50.0,40.0,44.0,26.0,30.0,26.0,52.0,91.41,3975442432,1567367168,1444016128,8.81,8.1,8.27,25297891328,9444036608
2026-05-13T12:20:01.746447+02:00,0.09804594972683442,0.26783274295585285,0.23690039166064528,1.6992872948805666,1.4219004556220092,2.3794351603058557,1.1818085029561467,-0.14141311220261465,-0.2719632175345901,0.15502471316624256,-1.107626782443226,0.4357431973493151,49.0,50.0,50.0,40.0,44.0,26.0,30.0,26.0,52.0,91.41,3975442432,1567367168,1444016128,8.81,8.1,8.27,25297891328,9444036608
2026-05-13T12:20:01.801462+02:00,0.09804594972683442,0.26783274295585285,0.23690039166064528,1.6992872948805666,1.4219004556220092,2.3794351603058557,1.1818085029561467,-0.14141311220261465,-0.2719632175345901,0.15502471316624256,-1.107626782443226,0.4357431973493151,49.0,50.0,50.0,40.0,44.0,26.0,30.0,26.0,52.0,91.41,3975442432,1567367168,1444016128,8.81,8.1,8.27,25297891328,9444036608
2026-05-13T12:20:01.853772+02:00,0.09804594972683442,0.26783274295585285,0.23690039166064528,1.6992872948805666,1.4219004556220092,2.3794351603058557,1.1818085029561467,-0.14141311220261465,-0.2719632175345901,0.15502471316624256,-1.107626782443226,0.4357431973493151,49.0,50.0,50.0,40.0,44.0,26.0,30.0,26.0,52.0,91.41,3975442432,1567367168,1444016128,8.81,8.1,8.27,25297891328,9444036608
2026-05-13T12:20:01.908779+02:00,0.09804594972683442,0.26783274295585285,0.23690039166064528,1.6992872948805666,1.4219004556220092,2.3794351603058557,1.1818085029561467,-0.14141311220261465,-0.2719632175345901,0.15502471316624256,-1.107626782443226,0.4357431973493151,49.0,50.0,50.0,40.0,44.0,26.0,30.0,26.0,52.0,91.41,3975442432,1567367168,1444016128,8.81,8.1,8.27,25297891328,9444036608
2026-05-13T12:20:01.959680+02:00,0.09804594972683442,0.26783274295585285,0.23690039166064528,1.6992872948805666,1.4219004556220092,2.3794351603058557,1.1818085029561467,-0.14141311220261465,-0.2719632175345901,0.15502471316624256,-1.107626782443226,0.4357431973493151,49.0,50.0,50.0,40.0,44.0,26.0,30.0,26.0,52.0,91.41,3975442432,1567367168,1444016128,8.81,8.1,8.27,25297891328,9444036608
2026-05-13T12:20:02.013618+02:00,0.09804594972683442,0.26783274295585285,0.23690039166064528,1.6992872948805666,1.4219004556220092,2.3794351603058557,1.1818085029561467,-0.14141311220261465,-0.2719632175345901,0.15502471316624256,-1.107626782443226,0.4357431973493151,49.0,50.0,50.0,40.0,44.0,26.0,30.0,26.0,52.0,93.18,3975442432,1567789056,1443463168,8.81,8.1,8.27,25297891328,9444036608
2026-05-13T12:20:02.064754+02:00,0.09804594972683442,0.26783274295585285,0.23690039166064528,1.6992872948805666,1.4219004556220092,2.3794351603058557,1.1818085029561467,-0.14141311220261465,-0.2719632175345901,0.15502471316624256,-1.107626782443226,0.4357431973493151,49.0,50.0,50.0,40.0,44.0,26.0,30.0,26.0,52.0,93.18,3975442432,1567789056,1443463168,8.81,8.1,8.27,25297891328,9444036608
2026-05-13T12:20:02.115504+02:00,0.09804594972683442,0.26783274295585285,0.23690039166064528,1.6992872948805666,1.4219004556220092,2.3794351603058557,1.1818085029561467,-0.14141311220261465,-0.2719632175345901,0.15502471316624256,-1.107626782443226,0.4357431973493151,49.0,50.0,50.0,40.0,44.0,26.0,30.0,26.0,52.0,93.18,3975442432,1567789056,1443463168,8.81,8.1,8.27,25297891328,9444036608
2026-05-13T12:20:02.166370+02:00,0.09804594972683442,0.26783274295585285,0.23690039166064528,1.6992872948805666,1.4219004556220092,2.3794351603058557,1.1818085029561467,-0.14141311220261465,-0.2719632175345901,0.15502471316624256,-1.107626782443226,0.4357431973493151,49.0,50.0,50.0,40.0,44.0,26.0,30.0,26.0,52.0,93.18,3975442432,1567789056,1443463168,8.81,8.1,8.27,25297891328,9444036608
2026-05-13T12:20:02.218048+02:00,0.09804594972683442,0.26783274295585285,0.23690039166064528,1.6992872948805666,1.4219004556220092,2.3794351603058557,1.1818085029561467,-0.14141311220261465,-0.2719632175345901,0.15502471316624256,-1.107626782443226,0.4357431973493151,49.0,50.0,50.0,40.0,44.0,26.0,30.0,26.0,52.0,93.18,3975442432,1567789056,1443463168,8.81,8.1,8.27,25297891328,9444036608
2026-05-13T12:20:02.268159+02:00,0.09804594972683442,0.26783274295585285,0.23690039166064528,1.6992872948805666,1.4219004556220092,2.3794351603058557,1.1818085029561467,-0.14141311220261465,-0.2719632175345901,0.15502471316624256,-1.107626782443226,0.4357431973493151,49.0,50.0,50.0,40.0,44.0,26.0,30.0,26.0,52.0,93.18,3975442432,1567789056,1443463168,8.81,8.1,8.27,25297891328,9444036608
2026-05-13T12:20:02.319645+02:00,0.09804594972683442,0.26783274295585285,0.23690039166064528,1.6992872948805666,1.4219004556220092,2.3794351603058557,1.1818085029561467,-0.14141311220261465,-0.2719632175345901,0.15502471316624256,-1.107626782443226,0.4357431973493151,49.0,50.0,50.0,40.0,44.0,26.0,30.0,26.0,52.0,93.18,3975442432,1567789056,1443463168,8.81,8.1,8.27,25297891328,9444036608
2026-05-13T12:20:02.372793+02:00,0.09804594972683442,0.26783274295585285,0.23690039166064528,1.6992872948805666,1.4219004556220092,2.3794351603058557,1.1818085029561467,-0.14141311220261465,-0.2719632175345901,0.15502471316624256,-1.107626782443226,0.4357431973493151,49.0,50.0,50.0,40.0,44.0,26.0,30.0,26.0,52.0,93.18,3975442432,1567789056,1443463168,8.81,8.1,8.27,25297891328,9444036608
2026-05-13T12:20:02.424410+02:00,0.09804594972683442,0.26783274295585285,0.23690039166064528,1.6992872948805666,1.4219004556220092,2.3794351603058557,1.1818085029561467,-0.14141311220261465,-0.2719632175345901,0.15502471316624256,-1.107626782443226,0.4357431973493151,49.0,50.0,50.0,40.0,44.0,26.0,30.0,26.0,52.0,93.18,3975442432,1567789056,1443463168,8.81,8.1,8.27,25297891328,9444036608
2026-05-13T12:20:02.475049+02:00,0.09804594972683442,0.26783274295585285,0.23690039166064528,1.6992872948805666,1.4219004556220092,2.3794351603058557,1.1818085029561467,-0.14141311220261465,-0.2719632175345901,0.15502471316624256,-1.107626782443226,0.4357431973493151,49.0,50.0,50.0,40.0,44.0,26.0,30.0,26.0,52.0,93.18,3975442432,1567789056,1443463168,8.81,8.1,8.27,25297891328,9444036608
2026-05-13T12:20:02.530105+02:00,0.09804594972683442,0.26783274295585285,0.23690039166064528,1.6992872948805666,1.4219004556220092,2.3794351603058557,1.1818085029561467,-0.14141311220261465,-0.2719632175345901,0.15502471316624256,-1.107626782443226,0.4357431973493151,49.0,50.0,50.0,40.0,44.0,26.0,30.0,26.0,52.0,93.18,3975442432,1567789056,1443463168,8.81,8.1,8.27,25297891328,9444036608
2026-05-13T12:20:02.585267+02:00,0.09804594972683442,0.26783274295585285,0.23690039166064528,1.6992872948805666,1.4219004556220092,2.3794351603058557,1.1818085029561467,-0.14141311220261465,-0.2719632175345901,0.15502471316624256,-1.107626782443226,0.4357431973493151,49.0,50.0,50.0,40.0,44.0,26.0,30.0,26.0,52.0,93.18,3975442432,1567789056,1443463168,8.81,8.1,8.27,25297891328,9444036608
2026-05-13T12:20:02.636261+02:00,0.09804594972683442,0.26783274295585285,0.23690039166064528,1.6992872948805666,1.4219004556220092,2.3794351603058557,1.1818085029561467,-0.14141311220261465,-0.2719632175345901,0.15502471316624256,-1.107626782443226,0.4357431973493151,49.0,50.0,50.0,40.0,44.0,26.0,30.0,26.0,52.0,93.18,3975442432,1567789056,1443463168,8.81,8.1,8.27,25297891328,9444036608
2026-05-13T12:20:02.687416+02:00,0.09804594972683442,0.26783274295585285,0.23690039166064528,1.6992872948805666,1.4219004556220092,2.3794351603058557,1.1818085029561467,-0.14141311220261465,-0.2719632175345901,0.15502471316624256,-1.107626782443226,0.4357431973493151,49.0,50.0,50.0,40.0,44.0,26.0,30.0,26.0,52.0,93.18,3975442432,1567789056,1443463168,8.81,8.1,8.27,25297891328,9444036608
2026-05-13T12:20:02.742434+02:00,0.09804594972683442,0.26783274295585285,0.23690039166064528,1.6992872948805666,1.4219004556220092,2.3794351603058557,1.1818085029561467,-0.14141311220261465,-0.2719632175345901,0.15502471316624256,-1.107626782443226,0.4357431973493151,49.0,50.0,50.0,40.0,44.0,26.0,30.0,26.0,52.0,93.18,3975442432,1567789056,1443463168,8.81,8.1,8.27,25297891328,9444036608
2026-05-13T12:20:02.795383+02:00,0.09804594972683442,0.26783274295585285,0.23690039166064528,1.6992872948805666,1.4219004556220092,2.3794351603058557,1.1818085029561467,-0.14141311220261465,-0.2719632175345901,0.15502471316624256,-1.107626782443226,0.4357431973493151,49.0,50.0,50.0,40.0,44.0,26.0,30.0,26.0,52.0,93.18,3975442432,1567789056,1443463168,8.81,8.1,8.27,25297891328,9444036608
2026-05-13T12:20:02.848718+02:00,0.09804594972683442,0.26783274295585285,0.23690039166064528,1.6992872948805666,1.4219004556220092,2.3794351603058557,1.1818085029561467,-0.14141311220261465,-0.2719632175345901,0.15502471316624256,-1.107626782443226,0.4357431973493151,49.0,50.0,50.0,40.0,44.0,26.0,30.0,26.0,52.0,93.18,3975442432,1567789056,1443463168,8.81,8.1,8.27,25297891328,9444036608
2026-05-13T12:20:02.903737+02:00,0.09804594972683442,0.26783274295585285,0.23690039166064528,1.6992872948805666,1.4219004556220092,2.3794351603058557,1.1818085029561467,-0.14141311220261465,-0.2719632175345901,0.15502471316624256,-1.107626782443226,0.4357431973493151,49.0,50.0,50.0,40.0,44.0,26.0,30.0,26.0,52.0,93.18,3975442432,1567789056,1443463168,8.81,8.1,8.27,25297891328,9444036608
2026-05-13T12:20:02.956543+02:00,0.09804594972683442,0.26783274295585285,0.23690039166064528,1.6992872948805666,1.4219004556220092,2.3794351603058557,1.1818085029561467,-0.14141311220261465,-0.2719632175345901,0.15502471316624256,-1.107626782443226,0.4357431973493151,49.0,50.0,50.0,40.0,44.0,26.0,30.0,26.0,52.0,93.18,3975442432,1567789056,1443463168,8.81,8.1,8.27,25297891328,9444036608
2026-05-13T12:20:03.006650+02:00,0.09804594972683442,0.26783274295585285,0.23690039166064528,1.6992872948805666,1.4219004556220092,2.3794351603058557,1.1818085029561467,-0.14141311220261465,-0.2719632175345901,0.15502471316624256,-1.107626782443226,0.4357431973493151,49.0,50.0,50.0,40.0,44.0,26.0,30.0,26.0,52.0,88.32,3975442432,1527914496,1483300864,8.98,8.15,8.29,25297891328,9444036608
2026-05-13T12:20:03.057379+02:00,0.09804594972683442,0.26783274295585285,0.23690039166064528,1.6992872948805666,1.4219004556220092,2.3794351603058557,1.1818085029561467,-0.14141311220261465,-0.2719632175345901,0.15502471316624256,-1.107626782443226,0.4357431973493151,49.0,50.0,50.0,40.0,44.0,26.0,30.0,26.0,52.0,88.32,3975442432,1527914496,1483300864,8.98,8.15,8.29,25297891328,9444036608
2026-05-13T12:20:03.110384+02:00,0.09804594972683442,0.26783274295585285,0.23690039166064528,1.6992872948805666,1.4219004556220092,2.3794351603058557,1.1818085029561467,-0.14141311220261465,-0.2719632175345901,0.15502471316624256,-1.107626782443226,0.4357431973493151,49.0,50.0,50.0,40.0,44.0,26.0,30.0,26.0,52.0,88.32,3975442432,1527914496,1483300864,8.98,8.15,8.29,25297891328,9444036608
2026-05-13T12:20:03.161509+02:00,0.09804594972683442,0.26783274295585285,0.23690039166064528,1.6992872948805666,1.4219004556220092,2.3794351603058557,1.1818085029561467,-0.14141311220261465,-0.2719632175345901,0.15502471316624256,-1.107626782443226,0.4357431973493151,49.0,50.0,50.0,40.0,44.0,26.0,30.0,26.0,52.0,88.32,3975442432,1527914496,1483300864,8.98,8.15,8.29,25297891328,9444036608
2026-05-13T12:20:03.215510+02:00,0.09804594972683442,0.26783274295585285,0.23690039166064528,1.6992872948805666,1.4219004556220092,2.3794351603058557,1.1818085029561467,-0.14141311220261465,-0.2719632175345901,0.15502471316624256,-1.107626782443226,0.4357431973493151,49.0,50.0,50.0,40.0,44.0,26.0,30.0,26.0,52.0,88.32,3975442432,1527914496,1483300864,8.98,8.15,8.29,25297891328,9444036608
2026-05-13T12:20:03.267401+02:00,0.09804594972683442,0.26783274295585285,0.23690039166064528,1.6992872948805666,1.4219004556220092,2.3794351603058557,1.1818085029561467,-0.14141311220261465,-0.2719632175345901,0.15502471316624256,-1.107626782443226,0.4357431973493151,49.0,50.0,50.0,40.0,44.0,26.0,30.0,26.0,52.0,88.32,3975442432,1527914496,1483300864,8.98,8.15,8.29,25297891328,9444036608
2026-05-13T12:20:03.318373+02:00,0.09804594972683442,0.26783274295585285,0.23690039166064528,1.6992872948805666,1.4219004556220092,2.3794351603058557,1.1818085029561467,-0.14141311220261465,-0.2719632175345901,0.15502471316624256,-1.107626782443226,0.4357431973493151,49.0,50.0,50.0,40.0,44.0,26.0,30.0,26.0,52.0,88.32,3975442432,1527914496,1483300864,8.98,8.15,8.29,25297891328,9444036608
2026-05-13T12:20:03.371824+02:00,0.09804594972683442,0.26783274295585285,0.23690039166064528,1.6992872948805666,1.4219004556220092,2.3794351603058557,1.1818085029561467,-0.14141311220261465,-0.2719632175345901,0.15502471316624256,-1.107626782443226,0.4357431973493151,49.0,50.0,50.0,40.0,44.0,26.0,30.0,26.0,52.0,88.32,3975442432,1527914496,1483300864,8.98,8.15,8.29,25297891328,9444036608
2026-05-13T12:20:03.422852+02:00,0.09804594972683442,0.26783274295585285,0.23690039166064528,1.6992872948805666,1.4219004556220092,2.3794351603058557,1.1818085029561467,-0.14141311220261465,-0.2719632175345901,0.15502471316624256,-1.107626782443226,0.4357431973493151,49.0,50.0,50.0,40.0,44.0,26.0,30.0,26.0,52.0,88.32,3975442432,1527914496,1483300864,8.98,8.15,8.29,25297891328,9444036608
2026-05-13T12:20:03.475885+02:00,0.09804594972683442,0.26783274295585285,0.23690039166064528,1.6992872948805666,1.4219004556220092,2.3794351603058557,1.1818085029561467,-0.14141311220261465,-0.2719632175345901,0.15502471316624256,-1.107626782443226,0.4357431973493151,49.0,50.0,50.0,40.0,44.0,26.0,30.0,26.0,52.0,88.32,3975442432,1527914496,1483300864,8.98,8.15,8.29,25297891328,9444036608
2026-05-13T12:20:03.527084+02:00,0.09804594972683442,0.26783274295585285,0.23690039166064528,1.6992872948805666,1.4219004556220092,2.3794351603058557,1.1818085029561467,-0.14141311220261465,-0.2719632175345901,0.15502471316624256,-1.107626782443226,0.4357431973493151,49.0,50.0,50.0,40.0,44.0,26.0,30.0,26.0,52.0,88.32,3975442432,1527914496,1483300864,8.98,8.15,8.29,25297891328,9444036608
2026-05-13T12:20:03.577828+02:00,0.09804594972683442,0.26783274295585285,0.23690039166064528,1.6992872948805666,1.4219004556220092,2.3794351603058557,1.1818085029561467,-0.14141311220261465,-0.2719632175345901,0.15502471316624256,-1.107626782443226,0.4357431973493151,49.0,50.0,50.0,40.0,44.0,26.0,30.0,26.0,52.0,88.32,3975442432,1527914496,1483300864,8.98,8.15,8.29,25297891328,9444036608
2026-05-13T12:20:03.628383+02:00,0.09804594972683442,0.26783274295585285,0.23690039166064528,1.6992872948805666,1.4219004556220092,2.3794351603058557,1.1818085029561467,-0.14141311220261465,-0.2719632175345901,0.15502471316624256,-1.107626782443226,0.4357431973493151,49.0,50.0,50.0,40.0,44.0,26.0,30.0,26.0,52.0,88.32,3975442432,1527914496,1483300864,8.98,8.15,8.29,25297891328,9444036608
2026-05-13T12:20:03.679334+02:00,0.09804594972683442,0.26783274295585285,0.23690039166064528,1.6992872948805666,1.4219004556220092,2.3794351603058557,1.1818085029561467,-0.14141311220261465,-0.2719632175345901,0.15502471316624256,-1.107626782443226,0.4357431973493151,49.0,50.0,50.0,40.0,44.0,26.0,30.0,26.0,52.0,88.32,3975442432,1527914496,1483300864,8.98,8.15,8.29,25297891328,9444036608
2026-05-13T12:20:03.734855+02:00,0.09804594972683442,0.26783274295585285,0.23690039166064528,1.6992872948805666,1.4219004556220092,2.3794351603058557,1.1818085029561467,-0.14141311220261465,-0.2719632175345901,0.15502471316624256,-1.107626782443226,0.4357431973493151,49.0,50.0,50.0,40.0,44.0,26.0,30.0,26.0,52.0,88.32,3975442432,1527914496,1483300864,8.98,8.15,8.29,25297891328,9444036608
2026-05-13T12:20:03.788509+02:00,0.09804594972683442,0.26783274295585285,0.23690039166064528,1.6992872948805666,1.4219004556220092,2.3794351603058557,1.1818085029561467,-0.14141311220261465,-0.2719632175345901,0.15502471316624256,-1.107626782443226,0.4357431973493151,49.0,50.0,50.0,40.0,44.0,26.0,30.0,26.0,52.0,88.32,3975442432,1527914496,1483300864,8.98,8.15,8.29,25297891328,9444036608
2026-05-13T12:20:03.842152+02:00,0.09804594972683442,0.26783274295585285,0.23690039166064528,1.6992872948805666,1.4219004556220092,2.3794351603058557,1.1818085029561467,-0.14141311220261465,-0.2719632175345901,0.15502471316624256,-1.107626782443226,0.4357431973493151,49.0,50.0,50.0,40.0,44.0,26.0,30.0,26.0,52.0,88.32,3975442432,1527914496,1483300864,8.98,8.15,8.29,25297891328,9444036608
2026-05-13T12:20:03.894666+02:00,0.09804594972683442,0.26783274295585285,0.23690039166064528,1.6992872948805666,1.4219004556220092,2.3794351603058557,1.1818085029561467,-0.14141311220261465,-0.2719632175345901,0.15502471316624256,-1.107626782443226,0.4357431973493151,49.0,50.0,50.0,40.0,44.0,26.0,30.0,26.0,52.0,88.32,3975442432,1527914496,1483300864,8.98,8.15,8.29,25297891328,9444036608
2026-05-13T12:20:03.949206+02:00,0.09804594972683442,0.26783274295585285,0.23690039166064528,1.6992872948805666,1.4219004556220092,2.3794351603058557,1.1818085029561467,-0.14141311220261465,-0.2719632175345901,0.15502471316624256,-1.107626782443226,0.4357431973493151,49.0,50.0,50.0,40.0,44.0,26.0,30.0,26.0,52.0,88.32,3975442432,1527914496,1483300864,8.98,8.15,8.29,25297891328,9444036608
2026-05-13T12:20:04.002512+02:00,0.09804594972683442,0.26783274295585285,0.23690039166064528,1.6992872948805666,1.4219004556220092,2.3794351603058557,1.1818085029561467,-0.14141311220261465,-0.2719632175345901,0.15502471316624256,-1.107626782443226,0.4357431973493151,49.0,50.0,50.0,40.0,44.0,26.0,30.0,26.0,52.0,88.32,3975442432,1527914496,1483300864,8.98,8.15,8.29,25297891328,9444036608
2026-05-13T12:20:04.055014+02:00,0.09804594972683442,0.26783274295585285,0.23690039166064528,1.6992872948805666,1.4219004556220092,2.3794351603058557,1.1818085029561467,-0.14141311220261465,-0.2719632175345901,0.15502471316624256,-1.107626782443226,0.4357431973493151,49.0,50.0,50.0,40.0,44.0,26.0,30.0,26.0,52.0,88.32,3975442432,1527914496,1483300864,8.98,8.15,8.29,25297891328,9444036608
2026-05-13T12:20:04.106948+02:00,0.09804594972683442,0.26783274295585285,0.23690039166064528,1.6992872948805666,1.4219004556220092,2.3794351603058557,1.1818085029561467,-0.14141311220261465,-0.2719632175345901,0.15502471316624256,-1.107626782443226,0.4357431973493151,49.0,50.0,50.0,40.0,44.0,26.0,30.0,26.0,52.0,88.32,3975442432,1527914496,1483300864,8.98,8.15,8.29,25297891328,9444036608
2026-05-13T12:20:04.161965+02:00,0.09804594972683442,0.26783274295585285,0.23690039166064528,1.6992872948805666,1.4219004556220092,2.3794351603058557,1.1818085029561467,-0.14141311220261465,-0.2719632175345901,0.15502471316624256,-1.107626782443226,0.4357431973493151,49.0,50.0,50.0,40.0,44.0,26.0,30.0,26.0,52.0,94.93,3975442432,1528492032,1482715136,8.98,8.15,8.29,25297891328,9444036608
2026-05-13T12:20:04.217360+02:00,0.09804594972683442,0.26783274295585285,0.23690039166064528,1.6992872948805666,1.4219004556220092,2.3794351603058557,1.1818085029561467,-0.14141311220261465,-0.2719632175345901,0.15502471316624256,-1.107626782443226,0.4357431973493151,49.0,50.0,50.0,40.0,44.0,26.0,30.0,26.0,52.0,94.93,3975442432,1528492032,1482715136,8.98,8.15,8.29,25297891328,9444036608
2026-05-13T12:20:04.269825+02:00,0.09804594972683442,0.26783274295585285,0.23690039166064528,1.6992872948805666,1.4219004556220092,2.3794351603058557,1.1818085029561467,-0.14141311220261465,-0.2719632175345901,0.15502471316624256,-1.107626782443226,0.4357431973493151,49.0,50.0,50.0,40.0,44.0,26.0,30.0,26.0,52.0,94.93,3975442432,1528492032,1482715136,8.98,8.15,8.29,25297891328,9444036608
2026-05-13T12:20:04.322529+02:00,0.09804594972683442,0.26783274295585285,0.23690039166064528,1.6992872948805666,1.4219004556220092,2.3794351603058557,1.1818085029561467,-0.14141311220261465,-0.2719632175345901,0.15502471316624256,-1.107626782443226,0.4357431973493151,49.0,50.0,50.0,40.0,44.0,26.0,30.0,26.0,52.0,94.93,3975442432,1528492032,1482715136,8.98,8.15,8.29,25297891328,9444036608
2026-05-13T12:20:04.373475+02:00,0.09804594972683442,0.26783274295585285,0.23690039166064528,1.6992872948805666,1.4219004556220092,2.3794351603058557,1.1818085029561467,-0.14141311220261465,-0.2719632175345901,0.15502471316624256,-1.107626782443226,0.4357431973493151,49.0,50.0,50.0,40.0,44.0,26.0,30.0,26.0,52.0,94.93,3975442432,1528492032,1482715136,8.98,8.15,8.29,25297891328,9444036608
2026-05-13T12:20:04.427860+02:00,0.09804594972683442,0.26783274295585285,0.23690039166064528,1.6992872948805666,1.4219004556220092,2.3794351603058557,1.1818085029561467,-0.14141311220261465,-0.2719632175345901,0.15502471316624256,-1.107626782443226,0.4357431973493151,49.0,50.0,50.0,40.0,44.0,26.0,30.0,26.0,52.0,94.93,3975442432,1528492032,1482715136,8.98,8.15,8.29,25297891328,9444036608
2026-05-13T12:20:04.482836+02:00,0.09804594972683442,0.26783274295585285,0.23690039166064528,1.6992872948805666,1.4219004556220092,2.3794351603058557,1.1818085029561467,-0.14141311220261465,-0.2719632175345901,0.15502471316624256,-1.107626782443226,0.4357431973493151,49.0,50.0,50.0,40.0,44.0,26.0,30.0,26.0,52.0,94.93,3975442432,1528492032,1482715136,8.98,8.15,8.29,25297891328,9444036608
2026-05-13T12:20:04.537335+02:00,0.09804594972683442,0.26783274295585285,0.23690039166064528,1.6992872948805666,1.4219004556220092,2.3794351603058557,1.1818085029561467,-0.14141311220261465,-0.2719632175345901,0.15502471316624256,-1.107626782443226,0.4357431973493151,49.0,50.0,50.0,40.0,44.0,26.0,30.0,26.0,52.0,94.93,3975442432,1528492032,1482715136,8.98,8.15,8.29,25297891328,9444036608
2026-05-13T12:20:04.587629+02:00,0.09804594972683442,0.26783274295585285,0.23690039166064528,1.6992872948805666,1.4219004556220092,2.3794351603058557,1.1818085029561467,-0.14141311220261465,-0.2719632175345901,0.15502471316624256,-1.107626782443226,0.4357431973493151,49.0,50.0,50.0,40.0,44.0,26.0,30.0,26.0,52.0,94.93,3975442432,1528492032,1482715136,8.98,8.15,8.29,25297891328,9444036608
2026-05-13T12:20:04.642416+02:00,0.09804594972683442,0.26783274295585285,0.23690039166064528,1.6992872948805666,1.4219004556220092,2.3794351603058557,1.1818085029561467,-0.14141311220261465,-0.2719632175345901,0.15502471316624256,-1.107626782443226,0.4357431973493151,49.0,50.0,50.0,40.0,44.0,26.0,30.0,26.0,52.0,94.93,3975442432,1528492032,1482715136,8.98,8.15,8.29,25297891328,9444036608
2026-05-13T12:20:04.696713+02:00,0.09804594972683442,0.26783274295585285,0.23690039166064528,1.6992872948805666,1.4219004556220092,2.3794351603058557,1.1818085029561467,-0.14141311220261465,-0.2719632175345901,0.15502471316624256,-1.107626782443226,0.4357431973493151,49.0,50.0,50.0,40.0,44.0,26.0,30.0,26.0,52.0,94.93,3975442432,1528492032,1482715136,8.98,8.15,8.29,25297891328,9444036608
2026-05-13T12:20:04.748615+02:00,0.09804594972683442,0.26783274295585285,0.23690039166064528,1.6992872948805666,1.4219004556220092,2.3794351603058557,1.1818085029561467,-0.14141311220261465,-0.2719632175345901,0.15502471316624256,-1.107626782443226,0.4357431973493151,49.0,50.0,50.0,40.0,44.0,26.0,30.0,26.0,52.0,94.93,3975442432,1528492032,1482715136,8.98,8.15,8.29,25297891328,9444036608
2026-05-13T12:20:04.799192+02:00,0.09804594972683442,0.26783274295585285,0.23690039166064528,1.6992872948805666,1.4219004556220092,2.3794351603058557,1.1818085029561467,-0.14141311220261465,-0.2719632175345901,0.15502471316624256,-1.107626782443226,0.4357431973493151,49.0,50.0,50.0,40.0,44.0,26.0,30.0,26.0,52.0,94.93,3975442432,1528492032,1482715136,8.98,8.15,8.29,25297891328,9444036608
2026-05-13T12:20:04.854604+02:00,0.09804594972683442,0.26783274295585285,0.23690039166064528,1.6992872948805666,1.4219004556220092,2.3794351603058557,1.1818085029561467,-0.14141311220261465,-0.2719632175345901,0.15502471316624256,-1.107626782443226,0.4357431973493151,49.0,50.0,50.0,40.0,44.0,26.0,30.0,26.0,52.0,94.93,3975442432,1528492032,1482715136,8.98,8.15,8.29,25297891328,9444036608
2026-05-13T12:20:04.904861+02:00,0.09804594972683442,0.26783274295585285,0.23690039166064528,1.6992872948805666,1.4219004556220092,2.3794351603058557,1.1818085029561467,-0.14141311220261465,-0.2719632175345901,0.15502471316624256,-1.107626782443226,0.4357431973493151,49.0,50.0,50.0,40.0,44.0,26.0,30.0,26.0,52.0,91.04,3975442432,1529274368,1481916416,8.98,8.15,8.29,25297891328,9444036608
2026-05-13T12:20:04.960105+02:00,0.09804594972683442,0.26783274295585285,0.23690039166064528,1.6992872948805666,1.4219004556220092,2.3794351603058557,1.1818085029561467,-0.14141311220261465,-0.2719632175345901,0.15502471316624256,-1.107626782443226,0.4357431973493151,49.0,50.0,50.0,40.0,44.0,26.0,30.0,26.0,52.0,91.04,3975442432,1529274368,1481916416,8.98,8.15,8.29,25297891328,9444036608
2026-05-13T12:20:05.013308+02:00,0.09804594972683442,0.26783274295585285,0.23690039166064528,1.6992872948805666,1.4219004556220092,2.3794351603058557,1.1818085029561467,-0.14141311220261465,-0.2719632175345901,0.15502471316624256,-1.107626782443226,0.4357431973493151,49.0,50.0,50.0,40.0,44.0,26.0,30.0,26.0,52.0,91.04,3975442432,1529274368,1481916416,8.98,8.15,8.29,25297891328,9444036608
2026-05-13T12:20:05.064318+02:00,0.09804594972683442,0.26783274295585285,0.23690039166064528,1.6992872948805666,1.4219004556220092,2.3794351603058557,1.1818085029561467,-0.14141311220261465,-0.2719632175345901,0.15502471316624256,-1.107626782443226,0.4357431973493151,49.0,50.0,50.0,40.0,44.0,26.0,30.0,26.0,52.0,91.04,3975442432,1529274368,1481916416,8.98,8.15,8.29,25297891328,9444036608
2026-05-13T12:20:05.114755+02:00,0.09804594972683442,0.26783274295585285,0.23690039166064528,1.6992872948805666,1.4219004556220092,2.3794351603058557,1.1818085029561467,-0.14141311220261465,-0.2719632175345901,0.15502471316624256,-1.107626782443226,0.4357431973493151,49.0,50.0,50.0,40.0,44.0,26.0,30.0,26.0,52.0,91.04,3975442432,1529274368,1481916416,8.98,8.15,8.29,25297891328,9444036608
2026-05-13T12:20:05.166320+02:00,0.09804594972683442,0.26783274295585285,0.23690039166064528,1.6992872948805666,1.4219004556220092,2.3794351603058557,1.1818085029561467,-0.14141311220261465,-0.2719632175345901,0.15502471316624256,-1.107626782443226,0.4357431973493151,49.0,50.0,50.0,40.0,44.0,26.0,30.0,26.0,52.0,91.04,3975442432,1529274368,1481916416,8.98,8.15,8.29,25297891328,9444036608
2026-05-13T12:20:05.218329+02:00,0.09804594972683442,0.26783274295585285,0.23690039166064528,1.6992872948805666,1.4219004556220092,2.3794351603058557,1.1818085029561467,-0.14141311220261465,-0.2719632175345901,0.15502471316624256,-1.107626782443226,0.4357431973493151,49.0,50.0,50.0,40.0,44.0,26.0,30.0,26.0,52.0,91.04,3975442432,1529274368,1481916416,8.98,8.15,8.29,25297891328,9444036608
2026-05-13T12:20:05.272284+02:00,0.09804594972683442,0.26783274295585285,0.23690039166064528,1.6992872948805666,1.4219004556220092,2.3794351603058557,1.1818085029561467,-0.14141311220261465,-0.2719632175345901,0.15502471316624256,-1.107626782443226,0.4357431973493151,49.0,50.0,50.0,40.0,44.0,26.0,30.0,26.0,52.0,91.04,3975442432,1529274368,1481916416,8.98,8.15,8.29,25297891328,9444036608
2026-05-13T12:20:05.327298+02:00,0.09804594972683442,0.26783274295585285,0.23690039166064528,1.6992872948805666,1.4219004556220092,2.3794351603058557,1.1818085029561467,-0.14141311220261465,-0.2719632175345901,0.15502471316624256,-1.107626782443226,0.4357431973493151,49.0,50.0,50.0,40.0,44.0,26.0,30.0,26.0,52.0,91.04,3975442432,1529274368,1481916416,8.98,8.15,8.29,25297891328,9444036608
2026-05-13T12:20:05.377701+02:00,0.09804594972683442,0.26783274295585285,0.23690039166064528,1.6992872948805666,1.4219004556220092,2.3794351603058557,1.1818085029561467,-0.14141311220261465,-0.2719632175345901,0.15502471316624256,-1.107626782443226,0.4357431973493151,49.0,50.0,50.0,40.0,44.0,26.0,30.0,26.0,52.0,91.04,3975442432,1529274368,1481916416,8.98,8.15,8.29,25297891328,9444036608
2026-05-13T12:20:05.432343+02:00,0.09804594972683442,0.26783274295585285,0.23690039166064528,1.6992872948805666,1.4219004556220092,2.3794351603058557,1.1818085029561467,-0.14141311220261465,-0.2719632175345901,0.15502471316624256,-1.107626782443226,0.4357431973493151,49.0,50.0,50.0,40.0,44.0,26.0,30.0,26.0,52.0,91.04,3975442432,1529274368,1481916416,8.98,8.15,8.29,25297891328,9444036608
2026-05-13T12:20:05.484285+02:00,0.09804594972683442,0.26783274295585285,0.23690039166064528,1.6992872948805666,1.4219004556220092,2.3794351603058557,1.1818085029561467,-0.14141311220261465,-0.2719632175345901,0.15502471316624256,-1.107626782443226,0.4357431973493151,49.0,50.0,50.0,40.0,44.0,26.0,30.0,26.0,52.0,91.04,3975442432,1529274368,1481916416,8.98,8.15,8.29,25297891328,9444036608
2026-05-13T12:20:05.534757+02:00,0.09804594972683442,0.26783274295585285,0.23690039166064528,1.6992872948805666,1.4219004556220092,2.3794351603058557,1.1818085029561467,-0.14141311220261465,-0.2719632175345901,0.15502471316624256,-1.107626782443226,0.4357431973493151,49.0,50.0,50.0,40.0,44.0,26.0,30.0,26.0,52.0,91.04,3975442432,1529274368,1481916416,8.98,8.15,8.29,25297891328,9444036608
2026-05-13T12:20:05.585578+02:00,0.09804594972683442,0.26783274295585285,0.23690039166064528,1.6992872948805666,1.4219004556220092,2.3794351603058557,1.1818085029561467,-0.14141311220261465,-0.2719632175345901,0.15502471316624256,-1.107626782443226,0.4357431973493151,49.0,50.0,50.0,40.0,44.0,26.0,30.0,26.0,52.0,91.04,3975442432,1529274368,1481916416,8.98,8.15,8.29,25297891328,9444036608
2026-05-13T12:20:05.640585+02:00,0.09804594972683442,0.26783274295585285,0.23690039166064528,1.6992872948805666,1.4219004556220092,2.3794351603058557,1.1818085029561467,-0.14141311220261465,-0.2719632175345901,0.15502471316624256,-1.107626782443226,0.4357431973493151,49.0,50.0,50.0,40.0,44.0,26.0,30.0,26.0,52.0,91.04,3975442432,1529274368,1481916416,8.98,8.15,8.29,25297891328,9444036608
2026-05-13T12:20:05.691966+02:00,0.09804594972683442,0.26783274295585285,0.23690039166064528,1.6992872948805666,1.4219004556220092,2.3794351603058557,1.1818085029561467,-0.14141311220261465,-0.2719632175345901,0.15502471316624256,-1.107626782443226,0.4357431973493151,49.0,50.0,50.0,40.0,44.0,26.0,30.0,26.0,52.0,91.04,3975442432,1529274368,1481916416,8.98,8.15,8.29,25297891328,9444036608
2026-05-13T12:20:05.742758+02:00,0.09804594972683442,0.26783274295585285,0.23690039166064528,1.6992872948805666,1.4219004556220092,2.3794351603058557,1.1818085029561467,-0.14141311220261465,-0.2719632175345901,0.15502471316624256,-1.107626782443226,0.4357431973493151,49.0,50.0,50.0,40.0,44.0,26.0,30.0,26.0,52.0,91.04,3975442432,1529274368,1481916416,8.98,8.15,8.29,25297891328,9444036608
2026-05-13T12:20:05.794563+02:00,0.09804594972683442,0.26783274295585285,0.23690039166064528,1.6992872948805666,1.4219004556220092,2.3794351603058557,1.1818085029561467,-0.14141311220261465,-0.2719632175345901,0.15502471316624256,-1.107626782443226,0.4357431973493151,49.0,50.0,50.0,40.0,44.0,26.0,30.0,26.0,52.0,91.04,3975442432,1529274368,1481916416,8.98,8.15,8.29,25297891328,9444036608
2026-05-13T12:20:05.847778+02:00,0.09804594972683442,0.26783274295585285,0.23690039166064528,1.6992872948805666,1.4219004556220092,2.3794351603058557,1.1818085029561467,-0.14141311220261465,-0.2719632175345901,0.15502471316624256,-1.107626782443226,0.4357431973493151,49.0,50.0,50.0,40.0,44.0,26.0,30.0,26.0,52.0,91.04,3975442432,1529274368,1481916416,8.98,8.15,8.29,25297891328,9444036608
2026-05-13T12:20:05.898571+02:00,0.09804594972683442,0.26783274295585285,0.23690039166064528,1.6992872948805666,1.4219004556220092,2.3794351603058557,1.1818085029561467,-0.14141311220261465,-0.2719632175345901,0.15502471316624256,-1.107626782443226,0.4357431973493151,49.0,50.0,50.0,40.0,44.0,26.0,30.0,26.0,52.0,91.04,3975442432,1529274368,1481916416,8.98,8.15,8.29,25297891328,9444036608
2026-05-13T12:20:05.950999+02:00,0.09804594972683442,0.26783274295585285,0.23690039166064528,1.6992872948805666,1.4219004556220092,2.3794351603058557,1.1818085029561467,-0.14141311220261465,-0.2719632175345901,0.15502471316624256,-1.107626782443226,0.4357431973493151,49.0,50.0,50.0,40.0,44.0,26.0,30.0,26.0,52.0,91.04,3975442432,1529274368,1481916416,8.98,8.15,8.29,25297891328,9444036608
2026-05-13T12:20:06.006051+02:00,0.09804594972683442,0.26783274295585285,0.23690039166064528,1.6992872948805666,1.4219004556220092,2.3794351603058557,1.1818085029561467,-0.14141311220261465,-0.2719632175345901,0.15502471316624256,-1.107626782443226,0.4357431973493151,49.0,50.0,50.0,40.0,44.0,26.0,30.0,26.0,52.0,91.91,3975442432,1528598528,1482592256,8.98,8.15,8.29,25297891328,9444036608
2026-05-13T12:20:06.057128+02:00,0.09804594972683442,0.26783274295585285,0.23690039166064528,1.6992872948805666,1.4219004556220092,2.3794351603058557,1.1818085029561467,-0.14141311220261465,-0.2719632175345901,0.15502471316624256,-1.107626782443226,0.4357431973493151,49.0,50.0,50.0,40.0,44.0,26.0,30.0,26.0,52.0,91.91,3975442432,1528598528,1482592256,8.98,8.15,8.29,25297891328,9444036608
2026-05-13T12:20:06.107325+02:00,0.09804594972683442,0.26783274295585285,0.23690039166064528,1.6992872948805666,1.4219004556220092,2.3794351603058557,1.1818085029561467,-0.14141311220261465,-0.2719632175345901,0.15502471316624256,-1.107626782443226,0.4357431973493151,49.0,50.0,50.0,40.0,44.0,26.0,30.0,26.0,52.0,91.91,3975442432,1528598528,1482592256,8.98,8.15,8.29,25297891328,9444036608
2026-05-13T12:20:06.160501+02:00,0.09804594972683442,0.26783274295585285,0.23690039166064528,1.6992872948805666,1.4219004556220092,2.3794351603058557,1.1818085029561467,-0.14141311220261465,-0.2719632175345901,0.15502471316624256,-1.107626782443226,0.4357431973493151,49.0,50.0,50.0,40.0,44.0,26.0,30.0,26.0,52.0,91.91,3975442432,1528598528,1482592256,8.98,8.15,8.29,25297891328,9444036608
2026-05-13T12:20:06.211309+02:00,0.09804594972683442,0.26783274295585285,0.23690039166064528,1.6992872948805666,1.4219004556220092,2.3794351603058557,1.1818085029561467,-0.14141311220261465,-0.2719632175345901,0.15502471316624256,-1.107626782443226,0.4357431973493151,49.0,50.0,50.0,40.0,44.0,26.0,30.0,26.0,52.0,91.91,3975442432,1528598528,1482592256,8.98,8.15,8.29,25297891328,9444036608
2026-05-13T12:20:06.261433+02:00,0.09804594972683442,0.26783274295585285,0.23690039166064528,1.6992872948805666,1.4219004556220092,2.3794351603058557,1.1818085029561467,-0.14141311220261465,-0.2719632175345901,0.15502471316624256,-1.107626782443226,0.4357431973493151,49.0,50.0,50.0,40.0,44.0,26.0,30.0,26.0,52.0,91.91,3975442432,1528598528,1482592256,8.98,8.15,8.29,25297891328,9444036608
2026-05-13T12:20:06.311646+02:00,0.09804594972683442,0.26783274295585285,0.23690039166064528,1.6992872948805666,1.4219004556220092,2.3794351603058557,1.1818085029561467,-0.14141311220261465,-0.2719632175345901,0.15502471316624256,-1.107626782443226,0.4357431973493151,49.0,50.0,50.0,40.0,44.0,26.0,30.0,26.0,52.0,91.91,3975442432,1528598528,1482592256,8.98,8.15,8.29,25297891328,9444036608
2026-05-13T12:20:06.363204+02:00,0.09804594972683442,0.26783274295585285,0.23690039166064528,1.6992872948805666,1.4219004556220092,2.3794351603058557,1.1818085029561467,-0.14141311220261465,-0.2719632175345901,0.15502471316624256,-1.107626782443226,0.4357431973493151,49.0,50.0,50.0,40.0,44.0,26.0,30.0,26.0,52.0,91.91,3975442432,1528598528,1482592256,8.98,8.15,8.29,25297891328,9444036608
2026-05-13T12:20:06.416251+02:00,0.09804594972683442,0.26783274295585285,0.23690039166064528,1.6992872948805666,1.4219004556220092,2.3794351603058557,1.1818085029561467,-0.14141311220261465,-0.2719632175345901,0.15502471316624256,-1.107626782443226,0.4357431973493151,49.0,50.0,50.0,40.0,44.0,26.0,30.0,26.0,52.0,91.91,3975442432,1528598528,1482592256,8.98,8.15,8.29,25297891328,9444036608
2026-05-13T12:20:06.466288+02:00,0.09804594972683442,0.26783274295585285,0.23690039166064528,1.6992872948805666,1.4219004556220092,2.3794351603058557,1.1818085029561467,-0.14141311220261465,-0.2719632175345901,0.15502471316624256,-1.107626782443226,0.4357431973493151,49.0,50.0,50.0,40.0,44.0,26.0,30.0,26.0,52.0,91.91,3975442432,1528598528,1482592256,8.98,8.15,8.29,25297891328,9444036608
2026-05-13T12:20:06.517864+02:00,0.09804594972683442,0.26783274295585285,0.23690039166064528,1.6992872948805666,1.4219004556220092,2.3794351603058557,1.1818085029561467,-0.14141311220261465,-0.2719632175345901,0.15502471316624256,-1.107626782443226,0.4357431973493151,49.0,50.0,50.0,40.0,44.0,26.0,30.0,26.0,52.0,91.91,3975442432,1528598528,1482592256,8.98,8.15,8.29,25297891328,9444036608
2026-05-13T12:20:06.572876+02:00,0.09804594972683442,0.26783274295585285,0.23690039166064528,1.6992872948805666,1.4219004556220092,2.3794351603058557,1.1818085029561467,-0.14141311220261465,-0.2719632175345901,0.15502471316624256,-1.107626782443226,0.4357431973493151,49.0,50.0,50.0,40.0,44.0,26.0,30.0,26.0,52.0,91.91,3975442432,1528598528,1482592256,8.98,8.15,8.29,25297891328,9444036608
2026-05-13T12:20:06.627902+02:00,0.09804594972683442,0.26783274295585285,0.23690039166064528,1.6992872948805666,1.4219004556220092,2.3794351603058557,1.1818085029561467,-0.14141311220261465,-0.2719632175345901,0.15502471316624256,-1.107626782443226,0.4357431973493151,49.0,50.0,50.0,40.0,44.0,26.0,30.0,26.0,52.0,91.91,3975442432,1528598528,1482592256,8.98,8.15,8.29,25297891328,9444036608
2026-05-13T12:20:06.679451+02:00,0.09804594972683442,0.26783274295585285,0.23690039166064528,1.6992872948805666,1.4219004556220092,2.3794351603058557,1.1818085029561467,-0.14141311220261465,-0.2719632175345901,0.15502471316624256,-1.107626782443226,0.4357431973493151,49.0,50.0,50.0,40.0,44.0,26.0,30.0,26.0,52.0,91.91,3975442432,1528598528,1482592256,8.98,8.15,8.29,25297891328,9444036608
2026-05-13T12:20:06.735134+02:00,0.09804594972683442,0.26783274295585285,0.23690039166064528,1.6992872948805666,1.4219004556220092,2.3794351603058557,1.1818085029561467,-0.14141311220261465,-0.2719632175345901,0.15502471316624256,-1.107626782443226,0.4357431973493151,49.0,50.0,50.0,40.0,44.0,26.0,30.0,26.0,52.0,91.91,3975442432,1528598528,1482592256,8.98,8.15,8.29,25297891328,9444036608
2026-05-13T12:20:06.785242+02:00,0.09804594972683442,0.26783274295585285,0.23690039166064528,1.6992872948805666,1.4219004556220092,2.3794351603058557,1.1818085029561467,-0.14141311220261465,-0.2719632175345901,0.15502471316624256,-1.107626782443226,0.4357431973493151,49.0,50.0,50.0,40.0,44.0,26.0,30.0,26.0,52.0,91.91,3975442432,1528598528,1482592256,8.98,8.15,8.29,25297891328,9444036608
2026-05-13T12:20:06.840249+02:00,0.09804594972683442,0.26783274295585285,0.23690039166064528,1.6992872948805666,1.4219004556220092,2.3794351603058557,1.1818085029561467,-0.14141311220261465,-0.2719632175345901,0.15502471316624256,-1.107626782443226,0.4357431973493151,49.0,50.0,50.0,40.0,44.0,26.0,30.0,26.0,52.0,91.91,3975442432,1528598528,1482592256,8.98,8.15,8.29,25297891328,9444036608
2026-05-13T12:20:06.893264+02:00,0.09804594972683442,0.26783274295585285,0.23690039166064528,1.6992872948805666,1.4219004556220092,2.3794351603058557,1.1818085029561467,-0.14141311220261465,-0.2719632175345901,0.15502471316624256,-1.107626782443226,0.4357431973493151,49.0,50.0,50.0,40.0,44.0,26.0,30.0,26.0,52.0,91.91,3975442432,1528598528,1482592256,8.98,8.15,8.29,25297891328,9444036608
2026-05-13T12:20:06.947728+02:00,0.09804594972683442,0.26783274295585285,0.23690039166064528,1.6992872948805666,1.4219004556220092,2.3794351603058557,1.1818085029561467,-0.14141311220261465,-0.2719632175345901,0.15502471316624256,-1.107626782443226,0.4357431973493151,49.0,50.0,50.0,40.0,44.0,26.0,30.0,26.0,52.0,92.36,3975442432,1528602624,1482567680,8.98,8.15,8.29,25297891328,9444040704
2026-05-13T12:20:07.002845+02:00,0.09804594972683442,0.26783274295585285,0.23690039166064528,1.6992872948805666,1.4219004556220092,2.3794351603058557,1.1818085029561467,-0.14141311220261465,-0.2719632175345901,0.15502471316624256,-1.107626782443226,0.4357431973493151,49.0,50.0,50.0,40.0,44.0,26.0,30.0,26.0,52.0,92.36,3975442432,1528602624,1482567680,8.98,8.15,8.29,25297891328,9444040704
2026-05-13T12:20:07.052852+02:00,0.09804594972683442,0.26783274295585285,0.23690039166064528,1.6992872948805666,1.4219004556220092,2.3794351603058557,1.1818085029561467,-0.14141311220261465,-0.2719632175345901,0.15502471316624256,-1.107626782443226,0.4357431973493151,49.0,50.0,50.0,40.0,44.0,26.0,30.0,26.0,52.0,92.36,3975442432,1528602624,1482567680,8.98,8.15,8.29,25297891328,9444040704
2026-05-13T12:20:07.106505+02:00,0.09804594972683442,0.26783274295585285,0.23690039166064528,1.6992872948805666,1.4219004556220092,2.3794351603058557,1.1818085029561467,-0.14141311220261465,-0.2719632175345901,0.15502471316624256,-1.107626782443226,0.4357431973493151,49.0,50.0,50.0,40.0,44.0,26.0,30.0,26.0,52.0,92.36,3975442432,1528602624,1482567680,8.98,8.15,8.29,25297891328,9444040704
2026-05-13T12:20:07.162845+02:00,0.09804594972683442,0.26783274295585285,0.23690039166064528,1.6992872948805666,1.4219004556220092,2.3794351603058557,1.1818085029561467,-0.14141311220261465,-0.2719632175345901,0.15502471316624256,-1.107626782443226,0.4357431973493151,49.0,50.0,50.0,40.0,44.0,26.0,30.0,26.0,52.0,92.36,3975442432,1528602624,1482567680,8.98,8.15,8.29,25297891328,9444040704
2026-05-13T12:20:07.217852+02:00,0.09804594972683442,0.26783274295585285,0.23690039166064528,1.6992872948805666,1.4219004556220092,2.3794351603058557,1.1818085029561467,-0.14141311220261465,-0.2719632175345901,0.15502471316624256,-1.107626782443226,0.4357431973493151,49.0,50.0,50.0,40.0,44.0,26.0,30.0,26.0,52.0,92.36,3975442432,1528602624,1482567680,8.98,8.15,8.29,25297891328,9444040704
2026-05-13T12:20:07.269689+02:00,0.09804594972683442,0.26783274295585285,0.23690039166064528,1.6992872948805666,1.4219004556220092,2.3794351603058557,1.1818085029561467,-0.14141311220261465,-0.2719632175345901,0.15502471316624256,-1.107626782443226,0.4357431973493151,49.0,50.0,50.0,40.0,44.0,26.0,30.0,26.0,52.0,92.36,3975442432,1528602624,1482567680,8.98,8.15,8.29,25297891328,9444040704
2026-05-13T12:20:07.320455+02:00,0.09804594972683442,0.26783274295585285,0.23690039166064528,1.6992872948805666,1.4219004556220092,2.3794351603058557,1.1818085029561467,-0.14141311220261465,-0.2719632175345901,0.15502471316624256,-1.107626782443226,0.4357431973493151,49.0,50.0,50.0,40.0,44.0,26.0,30.0,26.0,52.0,92.36,3975442432,1528602624,1482567680,8.98,8.15,8.29,25297891328,9444040704
2026-05-13T12:20:07.375463+02:00,0.09804594972683442,0.26783274295585285,0.23690039166064528,1.6992872948805666,1.4219004556220092,2.3794351603058557,1.1818085029561467,-0.14141311220261465,-0.2719632175345901,0.15502471316624256,-1.107626782443226,0.4357431973493151,49.0,50.0,50.0,40.0,44.0,26.0,30.0,26.0,52.0,92.36,3975442432,1528602624,1482567680,8.98,8.15,8.29,25297891328,9444040704
2026-05-13T12:20:07.428870+02:00,0.09804594972683442,0.26783274295585285,0.23690039166064528,1.6992872948805666,1.4219004556220092,2.3794351603058557,1.1818085029561467,-0.14141311220261465,-0.2719632175345901,0.15502471316624256,-1.107626782443226,0.4357431973493151,49.0,50.0,50.0,40.0,44.0,26.0,30.0,26.0,52.0,92.36,3975442432,1528602624,1482567680,8.98,8.15,8.29,25297891328,9444040704
2026-05-13T12:20:07.479968+02:00,0.09804594972683442,0.26783274295585285,0.23690039166064528,1.6992872948805666,1.4219004556220092,2.3794351603058557,1.1818085029561467,-0.14141311220261465,-0.2719632175345901,0.15502471316624256,-1.107626782443226,0.4357431973493151,49.0,50.0,50.0,40.0,44.0,26.0,30.0,26.0,52.0,92.36,3975442432,1528602624,1482567680,8.98,8.15,8.29,25297891328,9444040704
2026-05-13T12:20:07.532624+02:00,0.09804594972683442,0.26783274295585285,0.23690039166064528,1.6992872948805666,1.4219004556220092,2.3794351603058557,1.1818085029561467,-0.14141311220261465,-0.2719632175345901,0.15502471316624256,-1.107626782443226,0.4357431973493151,49.0,50.0,50.0,40.0,44.0,26.0,30.0,26.0,52.0,92.36,3975442432,1528602624,1482567680,8.98,8.15,8.29,25297891328,9444040704
2026-05-13T12:20:07.582740+02:00,0.09804594972683442,0.26783274295585285,0.23690039166064528,1.6992872948805666,1.4219004556220092,2.3794351603058557,1.1818085029561467,-0.14141311220261465,-0.2719632175345901,0.15502471316624256,-1.107626782443226,0.4357431973493151,49.0,50.0,50.0,40.0,44.0,26.0,30.0,26.0,52.0,92.36,3975442432,1528602624,1482567680,8.98,8.15,8.29,25297891328,9444040704
2026-05-13T12:20:07.632957+02:00,0.09804594972683442,0.26783274295585285,0.23690039166064528,1.6992872948805666,1.4219004556220092,2.3794351603058557,1.1818085029561467,-0.14141311220261465,-0.2719632175345901,0.15502471316624256,-1.107626782443226,0.4357431973493151,49.0,50.0,50.0,40.0,44.0,26.0,30.0,26.0,52.0,92.36,3975442432,1528602624,1482567680,8.98,8.15,8.29,25297891328,9444040704
2026-05-13T12:20:07.685031+02:00,0.09804594972683442,0.26783274295585285,0.23690039166064528,1.6992872948805666,1.4219004556220092,2.3794351603058557,1.1818085029561467,-0.14141311220261465,-0.2719632175345901,0.15502471316624256,-1.107626782443226,0.4357431973493151,49.0,50.0,50.0,40.0,44.0,26.0,30.0,26.0,52.0,92.36,3975442432,1528602624,1482567680,8.98,8.15,8.29,25297891328,9444040704
2026-05-13T12:20:07.737741+02:00,0.09804594972683442,0.26783274295585285,0.23690039166064528,1.6992872948805666,1.4219004556220092,2.3794351603058557,1.1818085029561467,-0.14141311220261465,-0.2719632175345901,0.15502471316624256,-1.107626782443226,0.4357431973493151,49.0,50.0,50.0,40.0,44.0,26.0,30.0,26.0,52.0,92.36,3975442432,1528602624,1482567680,8.98,8.15,8.29,25297891328,9444040704
2026-05-13T12:20:07.787988+02:00,0.09804594972683442,0.26783274295585285,0.23690039166064528,1.6992872948805666,1.4219004556220092,2.3794351603058557,1.1818085029561467,-0.14141311220261465,-0.2719632175345901,0.15502471316624256,-1.107626782443226,0.4357431973493151,49.0,50.0,50.0,40.0,44.0,26.0,30.0,26.0,52.0,92.36,3975442432,1528602624,1482567680,8.98,8.15,8.29,25297891328,9444040704
2026-05-13T12:20:07.838819+02:00,0.09804594972683442,0.26783274295585285,0.23690039166064528,1.6992872948805666,1.4219004556220092,2.3794351603058557,1.1818085029561467,-0.14141311220261465,-0.2719632175345901,0.15502471316624256,-1.107626782443226,0.4357431973493151,49.0,50.0,50.0,40.0,44.0,26.0,30.0,26.0,52.0,92.36,3975442432,1528602624,1482567680,8.98,8.15,8.29,25297891328,9444040704
2026-05-13T12:20:07.892364+02:00,0.09804594972683442,0.26783274295585285,0.23690039166064528,1.6992872948805666,1.4219004556220092,2.3794351603058557,1.1818085029561467,-0.14141311220261465,-0.2719632175345901,0.15502471316624256,-1.107626782443226,0.4357431973493151,49.0,50.0,50.0,40.0,44.0,26.0,30.0,26.0,52.0,92.36,3975442432,1528602624,1482567680,8.98,8.15,8.29,25297891328,9444040704
2026-05-13T12:20:07.945204+02:00,0.09804594972683442,0.26783274295585285,0.23690039166064528,1.6992872948805666,1.4219004556220092,2.3794351603058557,1.1818085029561467,-0.14141311220261465,-0.2719632175345901,0.15502471316624256,-1.107626782443226,0.4357431973493151,49.0,50.0,50.0,40.0,44.0,26.0,30.0,26.0,52.0,92.36,3975442432,1528602624,1482567680,8.98,8.15,8.29,25297891328,9444040704
2026-05-13T12:20:08.000230+02:00,0.09804594972683442,0.26783274295585285,0.23690039166064528,1.6992872948805666,1.4219004556220092,2.3794351603058557,1.1818085029561467,-0.14141311220261465,-0.2719632175345901,0.15502471316624256,-1.107626782443226,0.4357431973493151,49.0,50.0,50.0,40.0,44.0,26.0,30.0,26.0,52.0,92.36,3975442432,1528602624,1482567680,8.98,8.15,8.29,25297891328,9444040704
2026-05-13T12:20:08.055236+02:00,0.09804594972683442,0.26783274295585285,0.23690039166064528,1.6992872948805666,1.4219004556220092,2.3794351603058557,1.1818085029561467,-0.14141311220261465,-0.2719632175345901,0.15502471316624256,-1.107626782443226,0.4357431973493151,49.0,50.0,50.0,40.0,44.0,26.0,30.0,26.0,52.0,99.33,3975442432,1543700480,1467461632,8.74,8.11,8.27,25297891328,9444040704
2026-05-13T12:20:08.105818+02:00,0.09804594972683442,0.26783274295585285,0.23690039166064528,1.6992872948805666,1.4219004556220092,2.3794351603058557,1.1818085029561467,-0.14141311220261465,-0.2719632175345901,0.15502471316624256,-1.107626782443226,0.4357431973493151,49.0,50.0,50.0,40.0,44.0,26.0,30.0,26.0,52.0,99.33,3975442432,1543700480,1467461632,8.74,8.11,8.27,25297891328,9444040704
2026-05-13T12:20:08.157291+02:00,0.09804594972683442,0.26783274295585285,0.23690039166064528,1.6992872948805666,1.4219004556220092,2.3794351603058557,1.1818085029561467,-0.14141311220261465,-0.2719632175345901,0.15502471316624256,-1.107626782443226,0.4357431973493151,49.0,50.0,50.0,40.0,44.0,26.0,30.0,26.0,52.0,99.33,3975442432,1543700480,1467461632,8.74,8.11,8.27,25297891328,9444040704
2026-05-13T12:20:08.208252+02:00,0.09804594972683442,0.26783274295585285,0.23690039166064528,1.6992872948805666,1.4219004556220092,2.3794351603058557,1.1818085029561467,-0.14141311220261465,-0.2719632175345901,0.15502471316624256,-1.107626782443226,0.4357431973493151,49.0,50.0,50.0,40.0,44.0,26.0,30.0,26.0,52.0,99.33,3975442432,1543700480,1467461632,8.74,8.11,8.27,25297891328,9444040704
2026-05-13T12:20:08.260239+02:00,0.09804594972683442,0.26783274295585285,0.23690039166064528,1.6992872948805666,1.4219004556220092,2.3794351603058557,1.1818085029561467,-0.14141311220261465,-0.2719632175345901,0.15502471316624256,-1.107626782443226,0.4357431973493151,49.0,50.0,50.0,40.0,44.0,26.0,30.0,26.0,52.0,99.33,3975442432,1543700480,1467461632,8.74,8.11,8.27,25297891328,9444040704
2026-05-13T12:20:08.315028+02:00,0.09804594972683442,0.26783274295585285,0.23690039166064528,1.6992872948805666,1.4219004556220092,2.3794351603058557,1.1818085029561467,-0.14141311220261465,-0.2719632175345901,0.15502471316624256,-1.107626782443226,0.4357431973493151,49.0,50.0,50.0,40.0,44.0,26.0,30.0,26.0,52.0,99.33,3975442432,1543700480,1467461632,8.74,8.11,8.27,25297891328,9444040704
2026-05-13T12:20:08.370092+02:00,0.09804594972683442,0.26783274295585285,0.23690039166064528,1.6992872948805666,1.4219004556220092,2.3794351603058557,1.1818085029561467,-0.14141311220261465,-0.2719632175345901,0.15502471316624256,-1.107626782443226,0.4357431973493151,49.0,50.0,50.0,40.0,44.0,26.0,30.0,26.0,52.0,99.33,3975442432,1543700480,1467461632,8.74,8.11,8.27,25297891328,9444040704
2026-05-13T12:20:08.420426+02:00,0.09804594972683442,0.26783274295585285,0.23690039166064528,1.6992872948805666,1.4219004556220092,2.3794351603058557,1.1818085029561467,-0.14141311220261465,-0.2719632175345901,0.15502471316624256,-1.107626782443226,0.4357431973493151,49.0,50.0,50.0,40.0,44.0,26.0,30.0,26.0,52.0,99.33,3975442432,1543700480,1467461632,8.74,8.11,8.27,25297891328,9444040704
