timestamp,x_m,y_m,z_m,roll_rad,pitch_rad,yaw_rad,j1_rad,j2_rad,j3_rad,j4_rad,j5_rad,j6_rad,temp_m1_C,temp_m2_C,temp_m3_C,temp_m4_C,temp_m5_C,temp_m6_C,temp_m7_C,temp_m8_C,rpi_temp_C,cpu_percent,mem_total_B,mem_used_B,mem_free_B,load1,load5,load15,disk_total_B,disk_used_B
2026-05-13T11:58:51.473102+02:00,-0.02395211666079974,0.20557273688149982,0.21498155542970615,2.79254673061556,1.2363488376068357,-1.83179790821305,1.644474343708819,0.03280565373145927,-0.5643477551456881,0.11053927031755917,-1.3576656508685851,-0.05513065477409018,47.0,48.0,48.0,40.0,42.0,26.0,29.0,25.0,54.0,,,,,,,,,
2026-05-13T11:58:51.528115+02:00,-0.02395211666079974,0.20557273688149982,0.21498155542970615,2.79254673061556,1.2363488376068357,-1.83179790821305,1.644474343708819,0.03280565373145927,-0.5643477551456881,0.11053927031755917,-1.3576656508685851,-0.05513065477409018,47.0,48.0,48.0,40.0,42.0,26.0,29.0,25.0,54.0,,,,,,,,,
2026-05-13T11:58:51.579072+02:00,-0.02395211666079974,0.20557273688149982,0.21498155542970615,2.79254673061556,1.2363488376068357,-1.83179790821305,1.644474343708819,0.03280565373145927,-0.5643477551456881,0.11053927031755917,-1.3576656508685851,-0.05513065477409018,47.0,48.0,48.0,40.0,42.0,26.0,29.0,25.0,54.0,,,,,,,,,
2026-05-13T11:58:51.629363+02:00,-0.02395211666079974,0.20557273688149982,0.21498155542970615,2.79254673061556,1.2363488376068357,-1.83179790821305,1.644474343708819,0.03280565373145927,-0.5643477551456881,0.11053927031755917,-1.3576656508685851,-0.05513065477409018,47.0,48.0,48.0,40.0,42.0,26.0,29.0,25.0,54.0,,,,,,,,,
2026-05-13T11:58:51.680815+02:00,-0.02395211666079974,0.20557273688149982,0.21498155542970615,2.79254673061556,1.2363488376068357,-1.83179790821305,1.644474343708819,0.03280565373145927,-0.5643477551456881,0.11053927031755917,-1.3576656508685851,-0.05513065477409018,47.0,48.0,48.0,40.0,42.0,26.0,29.0,25.0,54.0,,,,,,,,,
2026-05-13T11:58:51.733747+02:00,-0.02395211666079974,0.20557273688149982,0.21498155542970615,2.79254673061556,1.2363488376068357,-1.83179790821305,1.644474343708819,0.03280565373145927,-0.5643477551456881,0.11053927031755917,-1.3576656508685851,-0.05513065477409018,47.0,48.0,48.0,40.0,42.0,26.0,29.0,25.0,54.0,,,,,,,,,
2026-05-13T11:58:51.788798+02:00,-0.02395211666079974,0.20557273688149982,0.21498155542970615,2.79254673061556,1.2363488376068357,-1.83179790821305,1.644474343708819,0.03280565373145927,-0.5643477551456881,0.11053927031755917,-1.3576656508685851,-0.05513065477409018,47.0,48.0,48.0,40.0,42.0,26.0,29.0,25.0,54.0,,,,,,,,,
2026-05-13T11:58:51.843798+02:00,-0.02395211666079974,0.20557273688149982,0.21498155542970615,2.79254673061556,1.2363488376068357,-1.83179790821305,1.644474343708819,0.03280565373145927,-0.5643477551456881,0.11053927031755917,-1.3576656508685851,-0.05513065477409018,47.0,48.0,48.0,40.0,42.0,26.0,29.0,25.0,54.0,,,,,,,,,
2026-05-13T11:58:51.897209+02:00,-0.02395211666079974,0.20557273688149982,0.21498155542970615,2.79254673061556,1.2363488376068357,-1.83179790821305,1.644474343708819,0.03280565373145927,-0.5643477551456881,0.11053927031755917,-1.3576656508685851,-0.05513065477409018,47.0,48.0,48.0,40.0,42.0,26.0,29.0,25.0,54.0,,,,,,,,,
2026-05-13T11:58:51.951437+02:00,-0.02395211666079974,0.20557273688149982,0.21498155542970615,2.79254673061556,1.2363488376068357,-1.83179790821305,1.644474343708819,0.03280565373145927,-0.5643477551456881,0.11053927031755917,-1.3576656508685851,-0.05513065477409018,47.0,48.0,48.0,40.0,42.0,26.0,29.0,25.0,54.0,,,,,,,,,
2026-05-13T11:58:52.002688+02:00,-0.02395211666079974,0.20557273688149982,0.21498155542970615,2.79254673061556,1.2363488376068357,-1.83179790821305,1.644474343708819,0.03280565373145927,-0.5643477551456881,0.11053927031755917,-1.3576656508685851,-0.05513065477409018,47.0,48.0,48.0,40.0,42.0,26.0,29.0,25.0,54.0,,,,,,,,,
2026-05-13T11:58:52.058277+02:00,-0.02395211666079974,0.20557273688149982,0.21498155542970615,2.79254673061556,1.2363488376068357,-1.83179790821305,1.644474343708819,0.03280565373145927,-0.5643477551456881,0.11053927031755917,-1.3576656508685851,-0.05513065477409018,47.0,48.0,48.0,40.0,42.0,26.0,29.0,25.0,54.0,,,,,,,,,
2026-05-13T11:58:52.108862+02:00,-0.02395211666079974,0.20557273688149982,0.21498155542970615,2.79254673061556,1.2363488376068357,-1.83179790821305,1.644474343708819,0.03280565373145927,-0.5643477551456881,0.11053927031755917,-1.3576656508685851,-0.05513065477409018,47.0,48.0,48.0,40.0,42.0,26.0,29.0,25.0,54.0,,,,,,,,,
2026-05-13T11:58:52.160126+02:00,-0.02395211666079974,0.20557273688149982,0.21498155542970615,2.79254673061556,1.2363488376068357,-1.83179790821305,1.644474343708819,0.03280565373145927,-0.5643477551456881,0.11053927031755917,-1.3576656508685851,-0.05513065477409018,47.0,48.0,48.0,40.0,42.0,26.0,29.0,25.0,54.0,97.83,3975442432,1584852992,1443954688,8.47,9.31,8.37,25297891328,9442418688
2026-05-13T11:58:52.210632+02:00,-0.02395211666079974,0.20557273688149982,0.21498155542970615,2.79254673061556,1.2363488376068357,-1.83179790821305,1.644474343708819,0.03280565373145927,-0.5643477551456881,0.11053927031755917,-1.3576656508685851,-0.05513065477409018,47.0,48.0,48.0,40.0,42.0,26.0,29.0,25.0,54.0,97.83,3975442432,1584852992,1443954688,8.47,9.31,8.37,25297891328,9442418688
2026-05-13T11:58:52.262060+02:00,-0.02395211666079974,0.20557273688149982,0.21498155542970615,2.79254673061556,1.2363488376068357,-1.83179790821305,1.644474343708819,0.03280565373145927,-0.5643477551456881,0.11053927031755917,-1.3576656508685851,-0.05513065477409018,47.0,48.0,48.0,40.0,42.0,26.0,29.0,25.0,54.0,97.83,3975442432,1584852992,1443954688,8.47,9.31,8.37,25297891328,9442418688
2026-05-13T11:58:52.313135+02:00,-0.02395211666079974,0.20557273688149982,0.21498155542970615,2.79254673061556,1.2363488376068357,-1.83179790821305,1.644474343708819,0.03280565373145927,-0.5643477551456881,0.11053927031755917,-1.3576656508685851,-0.05513065477409018,47.0,48.0,48.0,40.0,42.0,26.0,29.0,25.0,54.0,97.83,3975442432,1584852992,1443954688,8.47,9.31,8.37,25297891328,9442418688
2026-05-13T11:58:52.365070+02:00,-0.02395211666079974,0.20557273688149982,0.21498155542970615,2.79254673061556,1.2363488376068357,-1.83179790821305,1.644474343708819,0.03280565373145927,-0.5643477551456881,0.11053927031755917,-1.3576656508685851,-0.05513065477409018,47.0,48.0,48.0,40.0,42.0,26.0,29.0,25.0,54.0,97.83,3975442432,1584852992,1443954688,8.47,9.31,8.37,25297891328,9442418688
2026-05-13T11:58:52.420539+02:00,-0.02395211666079974,0.20557273688149982,0.21498155542970615,2.79254673061556,1.2363488376068357,-1.83179790821305,1.644474343708819,0.03280565373145927,-0.5643477551456881,0.11053927031755917,-1.3576656508685851,-0.05513065477409018,47.0,48.0,48.0,40.0,42.0,26.0,29.0,25.0,54.0,97.83,3975442432,1584852992,1443954688,8.47,9.31,8.37,25297891328,9442418688
2026-05-13T11:58:52.476727+02:00,-0.02395211666079974,0.20557273688149982,0.21498155542970615,2.79254673061556,1.2363488376068357,-1.83179790821305,1.644474343708819,0.03280565373145927,-0.5643477551456881,0.11053927031755917,-1.3561316700806993,-0.05513065477409018,47.0,48.0,48.0,40.0,42.0,26.0,29.0,25.0,54.0,97.83,3975442432,1584852992,1443954688,8.47,9.31,8.37,25297891328,9442418688
2026-05-13T11:58:52.531782+02:00,-0.02395211666079974,0.20557273688149982,0.21498155542970615,2.79254673061556,1.2363488376068357,-1.83179790821305,1.644474343708819,0.03280565373145927,-0.5643477551456881,0.11053927031755917,-1.3561316700806993,-0.05513065477409018,47.0,48.0,48.0,40.0,42.0,26.0,29.0,25.0,54.0,97.83,3975442432,1584852992,1443954688,8.47,9.31,8.37,25297891328,9442418688
2026-05-13T11:58:52.586803+02:00,-0.02395211666079974,0.20557273688149982,0.21498155542970615,2.79254673061556,1.2363488376068357,-1.83179790821305,1.644474343708819,0.03280565373145927,-0.5643477551456881,0.11053927031755917,-1.3561316700806993,-0.05513065477409018,47.0,48.0,48.0,40.0,42.0,26.0,29.0,25.0,54.0,97.83,3975442432,1584852992,1443954688,8.47,9.31,8.37,25297891328,9442418688
2026-05-13T11:58:52.641833+02:00,-0.02395211666079974,0.20557273688149982,0.21498155542970615,2.79254673061556,1.2363488376068357,-1.83179790821305,1.644474343708819,0.03280565373145927,-0.5643477551456881,0.11053927031755917,-1.3561316700806993,-0.05513065477409018,47.0,48.0,48.0,40.0,42.0,26.0,29.0,25.0,54.0,97.83,3975442432,1584852992,1443954688,8.47,9.31,8.37,25297891328,9442418688
2026-05-13T11:58:52.693266+02:00,-0.02395685245488331,0.20569827638706178,0.2149549576665083,2.7912621430062403,1.2378167512169835,-1.833157500808316,1.644474343708819,0.03280565373145927,-0.5643477551456881,0.11053927031755917,-1.3576656508685851,-0.05513065477409018,47.0,48.0,48.0,40.0,42.0,26.0,29.0,25.0,54.0,97.83,3975442432,1584852992,1443954688,8.47,9.31,8.37,25297891328,9442418688
2026-05-13T11:58:52.745494+02:00,-0.02395685245488331,0.20569827638706178,0.2149549576665083,2.7912621430062403,1.2378167512169835,-1.833157500808316,1.644474343708819,0.03280565373145927,-0.5643477551456881,0.11053927031755917,-1.3576656508685851,-0.05513065477409018,47.0,48.0,48.0,40.0,42.0,26.0,29.0,25.0,54.0,97.83,3975442432,1584852992,1443954688,8.47,9.31,8.37,25297891328,9442418688
2026-05-13T11:58:52.797383+02:00,-0.02395685245488331,0.20569827638706178,0.2149549576665083,2.7912621430062403,1.2378167512169835,-1.833157500808316,1.644474343708819,0.03280565373145927,-0.5643477551456881,0.11053927031755917,-1.3576656508685851,-0.05513065477409018,47.0,48.0,48.0,40.0,42.0,26.0,29.0,25.0,54.0,97.83,3975442432,1584852992,1443954688,8.47,9.31,8.37,25297891328,9442418688
2026-05-13T11:58:52.849285+02:00,-0.02395685245488331,0.20569827638706178,0.2149549576665083,2.7912621430062403,1.2378167512169835,-1.833157500808316,1.644474343708819,0.03280565373145927,-0.5643477551456881,0.11053927031755917,-1.3576656508685851,-0.05513065477409018,47.0,48.0,48.0,40.0,42.0,26.0,29.0,25.0,54.0,97.83,3975442432,1584852992,1443954688,8.47,9.31,8.37,25297891328,9442418688
2026-05-13T11:58:52.900790+02:00,-0.02395211666079974,0.20557273688149982,0.21498155542970615,2.79254673061556,1.2363488376068357,-1.83179790821305,1.644474343708819,0.03280565373145927,-0.5643477551456881,0.11053927031755917,-1.3561316700806993,-0.05513065477409018,47.0,48.0,48.0,40.0,42.0,26.0,29.0,25.0,54.0,97.83,3975442432,1584852992,1443954688,8.47,9.31,8.37,25297891328,9442418688
2026-05-13T11:58:52.952151+02:00,-0.02395211666079974,0.20557273688149982,0.21498155542970615,2.79254673061556,1.2363488376068357,-1.83179790821305,1.644474343708819,0.03280565373145927,-0.5643477551456881,0.11053927031755917,-1.3561316700806993,-0.05513065477409018,47.0,48.0,48.0,40.0,42.0,26.0,29.0,25.0,54.0,97.83,3975442432,1584852992,1443954688,8.47,9.31,8.37,25297891328,9442418688
2026-05-13T11:58:53.003088+02:00,-0.02395211666079974,0.20557273688149982,0.21498155542970615,2.79254673061556,1.2363488376068357,-1.83179790821305,1.644474343708819,0.03280565373145927,-0.5643477551456881,0.11053927031755917,-1.3561316700806993,-0.05513065477409018,47.0,48.0,48.0,40.0,42.0,26.0,29.0,25.0,54.0,99.25,3975442432,1596674048,1432129536,8.47,9.31,8.37,25297891328,9442422784
2026-05-13T11:58:53.053582+02:00,-0.02395211666079974,0.20557273688149982,0.21498155542970615,2.79254673061556,1.2363488376068357,-1.83179790821305,1.644474343708819,0.03280565373145927,-0.5643477551456881,0.11053927031755917,-1.3561316700806993,-0.05513065477409018,47.0,48.0,48.0,40.0,42.0,26.0,29.0,25.0,54.0,99.25,3975442432,1596674048,1432129536,8.47,9.31,8.37,25297891328,9442422784
2026-05-13T11:58:53.103960+02:00,-0.02395211666079974,0.20557273688149982,0.21498155542970615,2.79254673061556,1.2363488376068357,-1.83179790821305,1.644474343708819,0.03280565373145927,-0.5643477551456881,0.11053927031755917,-1.3576656508685851,-0.05513065477409018,47.0,48.0,48.0,40.0,42.0,26.0,29.0,25.0,54.0,99.25,3975442432,1596674048,1432129536,8.47,9.31,8.37,25297891328,9442422784
2026-05-13T11:58:53.157423+02:00,-0.02395211666079974,0.20557273688149982,0.21498155542970615,2.79254673061556,1.2363488376068357,-1.83179790821305,1.644474343708819,0.03280565373145927,-0.5643477551456881,0.11053927031755917,-1.3576656508685851,-0.05513065477409018,47.0,48.0,48.0,40.0,42.0,26.0,29.0,25.0,54.0,99.25,3975442432,1596674048,1432129536,8.47,9.31,8.37,25297891328,9442422784
2026-05-13T11:58:53.211015+02:00,-0.02395211666079974,0.20557273688149982,0.21498155542970615,2.79254673061556,1.2363488376068357,-1.83179790821305,1.644474343708819,0.03280565373145927,-0.5643477551456881,0.11053927031755917,-1.3576656508685851,-0.05513065477409018,47.0,48.0,48.0,40.0,42.0,26.0,29.0,25.0,54.0,99.25,3975442432,1596674048,1432129536,8.47,9.31,8.37,25297891328,9442422784
2026-05-13T11:58:53.266324+02:00,-0.02395211666079974,0.20557273688149982,0.21498155542970615,2.79254673061556,1.2363488376068357,-1.83179790821305,1.644474343708819,0.03280565373145927,-0.5643477551456881,0.11053927031755917,-1.3576656508685851,-0.05513065477409018,47.0,48.0,48.0,40.0,42.0,26.0,29.0,25.0,54.0,99.25,3975442432,1596674048,1432129536,8.47,9.31,8.37,25297891328,9442422784
2026-05-13T11:58:53.317147+02:00,-0.02395211666079974,0.20557273688149982,0.21498155542970615,2.79254673061556,1.2363488376068357,-1.83179790821305,1.644474343708819,0.03280565373145927,-0.5643477551456881,0.11053927031755917,-1.3561316700806993,-0.05513065477409018,47.0,48.0,48.0,40.0,42.0,26.0,29.0,25.0,52.0,99.25,3975442432,1596674048,1432129536,8.47,9.31,8.37,25297891328,9442422784
2026-05-13T11:58:53.367415+02:00,-0.02395211666079974,0.20557273688149982,0.21498155542970615,2.79254673061556,1.2363488376068357,-1.83179790821305,1.644474343708819,0.03280565373145927,-0.5643477551456881,0.11053927031755917,-1.3561316700806993,-0.05513065477409018,47.0,48.0,48.0,40.0,42.0,26.0,29.0,25.0,52.0,99.25,3975442432,1596674048,1432129536,8.47,9.31,8.37,25297891328,9442422784
2026-05-13T11:58:53.419337+02:00,-0.02395211666079974,0.20557273688149982,0.21498155542970615,2.79254673061556,1.2363488376068357,-1.83179790821305,1.644474343708819,0.03280565373145927,-0.5643477551456881,0.11053927031755917,-1.3561316700806993,-0.05513065477409018,47.0,48.0,48.0,40.0,42.0,26.0,29.0,25.0,52.0,99.25,3975442432,1596674048,1432129536,8.47,9.31,8.37,25297891328,9442422784
2026-05-13T11:58:53.470367+02:00,-0.02395211666079974,0.20557273688149982,0.21498155542970615,2.79254673061556,1.2363488376068357,-1.83179790821305,1.644474343708819,0.03280565373145927,-0.5643477551456881,0.11053927031755917,-1.3576656508685851,-0.05513065477409018,47.0,48.0,48.0,40.0,42.0,26.0,29.0,25.0,52.0,99.25,3975442432,1596674048,1432129536,8.47,9.31,8.37,25297891328,9442422784
2026-05-13T11:58:53.524308+02:00,-0.02395211666079974,0.20557273688149982,0.21498155542970615,2.79254673061556,1.2363488376068357,-1.83179790821305,1.644474343708819,0.03280565373145927,-0.5643477551456881,0.11053927031755917,-1.3576656508685851,-0.05513065477409018,47.0,48.0,48.0,40.0,42.0,26.0,29.0,25.0,52.0,99.25,3975442432,1596674048,1432129536,8.47,9.31,8.37,25297891328,9442422784
2026-05-13T11:58:53.579341+02:00,-0.02395211666079974,0.20557273688149982,0.21498155542970615,2.79254673061556,1.2363488376068357,-1.83179790821305,1.644474343708819,0.03280565373145927,-0.5643477551456881,0.11053927031755917,-1.3576656508685851,-0.05513065477409018,47.0,48.0,48.0,40.0,42.0,26.0,29.0,25.0,52.0,99.25,3975442432,1596674048,1432129536,8.47,9.31,8.37,25297891328,9442422784
2026-05-13T11:58:53.629514+02:00,-0.02395211666079974,0.20557273688149982,0.21498155542970615,2.79254673061556,1.2363488376068357,-1.83179790821305,1.644474343708819,0.03280565373145927,-0.5643477551456881,0.11053927031755917,-1.3576656508685851,-0.05513065477409018,47.0,48.0,48.0,40.0,42.0,26.0,29.0,25.0,52.0,99.25,3975442432,1596674048,1432129536,8.47,9.31,8.37,25297891328,9442422784
2026-05-13T11:58:53.680108+02:00,-0.02395211666079974,0.20557273688149982,0.21498155542970615,2.79254673061556,1.2363488376068357,-1.83179790821305,1.644474343708819,0.03280565373145927,-0.5643477551456881,0.11053927031755917,-1.3576656508685851,-0.05513065477409018,47.0,48.0,48.0,40.0,42.0,26.0,29.0,25.0,52.0,99.25,3975442432,1596674048,1432129536,8.47,9.31,8.37,25297891328,9442422784
2026-05-13T11:58:53.731606+02:00,-0.02395211666079974,0.20557273688149982,0.21498155542970615,2.79254673061556,1.2363488376068357,-1.83179790821305,1.644474343708819,0.03280565373145927,-0.5643477551456881,0.11053927031755917,-1.3576656508685851,-0.05513065477409018,47.0,48.0,48.0,40.0,42.0,26.0,29.0,25.0,52.0,99.25,3975442432,1596674048,1432129536,8.47,9.31,8.37,25297891328,9442422784
2026-05-13T11:58:53.785500+02:00,-0.02395211666079974,0.20557273688149982,0.21498155542970615,2.79254673061556,1.2363488376068357,-1.83179790821305,1.644474343708819,0.03280565373145927,-0.5643477551456881,0.11053927031755917,-1.3576656508685851,-0.05513065477409018,47.0,48.0,48.0,40.0,42.0,26.0,29.0,25.0,52.0,99.25,3975442432,1596674048,1432129536,8.47,9.31,8.37,25297891328,9442422784
2026-05-13T11:58:53.839767+02:00,-0.02395211666079974,0.20557273688149982,0.21498155542970615,2.79254673061556,1.2363488376068357,-1.83179790821305,1.644474343708819,0.03280565373145927,-0.5643477551456881,0.11053927031755917,-1.3576656508685851,-0.05513065477409018,47.0,48.0,48.0,40.0,42.0,26.0,29.0,25.0,52.0,99.25,3975442432,1596674048,1432129536,8.47,9.31,8.37,25297891328,9442422784
2026-05-13T11:58:53.892884+02:00,-0.02395211666079974,0.20557273688149982,0.21498155542970615,2.79254673061556,1.2363488376068357,-1.83179790821305,1.644474343708819,0.03280565373145927,-0.5643477551456881,0.11053927031755917,-1.3576656508685851,-0.05513065477409018,47.0,48.0,48.0,40.0,42.0,26.0,29.0,25.0,52.0,99.25,3975442432,1596674048,1432129536,8.47,9.31,8.37,25297891328,9442422784
2026-05-13T11:58:53.948754+02:00,-0.02395211666079974,0.20557273688149982,0.21498155542970615,2.79254673061556,1.2363488376068357,-1.83179790821305,1.644474343708819,0.03280565373145927,-0.5643477551456881,0.11053927031755917,-1.3576656508685851,-0.05513065477409018,47.0,48.0,48.0,40.0,42.0,26.0,29.0,25.0,52.0,97.89,3975442432,1598509056,1430200320,8.47,9.31,8.37,25297891328,9442422784
2026-05-13T11:58:54.000686+02:00,-0.02395211666079974,0.20557273688149982,0.21498155542970615,2.79254673061556,1.2363488376068357,-1.83179790821305,1.644474343708819,0.03280565373145927,-0.5643477551456881,0.11053927031755917,-1.3576656508685851,-0.05513065477409018,47.0,48.0,48.0,40.0,42.0,26.0,29.0,25.0,52.0,97.89,3975442432,1598509056,1430200320,8.47,9.31,8.37,25297891328,9442422784
2026-05-13T11:58:54.052355+02:00,-0.02395211666079974,0.20557273688149982,0.21498155542970615,2.79254673061556,1.2363488376068357,-1.83179790821305,1.644474343708819,0.03280565373145927,-0.5643477551456881,0.11053927031755917,-1.3576656508685851,-0.05513065477409018,47.0,48.0,48.0,40.0,42.0,26.0,29.0,25.0,52.0,97.89,3975442432,1598509056,1430200320,8.47,9.31,8.37,25297891328,9442422784
2026-05-13T11:58:54.103918+02:00,-0.02395211666079974,0.20557273688149982,0.21498155542970615,2.79254673061556,1.2363488376068357,-1.83179790821305,1.644474343708819,0.03280565373145927,-0.5643477551456881,0.11053927031755917,-1.3576656508685851,-0.05513065477409018,47.0,48.0,48.0,40.0,42.0,26.0,29.0,25.0,52.0,97.89,3975442432,1598509056,1430200320,8.47,9.31,8.37,25297891328,9442422784
2026-05-13T11:58:54.155945+02:00,-0.02395211666079974,0.20557273688149982,0.21498155542970615,2.79254673061556,1.2363488376068357,-1.83179790821305,1.644474343708819,0.03280565373145927,-0.5643477551456881,0.11053927031755917,-1.3576656508685851,-0.05513065477409018,47.0,48.0,48.0,40.0,42.0,26.0,29.0,25.0,52.0,97.89,3975442432,1598509056,1430200320,8.47,9.31,8.37,25297891328,9442422784
2026-05-13T11:58:54.207044+02:00,-0.02395211666079974,0.20557273688149982,0.21498155542970615,2.79254673061556,1.2363488376068357,-1.83179790821305,1.644474343708819,0.03280565373145927,-0.5643477551456881,0.11053927031755917,-1.3576656508685851,-0.05513065477409018,47.0,48.0,48.0,40.0,42.0,26.0,29.0,25.0,52.0,97.89,3975442432,1598509056,1430200320,8.47,9.31,8.37,25297891328,9442422784
2026-05-13T11:58:54.258979+02:00,-0.02395211666079974,0.20557273688149982,0.21498155542970615,2.79254673061556,1.2363488376068357,-1.83179790821305,1.644474343708819,0.03280565373145927,-0.5643477551456881,0.11053927031755917,-1.3576656508685851,-0.05513065477409018,47.0,48.0,48.0,40.0,42.0,26.0,29.0,25.0,52.0,97.89,3975442432,1598509056,1430200320,8.47,9.31,8.37,25297891328,9442422784
2026-05-13T11:58:54.309404+02:00,-0.02395211666079974,0.20557273688149982,0.21498155542970615,2.79254673061556,1.2363488376068357,-1.83179790821305,1.644474343708819,0.03280565373145927,-0.5643477551456881,0.11053927031755917,-1.3576656508685851,-0.05513065477409018,47.0,48.0,48.0,40.0,42.0,26.0,29.0,25.0,52.0,97.89,3975442432,1598509056,1430200320,8.47,9.31,8.37,25297891328,9442422784
2026-05-13T11:58:54.364450+02:00,-0.02395211666079974,0.20557273688149982,0.21498155542970615,2.79254673061556,1.2363488376068357,-1.83179790821305,1.644474343708819,0.03280565373145927,-0.5643477551456881,0.11053927031755917,-1.3576656508685851,-0.05513065477409018,47.0,48.0,48.0,40.0,42.0,26.0,29.0,25.0,52.0,97.89,3975442432,1598509056,1430200320,8.47,9.31,8.37,25297891328,9442422784
2026-05-13T11:58:54.416835+02:00,-0.02395211666079974,0.20557273688149982,0.21498155542970615,2.79254673061556,1.2363488376068357,-1.83179790821305,1.644474343708819,0.03280565373145927,-0.5643477551456881,0.11053927031755917,-1.3576656508685851,-0.05513065477409018,47.0,48.0,48.0,40.0,42.0,26.0,29.0,25.0,52.0,97.89,3975442432,1598509056,1430200320,8.47,9.31,8.37,25297891328,9442422784
2026-05-13T11:58:54.468249+02:00,-0.02395211666079974,0.20557273688149982,0.21498155542970615,2.79254673061556,1.2363488376068357,-1.83179790821305,1.644474343708819,0.03280565373145927,-0.5643477551456881,0.11053927031755917,-1.3576656508685851,-0.05513065477409018,47.0,48.0,48.0,40.0,42.0,26.0,29.0,25.0,52.0,97.89,3975442432,1598509056,1430200320,8.47,9.31,8.37,25297891328,9442422784
2026-05-13T11:58:54.523437+02:00,-0.02395211666079974,0.20557273688149982,0.21498155542970615,2.79254673061556,1.2363488376068357,-1.83179790821305,1.644474343708819,0.03280565373145927,-0.5643477551456881,0.11053927031755917,-1.3576656508685851,-0.05513065477409018,47.0,48.0,48.0,40.0,42.0,26.0,29.0,25.0,52.0,97.89,3975442432,1598509056,1430200320,8.47,9.31,8.37,25297891328,9442422784
2026-05-13T11:58:54.576200+02:00,-0.02395211666079974,0.20557273688149982,0.21498155542970615,2.79254673061556,1.2363488376068357,-1.83179790821305,1.644474343708819,0.03280565373145927,-0.5643477551456881,0.11053927031755917,-1.3576656508685851,-0.05513065477409018,47.0,48.0,48.0,40.0,42.0,26.0,29.0,25.0,52.0,97.89,3975442432,1598509056,1430200320,8.47,9.31,8.37,25297891328,9442422784
2026-05-13T11:58:54.627543+02:00,-0.02395211666079974,0.20557273688149982,0.21498155542970615,2.79254673061556,1.2363488376068357,-1.83179790821305,1.644474343708819,0.03280565373145927,-0.5643477551456881,0.11053927031755917,-1.3576656508685851,-0.05513065477409018,47.0,48.0,48.0,40.0,42.0,26.0,29.0,25.0,52.0,97.89,3975442432,1598509056,1430200320,8.47,9.31,8.37,25297891328,9442422784
2026-05-13T11:58:54.681324+02:00,-0.02395211666079974,0.20557273688149982,0.21498155542970615,2.79254673061556,1.2363488376068357,-1.83179790821305,1.644474343708819,0.03280565373145927,-0.5643477551456881,0.11053927031755917,-1.3576656508685851,-0.05513065477409018,47.0,48.0,48.0,40.0,42.0,26.0,29.0,25.0,52.0,97.89,3975442432,1598509056,1430200320,8.47,9.31,8.37,25297891328,9442422784
2026-05-13T11:58:54.734463+02:00,-0.02395211666079974,0.20557273688149982,0.21498155542970615,2.79254673061556,1.2363488376068357,-1.83179790821305,1.644474343708819,0.03280565373145927,-0.5643477551456881,0.11053927031755917,-1.3576656508685851,-0.05513065477409018,47.0,48.0,48.0,40.0,42.0,26.0,29.0,25.0,52.0,97.89,3975442432,1598509056,1430200320,8.47,9.31,8.37,25297891328,9442422784
2026-05-13T11:58:54.784999+02:00,-0.02395211666079974,0.20557273688149982,0.21498155542970615,2.79254673061556,1.2363488376068357,-1.83179790821305,1.644474343708819,0.03280565373145927,-0.5643477551456881,0.11053927031755917,-1.3576656508685851,-0.05513065477409018,47.0,48.0,48.0,40.0,42.0,26.0,29.0,25.0,52.0,97.89,3975442432,1598509056,1430200320,8.47,9.31,8.37,25297891328,9442422784
2026-05-13T11:58:54.839993+02:00,-0.02395211666079974,0.20557273688149982,0.21498155542970615,2.79254673061556,1.2363488376068357,-1.83179790821305,1.644474343708819,0.03280565373145927,-0.5643477551456881,0.11053927031755917,-1.3576656508685851,-0.05513065477409018,47.0,48.0,48.0,40.0,42.0,26.0,29.0,25.0,52.0,97.89,3975442432,1598509056,1430200320,8.47,9.31,8.37,25297891328,9442422784
2026-05-13T11:58:54.892109+02:00,-0.02395211666079974,0.20557273688149982,0.21498155542970615,2.79254673061556,1.2363488376068357,-1.83179790821305,1.644474343708819,0.03280565373145927,-0.5643477551456881,0.11053927031755917,-1.3576656508685851,-0.05513065477409018,47.0,48.0,48.0,40.0,42.0,26.0,29.0,25.0,52.0,97.89,3975442432,1598509056,1430200320,8.47,9.31,8.37,25297891328,9442422784
2026-05-13T11:58:54.945900+02:00,-0.02395211666079974,0.20557273688149982,0.21498155542970615,2.79254673061556,1.2363488376068357,-1.83179790821305,1.644474343708819,0.03280565373145927,-0.5643477551456881,0.11053927031755917,-1.3576656508685851,-0.05513065477409018,47.0,48.0,48.0,40.0,42.0,26.0,29.0,25.0,52.0,97.89,3975442432,1598509056,1430200320,8.47,9.31,8.37,25297891328,9442422784
2026-05-13T11:58:54.996072+02:00,-0.02395211666079974,0.20557273688149982,0.21498155542970615,2.79254673061556,1.2363488376068357,-1.83179790821305,1.644474343708819,0.03280565373145927,-0.5643477551456881,0.11053927031755917,-1.3576656508685851,-0.05513065477409018,47.0,48.0,48.0,40.0,42.0,26.0,29.0,25.0,52.0,97.89,3975442432,1598509056,1430200320,8.47,9.31,8.37,25297891328,9442422784
2026-05-13T11:58:55.049224+02:00,-0.02395211666079974,0.20557273688149982,0.21498155542970615,2.79254673061556,1.2363488376068357,-1.83179790821305,1.644474343708819,0.03280565373145927,-0.5643477551456881,0.11053927031755917,-1.3576656508685851,-0.05513065477409018,47.0,48.0,48.0,40.0,42.0,26.0,29.0,25.0,52.0,96.27,3975442432,1563410432,1465274368,8.47,9.31,8.37,25297891328,9442430976
2026-05-13T11:58:55.099667+02:00,-0.02395211666079974,0.20557273688149982,0.21498155542970615,2.79254673061556,1.2363488376068357,-1.83179790821305,1.644474343708819,0.03280565373145927,-0.5643477551456881,0.11053927031755917,-1.3576656508685851,-0.05513065477409018,47.0,48.0,48.0,40.0,42.0,26.0,29.0,25.0,52.0,96.27,3975442432,1563410432,1465274368,8.47,9.31,8.37,25297891328,9442430976
2026-05-13T11:58:55.150952+02:00,-0.02395211666079974,0.20557273688149982,0.21498155542970615,2.79254673061556,1.2363488376068357,-1.83179790821305,1.644474343708819,0.03280565373145927,-0.5643477551456881,0.11053927031755917,-1.3576656508685851,-0.05513065477409018,47.0,48.0,48.0,40.0,42.0,26.0,29.0,25.0,52.0,96.27,3975442432,1563410432,1465274368,8.47,9.31,8.37,25297891328,9442430976
2026-05-13T11:58:55.202141+02:00,-0.02395211666079974,0.20557273688149982,0.21498155542970615,2.79254673061556,1.2363488376068357,-1.83179790821305,1.644474343708819,0.03280565373145927,-0.5643477551456881,0.11053927031755917,-1.3576656508685851,-0.05513065477409018,47.0,48.0,48.0,40.0,42.0,26.0,29.0,25.0,52.0,96.27,3975442432,1563410432,1465274368,8.47,9.31,8.37,25297891328,9442430976
2026-05-13T11:58:55.253056+02:00,-0.02395211666079974,0.20557273688149982,0.21498155542970615,2.79254673061556,1.2363488376068357,-1.83179790821305,1.644474343708819,0.03280565373145927,-0.5643477551456881,0.11053927031755917,-1.3576656508685851,-0.05513065477409018,47.0,48.0,48.0,40.0,42.0,26.0,29.0,25.0,52.0,96.27,3975442432,1563410432,1465274368,8.47,9.31,8.37,25297891328,9442430976
2026-05-13T11:58:55.306259+02:00,-0.02395211666079974,0.20557273688149982,0.21498155542970615,2.79254673061556,1.2363488376068357,-1.83179790821305,1.644474343708819,0.03280565373145927,-0.5643477551456881,0.11053927031755917,-1.3576656508685851,-0.05513065477409018,47.0,48.0,48.0,40.0,42.0,26.0,29.0,46.0,52.0,96.27,3975442432,1563410432,1465274368,8.47,9.31,8.37,25297891328,9442430976
2026-05-13T11:58:55.357453+02:00,-0.02395211666079974,0.20557273688149982,0.21498155542970615,2.79254673061556,1.2363488376068357,-1.83179790821305,1.644474343708819,0.03280565373145927,-0.5643477551456881,0.11053927031755917,-1.3576656508685851,-0.05513065477409018,47.0,48.0,48.0,40.0,42.0,26.0,29.0,46.0,52.0,96.27,3975442432,1563410432,1465274368,8.47,9.31,8.37,25297891328,9442430976
2026-05-13T11:58:55.412864+02:00,-0.02395211666079974,0.20557273688149982,0.21498155542970615,2.79254673061556,1.2363488376068357,-1.83179790821305,1.644474343708819,0.03280565373145927,-0.5643477551456881,0.11053927031755917,-1.3576656508685851,-0.05513065477409018,47.0,48.0,48.0,40.0,42.0,26.0,29.0,46.0,52.0,96.27,3975442432,1563410432,1465274368,8.47,9.31,8.37,25297891328,9442430976
2026-05-13T11:58:55.467905+02:00,-0.02395211666079974,0.20557273688149982,0.21498155542970615,2.79254673061556,1.2363488376068357,-1.83179790821305,1.644474343708819,0.03280565373145927,-0.5643477551456881,0.11053927031755917,-1.3576656508685851,-0.05513065477409018,47.0,48.0,48.0,40.0,42.0,26.0,29.0,46.0,52.0,96.27,3975442432,1563410432,1465274368,8.47,9.31,8.37,25297891328,9442430976
2026-05-13T11:58:55.518876+02:00,-0.02395211666079974,0.20557273688149982,0.21498155542970615,2.79254673061556,1.2363488376068357,-1.83179790821305,1.644474343708819,0.03280565373145927,-0.5643477551456881,0.11053927031755917,-1.3576656508685851,-0.05513065477409018,47.0,48.0,48.0,40.0,42.0,26.0,29.0,46.0,52.0,96.27,3975442432,1563410432,1465274368,8.47,9.31,8.37,25297891328,9442430976
2026-05-13T11:58:55.573897+02:00,-0.02395211666079974,0.20557273688149982,0.21498155542970615,2.79254673061556,1.2363488376068357,-1.83179790821305,1.644474343708819,0.03280565373145927,-0.5643477551456881,0.11053927031755917,-1.3576656508685851,-0.05513065477409018,47.0,48.0,48.0,40.0,42.0,26.0,29.0,46.0,52.0,96.27,3975442432,1563410432,1465274368,8.47,9.31,8.37,25297891328,9442430976
2026-05-13T11:58:55.628024+02:00,-0.02395211666079974,0.20557273688149982,0.21498155542970615,2.79254673061556,1.2363488376068357,-1.83179790821305,1.644474343708819,0.03280565373145927,-0.5643477551456881,0.11053927031755917,-1.3576656508685851,-0.05513065477409018,47.0,48.0,48.0,40.0,42.0,26.0,29.0,46.0,52.0,96.27,3975442432,1563410432,1465274368,8.47,9.31,8.37,25297891328,9442430976
2026-05-13T11:58:55.678158+02:00,-0.02395211666079974,0.20557273688149982,0.21498155542970615,2.79254673061556,1.2363488376068357,-1.83179790821305,1.644474343708819,0.03280565373145927,-0.5643477551456881,0.11053927031755917,-1.3576656508685851,-0.05513065477409018,47.0,48.0,48.0,40.0,42.0,26.0,29.0,46.0,52.0,96.27,3975442432,1563410432,1465274368,8.47,9.31,8.37,25297891328,9442430976
2026-05-13T11:58:55.728783+02:00,-0.02395211666079974,0.20557273688149982,0.21498155542970615,2.79254673061556,1.2363488376068357,-1.83179790821305,1.644474343708819,0.03280565373145927,-0.5643477551456881,0.11053927031755917,-1.3576656508685851,-0.05513065477409018,47.0,48.0,48.0,40.0,42.0,26.0,29.0,46.0,52.0,96.27,3975442432,1563410432,1465274368,8.47,9.31,8.37,25297891328,9442430976
2026-05-13T11:58:55.783753+02:00,-0.02395211666079974,0.20557273688149982,0.21498155542970615,2.79254673061556,1.2363488376068357,-1.83179790821305,1.644474343708819,0.03280565373145927,-0.5643477551456881,0.11053927031755917,-1.3576656508685851,-0.05513065477409018,47.0,48.0,48.0,40.0,42.0,26.0,29.0,46.0,52.0,96.27,3975442432,1563410432,1465274368,8.47,9.31,8.37,25297891328,9442430976
2026-05-13T11:58:55.838768+02:00,-0.02395211666079974,0.20557273688149982,0.21498155542970615,2.79254673061556,1.2363488376068357,-1.83179790821305,1.644474343708819,0.03280565373145927,-0.5643477551456881,0.11053927031755917,-1.3576656508685851,-0.05513065477409018,47.0,48.0,48.0,40.0,42.0,26.0,29.0,46.0,52.0,96.27,3975442432,1563410432,1465274368,8.47,9.31,8.37,25297891328,9442430976
2026-05-13T11:58:55.893353+02:00,-0.02395211666079974,0.20557273688149982,0.21498155542970615,2.79254673061556,1.2363488376068357,-1.83179790821305,1.644474343708819,0.03280565373145927,-0.5643477551456881,0.11053927031755917,-1.3576656508685851,-0.05513065477409018,47.0,48.0,48.0,40.0,42.0,26.0,29.0,46.0,52.0,96.27,3975442432,1563410432,1465274368,8.47,9.31,8.37,25297891328,9442430976
2026-05-13T11:58:55.943516+02:00,-0.02395211666079974,0.20557273688149982,0.21498155542970615,2.79254673061556,1.2363488376068357,-1.83179790821305,1.644474343708819,0.03280565373145927,-0.5643477551456881,0.11053927031755917,-1.3576656508685851,-0.05513065477409018,47.0,48.0,48.0,40.0,42.0,26.0,29.0,46.0,52.0,96.27,3975442432,1563410432,1465274368,8.47,9.31,8.37,25297891328,9442430976
2026-05-13T11:58:55.998547+02:00,-0.02395211666079974,0.20557273688149982,0.21498155542970615,2.79254673061556,1.2363488376068357,-1.83179790821305,1.644474343708819,0.03280565373145927,-0.5643477551456881,0.11053927031755917,-1.3576656508685851,-0.05513065477409018,47.0,48.0,48.0,40.0,42.0,26.0,29.0,46.0,52.0,97.01,3975442432,1563840512,1464811520,8.47,9.31,8.37,25297891328,9442443264
2026-05-13T11:58:56.049749+02:00,-0.02395211666079974,0.20557273688149982,0.21498155542970615,2.79254673061556,1.2363488376068357,-1.83179790821305,1.644474343708819,0.03280565373145927,-0.5643477551456881,0.11053927031755917,-1.3576656508685851,-0.05513065477409018,47.0,48.0,48.0,40.0,42.0,26.0,29.0,46.0,52.0,97.01,3975442432,1563840512,1464811520,8.47,9.31,8.37,25297891328,9442443264
2026-05-13T11:58:56.099919+02:00,-0.02395685245488331,0.20569827638706178,0.2149549576665083,2.7912621430062403,1.2378167512169835,-1.833157500808316,1.644474343708819,0.03280565373145927,-0.5643477551456881,0.11053927031755917,-1.3576656508685851,-0.05513065477409018,47.0,48.0,48.0,40.0,42.0,26.0,29.0,46.0,52.0,97.01,3975442432,1563840512,1464811520,8.47,9.31,8.37,25297891328,9442443264
2026-05-13T11:58:56.151467+02:00,-0.02395685245488331,0.20569827638706178,0.2149549576665083,2.7912621430062403,1.2378167512169835,-1.833157500808316,1.644474343708819,0.03280565373145927,-0.5643477551456881,0.11053927031755917,-1.3576656508685851,-0.05513065477409018,47.0,48.0,48.0,40.0,42.0,26.0,29.0,46.0,52.0,97.01,3975442432,1563840512,1464811520,8.47,9.31,8.37,25297891328,9442443264
2026-05-13T11:58:56.201888+02:00,-0.02395685245488331,0.20569827638706178,0.2149549576665083,2.7912621430062403,1.2378167512169835,-1.833157500808316,1.644474343708819,0.03280565373145927,-0.5643477551456881,0.11053927031755917,-1.3576656508685851,-0.05513065477409018,47.0,48.0,48.0,40.0,42.0,26.0,29.0,46.0,52.0,97.01,3975442432,1563840512,1464811520,8.47,9.31,8.37,25297891328,9442443264
2026-05-13T11:58:56.253317+02:00,-0.02395685245488331,0.20569827638706178,0.2149549576665083,2.7912621430062403,1.2378167512169835,-1.833157500808316,1.644474343708819,0.03280565373145927,-0.5643477551456881,0.11053927031755917,-1.3576656508685851,-0.05513065477409018,47.0,48.0,48.0,40.0,42.0,26.0,29.0,46.0,52.0,97.01,3975442432,1563840512,1464811520,8.47,9.31,8.37,25297891328,9442443264
2026-05-13T11:58:56.303569+02:00,-0.023952116660799754,0.2055727368814998,0.21498155542970618,2.7910127498276753,1.2363488376068357,-1.8317979082130487,1.644474343708819,0.03280565373145927,-0.5643477551456881,0.11053927031755917,-1.3576656508685851,-0.056664635561975985,47.0,48.0,48.0,40.0,42.0,26.0,29.0,46.0,52.0,97.01,3975442432,1563840512,1464811520,8.47,9.31,8.37,25297891328,9442443264
2026-05-13T11:58:56.354505+02:00,-0.023952116660799754,0.2055727368814998,0.21498155542970618,2.7910127498276753,1.2363488376068357,-1.8317979082130487,1.644474343708819,0.03280565373145927,-0.5643477551456881,0.11053927031755917,-1.3576656508685851,-0.056664635561975985,47.0,48.0,48.0,40.0,42.0,26.0,29.0,46.0,52.0,97.01,3975442432,1563840512,1464811520,8.47,9.31,8.37,25297891328,9442443264
2026-05-13T11:58:56.406458+02:00,-0.023952116660799754,0.2055727368814998,0.21498155542970618,2.7910127498276753,1.2363488376068357,-1.8317979082130487,1.644474343708819,0.03280565373145927,-0.5643477551456881,0.11053927031755917,-1.3576656508685851,-0.056664635561975985,47.0,48.0,48.0,40.0,42.0,26.0,29.0,46.0,52.0,97.01,3975442432,1563840512,1464811520,8.47,9.31,8.37,25297891328,9442443264
2026-05-13T11:58:56.459971+02:00,-0.023952116660799754,0.2055727368814998,0.21498155542970618,2.7910127498276753,1.2363488376068357,-1.8317979082130487,1.644474343708819,0.03280565373145927,-0.5643477551456881,0.11053927031755917,-1.3576656508685851,-0.056664635561975985,47.0,48.0,48.0,40.0,42.0,26.0,29.0,46.0,52.0,97.01,3975442432,1563840512,1464811520,8.47,9.31,8.37,25297891328,9442443264
2026-05-13T11:58:56.510088+02:00,-0.023952116660799754,0.2055727368814998,0.21498155542970618,2.7910127498276753,1.2363488376068357,-1.8317979082130487,1.644474343708819,0.03280565373145927,-0.5643477551456881,0.11053927031755917,-1.3576656508685851,-0.056664635561975985,47.0,48.0,48.0,40.0,42.0,26.0,29.0,46.0,52.0,97.01,3975442432,1563840512,1464811520,8.47,9.31,8.37,25297891328,9442443264
2026-05-13T11:58:56.561370+02:00,-0.023952116660799754,0.2055727368814998,0.21498155542970618,2.7910127498276753,1.2363488376068357,-1.8317979082130487,1.644474343708819,0.03280565373145927,-0.5643477551456881,0.11053927031755917,-1.3576656508685851,-0.056664635561975985,47.0,48.0,48.0,40.0,42.0,26.0,29.0,46.0,52.0,97.01,3975442432,1563840512,1464811520,8.47,9.31,8.37,25297891328,9442443264
2026-05-13T11:58:56.615006+02:00,-0.023952116660799754,0.2055727368814998,0.21498155542970618,2.7910127498276753,1.2363488376068357,-1.8317979082130487,1.644474343708819,0.03280565373145927,-0.5643477551456881,0.11053927031755917,-1.3576656508685851,-0.056664635561975985,47.0,48.0,48.0,40.0,42.0,26.0,29.0,46.0,52.0,97.01,3975442432,1563840512,1464811520,8.47,9.31,8.37,25297891328,9442443264
2026-05-13T11:58:56.666569+02:00,-0.023952116660799754,0.2055727368814998,0.21498155542970618,2.7910127498276753,1.2363488376068357,-1.8317979082130487,1.644474343708819,0.03280565373145927,-0.5643477551456881,0.11207325110544453,-1.3576656508685851,-0.056664635561975985,47.0,48.0,48.0,40.0,42.0,26.0,29.0,46.0,52.0,97.01,3975442432,1563840512,1464811520,8.47,9.31,8.37,25297891328,9442443264
2026-05-13T11:58:56.717908+02:00,-0.023952116660799754,0.2055727368814998,0.21498155542970618,2.7910127498276753,1.2363488376068357,-1.8317979082130487,1.644474343708819,0.03280565373145927,-0.5643477551456881,0.11207325110544453,-1.3576656508685851,-0.056664635561975985,47.0,48.0,48.0,40.0,42.0,26.0,29.0,46.0,52.0,97.01,3975442432,1563840512,1464811520,8.47,9.31,8.37,25297891328,9442443264
2026-05-13T11:58:56.768294+02:00,-0.023952116660799754,0.2055727368814998,0.21498155542970618,2.7910127498276753,1.2363488376068357,-1.8317979082130487,1.644474343708819,0.03280565373145927,-0.5643477551456881,0.11207325110544453,-1.3576656508685851,-0.056664635561975985,47.0,48.0,48.0,40.0,42.0,26.0,29.0,46.0,52.0,97.01,3975442432,1563840512,1464811520,8.47,9.31,8.37,25297891328,9442443264
2026-05-13T11:58:56.820937+02:00,-0.023952116660799754,0.2055727368814998,0.21498155542970618,2.7910127498276753,1.2363488376068357,-1.8317979082130487,1.644474343708819,0.03280565373145927,-0.5643477551456881,0.11207325110544453,-1.3576656508685851,-0.056664635561975985,47.0,48.0,48.0,40.0,42.0,26.0,29.0,46.0,52.0,97.01,3975442432,1563840512,1464811520,8.47,9.31,8.37,25297891328,9442443264
2026-05-13T11:58:56.875951+02:00,-0.024073277719994863,0.20557066636417443,0.2149932119674817,2.787213089543568,1.2359117693178254,-1.8361642827573377,1.644474343708819,0.03280565373145927,-0.5643477551456881,0.11207325110544453,-1.3576656508685851,-0.056664635561975985,47.0,48.0,48.0,40.0,42.0,26.0,29.0,46.0,52.0,97.01,3975442432,1563840512,1464811520,8.47,9.31,8.37,25297891328,9442443264
2026-05-13T11:58:56.928271+02:00,-0.024073277719994863,0.20557066636417443,0.2149932119674817,2.787213089543568,1.2359117693178254,-1.8361642827573377,1.644474343708819,0.03280565373145927,-0.5643477551456881,0.11207325110544453,-1.3576656508685851,-0.056664635561975985,47.0,48.0,48.0,40.0,42.0,26.0,29.0,46.0,52.0,97.01,3975442432,1563840512,1464811520,8.47,9.31,8.37,25297891328,9442443264
2026-05-13T11:58:56.978471+02:00,-0.024073277719994863,0.20557066636417443,0.2149932119674817,2.787213089543568,1.2359117693178254,-1.8361642827573377,1.644474343708819,0.03280565373145927,-0.5643477551456881,0.11207325110544453,-1.3576656508685851,-0.056664635561975985,47.0,48.0,48.0,40.0,42.0,26.0,29.0,46.0,52.0,97.01,3975442432,1563840512,1464811520,8.47,9.31,8.37,25297891328,9442443264
2026-05-13T11:58:57.029163+02:00,-0.024073277719994863,0.20557066636417443,0.2149932119674817,2.787213089543568,1.2359117693178254,-1.8361642827573377,1.644474343708819,0.03280565373145927,-0.5643477551456881,0.11207325110544453,-1.3576656508685851,-0.056664635561975985,47.0,48.0,48.0,40.0,42.0,26.0,29.0,46.0,52.0,97.18,3975442432,1569669120,1458937856,8.67,9.34,8.38,25297891328,9442455552
2026-05-13T11:58:57.083350+02:00,-0.024073277719994863,0.20557066636417443,0.2149932119674817,2.787213089543568,1.2359117693178254,-1.8361642827573377,1.644474343708819,0.03280565373145927,-0.5643477551456881,0.11207325110544453,-1.3576656508685851,-0.056664635561975985,47.0,48.0,48.0,40.0,42.0,26.0,29.0,46.0,52.0,97.18,3975442432,1569669120,1458937856,8.67,9.34,8.38,25297891328,9442455552
2026-05-13T11:58:57.134352+02:00,-0.024073277719994863,0.20557066636417443,0.2149932119674817,2.787213089543568,1.2359117693178254,-1.8361642827573377,1.644474343708819,0.03280565373145927,-0.5643477551456881,0.11207325110544453,-1.3576656508685851,-0.056664635561975985,47.0,48.0,48.0,40.0,42.0,26.0,29.0,46.0,52.0,97.18,3975442432,1569669120,1458937856,8.67,9.34,8.38,25297891328,9442455552
2026-05-13T11:58:57.189367+02:00,-0.024073277719994863,0.20557066636417443,0.2149932119674817,2.787213089543568,1.2359117693178254,-1.8361642827573377,1.644474343708819,0.03280565373145927,-0.5643477551456881,0.11207325110544453,-1.3576656508685851,-0.056664635561975985,47.0,48.0,48.0,40.0,42.0,26.0,29.0,46.0,52.0,97.18,3975442432,1569669120,1458937856,8.67,9.34,8.38,25297891328,9442455552
2026-05-13T11:58:57.243245+02:00,-0.024073277719994863,0.20557066636417443,0.2149932119674817,2.787213089543568,1.2359117693178254,-1.8361642827573377,1.644474343708819,0.03280565373145927,-0.5643477551456881,0.11207325110544453,-1.3576656508685851,-0.056664635561975985,47.0,48.0,48.0,40.0,42.0,26.0,29.0,46.0,52.0,97.18,3975442432,1569669120,1458937856,8.67,9.34,8.38,25297891328,9442455552
2026-05-13T11:58:57.293906+02:00,-0.024073277719994863,0.20557066636417443,0.2149932119674817,2.787213089543568,1.2359117693178254,-1.8361642827573377,1.644474343708819,0.03280565373145927,-0.5643477551456881,0.11207325110544453,-1.3576656508685851,-0.056664635561975985,47.0,48.0,48.0,40.0,42.0,26.0,29.0,25.0,53.0,97.18,3975442432,1569669120,1458937856,8.67,9.34,8.38,25297891328,9442455552
2026-05-13T11:58:57.347926+02:00,-0.024073277719994863,0.20557066636417443,0.2149932119674817,2.787213089543568,1.2359117693178254,-1.8361642827573377,1.644474343708819,0.03280565373145927,-0.5643477551456881,0.11207325110544453,-1.3576656508685851,-0.056664635561975985,47.0,48.0,48.0,40.0,42.0,26.0,29.0,25.0,53.0,97.18,3975442432,1569669120,1458937856,8.67,9.34,8.38,25297891328,9442455552
2026-05-13T11:58:57.401049+02:00,-0.024073277719994863,0.20557066636417443,0.2149932119674817,2.787213089543568,1.2359117693178254,-1.8361642827573377,1.644474343708819,0.03280565373145927,-0.5643477551456881,0.11207325110544453,-1.3576656508685851,-0.056664635561975985,47.0,48.0,48.0,40.0,42.0,26.0,29.0,25.0,53.0,97.18,3975442432,1569669120,1458937856,8.67,9.34,8.38,25297891328,9442455552
2026-05-13T11:58:57.456094+02:00,-0.024073277719994863,0.20557066636417443,0.2149932119674817,2.787213089543568,1.2359117693178254,-1.8361642827573377,1.644474343708819,0.03280565373145927,-0.5643477551456881,0.11207325110544453,-1.3576656508685851,-0.056664635561975985,47.0,48.0,48.0,40.0,42.0,26.0,29.0,25.0,53.0,97.18,3975442432,1569669120,1458937856,8.67,9.34,8.38,25297891328,9442455552
2026-05-13T11:58:57.508460+02:00,-0.024073277719994863,0.20557066636417443,0.2149932119674817,2.787213089543568,1.2359117693178254,-1.8361642827573377,1.644474343708819,0.03280565373145927,-0.5643477551456881,0.11207325110544453,-1.3561316700806993,-0.056664635561975985,47.0,48.0,48.0,40.0,42.0,26.0,29.0,25.0,53.0,97.18,3975442432,1569669120,1458937856,8.67,9.34,8.38,25297891328,9442455552
2026-05-13T11:58:57.561453+02:00,-0.024073277719994863,0.20557066636417443,0.2149932119674817,2.787213089543568,1.2359117693178254,-1.8361642827573377,1.644474343708819,0.03280565373145927,-0.5643477551456881,0.11207325110544453,-1.3561316700806993,-0.056664635561975985,47.0,48.0,48.0,40.0,42.0,26.0,29.0,25.0,53.0,97.18,3975442432,1569669120,1458937856,8.67,9.34,8.38,25297891328,9442455552
2026-05-13T11:58:57.616265+02:00,-0.024073277719994863,0.20557066636417443,0.2149932119674817,2.787213089543568,1.2359117693178254,-1.8361642827573377,1.644474343708819,0.03280565373145927,-0.5643477551456881,0.11207325110544453,-1.3561316700806993,-0.056664635561975985,47.0,48.0,48.0,40.0,42.0,26.0,29.0,25.0,53.0,97.18,3975442432,1569669120,1458937856,8.67,9.34,8.38,25297891328,9442455552
2026-05-13T11:58:57.667780+02:00,-0.024073277719994863,0.20557066636417443,0.2149932119674817,2.787213089543568,1.2359117693178254,-1.8361642827573377,1.644474343708819,0.03280565373145927,-0.5643477551456881,0.11207325110544453,-1.3561316700806993,-0.056664635561975985,47.0,48.0,48.0,40.0,42.0,26.0,29.0,25.0,53.0,97.18,3975442432,1569669120,1458937856,8.67,9.34,8.38,25297891328,9442455552
2026-05-13T11:58:57.719818+02:00,-0.024073277719994863,0.20557066636417443,0.2149932119674817,2.787213089543568,1.2359117693178254,-1.8361642827573377,1.644474343708819,0.03280565373145927,-0.5643477551456881,0.11207325110544453,-1.3576656508685851,-0.056664635561975985,47.0,48.0,48.0,40.0,42.0,26.0,29.0,25.0,53.0,97.18,3975442432,1569669120,1458937856,8.67,9.34,8.38,25297891328,9442455552
2026-05-13T11:58:57.774831+02:00,-0.024073277719994863,0.20557066636417443,0.2149932119674817,2.787213089543568,1.2359117693178254,-1.8361642827573377,1.644474343708819,0.03280565373145927,-0.5643477551456881,0.11207325110544453,-1.3576656508685851,-0.056664635561975985,47.0,48.0,48.0,40.0,42.0,26.0,29.0,25.0,53.0,97.18,3975442432,1569669120,1458937856,8.67,9.34,8.38,25297891328,9442455552
2026-05-13T11:58:57.826820+02:00,-0.024073277719994863,0.20557066636417443,0.2149932119674817,2.787213089543568,1.2359117693178254,-1.8361642827573377,1.644474343708819,0.03280565373145927,-0.5643477551456881,0.11207325110544453,-1.3576656508685851,-0.056664635561975985,47.0,48.0,48.0,40.0,42.0,26.0,29.0,25.0,53.0,97.18,3975442432,1569669120,1458937856,8.67,9.34,8.38,25297891328,9442455552
2026-05-13T11:58:57.877966+02:00,-0.024073277719994863,0.20557066636417443,0.2149932119674817,2.787213089543568,1.2359117693178254,-1.8361642827573377,1.644474343708819,0.03280565373145927,-0.5643477551456881,0.11207325110544453,-1.3576656508685851,-0.056664635561975985,47.0,48.0,48.0,40.0,42.0,26.0,29.0,25.0,53.0,97.18,3975442432,1569669120,1458937856,8.67,9.34,8.38,25297891328,9442455552
2026-05-13T11:58:57.929985+02:00,-0.024073277719994863,0.20557066636417443,0.2149932119674817,2.787213089543568,1.2359117693178254,-1.8361642827573377,1.644474343708819,0.03280565373145927,-0.5673776467271503,0.11053927031755917,-1.3576656508685851,-0.056664635561975985,47.0,48.0,48.0,40.0,42.0,26.0,29.0,25.0,53.0,97.18,3975442432,1569669120,1458937856,8.67,9.34,8.38,25297891328,9442455552
2026-05-13T11:58:57.980831+02:00,-0.024073277719994863,0.20557066636417443,0.2149932119674817,2.787213089543568,1.2359117693178254,-1.8361642827573377,1.644474343708819,0.03280565373145927,-0.5673776467271503,0.11053927031755917,-1.3576656508685851,-0.056664635561975985,47.0,48.0,48.0,40.0,42.0,26.0,29.0,25.0,53.0,97.18,3975442432,1569669120,1458937856,8.67,9.34,8.38,25297891328,9442455552
2026-05-13T11:58:58.031604+02:00,-0.024073277719994863,0.20557066636417443,0.2149932119674817,2.787213089543568,1.2359117693178254,-1.8361642827573377,1.644474343708819,0.03280565373145927,-0.5673776467271503,0.11053927031755917,-1.3576656508685851,-0.056664635561975985,47.0,48.0,48.0,40.0,42.0,26.0,29.0,25.0,53.0,97.18,3975442432,1569669120,1458937856,8.67,9.34,8.38,25297891328,9442455552
2026-05-13T11:58:58.086645+02:00,-0.024552819245122075,0.20488353725331138,0.21159995853038058,2.7659949499107768,1.2390455018526432,-1.8189825161890407,1.6520839792475148,0.025230924777803865,-0.5870719420066544,0.09673344322658828,-1.316248169595673,-0.12569377101682955,47.0,48.0,48.0,40.0,42.0,26.0,29.0,25.0,53.0,94.57,3975442432,1572605952,1455996928,8.67,9.34,8.38,25297891328,9442463744
2026-05-13T11:58:58.141667+02:00,-0.024552819245122075,0.20488353725331138,0.21159995853038058,2.7659949499107768,1.2390455018526432,-1.8189825161890407,1.6520839792475148,0.025230924777803865,-0.5870719420066544,0.09673344322658828,-1.316248169595673,-0.12569377101682955,47.0,48.0,48.0,40.0,42.0,26.0,29.0,25.0,53.0,94.57,3975442432,1572605952,1455996928,8.67,9.34,8.38,25297891328,9442463744
2026-05-13T11:58:58.195626+02:00,-0.024552819245122075,0.20488353725331138,0.21159995853038058,2.7659949499107768,1.2390455018526432,-1.8189825161890407,1.6520839792475148,0.025230924777803865,-0.5870719420066544,0.09673344322658828,-1.316248169595673,-0.12569377101682955,47.0,48.0,48.0,40.0,42.0,26.0,29.0,25.0,53.0,94.57,3975442432,1572605952,1455996928,8.67,9.34,8.38,25297891328,9442463744
2026-05-13T11:58:58.250650+02:00,-0.024552819245122075,0.20488353725331138,0.21159995853038058,2.7659949499107768,1.2390455018526432,-1.8189825161890407,1.6520839792475148,0.025230924777803865,-0.5870719420066544,0.09673344322658828,-1.316248169595673,-0.12569377101682955,47.0,48.0,48.0,40.0,42.0,26.0,29.0,25.0,53.0,94.57,3975442432,1572605952,1455996928,8.67,9.34,8.38,25297891328,9442463744
2026-05-13T11:58:58.304066+02:00,-0.02480043569699963,0.20508934149155295,0.2024928777932028,2.716657988421045,1.267930359224681,-1.7561243850575374,1.6688251774326441,0.011596412661224131,-0.6279754783563934,0.0706557698325323,-1.2395491302013908,-0.24994621483556667,47.0,48.0,48.0,40.0,42.0,26.0,29.0,25.0,53.0,94.57,3975442432,1572605952,1455996928,8.67,9.34,8.38,25297891328,9442463744
2026-05-13T11:58:58.355163+02:00,-0.02480043569699963,0.20508934149155295,0.2024928777932028,2.716657988421045,1.267930359224681,-1.7561243850575374,1.6688251774326441,0.011596412661224131,-0.6279754783563934,0.0706557698325323,-1.2395491302013908,-0.24994621483556667,47.0,48.0,48.0,40.0,42.0,26.0,29.0,25.0,53.0,94.57,3975442432,1572605952,1455996928,8.67,9.34,8.38,25297891328,9442463744
2026-05-13T11:58:58.409935+02:00,-0.02480043569699963,0.20508934149155295,0.2024928777932028,2.716657988421045,1.267930359224681,-1.7561243850575374,1.6688251774326441,0.011596412661224131,-0.6279754783563934,0.0706557698325323,-1.2395491302013908,-0.24994621483556667,47.0,48.0,48.0,40.0,42.0,26.0,29.0,25.0,53.0,94.57,3975442432,1572605952,1455996928,8.67,9.34,8.38,25297891328,9442463744
2026-05-13T11:58:58.462285+02:00,-0.02480043569699963,0.20508934149155295,0.2024928777932028,2.716657988421045,1.267930359224681,-1.7561243850575374,1.6688251774326441,0.011596412661224131,-0.6279754783563934,0.0706557698325323,-1.2395491302013908,-0.24994621483556667,47.0,48.0,48.0,40.0,42.0,26.0,29.0,25.0,53.0,94.57,3975442432,1572605952,1455996928,8.67,9.34,8.38,25297891328,9442463744
2026-05-13T11:58:58.513030+02:00,-0.025297668715744136,0.20530892236463916,0.19255823041279102,2.6607644843812377,1.3021629698875428,-1.6819443377218446,1.6870883027255128,-0.009612828409010898,-0.6749387978690569,0.03384023092327704,-1.1137627055947683,-0.38953846653316004,47.0,48.0,48.0,40.0,42.0,26.0,29.0,25.0,53.0,94.57,3975442432,1572605952,1455996928,8.67,9.34,8.38,25297891328,9442463744
2026-05-13T11:58:58.565914+02:00,-0.025297668715744136,0.20530892236463916,0.19255823041279102,2.6607644843812377,1.3021629698875428,-1.6819443377218446,1.6870883027255128,-0.009612828409010898,-0.6749387978690569,0.03384023092327704,-1.1137627055947683,-0.38953846653316004,47.0,48.0,48.0,40.0,42.0,26.0,29.0,25.0,53.0,94.57,3975442432,1572605952,1455996928,8.67,9.34,8.38,25297891328,9442463744
2026-05-13T11:58:58.616789+02:00,-0.025297668715744136,0.20530892236463916,0.19255823041279102,2.6607644843812377,1.3021629698875428,-1.6819443377218446,1.6870883027255128,-0.009612828409010898,-0.6749387978690569,0.03384023092327704,-1.1137627055947683,-0.38953846653316004,47.0,48.0,48.0,40.0,42.0,26.0,29.0,25.0,53.0,94.57,3975442432,1572605952,1455996928,8.67,9.34,8.38,25297891328,9442463744
2026-05-13T11:58:58.667215+02:00,-0.027203880562527906,0.2049424795001968,0.17202227276302212,2.569315193458064,1.3661603034523058,-1.5309575208404267,1.7068733551261208,-0.0414266900143635,-0.7355366294983,0.0016266343776782932,-0.9588306460183182,-0.636509373382748,47.0,48.0,48.0,40.0,42.0,26.0,29.0,25.0,53.0,94.57,3975442432,1572605952,1455996928,8.67,9.34,8.38,25297891328,9442463744
2026-05-13T11:58:58.719362+02:00,-0.027203880562527906,0.2049424795001968,0.17202227276302212,2.569315193458064,1.3661603034523058,-1.5309575208404267,1.7068733551261208,-0.0414266900143635,-0.7355366294983,0.0016266343776782932,-0.9588306460183182,-0.636509373382748,47.0,48.0,48.0,40.0,42.0,26.0,29.0,25.0,53.0,94.57,3975442432,1572605952,1455996928,8.67,9.34,8.38,25297891328,9442463744
2026-05-13T11:58:58.774385+02:00,-0.027203880562527906,0.2049424795001968,0.17202227276302212,2.569315193458064,1.3661603034523058,-1.5309575208404267,1.7068733551261208,-0.0414266900143635,-0.7355366294983,0.0016266343776782932,-0.9588306460183182,-0.636509373382748,47.0,48.0,48.0,40.0,42.0,26.0,29.0,25.0,53.0,94.57,3975442432,1572605952,1455996928,8.67,9.34,8.38,25297891328,9442463744
2026-05-13T11:58:58.828865+02:00,-0.027203880562527906,0.2049424795001968,0.17202227276302212,2.569315193458064,1.3661603034523058,-1.5309575208404267,1.7068733551261208,-0.0414266900143635,-0.7355366294983,0.0016266343776782932,-0.9588306460183182,-0.636509373382748,47.0,48.0,48.0,40.0,42.0,26.0,29.0,25.0,53.0,94.57,3975442432,1572605952,1455996928,8.67,9.34,8.38,25297891328,9442463744
2026-05-13T11:58:58.881449+02:00,-0.027203880562527906,0.2049424795001968,0.17202227276302212,2.569315193458064,1.3661603034523058,-1.5309575208404267,1.7068733551261208,-0.0414266900143635,-0.7355366294983,0.0016266343776782932,-0.9588306460183182,-0.636509373382748,47.0,48.0,48.0,40.0,42.0,26.0,29.0,25.0,53.0,94.57,3975442432,1572605952,1455996928,8.67,9.34,8.38,25297891328,9442463744
2026-05-13T11:58:58.934319+02:00,-0.029823319782012477,0.20494303811842615,0.1488464838724837,2.4415454381171453,1.447630513934224,-1.338368791891521,1.7251364804189895,-0.08839000952702691,-0.794619515336812,-0.019849096652720277,-0.7977626632903263,-0.8420627989594243,47.0,48.0,48.0,40.0,42.0,26.0,29.0,25.0,53.0,94.57,3975442432,1572605952,1455996928,8.67,9.34,8.38,25297891328,9442463744
2026-05-13T11:58:58.988254+02:00,-0.029823319782012477,0.20494303811842615,0.1488464838724837,2.4415454381171453,1.447630513934224,-1.338368791891521,1.7251364804189895,-0.08839000952702691,-0.794619515336812,-0.019849096652720277,-0.7977626632903263,-0.8420627989594243,47.0,48.0,48.0,40.0,42.0,26.0,29.0,25.0,53.0,94.57,3975442432,1572605952,1455996928,8.67,9.34,8.38,25297891328,9442463744
2026-05-13T11:58:59.038840+02:00,-0.029823319782012477,0.20494303811842615,0.1488464838724837,2.4415454381171453,1.447630513934224,-1.338368791891521,1.7251364804189895,-0.08839000952702691,-0.794619515336812,-0.019849096652720277,-0.7977626632903263,-0.8420627989594243,47.0,48.0,48.0,40.0,42.0,26.0,29.0,25.0,53.0,94.57,3975442432,1572605952,1455996928,8.67,9.34,8.38,25297891328,9442463744
2026-05-13T11:58:59.093239+02:00,-0.03127722328667883,0.20480058090269232,0.13651441568774908,2.4257553624926054,1.4917245192021384,-1.2025700741249077,1.7357899701731623,-0.13232343745822828,-0.8355230516865512,-0.029052981380034204,-0.644364584501762,-1.0123346664147301,47.0,48.0,48.0,40.0,42.0,26.0,29.0,25.0,53.0,96.2,3975442432,1573982208,1454534656,8.67,9.34,8.38,25297891328,9442463744
2026-05-13T11:58:59.143255+02:00,-0.03127722328667883,0.20480058090269232,0.13651441568774908,2.4257553624926054,1.4917245192021384,-1.2025700741249077,1.7357899701731623,-0.13232343745822828,-0.8355230516865512,-0.029052981380034204,-0.644364584501762,-1.0123346664147301,47.0,48.0,48.0,40.0,42.0,26.0,29.0,25.0,53.0,96.2,3975442432,1573982208,1454534656,8.67,9.34,8.38,25297891328,9442463744
2026-05-13T11:58:59.193304+02:00,-0.03127722328667883,0.20480058090269232,0.13651441568774908,2.4257553624926054,1.4917245192021384,-1.2025700741249077,1.7357899701731623,-0.13232343745822828,-0.8355230516865512,-0.029052981380034204,-0.644364584501762,-1.0123346664147301,47.0,48.0,48.0,40.0,42.0,26.0,29.0,25.0,53.0,96.2,3975442432,1573982208,1454534656,8.67,9.34,8.38,25297891328,9442463744
2026-05-13T11:58:59.243914+02:00,-0.03127722328667883,0.20480058090269232,0.13651441568774908,2.4257553624926054,1.4917245192021384,-1.2025700741249077,1.7357899701731623,-0.13232343745822828,-0.8355230516865512,-0.029052981380034204,-0.644364584501762,-1.0123346664147301,47.0,48.0,48.0,40.0,42.0,26.0,29.0,25.0,53.0,96.2,3975442432,1573982208,1454534656,8.67,9.34,8.38,25297891328,9442463744
2026-05-13T11:58:59.298885+02:00,-0.03310442190597576,0.20393908732269697,0.12020740300705779,2.5383235367017773,1.5364170415928906,-0.9020551800823371,1.7418776786041188,-0.17474191959869845,-0.8612771301289794,-0.029052981380034204,-0.5431218525013097,-1.1611308028396374,47.0,48.0,48.0,40.0,42.0,26.0,29.0,25.0,53.0,96.2,3975442432,1573982208,1454534656,8.67,9.34,8.38,25297891328,9442463744
2026-05-13T11:58:59.351720+02:00,-0.03310442190597576,0.20393908732269697,0.12020740300705779,2.5383235367017773,1.5364170415928906,-0.9020551800823371,1.7418776786041188,-0.17474191959869845,-0.8612771301289794,-0.029052981380034204,-0.5431218525013097,-1.1611308028396374,47.0,48.0,48.0,40.0,42.0,26.0,29.0,25.0,53.0,96.2,3975442432,1573982208,1454534656,8.67,9.34,8.38,25297891328,9442463744
2026-05-13T11:58:59.406664+02:00,-0.03310442190597576,0.20393908732269697,0.12020740300705779,2.5383235367017773,1.5364170415928906,-0.9020551800823371,1.7418776786041188,-0.17474191959869845,-0.8612771301289794,-0.029052981380034204,-0.5431218525013097,-1.1611308028396374,47.0,48.0,48.0,40.0,42.0,26.0,29.0,25.0,53.0,96.2,3975442432,1573982208,1454534656,8.67,9.34,8.38,25297891328,9442463744
2026-05-13T11:58:59.456859+02:00,-0.03310442190597576,0.20393908732269697,0.12020740300705779,2.5383235367017773,1.5364170415928906,-0.9020551800823371,1.7418776786041188,-0.17474191959869845,-0.8612771301289794,-0.029052981380034204,-0.5431218525013097,-1.1611308028396374,47.0,48.0,48.0,40.0,42.0,26.0,29.0,25.0,53.0,96.2,3975442432,1573982208,1454534656,8.67,9.34,8.38,25297891328,9442463744
2026-05-13T11:58:59.510052+02:00,-0.03530267464145588,0.20355246774766167,0.10709633937632712,-2.193030290786249,1.5555145925690226,0.812551138741161,1.7479653870350753,-0.21716040173916862,-0.8779415338270213,-0.022917058228491882,-0.4572189283797141,-1.2807813042947176,47.0,48.0,48.0,40.0,42.0,26.0,29.0,25.0,53.0,96.2,3975442432,1573982208,1454534656,8.67,9.34,8.38,25297891328,9442463744
2026-05-13T11:58:59.565111+02:00,-0.03530267464145588,0.20355246774766167,0.10709633937632712,-2.193030290786249,1.5555145925690226,0.812551138741161,1.7479653870350753,-0.21716040173916862,-0.8779415338270213,-0.022917058228491882,-0.4572189283797141,-1.2807813042947176,47.0,48.0,48.0,40.0,42.0,26.0,29.0,25.0,53.0,96.2,3975442432,1573982208,1454534656,8.67,9.34,8.38,25297891328,9442463744
2026-05-13T11:58:59.617517+02:00,-0.03530267464145588,0.20355246774766167,0.10709633937632712,-2.193030290786249,1.5555145925690226,0.812551138741161,1.7479653870350753,-0.21716040173916862,-0.8779415338270213,-0.022917058228491882,-0.4572189283797141,-1.2807813042947176,47.0,48.0,48.0,40.0,42.0,26.0,29.0,25.0,53.0,96.2,3975442432,1573982208,1454534656,8.67,9.34,8.38,25297891328,9442463744
2026-05-13T11:58:59.671900+02:00,-0.03614770938444893,0.20291349047456722,0.09952182087851734,-1.6973652438649818,1.5490719059277607,1.3831522645479948,1.7510092412505531,-0.2429144801815969,-0.8840013169899457,-0.010645211925406795,-0.41886940868257305,-1.3467424781738,47.0,48.0,48.0,40.0,42.0,26.0,29.0,25.0,53.0,96.2,3975442432,1573982208,1454534656,8.67,9.34,8.38,25297891328,9442463744
2026-05-13T11:58:59.724531+02:00,-0.03614770938444893,0.20291349047456722,0.09952182087851734,-1.6973652438649818,1.5490719059277607,1.3831522645479948,1.7510092412505531,-0.2429144801815969,-0.8840013169899457,-0.010645211925406795,-0.41886940868257305,-1.3467424781738,47.0,48.0,48.0,40.0,42.0,26.0,29.0,25.0,53.0,96.2,3975442432,1573982208,1454534656,8.67,9.34,8.38,25297891328,9442463744
2026-05-13T11:58:59.779917+02:00,-0.03614770938444893,0.20291349047456722,0.09952182087851734,-1.6973652438649818,1.5490719059277607,1.3831522645479948,1.7510092412505531,-0.2429144801815969,-0.8840013169899457,-0.010645211925406795,-0.41886940868257305,-1.3467424781738,47.0,48.0,48.0,40.0,42.0,26.0,29.0,25.0,53.0,96.2,3975442432,1573982208,1454534656,8.67,9.34,8.38,25297891328,9442463744
2026-05-13T11:58:59.831835+02:00,-0.03614770938444893,0.20291349047456722,0.09952182087851734,-1.6973652438649818,1.5490719059277607,1.3831522645479948,1.7510092412505531,-0.2429144801815969,-0.8840013169899457,-0.010645211925406795,-0.41886940868257305,-1.3467424781738,47.0,48.0,48.0,40.0,42.0,26.0,29.0,25.0,53.0,96.2,3975442432,1573982208,1454534656,8.67,9.34,8.38,25297891328,9442463744
2026-05-13T11:58:59.882344+02:00,-0.03614770938444893,0.20291349047456722,0.09952182087851734,-1.6973652438649818,1.5490719059277607,1.3831522645479948,1.7510092412505531,-0.2429144801815969,-0.8840013169899457,-0.010645211925406795,-0.41886940868257305,-1.3467424781738,47.0,48.0,48.0,40.0,42.0,26.0,29.0,25.0,53.0,96.2,3975442432,1573982208,1454534656,8.67,9.34,8.38,25297891328,9442463744
2026-05-13T11:58:59.937582+02:00,-0.03614770938444893,0.20291349047456722,0.09952182087851734,-1.6973652438649818,1.5490719059277607,1.3831522645479948,1.7510092412505531,-0.2429144801815969,-0.8840013169899457,-0.010645211925406795,-0.41886940868257305,-1.3467424781738,47.0,48.0,48.0,40.0,42.0,26.0,29.0,25.0,53.0,96.2,3975442432,1573982208,1454534656,8.67,9.34,8.38,25297891328,9442463744
2026-05-13T11:58:59.988408+02:00,-0.03681699681479899,0.20348657765102898,0.09393299844571758,-1.496352543464335,1.5391693261078438,1.6203541777142787,1.7510092412505531,-0.2732133959962185,-0.8855162627806767,-0.010645211925406795,-0.375917946621775,-1.355946362901114,47.0,48.0,48.0,40.0,42.0,26.0,29.0,25.0,53.0,96.2,3975442432,1573982208,1454534656,8.67,9.34,8.38,25297891328,9442463744
2026-05-13T11:59:00.040726+02:00,-0.03681699681479899,0.20348657765102898,0.09393299844571758,-1.496352543464335,1.5391693261078438,1.6203541777142787,1.7510092412505531,-0.2732133959962185,-0.8855162627806767,-0.010645211925406795,-0.375917946621775,-1.355946362901114,47.0,48.0,48.0,40.0,42.0,26.0,29.0,25.0,53.0,98.46,3975442432,1579921408,1448595456,8.67,9.34,8.38,25297891328,9442463744
2026-05-13T11:59:00.094556+02:00,-0.03687357188695462,0.2036354009225622,0.08712262608499476,-1.4903350974294594,1.540300387511724,1.626512344267505,1.7494873141428138,-0.31866176971815086,-0.8840013169899457,-0.010645211925406795,-0.32989852298520583,-1.355946362901114,47.0,48.0,48.0,40.0,42.0,26.0,29.0,25.0,53.0,98.46,3975442432,1579921408,1448595456,8.67,9.34,8.38,25297891328,9442463744
2026-05-13T11:59:00.144863+02:00,-0.03687357188695462,0.2036354009225622,0.08712262608499476,-1.4903350974294594,1.540300387511724,1.626512344267505,1.7494873141428138,-0.31866176971815086,-0.8840013169899457,-0.010645211925406795,-0.32989852298520583,-1.355946362901114,47.0,48.0,48.0,40.0,42.0,26.0,29.0,25.0,53.0,98.46,3975442432,1579921408,1448595456,8.67,9.34,8.38,25297891328,9442463744
2026-05-13T11:59:00.195771+02:00,-0.03687357188695462,0.2036354009225622,0.08712262608499476,-1.4903350974294594,1.540300387511724,1.626512344267505,1.7494873141428138,-0.31866176971815086,-0.8840013169899457,-0.010645211925406795,-0.32989852298520583,-1.355946362901114,47.0,48.0,48.0,40.0,42.0,26.0,29.0,25.0,53.0,98.46,3975442432,1579921408,1448595456,8.67,9.34,8.38,25297891328,9442463744
2026-05-13T11:59:00.247809+02:00,-0.03687357188695462,0.2036354009225622,0.08712262608499476,-1.4903350974294594,1.540300387511724,1.626512344267505,1.7494873141428138,-0.31866176971815086,-0.8840013169899457,-0.010645211925406795,-0.32989852298520583,-1.355946362901114,47.0,48.0,48.0,40.0,42.0,26.0,29.0,25.0,53.0,98.46,3975442432,1579921408,1448595456,8.67,9.34,8.38,25297891328,9442463744
2026-05-13T11:59:00.302578+02:00,-0.03690495521700519,0.20533393505201622,0.07963407204328027,-1.4421032600439148,1.5276661155670668,1.6733878798684167,1.7494873141428138,-0.37319981818446957,-0.8779415338270213,-0.012179192713292153,-0.26853929146977995,-1.355946362901114,47.0,48.0,48.0,40.0,42.0,26.0,29.0,25.0,53.0,98.46,3975442432,1579921408,1448595456,8.67,9.34,8.38,25297891328,9442463744
2026-05-13T11:59:00.356512+02:00,-0.03690495521700519,0.20533393505201622,0.07963407204328027,-1.4421032600439148,1.5276661155670668,1.6733878798684167,1.7494873141428138,-0.37319981818446957,-0.8779415338270213,-0.012179192713292153,-0.26853929146977995,-1.355946362901114,47.0,48.0,48.0,40.0,42.0,26.0,29.0,25.0,53.0,98.46,3975442432,1579921408,1448595456,8.67,9.34,8.38,25297891328,9442463744
2026-05-13T11:59:00.407015+02:00,-0.03690495521700519,0.20533393505201622,0.07963407204328027,-1.4421032600439148,1.5276661155670668,1.6733878798684167,1.7494873141428138,-0.37319981818446957,-0.8779415338270213,-0.012179192713292153,-0.26853929146977995,-1.355946362901114,47.0,48.0,48.0,40.0,42.0,26.0,29.0,25.0,53.0,98.46,3975442432,1579921408,1448595456,8.67,9.34,8.38,25297891328,9442463744
2026-05-13T11:59:00.460022+02:00,-0.03690495521700519,0.20533393505201622,0.07963407204328027,-1.4421032600439148,1.5276661155670668,1.6733878798684167,1.7494873141428138,-0.37319981818446957,-0.8779415338270213,-0.012179192713292153,-0.26853929146977995,-1.355946362901114,47.0,48.0,48.0,40.0,42.0,26.0,29.0,25.0,53.0,98.46,3975442432,1579921408,1448595456,8.67,9.34,8.38,25297891328,9442463744
2026-05-13T11:59:00.515006+02:00,-0.03721828776714355,0.20686714132539524,0.06911577830564967,-1.42500145738971,1.517851574943813,1.6921476207110566,1.7494873141428138,-0.4247079750693262,-0.8733966964548281,-0.013713173501177955,-0.23018977177263888,-1.355946362901114,47.0,48.0,48.0,40.0,42.0,26.0,29.0,25.0,53.0,98.46,3975442432,1579921408,1448595456,8.67,9.34,8.38,25297891328,9442463744
2026-05-13T11:59:00.568979+02:00,-0.03721828776714355,0.20686714132539524,0.06911577830564967,-1.42500145738971,1.517851574943813,1.6921476207110566,1.7494873141428138,-0.4247079750693262,-0.8733966964548281,-0.013713173501177955,-0.23018977177263888,-1.355946362901114,47.0,48.0,48.0,40.0,42.0,26.0,29.0,25.0,53.0,98.46,3975442432,1579921408,1448595456,8.67,9.34,8.38,25297891328,9442463744
2026-05-13T11:59:00.620772+02:00,-0.03721828776714355,0.20686714132539524,0.06911577830564967,-1.42500145738971,1.517851574943813,1.6921476207110566,1.7494873141428138,-0.4247079750693262,-0.8733966964548281,-0.013713173501177955,-0.23018977177263888,-1.355946362901114,47.0,48.0,48.0,40.0,42.0,26.0,29.0,25.0,53.0,98.46,3975442432,1579921408,1448595456,8.67,9.34,8.38,25297891328,9442463744
2026-05-13T11:59:00.672717+02:00,-0.03706014871766894,0.2058669549330138,0.0584803511738741,-1.446325902464729,1.5325348651562463,1.6724450351573175,1.7494873141428138,-0.47015634879125867,-0.8673369132919038,-0.01831511586483492,-0.19644219443915478,-1.355946362901114,47.0,48.0,48.0,40.0,42.0,26.0,29.0,25.0,53.0,98.46,3975442432,1579921408,1448595456,8.67,9.34,8.38,25297891328,9442463744
2026-05-13T11:59:00.724485+02:00,-0.03706014871766894,0.2058669549330138,0.0584803511738741,-1.446325902464729,1.5325348651562463,1.6724450351573175,1.7494873141428138,-0.47015634879125867,-0.8673369132919038,-0.01831511586483492,-0.19644219443915478,-1.355946362901114,47.0,48.0,48.0,40.0,42.0,26.0,29.0,25.0,53.0,98.46,3975442432,1579921408,1448595456,8.67,9.34,8.38,25297891328,9442463744
2026-05-13T11:59:00.774595+02:00,-0.03706014871766894,0.2058669549330138,0.0584803511738741,-1.446325902464729,1.5325348651562463,1.6724450351573175,1.7494873141428138,-0.47015634879125867,-0.8673369132919038,-0.01831511586483492,-0.19644219443915478,-1.355946362901114,47.0,48.0,48.0,40.0,42.0,26.0,29.0,25.0,53.0,98.46,3975442432,1579921408,1448595456,8.67,9.34,8.38,25297891328,9442463744
2026-05-13T11:59:00.828838+02:00,-0.03706014871766894,0.2058669549330138,0.0584803511738741,-1.446325902464729,1.5325348651562463,1.6724450351573175,1.7494873141428138,-0.47015634879125867,-0.8673369132919038,-0.01831511586483492,-0.19644219443915478,-1.355946362901114,47.0,48.0,48.0,40.0,42.0,26.0,29.0,25.0,53.0,98.46,3975442432,1579921408,1448595456,8.67,9.34,8.38,25297891328,9442463744
2026-05-13T11:59:00.883993+02:00,-0.03702531872268564,0.2056655179497516,0.051987213506446674,-1.4704792225541616,1.5351582895833356,1.6528833198727877,1.7494873141428138,-0.5019702103966112,-0.8627920759197105,-0.019849096652720277,-0.17803442498452737,-1.3544123821132283,47.0,48.0,48.0,40.0,42.0,26.0,29.0,25.0,53.0,98.46,3975442432,1579921408,1448595456,8.67,9.34,8.38,25297891328,9442463744
2026-05-13T11:59:00.939026+02:00,-0.03702531872268564,0.2056655179497516,0.051987213506446674,-1.4704792225541616,1.5351582895833356,1.6528833198727877,1.7494873141428138,-0.5019702103966112,-0.8627920759197105,-0.019849096652720277,-0.17803442498452737,-1.3544123821132283,47.0,48.0,48.0,40.0,42.0,26.0,29.0,25.0,53.0,98.46,3975442432,1579921408,1448595456,8.67,9.34,8.38,25297891328,9442463744
2026-05-13T11:59:00.989094+02:00,-0.03702531872268564,0.2056655179497516,0.051987213506446674,-1.4704792225541616,1.5351582895833356,1.6528833198727877,1.7494873141428138,-0.5019702103966112,-0.8627920759197105,-0.019849096652720277,-0.17803442498452737,-1.3544123821132283,47.0,48.0,48.0,40.0,42.0,26.0,29.0,25.0,53.0,98.46,3975442432,1579921408,1448595456,8.67,9.34,8.38,25297891328,9442463744
2026-05-13T11:59:01.040039+02:00,-0.03702531872268564,0.2056655179497516,0.051987213506446674,-1.4704792225541616,1.5351582895833356,1.6528833198727877,1.7494873141428138,-0.5019702103966112,-0.8627920759197105,-0.019849096652720277,-0.17803442498452737,-1.3544123821132283,47.0,48.0,48.0,40.0,42.0,26.0,29.0,25.0,53.0,98.46,3975442432,1579921408,1448595456,8.67,9.34,8.38,25297891328,9442463744
2026-05-13T11:59:01.095114+02:00,-0.03682399504419324,0.20454025693560837,0.046236634030648156,-1.5444693568541648,1.5484799367117763,1.580440016577426,1.7494873141428138,-0.5140897767224598,-0.8612771301289794,-0.02138307744060608,-0.17650044419664157,-1.3528784013253425,47.0,48.0,48.0,40.0,42.0,26.0,29.0,25.0,53.0,98.48,3975442432,1604726784,1423790080,8.67,9.34,8.38,25297891328,9442467840
2026-05-13T11:59:01.150050+02:00,-0.03682399504419324,0.20454025693560837,0.046236634030648156,-1.5444693568541648,1.5484799367117763,1.580440016577426,1.7494873141428138,-0.5140897767224598,-0.8612771301289794,-0.02138307744060608,-0.17650044419664157,-1.3528784013253425,47.0,48.0,48.0,40.0,42.0,26.0,29.0,25.0,53.0,98.48,3975442432,1604726784,1423790080,8.67,9.34,8.38,25297891328,9442467840
2026-05-13T11:59:01.202429+02:00,-0.03682399504419324,0.20454025693560837,0.046236634030648156,-1.5444693568541648,1.5484799367117763,1.580440016577426,1.7494873141428138,-0.5140897767224598,-0.8612771301289794,-0.02138307744060608,-0.17650044419664157,-1.3528784013253425,47.0,48.0,48.0,40.0,42.0,26.0,29.0,25.0,53.0,98.48,3975442432,1604726784,1423790080,8.67,9.34,8.38,25297891328,9442467840
2026-05-13T11:59:01.254433+02:00,-0.03682399504419324,0.20454025693560837,0.046236634030648156,-1.5444693568541648,1.5484799367117763,1.580440016577426,1.7494873141428138,-0.5140897767224598,-0.8612771301289794,-0.02138307744060608,-0.17650044419664157,-1.3528784013253425,47.0,48.0,48.0,40.0,42.0,26.0,29.0,25.0,53.0,98.48,3975442432,1604726784,1423790080,8.67,9.34,8.38,25297891328,9442467840
2026-05-13T11:59:01.305160+02:00,-0.036759166942744295,0.204181332112945,0.04560748810117234,-1.5693026851548892,1.5514599193528142,1.5540783956244362,1.7494873141428138,-0.5140897767224598,-0.8612771301289794,-0.02138307744060608,-0.17650044419664157,-1.3528784013253425,47.0,48.0,48.0,40.0,42.0,26.0,29.0,25.0,54.0,98.48,3975442432,1604726784,1423790080,8.67,9.34,8.38,25297891328,9442467840
2026-05-13T11:59:01.355989+02:00,-0.036759166942744295,0.204181332112945,0.04560748810117234,-1.5693026851548892,1.5514599193528142,1.5540783956244362,1.7494873141428138,-0.5140897767224598,-0.8612771301289794,-0.02138307744060608,-0.17650044419664157,-1.3528784013253425,47.0,48.0,48.0,40.0,42.0,26.0,29.0,25.0,54.0,98.48,3975442432,1604726784,1423790080,8.67,9.34,8.38,25297891328,9442467840
2026-05-13T11:59:01.407592+02:00,-0.036759166942744295,0.204181332112945,0.04560748810117234,-1.5693026851548892,1.5514599193528142,1.5540783956244362,1.7494873141428138,-0.5140897767224598,-0.8612771301289794,-0.02138307744060608,-0.17650044419664157,-1.3528784013253425,47.0,48.0,48.0,40.0,42.0,26.0,29.0,25.0,54.0,98.48,3975442432,1604726784,1423790080,8.67,9.34,8.38,25297891328,9442467840
2026-05-13T11:59:01.459754+02:00,-0.036759166942744295,0.204181332112945,0.04560748810117234,-1.5693026851548892,1.5514599193528142,1.5540783956244362,1.7494873141428138,-0.5140897767224598,-0.8612771301289794,-0.02138307744060608,-0.17650044419664157,-1.3528784013253425,47.0,48.0,48.0,40.0,42.0,26.0,29.0,25.0,54.0,98.48,3975442432,1604726784,1423790080,8.67,9.34,8.38,25297891328,9442467840
2026-05-13T11:59:01.511121+02:00,-0.036759166942744295,0.204181332112945,0.04560748810117234,-1.5693026851548892,1.5514599193528142,1.5540783956244362,1.7494873141428138,-0.5140897767224598,-0.8612771301289794,-0.02138307744060608,-0.17650044419664157,-1.3528784013253425,47.0,48.0,48.0,40.0,42.0,26.0,29.0,25.0,54.0,98.48,3975442432,1604726784,1423790080,8.67,9.34,8.38,25297891328,9442467840
2026-05-13T11:59:01.567099+02:00,-0.036759166942744295,0.204181332112945,0.04560748810117234,-1.5693026851548892,1.5514599193528142,1.5540783956244362,1.7494873141428138,-0.5140897767224598,-0.8612771301289794,-0.02138307744060608,-0.17650044419664157,-1.3528784013253425,47.0,48.0,48.0,40.0,42.0,26.0,29.0,25.0,54.0,98.48,3975442432,1604726784,1423790080,8.67,9.34,8.38,25297891328,9442467840
2026-05-13T11:59:01.622116+02:00,-0.036759166942744295,0.204181332112945,0.04560748810117234,-1.5693026851548892,1.5514599193528142,1.5540783956244362,1.7494873141428138,-0.5140897767224598,-0.8612771301289794,-0.02138307744060608,-0.17650044419664157,-1.3528784013253425,47.0,48.0,48.0,40.0,42.0,26.0,29.0,25.0,54.0,98.48,3975442432,1604726784,1423790080,8.67,9.34,8.38,25297891328,9442467840
2026-05-13T11:59:01.672708+02:00,-0.036759166942744295,0.204181332112945,0.04560748810117234,-1.5693026851548892,1.5514599193528142,1.5540783956244362,1.7494873141428138,-0.5140897767224598,-0.8612771301289794,-0.02138307744060608,-0.17650044419664157,-1.3528784013253425,47.0,48.0,48.0,40.0,42.0,26.0,29.0,25.0,54.0,98.48,3975442432,1604726784,1423790080,8.67,9.34,8.38,25297891328,9442467840
2026-05-13T11:59:01.727712+02:00,-0.036759166942744295,0.204181332112945,0.04560748810117234,-1.5693026851548892,1.5514599193528142,1.5540783956244362,1.7494873141428138,-0.5140897767224598,-0.8612771301289794,-0.02138307744060608,-0.17650044419664157,-1.3528784013253425,47.0,48.0,48.0,40.0,42.0,26.0,29.0,25.0,54.0,98.48,3975442432,1604726784,1423790080,8.67,9.34,8.38,25297891328,9442467840
2026-05-13T11:59:01.782738+02:00,-0.036759166942744295,0.204181332112945,0.04560748810117234,-1.5693026851548892,1.5514599193528142,1.5540783956244362,1.7494873141428138,-0.5140897767224598,-0.8612771301289794,-0.02138307744060608,-0.17650044419664157,-1.3528784013253425,47.0,48.0,48.0,40.0,42.0,26.0,29.0,25.0,54.0,98.48,3975442432,1604726784,1423790080,8.67,9.34,8.38,25297891328,9442467840
2026-05-13T11:59:01.837774+02:00,-0.036759166942744295,0.204181332112945,0.04560748810117234,-1.5693026851548892,1.5514599193528142,1.5540783956244362,1.7494873141428138,-0.5140897767224598,-0.8612771301289794,-0.02138307744060608,-0.17650044419664157,-1.3528784013253425,47.0,48.0,48.0,40.0,42.0,26.0,29.0,25.0,54.0,98.48,3975442432,1604726784,1423790080,8.67,9.34,8.38,25297891328,9442467840
2026-05-13T11:59:01.893153+02:00,-0.036759166942744295,0.204181332112945,0.04560748810117234,-1.5693026851548892,1.5514599193528142,1.5540783956244362,1.7494873141428138,-0.5140897767224598,-0.8612771301289794,-0.02138307744060608,-0.17650044419664157,-1.3528784013253425,47.0,48.0,48.0,40.0,42.0,26.0,29.0,25.0,54.0,90.55,3975442432,1609658368,1418854400,9.1,9.42,8.41,25297891328,9442467840
2026-05-13T11:59:01.943632+02:00,-0.036759166942744295,0.204181332112945,0.04560748810117234,-1.5693026851548892,1.5514599193528142,1.5540783956244362,1.7494873141428138,-0.5140897767224598,-0.8612771301289794,-0.02138307744060608,-0.17650044419664157,-1.3528784013253425,47.0,48.0,48.0,40.0,42.0,26.0,29.0,25.0,54.0,90.55,3975442432,1609658368,1418854400,9.1,9.42,8.41,25297891328,9442467840
2026-05-13T11:59:01.994705+02:00,-0.036759166942744295,0.204181332112945,0.04560748810117234,-1.5693026851548892,1.5514599193528142,1.5540783956244362,1.7494873141428138,-0.5140897767224598,-0.8612771301289794,-0.02138307744060608,-0.17650044419664157,-1.3528784013253425,47.0,48.0,48.0,40.0,42.0,26.0,29.0,25.0,54.0,90.55,3975442432,1609658368,1418854400,9.1,9.42,8.41,25297891328,9442467840
2026-05-13T11:59:02.045341+02:00,-0.036759166942744295,0.204181332112945,0.04560748810117234,-1.5693026851548892,1.5514599193528142,1.5540783956244362,1.7494873141428138,-0.5140897767224598,-0.8612771301289794,-0.02138307744060608,-0.17650044419664157,-1.3528784013253425,47.0,48.0,48.0,40.0,42.0,26.0,29.0,25.0,54.0,90.55,3975442432,1609658368,1418854400,9.1,9.42,8.41,25297891328,9442467840
2026-05-13T11:59:02.095436+02:00,-0.036759166942744295,0.204181332112945,0.04560748810117234,-1.5693026851548892,1.5514599193528142,1.5540783956244362,1.7494873141428138,-0.5140897767224598,-0.8612771301289794,-0.02138307744060608,-0.17650044419664157,-1.3528784013253425,47.0,48.0,48.0,40.0,42.0,26.0,29.0,25.0,54.0,90.55,3975442432,1609658368,1418854400,9.1,9.42,8.41,25297891328,9442467840
2026-05-13T11:59:02.145935+02:00,-0.036759166942744295,0.204181332112945,0.04560748810117234,-1.5693026851548892,1.5514599193528142,1.5540783956244362,1.7494873141428138,-0.5140897767224598,-0.8612771301289794,-0.02138307744060608,-0.17650044419664157,-1.3528784013253425,47.0,48.0,48.0,40.0,42.0,26.0,29.0,25.0,54.0,90.55,3975442432,1609658368,1418854400,9.1,9.42,8.41,25297891328,9442467840
2026-05-13T11:59:02.198551+02:00,-0.036759166942744295,0.204181332112945,0.04560748810117234,-1.5693026851548892,1.5514599193528142,1.5540783956244362,1.7494873141428138,-0.5140897767224598,-0.8612771301289794,-0.02138307744060608,-0.17650044419664157,-1.3528784013253425,47.0,48.0,48.0,40.0,42.0,26.0,29.0,25.0,54.0,90.55,3975442432,1609658368,1418854400,9.1,9.42,8.41,25297891328,9442467840
2026-05-13T11:59:02.253557+02:00,-0.036759166942744295,0.204181332112945,0.04560748810117234,-1.5693026851548892,1.5514599193528142,1.5540783956244362,1.7494873141428138,-0.5140897767224598,-0.8612771301289794,-0.02138307744060608,-0.17650044419664157,-1.3528784013253425,47.0,48.0,48.0,40.0,42.0,26.0,29.0,25.0,54.0,90.55,3975442432,1609658368,1418854400,9.1,9.42,8.41,25297891328,9442467840
2026-05-13T11:59:02.305102+02:00,-0.036759166942744295,0.204181332112945,0.04560748810117234,-1.5693026851548892,1.5514599193528142,1.5540783956244362,1.7494873141428138,-0.5140897767224598,-0.8612771301289794,-0.02138307744060608,-0.17650044419664157,-1.3528784013253425,47.0,48.0,48.0,40.0,42.0,26.0,29.0,25.0,54.0,90.55,3975442432,1609658368,1418854400,9.1,9.42,8.41,25297891328,9442467840
2026-05-13T11:59:02.355941+02:00,-0.036759166942744295,0.204181332112945,0.04560748810117234,-1.5693026851548892,1.5514599193528142,1.5540783956244362,1.7494873141428138,-0.5140897767224598,-0.8612771301289794,-0.02138307744060608,-0.17650044419664157,-1.3528784013253425,47.0,48.0,48.0,40.0,42.0,26.0,29.0,25.0,54.0,90.55,3975442432,1609658368,1418854400,9.1,9.42,8.41,25297891328,9442467840
2026-05-13T11:59:02.410184+02:00,-0.036759166942744295,0.204181332112945,0.04560748810117234,-1.5693026851548892,1.5514599193528142,1.5540783956244362,1.7494873141428138,-0.5140897767224598,-0.8612771301289794,-0.02138307744060608,-0.17650044419664157,-1.3528784013253425,47.0,48.0,48.0,40.0,42.0,26.0,29.0,25.0,54.0,90.55,3975442432,1609658368,1418854400,9.1,9.42,8.41,25297891328,9442467840
2026-05-13T11:59:02.463352+02:00,-0.036759166942744295,0.204181332112945,0.04560748810117234,-1.5693026851548892,1.5514599193528142,1.5540783956244362,1.7494873141428138,-0.5140897767224598,-0.8612771301289794,-0.02138307744060608,-0.17650044419664157,-1.3528784013253425,47.0,48.0,48.0,40.0,42.0,26.0,29.0,25.0,54.0,90.55,3975442432,1609658368,1418854400,9.1,9.42,8.41,25297891328,9442467840
2026-05-13T11:59:02.518160+02:00,-0.036759166942744295,0.204181332112945,0.04560748810117234,-1.5693026851548892,1.5514599193528142,1.5540783956244362,1.7494873141428138,-0.5140897767224598,-0.8612771301289794,-0.02138307744060608,-0.17650044419664157,-1.3528784013253425,47.0,48.0,48.0,40.0,42.0,26.0,29.0,25.0,54.0,90.55,3975442432,1609658368,1418854400,9.1,9.42,8.41,25297891328,9442467840
2026-05-13T11:59:02.568614+02:00,-0.036759166942744295,0.204181332112945,0.04560748810117234,-1.5693026851548892,1.5514599193528142,1.5540783956244362,1.7494873141428138,-0.5140897767224598,-0.8612771301289794,-0.02138307744060608,-0.17650044419664157,-1.3528784013253425,47.0,48.0,48.0,40.0,42.0,26.0,29.0,25.0,54.0,90.55,3975442432,1609658368,1418854400,9.1,9.42,8.41,25297891328,9442467840
2026-05-13T11:59:02.620819+02:00,-0.036759166942744295,0.204181332112945,0.04560748810117234,-1.5693026851548892,1.5514599193528142,1.5540783956244362,1.7494873141428138,-0.5140897767224598,-0.8612771301289794,-0.02138307744060608,-0.17650044419664157,-1.3528784013253425,47.0,48.0,48.0,40.0,42.0,26.0,29.0,25.0,54.0,90.55,3975442432,1609658368,1418854400,9.1,9.42,8.41,25297891328,9442467840
2026-05-13T11:59:02.672789+02:00,-0.036759166942744295,0.204181332112945,0.04560748810117234,-1.5693026851548892,1.5514599193528142,1.5540783956244362,1.7494873141428138,-0.5140897767224598,-0.8612771301289794,-0.02138307744060608,-0.17650044419664157,-1.3528784013253425,47.0,48.0,48.0,40.0,42.0,26.0,29.0,25.0,54.0,90.55,3975442432,1609658368,1418854400,9.1,9.42,8.41,25297891328,9442467840
2026-05-13T11:59:02.726141+02:00,-0.036759166942744295,0.204181332112945,0.04560748810117234,-1.5693026851548892,1.5514599193528142,1.5540783956244362,1.7494873141428138,-0.5140897767224598,-0.8612771301289794,-0.02138307744060608,-0.17650044419664157,-1.3528784013253425,47.0,48.0,48.0,40.0,42.0,26.0,29.0,25.0,54.0,90.55,3975442432,1609658368,1418854400,9.1,9.42,8.41,25297891328,9442467840
2026-05-13T11:59:02.776820+02:00,-0.036759166942744295,0.204181332112945,0.04560748810117234,-1.5693026851548892,1.5514599193528142,1.5540783956244362,1.7494873141428138,-0.5140897767224598,-0.8612771301289794,-0.02138307744060608,-0.17650044419664157,-1.3528784013253425,47.0,48.0,48.0,40.0,42.0,26.0,29.0,25.0,54.0,90.55,3975442432,1609658368,1418854400,9.1,9.42,8.41,25297891328,9442467840
2026-05-13T11:59:02.831004+02:00,-0.036759166942744295,0.204181332112945,0.04560748810117234,-1.5693026851548892,1.5514599193528142,1.5540783956244362,1.7494873141428138,-0.5140897767224598,-0.8612771301289794,-0.02138307744060608,-0.17650044419664157,-1.3528784013253425,47.0,48.0,48.0,40.0,42.0,26.0,29.0,25.0,54.0,90.55,3975442432,1609658368,1418854400,9.1,9.42,8.41,25297891328,9442467840
2026-05-13T11:59:02.883582+02:00,-0.036759166942744295,0.204181332112945,0.04560748810117234,-1.5693026851548892,1.5514599193528142,1.5540783956244362,1.7494873141428138,-0.5140897767224598,-0.8612771301289794,-0.02138307744060608,-0.17650044419664157,-1.3528784013253425,47.0,48.0,48.0,40.0,42.0,26.0,29.0,25.0,54.0,90.55,3975442432,1609658368,1418854400,9.1,9.42,8.41,25297891328,9442467840
2026-05-13T11:59:02.934755+02:00,-0.036759166942744295,0.204181332112945,0.04560748810117234,-1.5693026851548892,1.5514599193528142,1.5540783956244362,1.7494873141428138,-0.5140897767224598,-0.8612771301289794,-0.02138307744060608,-0.17650044419664157,-1.3528784013253425,47.0,48.0,48.0,40.0,42.0,26.0,29.0,25.0,54.0,90.55,3975442432,1609658368,1418854400,9.1,9.42,8.41,25297891328,9442467840
2026-05-13T11:59:02.990665+02:00,-0.036759166942744295,0.204181332112945,0.04560748810117234,-1.5693026851548892,1.5514599193528142,1.5540783956244362,1.7494873141428138,-0.5140897767224598,-0.8612771301289794,-0.02138307744060608,-0.17650044419664157,-1.3528784013253425,47.0,48.0,48.0,40.0,42.0,26.0,29.0,25.0,54.0,93.08,3975442432,1609699328,1418829824,9.1,9.42,8.41,25297891328,9442476032
2026-05-13T11:59:03.044651+02:00,-0.036759166942744295,0.204181332112945,0.04560748810117234,-1.5693026851548892,1.5514599193528142,1.5540783956244362,1.7494873141428138,-0.5140897767224598,-0.8612771301289794,-0.02138307744060608,-0.17650044419664157,-1.3528784013253425,47.0,48.0,48.0,40.0,42.0,26.0,29.0,25.0,54.0,93.08,3975442432,1609699328,1418829824,9.1,9.42,8.41,25297891328,9442476032
2026-05-13T11:59:03.099594+02:00,-0.036759166942744295,0.204181332112945,0.04560748810117234,-1.5693026851548892,1.5514599193528142,1.5540783956244362,1.7494873141428138,-0.5140897767224598,-0.8612771301289794,-0.02138307744060608,-0.17650044419664157,-1.3528784013253425,47.0,48.0,48.0,40.0,42.0,26.0,29.0,25.0,54.0,93.08,3975442432,1609699328,1418829824,9.1,9.42,8.41,25297891328,9442476032
2026-05-13T11:59:03.154602+02:00,-0.036759166942744295,0.204181332112945,0.04560748810117234,-1.5693026851548892,1.5514599193528142,1.5540783956244362,1.7494873141428138,-0.5140897767224598,-0.8612771301289794,-0.02138307744060608,-0.17650044419664157,-1.3528784013253425,47.0,48.0,48.0,40.0,42.0,26.0,29.0,25.0,54.0,93.08,3975442432,1609699328,1418829824,9.1,9.42,8.41,25297891328,9442476032
2026-05-13T11:59:03.209613+02:00,-0.036759166942744295,0.204181332112945,0.04560748810117234,-1.5693026851548892,1.5514599193528142,1.5540783956244362,1.7494873141428138,-0.5140897767224598,-0.8612771301289794,-0.02138307744060608,-0.17650044419664157,-1.3528784013253425,47.0,48.0,48.0,40.0,42.0,26.0,29.0,25.0,54.0,93.08,3975442432,1609699328,1418829824,9.1,9.42,8.41,25297891328,9442476032
2026-05-13T11:59:03.264262+02:00,-0.036759166942744295,0.204181332112945,0.04560748810117234,-1.5693026851548892,1.5514599193528142,1.5540783956244362,1.7494873141428138,-0.5140897767224598,-0.8612771301289794,-0.02138307744060608,-0.17650044419664157,-1.3528784013253425,47.0,48.0,48.0,40.0,42.0,26.0,29.0,25.0,54.0,93.08,3975442432,1609699328,1418829824,9.1,9.42,8.41,25297891328,9442476032
2026-05-13T11:59:03.316027+02:00,-0.036759166942744295,0.204181332112945,0.04560748810117234,-1.5693026851548892,1.5514599193528142,1.5540783956244362,1.7494873141428138,-0.5140897767224598,-0.8612771301289794,-0.02138307744060608,-0.17650044419664157,-1.3528784013253425,47.0,48.0,48.0,40.0,42.0,26.0,29.0,25.0,54.0,93.08,3975442432,1609699328,1418829824,9.1,9.42,8.41,25297891328,9442476032
2026-05-13T11:59:03.371059+02:00,-0.036759166942744295,0.204181332112945,0.04560748810117234,-1.5693026851548892,1.5514599193528142,1.5540783956244362,1.7494873141428138,-0.5140897767224598,-0.8612771301289794,-0.02138307744060608,-0.17650044419664157,-1.3528784013253425,47.0,48.0,48.0,40.0,42.0,26.0,29.0,25.0,54.0,93.08,3975442432,1609699328,1418829824,9.1,9.42,8.41,25297891328,9442476032
2026-05-13T11:59:03.422720+02:00,-0.036759166942744295,0.204181332112945,0.04560748810117234,-1.5693026851548892,1.5514599193528142,1.5540783956244362,1.7494873141428138,-0.5140897767224598,-0.8612771301289794,-0.02138307744060608,-0.17650044419664157,-1.3528784013253425,47.0,48.0,48.0,40.0,42.0,26.0,29.0,25.0,54.0,93.08,3975442432,1609699328,1418829824,9.1,9.42,8.41,25297891328,9442476032
2026-05-13T11:59:03.476485+02:00,-0.036759166942744295,0.204181332112945,0.04560748810117234,-1.5693026851548892,1.5514599193528142,1.5540783956244362,1.7494873141428138,-0.5140897767224598,-0.8612771301289794,-0.02138307744060608,-0.17650044419664157,-1.3528784013253425,47.0,48.0,48.0,40.0,42.0,26.0,29.0,25.0,54.0,93.08,3975442432,1609699328,1418829824,9.1,9.42,8.41,25297891328,9442476032
2026-05-13T11:59:03.528226+02:00,-0.03682399504419324,0.20454025693560837,0.046236634030648156,-1.5444693568541648,1.5484799367117763,1.580440016577426,1.7494873141428138,-0.5004552646058801,-0.8627920759197105,-0.019849096652720277,-0.1857043289239555,-1.3544123821132283,47.0,48.0,48.0,40.0,42.0,26.0,29.0,25.0,54.0,93.08,3975442432,1609699328,1418829824,9.1,9.42,8.41,25297891328,9442476032
2026-05-13T11:59:03.578659+02:00,-0.03682399504419324,0.20454025693560837,0.046236634030648156,-1.5444693568541648,1.5484799367117763,1.580440016577426,1.7494873141428138,-0.5004552646058801,-0.8627920759197105,-0.019849096652720277,-0.1857043289239555,-1.3544123821132283,47.0,48.0,48.0,40.0,42.0,26.0,29.0,25.0,54.0,93.08,3975442432,1609699328,1418829824,9.1,9.42,8.41,25297891328,9442476032
2026-05-13T11:59:03.634158+02:00,-0.03682399504419324,0.20454025693560837,0.046236634030648156,-1.5444693568541648,1.5484799367117763,1.580440016577426,1.7494873141428138,-0.5004552646058801,-0.8627920759197105,-0.019849096652720277,-0.1857043289239555,-1.3544123821132283,47.0,48.0,48.0,40.0,42.0,26.0,29.0,25.0,54.0,93.08,3975442432,1609699328,1418829824,9.1,9.42,8.41,25297891328,9442476032
2026-05-13T11:59:03.685788+02:00,-0.03688644179325481,0.20496723307734405,0.050216661375768024,-1.5137658086802315,1.5441614737665155,1.6080412434091846,1.7494873141428138,-0.47167129458198975,-0.8658219675011727,-0.01831511586483492,-0.21638394468166844,-1.3528784013253425,47.0,48.0,48.0,40.0,42.0,26.0,29.0,25.0,54.0,93.08,3975442432,1609699328,1418829824,9.1,9.42,8.41,25297891328,9442476032
2026-05-13T11:59:03.738924+02:00,-0.03688644179325481,0.20496723307734405,0.050216661375768024,-1.5137658086802315,1.5441614737665155,1.6080412434091846,1.7494873141428138,-0.47167129458198975,-0.8658219675011727,-0.01831511586483492,-0.21638394468166844,-1.3528784013253425,47.0,48.0,48.0,40.0,42.0,26.0,29.0,25.0,54.0,93.08,3975442432,1609699328,1418829824,9.1,9.42,8.41,25297891328,9442476032
2026-05-13T11:59:03.790180+02:00,-0.03688644179325481,0.20496723307734405,0.050216661375768024,-1.5137658086802315,1.5441614737665155,1.6080412434091846,1.7494873141428138,-0.47167129458198975,-0.8658219675011727,-0.01831511586483492,-0.21638394468166844,-1.3528784013253425,47.0,48.0,48.0,40.0,42.0,26.0,29.0,25.0,54.0,93.08,3975442432,1609699328,1418829824,9.1,9.42,8.41,25297891328,9442476032
2026-05-13T11:59:03.843614+02:00,-0.03688644179325481,0.20496723307734405,0.050216661375768024,-1.5137658086802315,1.5441614737665155,1.6080412434091846,1.7494873141428138,-0.47167129458198975,-0.8658219675011727,-0.01831511586483492,-0.21638394468166844,-1.3528784013253425,47.0,48.0,48.0,40.0,42.0,26.0,29.0,25.0,54.0,93.08,3975442432,1609699328,1418829824,9.1,9.42,8.41,25297891328,9442476032
2026-05-13T11:59:03.896832+02:00,-0.036629177679432294,0.2038933960393591,0.056338298140386975,-1.8127702036760123,1.560710306696266,1.3073753974121767,1.7494873141428138,-0.43985743297663704,-0.8688518590826348,-0.01831511586483492,-0.25626744516669486,-1.3528784013253425,47.0,48.0,48.0,40.0,42.0,26.0,29.0,25.0,54.0,93.08,3975442432,1609699328,1418829824,9.1,9.42,8.41,25297891328,9442476032
2026-05-13T11:59:03.952442+02:00,-0.036629177679432294,0.2038933960393591,0.056338298140386975,-1.8127702036760123,1.560710306696266,1.3073753974121767,1.7494873141428138,-0.43985743297663704,-0.8688518590826348,-0.01831511586483492,-0.25626744516669486,-1.3528784013253425,47.0,48.0,48.0,40.0,42.0,26.0,29.0,25.0,54.0,94.74,3975442432,1572597760,1455915008,9.1,9.42,8.41,25297891328,9442484224
2026-05-13T11:59:04.002823+02:00,-0.036629177679432294,0.2038933960393591,0.056338298140386975,-1.8127702036760123,1.560710306696266,1.3073753974121767,1.7494873141428138,-0.43985743297663704,-0.8688518590826348,-0.01831511586483492,-0.25626744516669486,-1.3528784013253425,47.0,48.0,48.0,40.0,42.0,26.0,29.0,25.0,54.0,94.74,3975442432,1572597760,1455915008,9.1,9.42,8.41,25297891328,9442484224
2026-05-13T11:59:04.052892+02:00,-0.036629177679432294,0.2038933960393591,0.056338298140386975,-1.8127702036760123,1.560710306696266,1.3073753974121767,1.7494873141428138,-0.43985743297663704,-0.8688518590826348,-0.01831511586483492,-0.25626744516669486,-1.3528784013253425,47.0,48.0,48.0,40.0,42.0,26.0,29.0,25.0,54.0,94.74,3975442432,1572597760,1455915008,9.1,9.42,8.41,25297891328,9442484224
2026-05-13T11:59:04.104063+02:00,-0.036629177679432294,0.2038933960393591,0.056338298140386975,-1.8127702036760123,1.560710306696266,1.3073753974121767,1.7494873141428138,-0.43985743297663704,-0.8688518590826348,-0.01831511586483492,-0.25626744516669486,-1.3528784013253425,47.0,48.0,48.0,40.0,42.0,26.0,29.0,25.0,54.0,94.74,3975442432,1572597760,1455915008,9.1,9.42,8.41,25297891328,9442484224
2026-05-13T11:59:04.154732+02:00,-0.036653328216837866,0.20427597562898206,0.06295825141875533,-1.7595277109616365,1.5580556824618517,1.3604757855349736,1.7494873141428138,-0.380774547138125,-0.8749116422455592,-0.016781135076949116,-0.31455871510634914,-1.3528784013253425,47.0,48.0,48.0,40.0,42.0,26.0,29.0,25.0,54.0,94.74,3975442432,1572597760,1455915008,9.1,9.42,8.41,25297891328,9442484224
2026-05-13T11:59:04.205661+02:00,-0.036653328216837866,0.20427597562898206,0.06295825141875533,-1.7595277109616365,1.5580556824618517,1.3604757855349736,1.7494873141428138,-0.380774547138125,-0.8749116422455592,-0.016781135076949116,-0.31455871510634914,-1.3528784013253425,47.0,48.0,48.0,40.0,42.0,26.0,29.0,25.0,54.0,94.74,3975442432,1572597760,1455915008,9.1,9.42,8.41,25297891328,9442484224
2026-05-13T11:59:04.259803+02:00,-0.036653328216837866,0.20427597562898206,0.06295825141875533,-1.7595277109616365,1.5580556824618517,1.3604757855349736,1.7494873141428138,-0.380774547138125,-0.8749116422455592,-0.016781135076949116,-0.31455871510634914,-1.3528784013253425,47.0,48.0,48.0,40.0,42.0,26.0,29.0,25.0,54.0,94.74,3975442432,1572597760,1455915008,9.1,9.42,8.41,25297891328,9442484224
2026-05-13T11:59:04.314839+02:00,-0.03639224842537286,0.20302772767795454,0.07329755600103803,-2.5591044107634673,1.56552759578765,0.5576966894198853,1.7510092412505531,-0.32623649867180615,-0.8794564796177524,-0.012179192713292153,-0.35751017716714717,-1.3528784013253425,47.0,48.0,48.0,40.0,42.0,26.0,29.0,25.0,54.0,94.74,3975442432,1572597760,1455915008,9.1,9.42,8.41,25297891328,9442484224
2026-05-13T11:59:04.366818+02:00,-0.03639224842537286,0.20302772767795454,0.07329755600103803,-2.5591044107634673,1.56552759578765,0.5576966894198853,1.7510092412505531,-0.32623649867180615,-0.8794564796177524,-0.012179192713292153,-0.35751017716714717,-1.3528784013253425,47.0,48.0,48.0,40.0,42.0,26.0,29.0,25.0,54.0,94.74,3975442432,1572597760,1455915008,9.1,9.42,8.41,25297891328,9442484224
2026-05-13T11:59:04.418367+02:00,-0.03639224842537286,0.20302772767795454,0.07329755600103803,-2.5591044107634673,1.56552759578765,0.5576966894198853,1.7510092412505531,-0.32623649867180615,-0.8794564796177524,-0.012179192713292153,-0.35751017716714717,-1.3528784013253425,47.0,48.0,48.0,40.0,42.0,26.0,29.0,25.0,54.0,94.74,3975442432,1572597760,1455915008,9.1,9.42,8.41,25297891328,9442484224
2026-05-13T11:59:04.469426+02:00,-0.03639224842537286,0.20302772767795454,0.07329755600103803,-2.5591044107634673,1.56552759578765,0.5576966894198853,1.7510092412505531,-0.32623649867180615,-0.8794564796177524,-0.012179192713292153,-0.35751017716714717,-1.3528784013253425,47.0,48.0,48.0,40.0,42.0,26.0,29.0,25.0,54.0,94.74,3975442432,1572597760,1455915008,9.1,9.42,8.41,25297891328,9442484224
2026-05-13T11:59:04.522579+02:00,-0.03674953071827875,0.20311692861617325,0.08241985959150139,-1.704848516270283,1.557933038753871,1.4104091327104218,1.7510092412505531,-0.283818016531336,-0.8824863711992146,-0.012179192713292153,-0.38358785056120315,-1.3528784013253425,47.0,48.0,48.0,40.0,42.0,26.0,29.0,25.0,54.0,94.74,3975442432,1572597760,1455915008,9.1,9.42,8.41,25297891328,9442484224
2026-05-13T11:59:04.572646+02:00,-0.03674953071827875,0.20311692861617325,0.08241985959150139,-1.704848516270283,1.557933038753871,1.4104091327104218,1.7510092412505531,-0.283818016531336,-0.8824863711992146,-0.012179192713292153,-0.38358785056120315,-1.3528784013253425,47.0,48.0,48.0,40.0,42.0,26.0,29.0,25.0,54.0,94.74,3975442432,1572597760,1455915008,9.1,9.42,8.41,25297891328,9442484224
2026-05-13T11:59:04.626218+02:00,-0.03674953071827875,0.20311692861617325,0.08241985959150139,-1.704848516270283,1.557933038753871,1.4104091327104218,1.7510092412505531,-0.283818016531336,-0.8824863711992146,-0.012179192713292153,-0.38358785056120315,-1.3528784013253425,47.0,48.0,48.0,40.0,42.0,26.0,29.0,25.0,54.0,94.74,3975442432,1572597760,1455915008,9.1,9.42,8.41,25297891328,9442484224
2026-05-13T11:59:04.679615+02:00,-0.03683637801250167,0.20375363015436848,0.09099042374551698,-1.5443101714700183,1.5449795141920044,1.5707847100284824,1.7510092412505531,-0.2565489922981766,-0.8840013169899457,-0.012179192713292153,-0.40352960080371636,-1.3528784013253425,47.0,48.0,48.0,40.0,42.0,26.0,29.0,25.0,54.0,94.74,3975442432,1572597760,1455915008,9.1,9.42,8.41,25297891328,9442484224
2026-05-13T11:59:04.731341+02:00,-0.03683637801250167,0.20375363015436848,0.09099042374551698,-1.5443101714700183,1.5449795141920044,1.5707847100284824,1.7510092412505531,-0.2565489922981766,-0.8840013169899457,-0.012179192713292153,-0.40352960080371636,-1.3528784013253425,47.0,48.0,48.0,40.0,42.0,26.0,29.0,25.0,54.0,94.74,3975442432,1572597760,1455915008,9.1,9.42,8.41,25297891328,9442484224
2026-05-13T11:59:04.784890+02:00,-0.03683637801250167,0.20375363015436848,0.09099042374551698,-1.5443101714700183,1.5449795141920044,1.5707847100284824,1.7510092412505531,-0.2565489922981766,-0.8840013169899457,-0.012179192713292153,-0.40352960080371636,-1.3528784013253425,47.0,48.0,48.0,40.0,42.0,26.0,29.0,25.0,54.0,94.74,3975442432,1572597760,1455915008,9.1,9.42,8.41,25297891328,9442484224
2026-05-13T11:59:04.836038+02:00,-0.03683637801250167,0.20375363015436848,0.09099042374551698,-1.5443101714700183,1.5449795141920044,1.5707847100284824,1.7510092412505531,-0.2565489922981766,-0.8840013169899457,-0.012179192713292153,-0.40352960080371636,-1.3528784013253425,47.0,48.0,48.0,40.0,42.0,26.0,29.0,25.0,54.0,94.74,3975442432,1572597760,1455915008,9.1,9.42,8.41,25297891328,9442484224
2026-05-13T11:59:04.891072+02:00,-0.03679532950706257,0.20361201603435974,0.09499445322366867,-1.523950933368984,1.5406577067630545,1.5910590082070657,1.7510092412505531,-0.24897426334452122,-0.8840013169899457,-0.012179192713292153,-0.40659756237948796,-1.3528784013253425,47.0,48.0,48.0,40.0,42.0,26.0,29.0,25.0,54.0,91.73,3975442432,1571393536,1457090560,9.1,9.42,8.41,25297891328,9442508800
2026-05-13T11:59:04.942341+02:00,-0.03679532950706257,0.20361201603435974,0.09499445322366867,-1.523950933368984,1.5406577067630545,1.5910590082070657,1.7510092412505531,-0.24897426334452122,-0.8840013169899457,-0.012179192713292153,-0.40659756237948796,-1.3528784013253425,47.0,48.0,48.0,40.0,42.0,26.0,29.0,25.0,54.0,91.73,3975442432,1571393536,1457090560,9.1,9.42,8.41,25297891328,9442508800
2026-05-13T11:59:04.993044+02:00,-0.03679532950706257,0.20361201603435974,0.09499445322366867,-1.523950933368984,1.5406577067630545,1.5910590082070657,1.7510092412505531,-0.24897426334452122,-0.8840013169899457,-0.012179192713292153,-0.40659756237948796,-1.3528784013253425,47.0,48.0,48.0,40.0,42.0,26.0,29.0,25.0,54.0,91.73,3975442432,1571393536,1457090560,9.1,9.42,8.41,25297891328,9442508800
2026-05-13T11:59:05.046287+02:00,-0.03679532950706257,0.20361201603435974,0.09499445322366867,-1.523950933368984,1.5406577067630545,1.5910590082070657,1.7510092412505531,-0.24897426334452122,-0.8840013169899457,-0.012179192713292153,-0.40659756237948796,-1.3528784013253425,47.0,48.0,48.0,40.0,42.0,26.0,29.0,25.0,54.0,91.73,3975442432,1571393536,1457090560,9.1,9.42,8.41,25297891328,9442508800
2026-05-13T11:59:05.099821+02:00,-0.03679532950706257,0.20361201603435974,0.09499445322366867,-1.523950933368984,1.5406577067630545,1.5910590082070657,1.7510092412505531,-0.24897426334452122,-0.8840013169899457,-0.012179192713292153,-0.40659756237948796,-1.3528784013253425,47.0,48.0,48.0,40.0,42.0,26.0,29.0,25.0,54.0,91.73,3975442432,1571393536,1457090560,9.1,9.42,8.41,25297891328,9442508800
2026-05-13T11:59:05.150653+02:00,-0.03679532950706257,0.20361201603435974,0.09499445322366867,-1.523950933368984,1.5406577067630545,1.5910590082070657,1.7510092412505531,-0.24897426334452122,-0.8840013169899457,-0.012179192713292153,-0.40659756237948796,-1.3528784013253425,47.0,48.0,48.0,40.0,42.0,26.0,29.0,25.0,54.0,91.73,3975442432,1571393536,1457090560,9.1,9.42,8.41,25297891328,9442508800
2026-05-13T11:59:05.200809+02:00,-0.036809630127106495,0.20369885736167004,0.0956034334835587,-1.5169425233562095,1.5391773067345258,1.598056184181435,1.7510092412505531,-0.24897426334452122,-0.8840013169899457,-0.012179192713292153,-0.4081315431673733,-1.3528784013253425,47.0,48.0,48.0,40.0,42.0,26.0,29.0,25.0,54.0,91.73,3975442432,1571393536,1457090560,9.1,9.42,8.41,25297891328,9442508800
2026-05-13T11:59:05.252330+02:00,-0.036809630127106495,0.20369885736167004,0.0956034334835587,-1.5169425233562095,1.5391773067345258,1.598056184181435,1.7510092412505531,-0.24897426334452122,-0.8840013169899457,-0.012179192713292153,-0.4081315431673733,-1.3528784013253425,47.0,48.0,48.0,40.0,42.0,26.0,29.0,25.0,54.0,91.73,3975442432,1571393536,1457090560,9.1,9.42,8.41,25297891328,9442508800
2026-05-13T11:59:05.303288+02:00,-0.0360046820755115,0.20458036428829154,0.09601322213083004,-1.5074920760592698,1.5376954986097897,1.5998616026363854,1.7281803346344673,-0.2504892091352523,-0.8658219675011727,-0.012179192713292153,-0.4250053318341154,-1.3007230545372308,47.0,48.0,48.0,40.0,42.0,26.0,29.0,25.0,55.0,91.73,3975442432,1571393536,1457090560,9.1,9.42,8.41,25297891328,9442508800
2026-05-13T11:59:05.354472+02:00,-0.0360046820755115,0.20458036428829154,0.09601322213083004,-1.5074920760592698,1.5376954986097897,1.5998616026363854,1.7281803346344673,-0.2504892091352523,-0.8658219675011727,-0.012179192713292153,-0.4250053318341154,-1.3007230545372308,47.0,48.0,48.0,40.0,42.0,26.0,29.0,25.0,55.0,91.73,3975442432,1571393536,1457090560,9.1,9.42,8.41,25297891328,9442508800
2026-05-13T11:59:05.407694+02:00,-0.0360046820755115,0.20458036428829154,0.09601322213083004,-1.5074920760592698,1.5376954986097897,1.5998616026363854,1.7281803346344673,-0.2504892091352523,-0.8658219675011727,-0.012179192713292153,-0.4250053318341154,-1.3007230545372308,47.0,48.0,48.0,40.0,42.0,26.0,29.0,25.0,55.0,91.73,3975442432,1571393536,1457090560,9.1,9.42,8.41,25297891328,9442508800
2026-05-13T11:59:05.462723+02:00,-0.0360046820755115,0.20458036428829154,0.09601322213083004,-1.5074920760592698,1.5376954986097897,1.5998616026363854,1.7281803346344673,-0.2504892091352523,-0.8658219675011727,-0.012179192713292153,-0.4250053318341154,-1.3007230545372308,47.0,48.0,48.0,40.0,42.0,26.0,29.0,25.0,55.0,91.73,3975442432,1571393536,1457090560,9.1,9.42,8.41,25297891328,9442508800
2026-05-13T11:59:05.514333+02:00,-0.031249470034427216,0.20923319677033053,0.09814527030728327,-1.4752021129360418,1.5424193840416525,1.5402115663343696,1.6855663756177734,-0.2565489922981766,-0.8340081058958201,-0.006043269561749831,-0.4664228131070276,-1.2086842072640924,47.0,48.0,48.0,40.0,42.0,26.0,29.0,25.0,55.0,91.73,3975442432,1571393536,1457090560,9.1,9.42,8.41,25297891328,9442508800
2026-05-13T11:59:05.565387+02:00,-0.031249470034427216,0.20923319677033053,0.09814527030728327,-1.4752021129360418,1.5424193840416525,1.5402115663343696,1.6855663756177734,-0.2565489922981766,-0.8340081058958201,-0.006043269561749831,-0.4664228131070276,-1.2086842072640924,47.0,48.0,48.0,40.0,42.0,26.0,29.0,25.0,55.0,91.73,3975442432,1571393536,1457090560,9.1,9.42,8.41,25297891328,9442508800
2026-05-13T11:59:05.615593+02:00,-0.031249470034427216,0.20923319677033053,0.09814527030728327,-1.4752021129360418,1.5424193840416525,1.5402115663343696,1.6855663756177734,-0.2565489922981766,-0.8340081058958201,-0.006043269561749831,-0.4664228131070276,-1.2086842072640924,47.0,48.0,48.0,40.0,42.0,26.0,29.0,25.0,55.0,91.73,3975442432,1571393536,1457090560,9.1,9.42,8.41,25297891328,9442508800
2026-05-13T11:59:05.665673+02:00,-0.031249470034427216,0.20923319677033053,0.09814527030728327,-1.4752021129360418,1.5424193840416525,1.5402115663343696,1.6855663756177734,-0.2565489922981766,-0.8340081058958201,-0.006043269561749831,-0.4664228131070276,-1.2086842072640924,47.0,48.0,48.0,40.0,42.0,26.0,29.0,25.0,55.0,91.73,3975442432,1571393536,1457090560,9.1,9.42,8.41,25297891328,9442508800
2026-05-13T11:59:05.716735+02:00,-0.019276617075372895,0.21784195096323647,0.10226938404552553,-1.4976193200314363,1.564470178113592,1.317974798332807,1.6155577286617775,-0.2656386670425631,-0.7809850032202323,-0.0014413271980928677,-0.5293160254103388,-1.0706259363543849,47.0,48.0,48.0,40.0,42.0,26.0,29.0,25.0,55.0,91.73,3975442432,1571393536,1457090560,9.1,9.42,8.41,25297891328,9442508800
2026-05-13T11:59:05.768905+02:00,-0.019276617075372895,0.21784195096323647,0.10226938404552553,-1.4976193200314363,1.564470178113592,1.317974798332807,1.6155577286617775,-0.2656386670425631,-0.7809850032202323,-0.0014413271980928677,-0.5293160254103388,-1.0706259363543849,47.0,48.0,48.0,40.0,42.0,26.0,29.0,25.0,55.0,91.73,3975442432,1571393536,1457090560,9.1,9.42,8.41,25297891328,9442508800
2026-05-13T11:59:05.821062+02:00,-0.019276617075372895,0.21784195096323647,0.10226938404552553,-1.4976193200314363,1.564470178113592,1.317974798332807,1.6155577286617775,-0.2656386670425631,-0.7809850032202323,-0.0014413271980928677,-0.5293160254103388,-1.0706259363543849,47.0,48.0,48.0,40.0,42.0,26.0,29.0,25.0,55.0,91.73,3975442432,1571393536,1457090560,9.1,9.42,8.41,25297891328,9442508800
2026-05-13T11:59:05.872329+02:00,-0.019276617075372895,0.21784195096323647,0.10226938404552553,-1.4976193200314363,1.564470178113592,1.317974798332807,1.6155577286617775,-0.2656386670425631,-0.7809850032202323,-0.0014413271980928677,-0.5293160254103388,-1.0706259363543849,47.0,48.0,48.0,40.0,42.0,26.0,29.0,25.0,55.0,91.73,3975442432,1571393536,1457090560,9.1,9.42,8.41,25297891328,9442508800
2026-05-13T11:59:05.924485+02:00,-0.008700769522812768,0.22478361673265881,0.10648777422023588,2.095344415566644,1.5609937972778813,-1.5369703431071713,1.5394613732748241,-0.2762432875776807,-0.7203871715909892,0.006228576741335257,-0.6044810840167356,-0.8880822225959935,47.0,48.0,48.0,40.0,42.0,26.0,29.0,25.0,55.0,88.98,3975442432,1571328000,1457139712,9.1,9.42,8.41,25297891328,9442508800
2026-05-13T11:59:05.976588+02:00,-0.008700769522812768,0.22478361673265881,0.10648777422023588,2.095344415566644,1.5609937972778813,-1.5369703431071713,1.5394613732748241,-0.2762432875776807,-0.7203871715909892,0.006228576741335257,-0.6044810840167356,-0.8880822225959935,47.0,48.0,48.0,40.0,42.0,26.0,29.0,25.0,55.0,88.98,3975442432,1571328000,1457139712,9.1,9.42,8.41,25297891328,9442508800
2026-05-13T11:59:06.027075+02:00,-0.008700769522812768,0.22478361673265881,0.10648777422023588,2.095344415566644,1.5609937972778813,-1.5369703431071713,1.5394613732748241,-0.2762432875776807,-0.7203871715909892,0.006228576741335257,-0.6044810840167356,-0.8880822225959935,47.0,48.0,48.0,40.0,42.0,26.0,29.0,25.0,55.0,88.98,3975442432,1571328000,1457139712,9.1,9.42,8.41,25297891328,9442508800
2026-05-13T11:59:06.081368+02:00,0.019452730968034546,0.23917607276330047,0.11731427725227882,2.175276133393482,1.5318711350504899,-1.8221861159163277,1.4192291317634393,-0.2913927454849914,-0.6279754783563934,0.016966442256534986,-0.7210636238960442,-0.6487812196858331,47.0,48.0,48.0,40.0,42.0,26.0,29.0,25.0,55.0,88.98,3975442432,1571328000,1457139712,9.1,9.42,8.41,25297891328,9442508800
2026-05-13T11:59:06.132489+02:00,0.019452730968034546,0.23917607276330047,0.11731427725227882,2.175276133393482,1.5318711350504899,-1.8221861159163277,1.4192291317634393,-0.2913927454849914,-0.6279754783563934,0.016966442256534986,-0.7210636238960442,-0.6487812196858331,47.0,48.0,48.0,40.0,42.0,26.0,29.0,25.0,55.0,88.98,3975442432,1571328000,1457139712,9.1,9.42,8.41,25297891328,9442508800
2026-05-13T11:59:06.183820+02:00,0.019452730968034546,0.23917607276330047,0.11731427725227882,2.175276133393482,1.5318711350504899,-1.8221861159163277,1.4192291317634393,-0.2913927454849914,-0.6279754783563934,0.016966442256534986,-0.7210636238960442,-0.6487812196858331,47.0,48.0,48.0,40.0,42.0,26.0,29.0,25.0,55.0,88.98,3975442432,1571328000,1457139712,9.1,9.42,8.41,25297891328,9442508800
2026-05-13T11:59:06.234391+02:00,0.019452730968034546,0.23917607276330047,0.11731427725227882,2.175276133393482,1.5318711350504899,-1.8221861159163277,1.4192291317634393,-0.2913927454849914,-0.6279754783563934,0.016966442256534986,-0.7210636238960442,-0.6487812196858331,47.0,48.0,48.0,40.0,42.0,26.0,29.0,25.0,55.0,88.98,3975442432,1571328000,1457139712,9.1,9.42,8.41,25297891328,9442508800
2026-05-13T11:59:06.287083+02:00,0.047068048108107226,0.24696211207548882,0.12801056040488198,2.4416271352642145,1.4903553952035302,-1.949008938123841,1.2944311089288365,-0.3065422033923022,-0.5325338935403355,0.02770430777173427,-0.8376461637753527,-0.35579088919967594,47.0,48.0,48.0,40.0,42.0,26.0,29.0,25.0,55.0,88.98,3975442432,1571328000,1457139712,9.1,9.42,8.41,25297891328,9442508800
2026-05-13T11:59:06.339306+02:00,0.047068048108107226,0.24696211207548882,0.12801056040488198,2.4416271352642145,1.4903553952035302,-1.949008938123841,1.2944311089288365,-0.3065422033923022,-0.5325338935403355,0.02770430777173427,-0.8376461637753527,-0.35579088919967594,47.0,48.0,48.0,40.0,42.0,26.0,29.0,25.0,55.0,88.98,3975442432,1571328000,1457139712,9.1,9.42,8.41,25297891328,9442508800
2026-05-13T11:59:06.393674+02:00,0.047068048108107226,0.24696211207548882,0.12801056040488198,2.4416271352642145,1.4903553952035302,-1.949008938123841,1.2944311089288365,-0.3065422033923022,-0.5325338935403355,0.02770430777173427,-0.8376461637753527,-0.35579088919967594,47.0,48.0,48.0,40.0,42.0,26.0,29.0,25.0,55.0,88.98,3975442432,1571328000,1457139712,9.1,9.42,8.41,25297891328,9442508800
2026-05-13T11:59:06.448742+02:00,0.047068048108107226,0.24696211207548882,0.12801056040488198,2.4416271352642145,1.4903553952035302,-1.949008938123841,1.2944311089288365,-0.3065422033923022,-0.5325338935403355,0.02770430777173427,-0.8376461637753527,-0.35579088919967594,47.0,48.0,48.0,40.0,42.0,26.0,29.0,25.0,55.0,88.98,3975442432,1571328000,1457139712,9.1,9.42,8.41,25297891328,9442508800
2026-05-13T11:59:06.502871+02:00,0.07963208621895969,0.25158057193765193,0.14074860997629113,2.673880297840784,1.4609788511514943,-2.087899524753445,1.163545377663278,-0.31866176971815086,-0.43557736293354654,0.038442173286934,-0.9373549149879197,-0.12569377101682955,47.0,48.0,48.0,40.0,42.0,26.0,29.0,25.0,55.0,88.98,3975442432,1571328000,1457139712,9.1,9.42,8.41,25297891328,9442508800
2026-05-13T11:59:06.557904+02:00,0.07963208621895969,0.25158057193765193,0.14074860997629113,2.673880297840784,1.4609788511514943,-2.087899524753445,1.163545377663278,-0.31866176971815086,-0.43557736293354654,0.038442173286934,-0.9373549149879197,-0.12569377101682955,47.0,48.0,48.0,40.0,42.0,26.0,29.0,25.0,55.0,88.98,3975442432,1571328000,1457139712,9.1,9.42,8.41,25297891328,9442508800
2026-05-13T11:59:06.609628+02:00,0.07963208621895969,0.25158057193765193,0.14074860997629113,2.673880297840784,1.4609788511514943,-2.087899524753445,1.163545377663278,-0.31866176971815086,-0.43557736293354654,0.038442173286934,-0.9373549149879197,-0.12569377101682955,47.0,48.0,48.0,40.0,42.0,26.0,29.0,25.0,55.0,88.98,3975442432,1571328000,1457139712,9.1,9.42,8.41,25297891328,9442508800
2026-05-13T11:59:06.664650+02:00,0.07963208621895969,0.25158057193765193,0.14074860997629113,2.673880297840784,1.4609788511514943,-2.087899524753445,1.163545377663278,-0.31866176971815086,-0.43557736293354654,0.038442173286934,-0.9373549149879197,-0.12569377101682955,47.0,48.0,48.0,40.0,42.0,26.0,29.0,25.0,55.0,88.98,3975442432,1571328000,1457139712,9.1,9.42,8.41,25297891328,9442508800
2026-05-13T11:59:06.715376+02:00,0.11583714687698436,0.25148386022312447,0.15528617269293102,2.8593211405578183,1.4427907230031614,-2.27124523391767,1.0494008445828489,-0.3307813360439994,-0.3507403986526062,0.046112077226362125,-1.0186558967458583,0.09213150086293131,47.0,48.0,48.0,40.0,42.0,26.0,29.0,25.0,55.0,88.98,3975442432,1571328000,1457139712,9.1,9.42,8.41,25297891328,9442508800
2026-05-13T11:59:06.767983+02:00,0.11583714687698436,0.25148386022312447,0.15528617269293102,2.8593211405578183,1.4427907230031614,-2.27124523391767,1.0494008445828489,-0.3307813360439994,-0.3507403986526062,0.046112077226362125,-1.0186558967458583,0.09213150086293131,47.0,48.0,48.0,40.0,42.0,26.0,29.0,25.0,55.0,88.98,3975442432,1571328000,1457139712,9.1,9.42,8.41,25297891328,9442508800
2026-05-13T11:59:06.819918+02:00,0.11583714687698436,0.25148386022312447,0.15528617269293102,2.8593211405578183,1.4427907230031614,-2.27124523391767,1.0494008445828489,-0.3307813360439994,-0.3507403986526062,0.046112077226362125,-1.0186558967458583,0.09213150086293131,47.0,48.0,48.0,40.0,42.0,26.0,29.0,25.0,55.0,88.98,3975442432,1571328000,1457139712,9.1,9.42,8.41,25297891328,9442508800
2026-05-13T11:59:06.870020+02:00,0.11583714687698436,0.25148386022312447,0.15528617269293102,2.8593211405578183,1.4427907230031614,-2.27124523391767,1.0494008445828489,-0.3307813360439994,-0.3507403986526062,0.046112077226362125,-1.0186558967458583,0.09213150086293131,47.0,48.0,48.0,40.0,42.0,26.0,29.0,25.0,55.0,88.98,3975442432,1571328000,1457139712,9.1,9.42,8.41,25297891328,9442508800
2026-05-13T11:59:06.921410+02:00,0.1555546368571395,0.24394621810231204,0.17207724318947804,3.050784870290424,1.4287349939809708,-2.4580405933462433,0.9443878741488541,-0.3398710107883859,-0.2765080549067833,0.05071401959001909,-1.0800151282612842,0.24706356043938094,47.0,48.0,48.0,40.0,42.0,26.0,29.0,25.0,55.0,88.98,3975442432,1571328000,1457139712,9.1,9.42,8.41,25297891328,9442508800
2026-05-13T11:59:06.976479+02:00,0.1555546368571395,0.24394621810231204,0.17207724318947804,3.050784870290424,1.4287349939809708,-2.4580405933462433,0.9443878741488541,-0.3398710107883859,-0.2765080549067833,0.05071401959001909,-1.0800151282612842,0.24706356043938094,47.0,48.0,48.0,40.0,42.0,26.0,29.0,25.0,55.0,90.91,3975442432,1571471360,1456988160,9.57,9.51,8.45,25297891328,9442508800
2026-05-13T11:59:07.028668+02:00,0.1555546368571395,0.24394621810231204,0.17207724318947804,3.050784870290424,1.4287349939809708,-2.4580405933462433,0.9443878741488541,-0.3398710107883859,-0.2765080549067833,0.05071401959001909,-1.0800151282612842,0.24706356043938094,47.0,48.0,48.0,40.0,42.0,26.0,29.0,25.0,55.0,90.91,3975442432,1571471360,1456988160,9.57,9.51,8.45,25297891328,9442508800
2026-05-13T11:59:07.084132+02:00,0.17781519693359288,0.23662841252216082,0.181757344928517,3.132947053511886,1.428437269814342,-2.5634817663010794,0.8682915187619011,-0.34441584816057913,-0.22499989802192677,0.05531596195367605,-1.1383063982009385,0.3774519274096604,47.0,48.0,48.0,40.0,42.0,26.0,29.0,25.0,55.0,90.91,3975442432,1571471360,1456988160,9.57,9.51,8.45,25297891328,9442508800
2026-05-13T11:59:07.135441+02:00,0.17781519693359288,0.23662841252216082,0.181757344928517,3.132947053511886,1.428437269814342,-2.5634817663010794,0.8682915187619011,-0.34441584816057913,-0.22499989802192677,0.05531596195367605,-1.1383063982009385,0.3774519274096604,47.0,48.0,48.0,40.0,42.0,26.0,29.0,25.0,55.0,90.91,3975442432,1571471360,1456988160,9.57,9.51,8.45,25297891328,9442508800
2026-05-13T11:59:07.188794+02:00,0.17781519693359288,0.23662841252216082,0.181757344928517,3.132947053511886,1.428437269814342,-2.5634817663010794,0.8682915187619011,-0.34441584816057913,-0.22499989802192677,0.05531596195367605,-1.1383063982009385,0.3774519274096604,47.0,48.0,48.0,40.0,42.0,26.0,29.0,25.0,55.0,90.91,3975442432,1571471360,1456988160,9.57,9.51,8.45,25297891328,9442508800
2026-05-13T11:59:07.242590+02:00,0.17781519693359288,0.23662841252216082,0.181757344928517,3.132947053511886,1.428437269814342,-2.5634817663010794,0.8682915187619011,-0.34441584816057913,-0.22499989802192677,0.05531596195367605,-1.1383063982009385,0.3774519274096604,47.0,48.0,48.0,40.0,42.0,26.0,29.0,25.0,55.0,90.91,3975442432,1571471360,1456988160,9.57,9.51,8.45,25297891328,9442508800
2026-05-13T11:59:07.298083+02:00,0.1974680767080951,0.2275274619680266,0.19016596304406358,-3.0823862302803637,1.4291441646245249,-2.674895055354563,0.8256775597452077,-0.3474457397420413,-0.19924581957949838,0.05684994274156141,-1.1582481484434521,0.42807329340988653,47.0,48.0,48.0,40.0,42.0,26.0,29.0,25.0,55.0,90.91,3975442432,1571471360,1456988160,9.57,9.51,8.45,25297891328,9442508800
2026-05-13T11:59:07.349238+02:00,0.1974680767080951,0.2275274619680266,0.19016596304406358,-3.0823862302803637,1.4291441646245249,-2.674895055354563,0.8256775597452077,-0.3474457397420413,-0.19924581957949838,0.05684994274156141,-1.1582481484434521,0.42807329340988653,47.0,48.0,48.0,40.0,42.0,26.0,29.0,25.0,55.0,90.91,3975442432,1571471360,1456988160,9.57,9.51,8.45,25297891328,9442508800
2026-05-13T11:59:07.401313+02:00,0.1974680767080951,0.2275274619680266,0.19016596304406358,-3.0823862302803637,1.4291441646245249,-2.674895055354563,0.8256775597452077,-0.3474457397420413,-0.19924581957949838,0.05684994274156141,-1.1582481484434521,0.42807329340988653,47.0,48.0,48.0,40.0,42.0,26.0,29.0,25.0,55.0,90.91,3975442432,1571471360,1456988160,9.57,9.51,8.45,25297891328,9442508800
2026-05-13T11:59:07.454748+02:00,0.1974680767080951,0.2275274619680266,0.19016596304406358,-3.0823862302803637,1.4291441646245249,-2.674895055354563,0.8256775597452077,-0.3474457397420413,-0.19924581957949838,0.05684994274156141,-1.1582481484434521,0.42807329340988653,47.0,48.0,48.0,40.0,42.0,26.0,29.0,25.0,55.0,90.91,3975442432,1571471360,1456988160,9.57,9.51,8.45,25297891328,9442508800
2026-05-13T11:59:07.509995+02:00,0.20280086364327365,0.22455155571945606,0.19234083419617043,-3.059641782574812,1.4289190813243668,-2.695941317499522,0.8241556326374684,-0.3474457397420413,-0.19924581957949838,0.05838392352944721,-1.1582481484434521,0.4342092165614293,47.0,48.0,48.0,40.0,42.0,26.0,29.0,25.0,55.0,90.91,3975442432,1571471360,1456988160,9.57,9.51,8.45,25297891328,9442508800
2026-05-13T11:59:07.565460+02:00,0.20280086364327365,0.22455155571945606,0.19234083419617043,-3.059641782574812,1.4289190813243668,-2.695941317499522,0.8241556326374684,-0.3474457397420413,-0.19924581957949838,0.05838392352944721,-1.1582481484434521,0.4342092165614293,47.0,48.0,48.0,40.0,42.0,26.0,29.0,25.0,55.0,90.91,3975442432,1571471360,1456988160,9.57,9.51,8.45,25297891328,9442508800
2026-05-13T11:59:07.620387+02:00,0.20280086364327365,0.22455155571945606,0.19234083419617043,-3.059641782574812,1.4289190813243668,-2.695941317499522,0.8241556326374684,-0.3474457397420413,-0.19924581957949838,0.05838392352944721,-1.1582481484434521,0.4342092165614293,47.0,48.0,48.0,40.0,42.0,26.0,29.0,25.0,55.0,90.91,3975442432,1571471360,1456988160,9.57,9.51,8.45,25297891328,9442508800
2026-05-13T11:59:07.672574+02:00,0.20280086364327365,0.22455155571945606,0.19234083419617043,-3.059641782574812,1.4289190813243668,-2.695941317499522,0.8241556326374684,-0.3474457397420413,-0.19924581957949838,0.05838392352944721,-1.1582481484434521,0.4342092165614293,47.0,48.0,48.0,40.0,42.0,26.0,29.0,25.0,55.0,90.91,3975442432,1571471360,1456988160,9.57,9.51,8.45,25297891328,9442508800
2026-05-13T11:59:07.725644+02:00,0.20219666132339847,0.22474007151822786,0.1920192602886402,-3.0627179352068077,1.4270261428313527,-2.6997790544020748,0.8241556326374684,-0.3489606855327724,-0.19924581957949838,0.05838392352944721,-1.1582481484434521,0.4342092165614293,47.0,48.0,48.0,40.0,42.0,26.0,29.0,25.0,55.0,90.91,3975442432,1571471360,1456988160,9.57,9.51,8.45,25297891328,9442508800
2026-05-13T11:59:07.780315+02:00,0.20219666132339847,0.22474007151822786,0.1920192602886402,-3.0627179352068077,1.4270261428313527,-2.6997790544020748,0.8241556326374684,-0.3489606855327724,-0.19924581957949838,0.05838392352944721,-1.1582481484434521,0.4342092165614293,47.0,48.0,48.0,40.0,42.0,26.0,29.0,25.0,55.0,90.91,3975442432,1571471360,1456988160,9.57,9.51,8.45,25297891328,9442508800
2026-05-13T11:59:07.831857+02:00,0.20219666132339847,0.22474007151822786,0.1920192602886402,-3.0627179352068077,1.4270261428313527,-2.6997790544020748,0.8241556326374684,-0.3489606855327724,-0.19924581957949838,0.05838392352944721,-1.1582481484434521,0.4342092165614293,47.0,48.0,48.0,40.0,42.0,26.0,29.0,25.0,55.0,90.91,3975442432,1571471360,1456988160,9.57,9.51,8.45,25297891328,9442508800
2026-05-13T11:59:07.882497+02:00,0.20219666132339847,0.22474007151822786,0.1920192602886402,-3.0627179352068077,1.4270261428313527,-2.6997790544020748,0.8241556326374684,-0.3489606855327724,-0.19924581957949838,0.05838392352944721,-1.1582481484434521,0.4342092165614293,47.0,48.0,48.0,40.0,42.0,26.0,29.0,25.0,55.0,90.91,3975442432,1571471360,1456988160,9.57,9.51,8.45,25297891328,9442508800
2026-05-13T11:59:07.935664+02:00,0.2018803593463981,0.22439824954289367,0.19045203058695137,-3.0475289429495045,1.4213869273875648,-2.6847528990664604,0.8241556326374684,-0.35956530606788994,-0.20985044011461595,0.05838392352944721,-1.1398403789888243,0.4326752357735435,47.0,48.0,48.0,40.0,42.0,26.0,29.0,25.0,55.0,90.91,3975442432,1571471360,1456988160,9.57,9.51,8.45,25297891328,9442508800
2026-05-13T11:59:07.987040+02:00,0.2018803593463981,0.22439824954289367,0.19045203058695137,-3.0475289429495045,1.4213869273875648,-2.6847528990664604,0.8241556326374684,-0.35956530606788994,-0.20985044011461595,0.05838392352944721,-1.1398403789888243,0.4326752357735435,47.0,48.0,48.0,40.0,42.0,26.0,29.0,25.0,55.0,90.91,3975442432,1571471360,1456988160,9.57,9.51,8.45,25297891328,9442508800
2026-05-13T11:59:08.037739+02:00,0.2018803593463981,0.22439824954289367,0.19045203058695137,-3.0475289429495045,1.4213869273875648,-2.6847528990664604,0.8241556326374684,-0.35956530606788994,-0.20985044011461595,0.05838392352944721,-1.1398403789888243,0.4326752357735435,47.0,48.0,48.0,40.0,42.0,26.0,29.0,25.0,55.0,94.41,3975442432,1572716544,1455714304,9.57,9.51,8.45,25297891328,9442529280
2026-05-13T11:59:08.092755+02:00,0.20260063395134043,0.22520604227162236,0.18275102349689248,-3.0664101674219,1.4273068494106234,-2.7044975969527454,0.8241556326374684,-0.3777446555566628,-0.22499989802192677,0.059917904317333015,-1.1045588208674544,0.4326752357735435,47.0,48.0,48.0,40.0,42.0,26.0,29.0,25.0,55.0,94.41,3975442432,1572716544,1455714304,9.57,9.51,8.45,25297891328,9442529280
2026-05-13T11:59:08.144791+02:00,0.20260063395134043,0.22520604227162236,0.18275102349689248,-3.0664101674219,1.4273068494106234,-2.7044975969527454,0.8241556326374684,-0.3777446555566628,-0.22499989802192677,0.059917904317333015,-1.1045588208674544,0.4326752357735435,47.0,48.0,48.0,40.0,42.0,26.0,29.0,25.0,55.0,94.41,3975442432,1572716544,1455714304,9.57,9.51,8.45,25297891328,9442529280
2026-05-13T11:59:08.195295+02:00,0.20260063395134043,0.22520604227162236,0.18275102349689248,-3.0664101674219,1.4273068494106234,-2.7044975969527454,0.8241556326374684,-0.3777446555566628,-0.22499989802192677,0.059917904317333015,-1.1045588208674544,0.4326752357735435,47.0,48.0,48.0,40.0,42.0,26.0,29.0,25.0,55.0,94.41,3975442432,1572716544,1455714304,9.57,9.51,8.45,25297891328,9442529280
2026-05-13T11:59:08.248733+02:00,0.20260063395134043,0.22520604227162236,0.18275102349689248,-3.0664101674219,1.4273068494106234,-2.7044975969527454,0.8241556326374684,-0.3777446555566628,-0.22499989802192677,0.059917904317333015,-1.1045588208674544,0.4326752357735435,47.0,48.0,48.0,40.0,42.0,26.0,29.0,25.0,55.0,94.41,3975442432,1572716544,1455714304,9.57,9.51,8.45,25297891328,9442529280
2026-05-13T11:59:08.298846+02:00,0.20260063395134043,0.22520604227162236,0.18275102349689248,-3.0664101674219,1.4273068494106234,-2.7044975969527454,0.8241556326374684,-0.3777446555566628,-0.22499989802192677,0.059917904317333015,-1.1045588208674544,0.4326752357735435,47.0,48.0,48.0,40.0,42.0,26.0,29.0,25.0,55.0,94.41,3975442432,1572716544,1455714304,9.57,9.51,8.45,25297891328,9442529280
2026-05-13T11:59:08.349846+02:00,0.20260063395134043,0.22520604227162236,0.18275102349689248,-3.0664101674219,1.4273068494106234,-2.7044975969527454,0.8241556326374684,-0.3777446555566628,-0.22499989802192677,0.059917904317333015,-1.1045588208674544,0.4326752357735435,47.0,48.0,48.0,40.0,42.0,26.0,29.0,25.0,55.0,94.41,3975442432,1572716544,1455714304,9.57,9.51,8.45,25297891328,9442529280
2026-05-13T11:59:08.400519+02:00,0.2025734436841694,0.2252870584813546,0.1700940053453019,-3.0745306953407066,1.4274762986725977,-2.7152408544338473,0.8241556326374684,-0.4171332461156708,-0.25681375962727926,0.06298586589310418,-1.0324617238368297,0.42807329340988653,47.0,48.0,48.0,40.0,42.0,26.0,29.0,25.0,55.0,94.41,3975442432,1572716544,1455714304,9.57,9.51,8.45,25297891328,9442529280
2026-05-13T11:59:08.452589+02:00,0.2025734436841694,0.2252870584813546,0.1700940053453019,-3.0745306953407066,1.4274762986725977,-2.7152408544338473,0.8241556326374684,-0.4171332461156708,-0.25681375962727926,0.06298586589310418,-1.0324617238368297,0.42807329340988653,47.0,48.0,48.0,40.0,42.0,26.0,29.0,25.0,55.0,94.41,3975442432,1572716544,1455714304,9.57,9.51,8.45,25297891328,9442529280
2026-05-13T11:59:08.507269+02:00,0.20239290592783657,0.2248596670759687,0.1561790977291934,-3.0584547174652412,1.4259002425761376,-2.698819013616954,0.8241556326374684,-0.44591721613956137,-0.2719632175345901,0.06298586589310418,-0.9987141465033456,0.42807329340988653,47.0,48.0,48.0,40.0,42.0,26.0,29.0,25.0,55.0,94.41,3975442432,1572716544,1455714304,9.57,9.51,8.45,25297891328,9442529280
2026-05-13T11:59:08.557384+02:00,0.20239290592783657,0.2248596670759687,0.1561790977291934,-3.0584547174652412,1.4259002425761376,-2.698819013616954,0.8241556326374684,-0.44591721613956137,-0.2719632175345901,0.06298586589310418,-0.9987141465033456,0.42807329340988653,47.0,48.0,48.0,40.0,42.0,26.0,29.0,25.0,55.0,94.41,3975442432,1572716544,1455714304,9.57,9.51,8.45,25297891328,9442529280
2026-05-13T11:59:08.607480+02:00,0.20239290592783657,0.2248596670759687,0.1561790977291934,-3.0584547174652412,1.4259002425761376,-2.698819013616954,0.8241556326374684,-0.44591721613956137,-0.2719632175345901,0.06298586589310418,-0.9987141465033456,0.42807329340988653,47.0,48.0,48.0,40.0,42.0,26.0,29.0,25.0,55.0,94.41,3975442432,1572716544,1455714304,9.57,9.51,8.45,25297891328,9442529280
2026-05-13T11:59:08.657534+02:00,0.20239290592783657,0.2248596670759687,0.1561790977291934,-3.0584547174652412,1.4259002425761376,-2.698819013616954,0.8241556326374684,-0.44591721613956137,-0.2719632175345901,0.06298586589310418,-0.9987141465033456,0.42807329340988653,47.0,48.0,48.0,40.0,42.0,26.0,29.0,25.0,55.0,94.41,3975442432,1572716544,1455714304,9.57,9.51,8.45,25297891328,9442529280
2026-05-13T11:59:08.710482+02:00,0.2017679988931041,0.2240358687149715,0.145325081644098,-3.025903009529288,1.416742657550907,-2.668102479572386,0.8241556326374684,-0.45803678246541,-0.2780230006975144,0.06451984668098998,-0.9803063770487177,0.42807329340988653,47.0,48.0,48.0,40.0,42.0,26.0,29.0,25.0,55.0,94.41,3975442432,1572716544,1455714304,9.57,9.51,8.45,25297891328,9442529280
2026-05-13T11:59:08.764849+02:00,0.2017679988931041,0.2240358687149715,0.145325081644098,-3.025903009529288,1.416742657550907,-2.668102479572386,0.8241556326374684,-0.45803678246541,-0.2780230006975144,0.06451984668098998,-0.9803063770487177,0.42807329340988653,47.0,48.0,48.0,40.0,42.0,26.0,29.0,25.0,55.0,94.41,3975442432,1572716544,1455714304,9.57,9.51,8.45,25297891328,9442529280
2026-05-13T11:59:08.815070+02:00,0.2017679988931041,0.2240358687149715,0.145325081644098,-3.025903009529288,1.416742657550907,-2.668102479572386,0.8241556326374684,-0.45803678246541,-0.2780230006975144,0.06451984668098998,-0.9803063770487177,0.42807329340988653,47.0,48.0,48.0,40.0,42.0,26.0,29.0,25.0,55.0,94.41,3975442432,1572716544,1455714304,9.57,9.51,8.45,25297891328,9442529280
2026-05-13T11:59:08.869422+02:00,0.2017679988931041,0.2240358687149715,0.145325081644098,-3.025903009529288,1.416742657550907,-2.668102479572386,0.8241556326374684,-0.45803678246541,-0.2780230006975144,0.06451984668098998,-0.9803063770487177,0.42807329340988653,47.0,48.0,48.0,40.0,42.0,26.0,29.0,25.0,55.0,94.41,3975442432,1572716544,1455714304,9.57,9.51,8.45,25297891328,9442529280
2026-05-13T11:59:08.921224+02:00,0.2018415865890928,0.22419858761926326,0.1419641556895616,-3.0299900623551737,1.416646927825567,-2.6737466464571757,0.8241556326374684,-0.45803678246541,-0.2780230006975144,0.06451984668098998,-0.9803063770487177,0.42807329340988653,47.0,48.0,48.0,40.0,42.0,26.0,29.0,25.0,55.0,94.41,3975442432,1572716544,1455714304,9.57,9.51,8.45,25297891328,9442529280
2026-05-13T11:59:08.976230+02:00,0.2018415865890928,0.22419858761926326,0.1419641556895616,-3.0299900623551737,1.416646927825567,-2.6737466464571757,0.8241556326374684,-0.45803678246541,-0.2780230006975144,0.06451984668098998,-0.9803063770487177,0.42807329340988653,47.0,48.0,48.0,40.0,42.0,26.0,29.0,25.0,55.0,94.41,3975442432,1572716544,1455714304,9.57,9.51,8.45,25297891328,9442529280
2026-05-13T11:59:09.026484+02:00,0.2018415865890928,0.22419858761926326,0.1419641556895616,-3.0299900623551737,1.416646927825567,-2.6737466464571757,0.8241556326374684,-0.45803678246541,-0.2780230006975144,0.06451984668098998,-0.9803063770487177,0.42807329340988653,47.0,48.0,48.0,40.0,42.0,26.0,29.0,25.0,55.0,94.41,3975442432,1572716544,1455714304,9.57,9.51,8.45,25297891328,9442529280
2026-05-13T11:59:09.080984+02:00,0.2018415865890928,0.22419858761926326,0.1419641556895616,-3.0299900623551737,1.416646927825567,-2.6737466464571757,0.8241556326374684,-0.45803678246541,-0.2780230006975144,0.06451984668098998,-0.9803063770487177,0.42807329340988653,47.0,48.0,48.0,40.0,42.0,26.0,29.0,25.0,55.0,98.56,3975442432,1576955904,1451413504,9.57,9.51,8.45,25297891328,9442537472
2026-05-13T11:59:09.131066+02:00,0.2018415865890928,0.22419858761926326,0.1419641556895616,-3.0299900623551737,1.416646927825567,-2.6737466464571757,0.8241556326374684,-0.45803678246541,-0.2780230006975144,0.06451984668098998,-0.9803063770487177,0.42807329340988653,47.0,48.0,48.0,40.0,42.0,26.0,29.0,25.0,55.0,98.56,3975442432,1576955904,1451413504,9.57,9.51,8.45,25297891328,9442537472
2026-05-13T11:59:09.181201+02:00,0.2018415865890928,0.22419858761926326,0.1419641556895616,-3.0299900623551737,1.416646927825567,-2.6737466464571757,0.8241556326374684,-0.45803678246541,-0.2780230006975144,0.06451984668098998,-0.9803063770487177,0.42807329340988653,47.0,48.0,48.0,40.0,42.0,26.0,29.0,25.0,55.0,98.56,3975442432,1576955904,1451413504,9.57,9.51,8.45,25297891328,9442537472
2026-05-13T11:59:09.231597+02:00,0.2018415865890928,0.22419858761926326,0.1419641556895616,-3.0299900623551737,1.416646927825567,-2.6737466464571757,0.8241556326374684,-0.45803678246541,-0.2780230006975144,0.06451984668098998,-0.9803063770487177,0.42807329340988653,47.0,48.0,48.0,40.0,42.0,26.0,29.0,25.0,55.0,98.56,3975442432,1576955904,1451413504,9.57,9.51,8.45,25297891328,9442537472
2026-05-13T11:59:09.282471+02:00,0.2018415865890928,0.22419858761926326,0.1419641556895616,-3.0299900623551737,1.416646927825567,-2.6737466464571757,0.8241556326374684,-0.45803678246541,-0.2780230006975144,0.06451984668098998,-0.9803063770487177,0.42807329340988653,47.0,48.0,48.0,40.0,42.0,26.0,29.0,25.0,54.0,98.56,3975442432,1576955904,1451413504,9.57,9.51,8.45,25297891328,9442537472
2026-05-13T11:59:09.333539+02:00,0.2018415865890928,0.22419858761926326,0.1419641556895616,-3.0299900623551737,1.416646927825567,-2.6737466464571757,0.8241556326374684,-0.45803678246541,-0.2780230006975144,0.06451984668098998,-0.9803063770487177,0.42807329340988653,47.0,48.0,48.0,40.0,42.0,26.0,29.0,25.0,54.0,98.56,3975442432,1576955904,1451413504,9.57,9.51,8.45,25297891328,9442537472
2026-05-13T11:59:09.383937+02:00,0.2018415865890928,0.22419858761926326,0.1419641556895616,-3.0299900623551737,1.416646927825567,-2.6737466464571757,0.8241556326374684,-0.45803678246541,-0.2780230006975144,0.06451984668098998,-0.9803063770487177,0.42807329340988653,47.0,48.0,48.0,40.0,42.0,26.0,29.0,25.0,54.0,98.56,3975442432,1576955904,1451413504,9.57,9.51,8.45,25297891328,9442537472
2026-05-13T11:59:09.436664+02:00,0.2018415865890928,0.22419858761926326,0.1419641556895616,-3.0299900623551737,1.416646927825567,-2.6737466464571757,0.8241556326374684,-0.45803678246541,-0.2780230006975144,0.06451984668098998,-0.9803063770487177,0.42807329340988653,47.0,48.0,48.0,40.0,42.0,26.0,29.0,25.0,54.0,98.56,3975442432,1576955904,1451413504,9.57,9.51,8.45,25297891328,9442537472
2026-05-13T11:59:09.487048+02:00,0.2018415865890928,0.22419858761926326,0.1419641556895616,-3.0299900623551737,1.416646927825567,-2.6737466464571757,0.8241556326374684,-0.45803678246541,-0.2780230006975144,0.06451984668098998,-0.9803063770487177,0.42807329340988653,47.0,48.0,48.0,40.0,42.0,26.0,29.0,25.0,54.0,98.56,3975442432,1576955904,1451413504,9.57,9.51,8.45,25297891328,9442537472
2026-05-13T11:59:09.539413+02:00,0.2018415865890928,0.22419858761926326,0.1419641556895616,-3.0299900623551737,1.416646927825567,-2.6737466464571757,0.8241556326374684,-0.45803678246541,-0.2780230006975144,0.06451984668098998,-0.9803063770487177,0.42807329340988653,47.0,48.0,48.0,40.0,42.0,26.0,29.0,25.0,54.0,98.56,3975442432,1576955904,1451413504,9.57,9.51,8.45,25297891328,9442537472
2026-05-13T11:59:09.592738+02:00,0.2018415865890928,0.22419858761926326,0.1419641556895616,-3.0299900623551737,1.416646927825567,-2.6737466464571757,0.8241556326374684,-0.45803678246541,-0.2780230006975144,0.06451984668098998,-0.9803063770487177,0.42807329340988653,47.0,48.0,48.0,40.0,42.0,26.0,29.0,25.0,54.0,98.56,3975442432,1576955904,1451413504,9.57,9.51,8.45,25297891328,9442537472
2026-05-13T11:59:09.647687+02:00,0.2018415865890928,0.22419858761926326,0.1419641556895616,-3.0299900623551737,1.416646927825567,-2.6737466464571757,0.8241556326374684,-0.45803678246541,-0.2780230006975144,0.06451984668098998,-0.9803063770487177,0.42807329340988653,47.0,48.0,48.0,40.0,42.0,26.0,29.0,25.0,54.0,98.56,3975442432,1576955904,1451413504,9.57,9.51,8.45,25297891328,9442537472
2026-05-13T11:59:09.702761+02:00,0.2018415865890928,0.22419858761926326,0.1419641556895616,-3.0299900623551737,1.416646927825567,-2.6737466464571757,0.8241556326374684,-0.45803678246541,-0.2780230006975144,0.06451984668098998,-0.9803063770487177,0.42807329340988653,47.0,48.0,48.0,40.0,42.0,26.0,29.0,25.0,54.0,98.56,3975442432,1576955904,1451413504,9.57,9.51,8.45,25297891328,9442537472
2026-05-13T11:59:09.753962+02:00,0.2018415865890928,0.22419858761926326,0.1419641556895616,-3.0299900623551737,1.416646927825567,-2.6737466464571757,0.8241556326374684,-0.45803678246541,-0.2780230006975144,0.06451984668098998,-0.9803063770487177,0.42807329340988653,47.0,48.0,48.0,40.0,42.0,26.0,29.0,25.0,54.0,98.56,3975442432,1576955904,1451413504,9.57,9.51,8.45,25297891328,9442537472
2026-05-13T11:59:09.808214+02:00,0.2018415865890928,0.22419858761926326,0.1419641556895616,-3.0299900623551737,1.416646927825567,-2.6737466464571757,0.8241556326374684,-0.45803678246541,-0.2780230006975144,0.06451984668098998,-0.9803063770487177,0.42807329340988653,47.0,48.0,48.0,40.0,42.0,26.0,29.0,25.0,54.0,98.56,3975442432,1576955904,1451413504,9.57,9.51,8.45,25297891328,9442537472
2026-05-13T11:59:09.861476+02:00,0.2018415865890928,0.22419858761926326,0.1419641556895616,-3.0299900623551737,1.416646927825567,-2.6737466464571757,0.8241556326374684,-0.45803678246541,-0.2780230006975144,0.06451984668098998,-0.9803063770487177,0.42807329340988653,47.0,48.0,48.0,40.0,42.0,26.0,29.0,25.0,54.0,98.56,3975442432,1576955904,1451413504,9.57,9.51,8.45,25297891328,9442537472
2026-05-13T11:59:09.913609+02:00,0.2018415865890928,0.22419858761926326,0.1419641556895616,-3.0299900623551737,1.416646927825567,-2.6737466464571757,0.8241556326374684,-0.45803678246541,-0.2780230006975144,0.06451984668098998,-0.9803063770487177,0.42807329340988653,47.0,48.0,48.0,40.0,42.0,26.0,29.0,25.0,54.0,98.56,3975442432,1576955904,1451413504,9.57,9.51,8.45,25297891328,9442537472
2026-05-13T11:59:09.968446+02:00,0.2018415865890928,0.22419858761926326,0.1419641556895616,-3.0299900623551737,1.416646927825567,-2.6737466464571757,0.8241556326374684,-0.45803678246541,-0.2780230006975144,0.06451984668098998,-0.9803063770487177,0.42807329340988653,47.0,48.0,48.0,40.0,42.0,26.0,29.0,25.0,54.0,98.5,3975442432,1605193728,1423147008,9.57,9.51,8.45,25297891328,9442537472
2026-05-13T11:59:10.023440+02:00,0.2018415865890928,0.22419858761926326,0.1419641556895616,-3.0299900623551737,1.416646927825567,-2.6737466464571757,0.8241556326374684,-0.45803678246541,-0.2780230006975144,0.06451984668098998,-0.9803063770487177,0.42807329340988653,47.0,48.0,48.0,40.0,42.0,26.0,29.0,25.0,54.0,98.5,3975442432,1605193728,1423147008,9.57,9.51,8.45,25297891328,9442537472
2026-05-13T11:59:10.074624+02:00,0.2018415865890928,0.22419858761926326,0.1419641556895616,-3.0299900623551737,1.416646927825567,-2.6737466464571757,0.8241556326374684,-0.45803678246541,-0.2780230006975144,0.06451984668098998,-0.9803063770487177,0.42807329340988653,47.0,48.0,48.0,40.0,42.0,26.0,29.0,25.0,54.0,98.5,3975442432,1605193728,1423147008,9.57,9.51,8.45,25297891328,9442537472
2026-05-13T11:59:10.128141+02:00,0.2018415865890928,0.22419858761926326,0.1419641556895616,-3.0299900623551737,1.416646927825567,-2.6737466464571757,0.8241556326374684,-0.45803678246541,-0.2780230006975144,0.06451984668098998,-0.9803063770487177,0.42807329340988653,47.0,48.0,48.0,40.0,42.0,26.0,29.0,25.0,54.0,98.5,3975442432,1605193728,1423147008,9.57,9.51,8.45,25297891328,9442537472
2026-05-13T11:59:10.183157+02:00,0.2018415865890928,0.22419858761926326,0.1419641556895616,-3.0299900623551737,1.416646927825567,-2.6737466464571757,0.8241556326374684,-0.45803678246541,-0.2780230006975144,0.06451984668098998,-0.9803063770487177,0.42807329340988653,47.0,48.0,48.0,40.0,42.0,26.0,29.0,25.0,54.0,98.5,3975442432,1605193728,1423147008,9.57,9.51,8.45,25297891328,9442537472
2026-05-13T11:59:10.238216+02:00,0.2018415865890928,0.22419858761926326,0.1419641556895616,-3.0299900623551737,1.416646927825567,-2.6737466464571757,0.8241556326374684,-0.45803678246541,-0.2780230006975144,0.06451984668098998,-0.9803063770487177,0.42807329340988653,47.0,48.0,48.0,40.0,42.0,26.0,29.0,25.0,54.0,98.5,3975442432,1605193728,1423147008,9.57,9.51,8.45,25297891328,9442537472
2026-05-13T11:59:10.290015+02:00,0.2018415865890928,0.22419858761926326,0.1419641556895616,-3.0299900623551737,1.416646927825567,-2.6737466464571757,0.8241556326374684,-0.45803678246541,-0.2780230006975144,0.06451984668098998,-0.9803063770487177,0.42807329340988653,47.0,48.0,48.0,40.0,42.0,26.0,29.0,25.0,54.0,98.5,3975442432,1605193728,1423147008,9.57,9.51,8.45,25297891328,9442537472
2026-05-13T11:59:10.342836+02:00,0.2018415865890928,0.22419858761926326,0.1419641556895616,-3.0299900623551737,1.416646927825567,-2.6737466464571757,0.8241556326374684,-0.45803678246541,-0.2780230006975144,0.06451984668098998,-0.9803063770487177,0.42807329340988653,47.0,48.0,48.0,40.0,42.0,26.0,29.0,25.0,54.0,98.5,3975442432,1605193728,1423147008,9.57,9.51,8.45,25297891328,9442537472
2026-05-13T11:59:10.393444+02:00,0.2018415865890928,0.22419858761926326,0.1419641556895616,-3.0299900623551737,1.416646927825567,-2.6737466464571757,0.8241556326374684,-0.45803678246541,-0.2780230006975144,0.06451984668098998,-0.9803063770487177,0.42807329340988653,47.0,48.0,48.0,40.0,42.0,26.0,29.0,25.0,54.0,98.5,3975442432,1605193728,1423147008,9.57,9.51,8.45,25297891328,9442537472
2026-05-13T11:59:10.446650+02:00,0.2018415865890928,0.22419858761926326,0.1419641556895616,-3.0299900623551737,1.416646927825567,-2.6737466464571757,0.8241556326374684,-0.45803678246541,-0.2780230006975144,0.06451984668098998,-0.9803063770487177,0.42807329340988653,47.0,48.0,48.0,40.0,42.0,26.0,29.0,25.0,54.0,98.5,3975442432,1605193728,1423147008,9.57,9.51,8.45,25297891328,9442537472
2026-05-13T11:59:10.501516+02:00,0.2018415865890928,0.22419858761926326,0.1419641556895616,-3.0299900623551737,1.416646927825567,-2.6737466464571757,0.8241556326374684,-0.45803678246541,-0.2780230006975144,0.06451984668098998,-0.9803063770487177,0.42807329340988653,47.0,48.0,48.0,40.0,42.0,26.0,29.0,25.0,54.0,98.5,3975442432,1605193728,1423147008,9.57,9.51,8.45,25297891328,9442537472
2026-05-13T11:59:10.553365+02:00,0.2018415865890928,0.22419858761926326,0.1419641556895616,-3.0299900623551737,1.416646927825567,-2.6737466464571757,0.8241556326374684,-0.45803678246541,-0.2780230006975144,0.06451984668098998,-0.9803063770487177,0.42807329340988653,47.0,48.0,48.0,40.0,42.0,26.0,29.0,25.0,54.0,98.5,3975442432,1605193728,1423147008,9.57,9.51,8.45,25297891328,9442537472
2026-05-13T11:59:10.608036+02:00,0.2018415865890928,0.22419858761926326,0.1419641556895616,-3.0299900623551737,1.416646927825567,-2.6737466464571757,0.8241556326374684,-0.45803678246541,-0.2780230006975144,0.06451984668098998,-0.9803063770487177,0.42807329340988653,47.0,48.0,48.0,40.0,42.0,26.0,29.0,25.0,54.0,98.5,3975442432,1605193728,1423147008,9.57,9.51,8.45,25297891328,9442537472
2026-05-13T11:59:10.659220+02:00,0.2018415865890928,0.22419858761926326,0.1419641556895616,-3.0299900623551737,1.416646927825567,-2.6737466464571757,0.8241556326374684,-0.45803678246541,-0.2780230006975144,0.06451984668098998,-0.9803063770487177,0.42807329340988653,47.0,48.0,48.0,40.0,42.0,26.0,29.0,25.0,54.0,98.5,3975442432,1605193728,1423147008,9.57,9.51,8.45,25297891328,9442537472
2026-05-13T11:59:10.710403+02:00,0.2018415865890928,0.22419858761926326,0.1419641556895616,-3.0299900623551737,1.416646927825567,-2.6737466464571757,0.8241556326374684,-0.45803678246541,-0.2780230006975144,0.06451984668098998,-0.9803063770487177,0.42807329340988653,47.0,48.0,48.0,40.0,42.0,26.0,29.0,25.0,54.0,98.5,3975442432,1605193728,1423147008,9.57,9.51,8.45,25297891328,9442537472
2026-05-13T11:59:10.763759+02:00,0.2018415865890928,0.22419858761926326,0.1419641556895616,-3.0299900623551737,1.416646927825567,-2.6737466464571757,0.8241556326374684,-0.45803678246541,-0.2780230006975144,0.06451984668098998,-0.9803063770487177,0.42807329340988653,47.0,48.0,48.0,40.0,42.0,26.0,29.0,25.0,54.0,98.5,3975442432,1605193728,1423147008,9.57,9.51,8.45,25297891328,9442537472
2026-05-13T11:59:10.818781+02:00,0.2018415865890928,0.22419858761926326,0.1419641556895616,-3.0299900623551737,1.416646927825567,-2.6737466464571757,0.8241556326374684,-0.45803678246541,-0.2780230006975144,0.06451984668098998,-0.9803063770487177,0.42807329340988653,47.0,48.0,48.0,40.0,42.0,26.0,29.0,25.0,54.0,98.5,3975442432,1605193728,1423147008,9.57,9.51,8.45,25297891328,9442537472
2026-05-13T11:59:10.874128+02:00,0.2018415865890928,0.22419858761926326,0.1419641556895616,-3.0299900623551737,1.416646927825567,-2.6737466464571757,0.8241556326374684,-0.45803678246541,-0.2780230006975144,0.06451984668098998,-0.9803063770487177,0.42807329340988653,47.0,48.0,48.0,40.0,42.0,26.0,29.0,25.0,54.0,98.5,3975442432,1605193728,1423147008,9.57,9.51,8.45,25297891328,9442537472
2026-05-13T11:59:10.925104+02:00,0.20224496053140267,0.22464236419805886,0.1434703578771653,-3.040980402898293,1.4208595176288639,-2.684536725305304,0.8241556326374684,-0.44743216193029245,-0.2689333259531279,0.06298586589310418,-0.9971801657154598,0.42807329340988653,47.0,48.0,48.0,40.0,42.0,26.0,29.0,25.0,54.0,98.5,3975442432,1605193728,1423147008,9.57,9.51,8.45,25297891328,9442537472
2026-05-13T11:59:10.976944+02:00,0.20224496053140267,0.22464236419805886,0.1434703578771653,-3.040980402898293,1.4208595176288639,-2.684536725305304,0.8241556326374684,-0.44743216193029245,-0.2689333259531279,0.06298586589310418,-0.9971801657154598,0.42807329340988653,47.0,48.0,48.0,40.0,42.0,26.0,29.0,25.0,54.0,98.5,3975442432,1605193728,1423147008,9.57,9.51,8.45,25297891328,9442537472
2026-05-13T11:59:11.027648+02:00,0.20224496053140267,0.22464236419805886,0.1434703578771653,-3.040980402898293,1.4208595176288639,-2.684536725305304,0.8241556326374684,-0.44743216193029245,-0.2689333259531279,0.06298586589310418,-0.9971801657154598,0.42807329340988653,47.0,48.0,48.0,40.0,42.0,26.0,29.0,25.0,54.0,98.5,3975442432,1605193728,1423147008,9.57,9.51,8.45,25297891328,9442537472
2026-05-13T11:59:11.079766+02:00,0.20224496053140267,0.22464236419805886,0.1434703578771653,-3.040980402898293,1.4208595176288639,-2.684536725305304,0.8241556326374684,-0.44743216193029245,-0.2689333259531279,0.06298586589310418,-0.9971801657154598,0.42807329340988653,47.0,48.0,48.0,40.0,42.0,26.0,29.0,25.0,54.0,89.15,3975442432,1609433088,1418829824,9.57,9.51,8.45,25297891328,9442553856
2026-05-13T11:59:11.130419+02:00,0.2024168586595855,0.2248194463835899,0.15019883193638978,-3.036712857444966,1.4191759216848805,-2.677983716067068,0.8241556326374684,-0.4262229208600573,-0.252268922255086,0.06298586589310418,-1.0355296854126004,0.42807329340988653,47.0,48.0,48.0,40.0,42.0,26.0,29.0,25.0,54.0,89.15,3975442432,1609433088,1418829824,9.57,9.51,8.45,25297891328,9442553856
2026-05-13T11:59:11.181528+02:00,0.2024168586595855,0.2248194463835899,0.15019883193638978,-3.036712857444966,1.4191759216848805,-2.677983716067068,0.8241556326374684,-0.4262229208600573,-0.252268922255086,0.06298586589310418,-1.0355296854126004,0.42807329340988653,47.0,48.0,48.0,40.0,42.0,26.0,29.0,25.0,54.0,89.15,3975442432,1609433088,1418829824,9.57,9.51,8.45,25297891328,9442553856
2026-05-13T11:59:11.233737+02:00,0.2024168586595855,0.2248194463835899,0.15019883193638978,-3.036712857444966,1.4191759216848805,-2.677983716067068,0.8241556326374684,-0.4262229208600573,-0.252268922255086,0.06298586589310418,-1.0355296854126004,0.42807329340988653,47.0,48.0,48.0,40.0,42.0,26.0,29.0,25.0,54.0,89.15,3975442432,1609433088,1418829824,9.57,9.51,8.45,25297891328,9442553856
2026-05-13T11:59:11.284548+02:00,0.202817035521037,0.2253687419705533,0.1642524884387787,-3.0349603291876064,1.415389483882821,-2.6724664756918246,0.8241556326374684,-0.38986422188251146,-0.2219700064404646,0.06145188510521837,-1.1091607632311118,0.4342092165614293,47.0,48.0,48.0,40.0,42.0,26.0,29.0,25.0,54.0,89.15,3975442432,1609433088,1418829824,9.57,9.51,8.45,25297891328,9442553856
2026-05-13T11:59:11.340051+02:00,0.202817035521037,0.2253687419705533,0.1642524884387787,-3.0349603291876064,1.415389483882821,-2.6724664756918246,0.8241556326374684,-0.38986422188251146,-0.2219700064404646,0.06145188510521837,-1.1091607632311118,0.4342092165614293,47.0,48.0,48.0,40.0,42.0,26.0,29.0,25.0,54.0,89.15,3975442432,1609433088,1418829824,9.57,9.51,8.45,25297891328,9442553856
2026-05-13T11:59:11.394477+02:00,0.202817035521037,0.2253687419705533,0.1642524884387787,-3.0349603291876064,1.415389483882821,-2.6724664756918246,0.8241556326374684,-0.38986422188251146,-0.2219700064404646,0.06145188510521837,-1.1091607632311118,0.4342092165614293,47.0,48.0,48.0,40.0,42.0,26.0,29.0,25.0,54.0,89.15,3975442432,1609433088,1418829824,9.57,9.51,8.45,25297891328,9442553856
2026-05-13T11:59:11.449491+02:00,0.202817035521037,0.2253687419705533,0.1642524884387787,-3.0349603291876064,1.415389483882821,-2.6724664756918246,0.8241556326374684,-0.38986422188251146,-0.2219700064404646,0.06145188510521837,-1.1091607632311118,0.4342092165614293,47.0,48.0,48.0,40.0,42.0,26.0,29.0,25.0,54.0,89.15,3975442432,1609433088,1418829824,9.57,9.51,8.45,25297891328,9442553856
2026-05-13T11:59:11.502863+02:00,0.20264293317526086,0.22542407384056357,0.1798713218839647,-3.043460244403503,1.4154986509269458,-2.6840132515891026,0.8226337055297295,-0.361080251858621,-0.20379065695169163,0.059917904317333015,-1.142908340564596,0.4342092165614293,47.0,48.0,48.0,40.0,42.0,26.0,29.0,25.0,54.0,89.15,3975442432,1609433088,1418829824,9.57,9.51,8.45,25297891328,9442553856
2026-05-13T11:59:11.555187+02:00,0.20264293317526086,0.22542407384056357,0.1798713218839647,-3.043460244403503,1.4154986509269458,-2.6840132515891026,0.8226337055297295,-0.361080251858621,-0.20379065695169163,0.059917904317333015,-1.142908340564596,0.4342092165614293,47.0,48.0,48.0,40.0,42.0,26.0,29.0,25.0,54.0,89.15,3975442432,1609433088,1418829824,9.57,9.51,8.45,25297891328,9442553856
2026-05-13T11:59:11.607078+02:00,0.20264293317526086,0.22542407384056357,0.1798713218839647,-3.043460244403503,1.4154986509269458,-2.6840132515891026,0.8226337055297295,-0.361080251858621,-0.20379065695169163,0.059917904317333015,-1.142908340564596,0.4342092165614293,47.0,48.0,48.0,40.0,42.0,26.0,29.0,25.0,54.0,89.15,3975442432,1609433088,1418829824,9.57,9.51,8.45,25297891328,9442553856
2026-05-13T11:59:11.661467+02:00,0.20264293317526086,0.22542407384056357,0.1798713218839647,-3.043460244403503,1.4154986509269458,-2.6840132515891026,0.8226337055297295,-0.361080251858621,-0.20379065695169163,0.059917904317333015,-1.142908340564596,0.4342092165614293,47.0,48.0,48.0,40.0,42.0,26.0,29.0,25.0,54.0,89.15,3975442432,1609433088,1418829824,9.57,9.51,8.45,25297891328,9442553856
2026-05-13T11:59:11.712674+02:00,0.20254579405835424,0.22443446759438843,0.18985806832190238,-3.0457395187805667,1.4214191471094153,-2.686098371967041,0.8226337055297295,-0.3489606855327724,-0.1977308737887673,0.05838392352944721,-1.1628500908071087,0.4357431973493151,47.0,48.0,48.0,40.0,42.0,26.0,29.0,25.0,54.0,89.15,3975442432,1609433088,1418829824,9.57,9.51,8.45,25297891328,9442553856
2026-05-13T11:59:11.763453+02:00,0.20254579405835424,0.22443446759438843,0.18985806832190238,-3.0457395187805667,1.4214191471094153,-2.686098371967041,0.8226337055297295,-0.3489606855327724,-0.1977308737887673,0.05838392352944721,-1.1628500908071087,0.4357431973493151,47.0,48.0,48.0,40.0,42.0,26.0,29.0,25.0,54.0,89.15,3975442432,1609433088,1418829824,9.57,9.51,8.45,25297891328,9442553856
2026-05-13T11:59:11.814971+02:00,0.20254579405835424,0.22443446759438843,0.18985806832190238,-3.0457395187805667,1.4214191471094153,-2.686098371967041,0.8226337055297295,-0.3489606855327724,-0.1977308737887673,0.05838392352944721,-1.1628500908071087,0.4357431973493151,47.0,48.0,48.0,40.0,42.0,26.0,29.0,25.0,54.0,89.15,3975442432,1609433088,1418829824,9.57,9.51,8.45,25297891328,9442553856
2026-05-13T11:59:11.870040+02:00,0.20254579405835424,0.22443446759438843,0.18985806832190238,-3.0457395187805667,1.4214191471094153,-2.686098371967041,0.8226337055297295,-0.3489606855327724,-0.1977308737887673,0.05838392352944721,-1.1628500908071087,0.4357431973493151,47.0,48.0,48.0,40.0,42.0,26.0,29.0,25.0,54.0,89.15,3975442432,1609433088,1418829824,9.57,9.51,8.45,25297891328,9442553856
2026-05-13T11:59:11.925041+02:00,0.20247826614240702,0.22438367152239477,0.19189812082987043,-3.050448481524773,1.422703088125623,-2.6904502013645186,0.8226337055297295,-0.3489606855327724,-0.1977308737887673,0.05838392352944721,-1.1628500908071087,0.4357431973493151,47.0,48.0,48.0,40.0,42.0,26.0,29.0,25.0,54.0,89.15,3975442432,1609433088,1418829824,9.57,9.51,8.45,25297891328,9442553856
2026-05-13T11:59:11.976143+02:00,0.20247826614240702,0.22438367152239477,0.19189812082987043,-3.050448481524773,1.422703088125623,-2.6904502013645186,0.8226337055297295,-0.3489606855327724,-0.1977308737887673,0.05838392352944721,-1.1628500908071087,0.4357431973493151,47.0,48.0,48.0,40.0,42.0,26.0,29.0,25.0,54.0,89.15,3975442432,1609433088,1418829824,9.57,9.51,8.45,25297891328,9442553856
2026-05-13T11:59:12.026724+02:00,0.20247826614240702,0.22438367152239477,0.19189812082987043,-3.050448481524773,1.422703088125623,-2.6904502013645186,0.8226337055297295,-0.3489606855327724,-0.1977308737887673,0.05838392352944721,-1.1628500908071087,0.4357431973493151,47.0,48.0,48.0,40.0,42.0,26.0,29.0,25.0,54.0,89.15,3975442432,1609433088,1418829824,9.57,9.51,8.45,25297891328,9442553856
2026-05-13T11:59:12.079795+02:00,0.20247826614240702,0.22438367152239477,0.19189812082987043,-3.050448481524773,1.422703088125623,-2.6904502013645186,0.8226337055297295,-0.3489606855327724,-0.1977308737887673,0.05838392352944721,-1.1628500908071087,0.4357431973493151,47.0,48.0,48.0,40.0,42.0,26.0,29.0,25.0,54.0,89.15,3975442432,1609433088,1418829824,9.57,9.51,8.45,25297891328,9442553856
2026-05-13T11:59:12.131328+02:00,0.20210996234206177,0.22466285081500328,0.19235591452419126,-3.0542111046229476,1.4241136716485725,-2.6926501041839916,0.8378529766071199,-0.3398710107883859,-0.20076076537022947,0.059917904317333015,-1.1628500908071087,0.4357431973493151,47.0,48.0,48.0,40.0,42.0,26.0,29.0,25.0,54.0,89.15,3975442432,1609433088,1418829824,9.57,9.51,8.45,25297891328,9442553856
2026-05-13T11:59:12.186368+02:00,0.20210996234206177,0.22466285081500328,0.19235591452419126,-3.0542111046229476,1.4241136716485725,-2.6926501041839916,0.8378529766071199,-0.3398710107883859,-0.20076076537022947,0.059917904317333015,-1.1628500908071087,0.4357431973493151,47.0,48.0,48.0,40.0,42.0,26.0,29.0,25.0,54.0,94.89,3975442432,1610448896,1417805824,10.25,9.65,8.5,25297891328,9442570240
2026-05-13T11:59:12.237777+02:00,0.20210996234206177,0.22466285081500328,0.19235591452419126,-3.0542111046229476,1.4241136716485725,-2.6926501041839916,0.8378529766071199,-0.3398710107883859,-0.20076076537022947,0.059917904317333015,-1.1628500908071087,0.4357431973493151,47.0,48.0,48.0,40.0,42.0,26.0,29.0,25.0,54.0,94.89,3975442432,1610448896,1417805824,10.25,9.65,8.5,25297891328,9442570240
2026-05-13T11:59:12.292227+02:00,0.20210996234206177,0.22466285081500328,0.19235591452419126,-3.0542111046229476,1.4241136716485725,-2.6926501041839916,0.8378529766071199,-0.3398710107883859,-0.20076076537022947,0.059917904317333015,-1.1628500908071087,0.4357431973493151,47.0,48.0,48.0,40.0,42.0,26.0,29.0,25.0,54.0,94.89,3975442432,1610448896,1417805824,10.25,9.65,8.5,25297891328,9442570240
2026-05-13T11:59:12.347249+02:00,0.19376348726869022,0.22991832219074063,0.19576241163326036,-3.130510434641279,1.432627824662398,-2.7418509246320624,0.8728573000851183,-0.32017671550888194,-0.20833549432388487,0.07372373140830346,-1.1551801868676805,0.4357431973493151,47.0,48.0,48.0,40.0,42.0,26.0,29.0,25.0,54.0,94.89,3975442432,1610448896,1417805824,10.25,9.65,8.5,25297891328,9442570240
2026-05-13T11:59:12.397656+02:00,0.19376348726869022,0.22991832219074063,0.19576241163326036,-3.130510434641279,1.432627824662398,-2.7418509246320624,0.8728573000851183,-0.32017671550888194,-0.20833549432388487,0.07372373140830346,-1.1551801868676805,0.4357431973493151,47.0,48.0,48.0,40.0,42.0,26.0,29.0,25.0,54.0,94.89,3975442432,1610448896,1417805824,10.25,9.65,8.5,25297891328,9442570240
2026-05-13T11:59:12.449686+02:00,0.19376348726869022,0.22991832219074063,0.19576241163326036,-3.130510434641279,1.432627824662398,-2.7418509246320624,0.8728573000851183,-0.32017671550888194,-0.20833549432388487,0.07372373140830346,-1.1551801868676805,0.4357431973493151,47.0,48.0,48.0,40.0,42.0,26.0,29.0,25.0,54.0,94.89,3975442432,1610448896,1417805824,10.25,9.65,8.5,25297891328,9442570240
2026-05-13T11:59:12.501952+02:00,0.19376348726869022,0.22991832219074063,0.19576241163326036,-3.130510434641279,1.432627824662398,-2.7418509246320624,0.8728573000851183,-0.32017671550888194,-0.20833549432388487,0.07372373140830346,-1.1551801868676805,0.4357431973493151,47.0,48.0,48.0,40.0,42.0,26.0,29.0,25.0,54.0,94.89,3975442432,1610448896,1417805824,10.25,9.65,8.5,25297891328,9442570240
2026-05-13T11:59:12.552464+02:00,0.18560307239989157,0.23557756684259534,0.19948337262690968,3.0168834762943595,1.4453123266364978,-2.850513364568804,0.9291686030714632,-0.2883628539035292,-0.2234849522311957,0.09213150086293131,-1.142908340564596,0.4342092165614293,47.0,48.0,48.0,40.0,42.0,26.0,29.0,25.0,54.0,94.89,3975442432,1610448896,1417805824,10.25,9.65,8.5,25297891328,9442570240
2026-05-13T11:59:12.605632+02:00,0.18560307239989157,0.23557756684259534,0.19948337262690968,3.0168834762943595,1.4453123266364978,-2.850513364568804,0.9291686030714632,-0.2883628539035292,-0.2234849522311957,0.09213150086293131,-1.142908340564596,0.4342092165614293,47.0,48.0,48.0,40.0,42.0,26.0,29.0,25.0,54.0,94.89,3975442432,1610448896,1417805824,10.25,9.65,8.5,25297891328,9442570240
2026-05-13T11:59:12.660651+02:00,0.18560307239989157,0.23557756684259534,0.19948337262690968,3.0168834762943595,1.4453123266364978,-2.850513364568804,0.9291686030714632,-0.2883628539035292,-0.2234849522311957,0.09213150086293131,-1.142908340564596,0.4342092165614293,47.0,48.0,48.0,40.0,42.0,26.0,29.0,25.0,54.0,94.89,3975442432,1610448896,1417805824,10.25,9.65,8.5,25297891328,9442570240
2026-05-13T11:59:12.713486+02:00,0.16920211745939873,0.24411101692826156,0.2057345880421793,2.7702368809382234,1.4535770639265464,-3.0496085983973935,1.0113526668893722,-0.2429144801815969,-0.2446941933014306,0.11974315504487265,-1.1275685326857388,0.4357431973493151,47.0,48.0,48.0,40.0,42.0,26.0,29.0,25.0,54.0,94.89,3975442432,1610448896,1417805824,10.25,9.65,8.5,25297891328,9442570240
2026-05-13T11:59:12.768523+02:00,0.16920211745939873,0.24411101692826156,0.2057345880421793,2.7702368809382234,1.4535770639265464,-3.0496085983973935,1.0113526668893722,-0.2429144801815969,-0.2446941933014306,0.11974315504487265,-1.1275685326857388,0.4357431973493151,47.0,48.0,48.0,40.0,42.0,26.0,29.0,25.0,54.0,94.89,3975442432,1610448896,1417805824,10.25,9.65,8.5,25297891328,9442570240
2026-05-13T11:59:12.818658+02:00,0.16920211745939873,0.24411101692826156,0.2057345880421793,2.7702368809382234,1.4535770639265464,-3.0496085983973935,1.0113526668893722,-0.2429144801815969,-0.2446941933014306,0.11974315504487265,-1.1275685326857388,0.4357431973493151,47.0,48.0,48.0,40.0,42.0,26.0,29.0,25.0,54.0,94.89,3975442432,1610448896,1417805824,10.25,9.65,8.5,25297891328,9442570240
2026-05-13T11:59:12.870686+02:00,0.16920211745939873,0.24411101692826156,0.2057345880421793,2.7702368809382234,1.4535770639265464,-3.0496085983973935,1.0113526668893722,-0.2429144801815969,-0.2446941933014306,0.11974315504487265,-1.1275685326857388,0.4357431973493151,47.0,48.0,48.0,40.0,42.0,26.0,29.0,25.0,54.0,94.89,3975442432,1610448896,1417805824,10.25,9.65,8.5,25297891328,9442570240
2026-05-13T11:59:12.921429+02:00,0.1404707320792452,0.2564214675454498,0.21692868987245212,2.2975603768220934,1.452682416662526,2.843743148317519,1.0965805849227594,-0.19292126908747131,-0.2598436512087414,0.1396849052873863,-1.1152966863826541,0.4357431973493151,47.0,48.0,48.0,40.0,42.0,26.0,29.0,25.0,54.0,94.89,3975442432,1610448896,1417805824,10.25,9.65,8.5,25297891328,9442570240
2026-05-13T11:59:12.976443+02:00,0.1404707320792452,0.2564214675454498,0.21692868987245212,2.2975603768220934,1.452682416662526,2.843743148317519,1.0965805849227594,-0.19292126908747131,-0.2598436512087414,0.1396849052873863,-1.1152966863826541,0.4357431973493151,47.0,48.0,48.0,40.0,42.0,26.0,29.0,25.0,54.0,94.89,3975442432,1610448896,1417805824,10.25,9.65,8.5,25297891328,9442570240
2026-05-13T11:59:13.031213+02:00,0.1404707320792452,0.2564214675454498,0.21692868987245212,2.2975603768220934,1.452682416662526,2.843743148317519,1.0965805849227594,-0.19292126908747131,-0.2598436512087414,0.1396849052873863,-1.1152966863826541,0.4357431973493151,47.0,48.0,48.0,40.0,42.0,26.0,29.0,25.0,54.0,94.89,3975442432,1610448896,1417805824,10.25,9.65,8.5,25297891328,9442570240
2026-05-13T11:59:13.084368+02:00,0.1404707320792452,0.2564214675454498,0.21692868987245212,2.2975603768220934,1.452682416662526,2.843743148317519,1.0965805849227594,-0.19292126908747131,-0.2598436512087414,0.1396849052873863,-1.1152966863826541,0.4357431973493151,47.0,48.0,48.0,40.0,42.0,26.0,29.0,25.0,54.0,94.89,3975442432,1610448896,1417805824,10.25,9.65,8.5,25297891328,9442570240
2026-05-13T11:59:13.136943+02:00,0.11573467375103252,0.2640177434317334,0.22768790881386025,1.9356894463567198,1.440233762387699,2.5595038941197,1.1559357421245822,-0.15807751590065655,-0.26741838016239683,0.1504227708025856,-1.1091607632311118,0.4357431973493151,47.0,48.0,48.0,40.0,42.0,26.0,29.0,25.0,54.0,88.72,3975442432,1573568512,1454673920,10.25,9.65,8.5,25297891328,9442570240
2026-05-13T11:59:13.189652+02:00,0.11573467375103252,0.2640177434317334,0.22768790881386025,1.9356894463567198,1.440233762387699,2.5595038941197,1.1559357421245822,-0.15807751590065655,-0.26741838016239683,0.1504227708025856,-1.1091607632311118,0.4357431973493151,47.0,48.0,48.0,40.0,42.0,26.0,29.0,25.0,54.0,88.72,3975442432,1573568512,1454673920,10.25,9.65,8.5,25297891328,9442570240
2026-05-13T11:59:13.239902+02:00,0.11573467375103252,0.2640177434317334,0.22768790881386025,1.9356894463567198,1.440233762387699,2.5595038941197,1.1559357421245822,-0.15807751590065655,-0.26741838016239683,0.1504227708025856,-1.1091607632311118,0.4357431973493151,47.0,48.0,48.0,40.0,42.0,26.0,29.0,25.0,54.0,88.72,3975442432,1573568512,1454673920,10.25,9.65,8.5,25297891328,9442570240
2026-05-13T11:59:13.292542+02:00,0.10073818691412298,0.26752218779629683,0.23553742321013302,1.7265922955279036,1.4234970036959396,2.3988269476205195,1.1818085029561467,-0.14141311220261465,-0.2719632175345901,0.15655869395412836,-1.1060928016553402,0.4357431973493151,47.0,48.0,48.0,40.0,42.0,26.0,29.0,25.0,53.0,88.72,3975442432,1573568512,1454673920,10.25,9.65,8.5,25297891328,9442570240
2026-05-13T11:59:13.342698+02:00,0.10073818691412298,0.26752218779629683,0.23553742321013302,1.7265922955279036,1.4234970036959396,2.3988269476205195,1.1818085029561467,-0.14141311220261465,-0.2719632175345901,0.15655869395412836,-1.1060928016553402,0.4357431973493151,47.0,48.0,48.0,40.0,42.0,26.0,29.0,25.0,53.0,88.72,3975442432,1573568512,1454673920,10.25,9.65,8.5,25297891328,9442570240
2026-05-13T11:59:13.394380+02:00,0.10073818691412298,0.26752218779629683,0.23553742321013302,1.7265922955279036,1.4234970036959396,2.3988269476205195,1.1818085029561467,-0.14141311220261465,-0.2719632175345901,0.15655869395412836,-1.1060928016553402,0.4357431973493151,47.0,48.0,48.0,40.0,42.0,26.0,29.0,25.0,53.0,88.72,3975442432,1573568512,1454673920,10.25,9.65,8.5,25297891328,9442570240
2026-05-13T11:59:13.445447+02:00,0.10073818691412298,0.26752218779629683,0.23553742321013302,1.7265922955279036,1.4234970036959396,2.3988269476205195,1.1818085029561467,-0.14141311220261465,-0.2719632175345901,0.15655869395412836,-1.1060928016553402,0.4357431973493151,47.0,48.0,48.0,40.0,42.0,26.0,29.0,25.0,53.0,88.72,3975442432,1573568512,1454673920,10.25,9.65,8.5,25297891328,9442570240
2026-05-13T11:59:13.496261+02:00,0.0980079319586135,0.2679921994299074,0.23693555462652105,1.6915368782204812,1.420125669853651,2.372454150746124,1.1818085029561467,-0.14141311220261465,-0.2719632175345901,0.15655869395412836,-1.1060928016553402,0.4342092165614293,47.0,48.0,48.0,40.0,42.0,26.0,29.0,25.0,53.0,88.72,3975442432,1573568512,1454673920,10.25,9.65,8.5,25297891328,9442570240
2026-05-13T11:59:13.550325+02:00,0.0980079319586135,0.2679921994299074,0.23693555462652105,1.6915368782204812,1.420125669853651,2.372454150746124,1.1818085029561467,-0.14141311220261465,-0.2719632175345901,0.15655869395412836,-1.1060928016553402,0.4342092165614293,47.0,48.0,48.0,40.0,42.0,26.0,29.0,25.0,53.0,88.72,3975442432,1573568512,1454673920,10.25,9.65,8.5,25297891328,9442570240
2026-05-13T11:59:13.600405+02:00,0.0980079319586135,0.2679921994299074,0.23693555462652105,1.6915368782204812,1.420125669853651,2.372454150746124,1.1818085029561467,-0.14141311220261465,-0.2719632175345901,0.15655869395412836,-1.1060928016553402,0.4342092165614293,47.0,48.0,48.0,40.0,42.0,26.0,29.0,25.0,53.0,88.72,3975442432,1573568512,1454673920,10.25,9.65,8.5,25297891328,9442570240
2026-05-13T11:59:13.654491+02:00,0.0980079319586135,0.2679921994299074,0.23693555462652105,1.6915368782204812,1.420125669853651,2.372454150746124,1.1818085029561467,-0.14141311220261465,-0.2719632175345901,0.15655869395412836,-1.1060928016553402,0.4342092165614293,47.0,48.0,48.0,40.0,42.0,26.0,29.0,25.0,53.0,88.72,3975442432,1573568512,1454673920,10.25,9.65,8.5,25297891328,9442570240
2026-05-13T11:59:13.705683+02:00,0.0980079319586135,0.2679921994299074,0.23693555462652105,1.6915368782204812,1.420125669853651,2.372454150746124,1.1818085029561467,-0.14141311220261465,-0.2719632175345901,0.15655869395412836,-1.1060928016553402,0.4342092165614293,47.0,48.0,48.0,40.0,42.0,26.0,29.0,25.0,53.0,88.72,3975442432,1573568512,1454673920,10.25,9.65,8.5,25297891328,9442570240
2026-05-13T11:59:13.760729+02:00,0.0980079319586135,0.2679921994299074,0.23693555462652105,1.6915368782204812,1.420125669853651,2.372454150746124,1.1818085029561467,-0.14141311220261465,-0.2719632175345901,0.15655869395412836,-1.1060928016553402,0.4342092165614293,47.0,48.0,48.0,40.0,42.0,26.0,29.0,25.0,53.0,88.72,3975442432,1573568512,1454673920,10.25,9.65,8.5,25297891328,9442570240
2026-05-13T11:59:13.812073+02:00,0.0980079319586135,0.2679921994299074,0.23693555462652105,1.6915368782204812,1.420125669853651,2.372454150746124,1.1818085029561467,-0.14141311220261465,-0.2719632175345901,0.15655869395412836,-1.1060928016553402,0.4342092165614293,47.0,48.0,48.0,40.0,42.0,26.0,29.0,25.0,53.0,88.72,3975442432,1573568512,1454673920,10.25,9.65,8.5,25297891328,9442570240
2026-05-13T11:59:13.867071+02:00,0.0980079319586135,0.2679921994299074,0.23693555462652105,1.6915368782204812,1.420125669853651,2.372454150746124,1.1818085029561467,-0.14141311220261465,-0.2719632175345901,0.15655869395412836,-1.1060928016553402,0.4342092165614293,47.0,48.0,48.0,40.0,42.0,26.0,29.0,25.0,53.0,88.72,3975442432,1573568512,1454673920,10.25,9.65,8.5,25297891328,9442570240
2026-05-13T11:59:13.920649+02:00,0.0980079319586136,0.2679921994299075,0.23693555462652097,1.6930708590083703,1.4201256698536506,2.372454150746127,1.1818085029561467,-0.14141311220261465,-0.2719632175345901,0.15655869395412836,-1.1060928016553402,0.4342092165614293,47.0,48.0,48.0,40.0,42.0,26.0,29.0,25.0,53.0,88.72,3975442432,1573568512,1454673920,10.25,9.65,8.5,25297891328,9442570240
2026-05-13T11:59:13.971668+02:00,0.0980079319586136,0.2679921994299075,0.23693555462652097,1.6930708590083703,1.4201256698536506,2.372454150746127,1.1818085029561467,-0.14141311220261465,-0.2719632175345901,0.15655869395412836,-1.1060928016553402,0.4342092165614293,47.0,48.0,48.0,40.0,42.0,26.0,29.0,25.0,53.0,88.72,3975442432,1573568512,1454673920,10.25,9.65,8.5,25297891328,9442570240
2026-05-13T11:59:14.026695+02:00,0.0980079319586136,0.2679921994299075,0.23693555462652097,1.6930708590083703,1.4201256698536506,2.372454150746127,1.1818085029561467,-0.14141311220261465,-0.2719632175345901,0.15655869395412836,-1.1060928016553402,0.4342092165614293,47.0,48.0,48.0,40.0,42.0,26.0,29.0,25.0,53.0,88.72,3975442432,1573568512,1454673920,10.25,9.65,8.5,25297891328,9442570240
2026-05-13T11:59:14.077523+02:00,0.0980079319586136,0.2679921994299075,0.23693555462652097,1.6930708590083703,1.4201256698536506,2.372454150746127,1.1818085029561467,-0.14141311220261465,-0.2719632175345901,0.15655869395412836,-1.1060928016553402,0.4342092165614293,47.0,48.0,48.0,40.0,42.0,26.0,29.0,25.0,53.0,88.72,3975442432,1573568512,1454673920,10.25,9.65,8.5,25297891328,9442570240
2026-05-13T11:59:14.129911+02:00,0.0980079319586136,0.2679921994299075,0.23693555462652097,1.6930708590083703,1.4201256698536506,2.372454150746127,1.1818085029561467,-0.14141311220261465,-0.2719632175345901,0.15655869395412836,-1.1060928016553402,0.4357431973493151,47.0,48.0,48.0,40.0,42.0,26.0,29.0,25.0,53.0,88.72,3975442432,1573568512,1454673920,10.25,9.65,8.5,25297891328,9442570240
2026-05-13T11:59:14.180374+02:00,0.0980079319586136,0.2679921994299075,0.23693555462652097,1.6930708590083703,1.4201256698536506,2.372454150746127,1.1818085029561467,-0.14141311220261465,-0.2719632175345901,0.15655869395412836,-1.1060928016553402,0.4357431973493151,47.0,48.0,48.0,40.0,42.0,26.0,29.0,25.0,53.0,88.72,3975442432,1573568512,1454673920,10.25,9.65,8.5,25297891328,9442570240
2026-05-13T11:59:14.230524+02:00,0.0980079319586136,0.2679921994299075,0.23693555462652097,1.6930708590083703,1.4201256698536506,2.372454150746127,1.1818085029561467,-0.14141311220261465,-0.2719632175345901,0.15655869395412836,-1.1060928016553402,0.4357431973493151,47.0,48.0,48.0,40.0,42.0,26.0,29.0,25.0,53.0,88.72,3975442432,1573568512,1454673920,10.25,9.65,8.5,25297891328,9442570240
2026-05-13T11:59:14.284065+02:00,0.0980079319586136,0.2679921994299075,0.23693555462652097,1.6930708590083703,1.4201256698536506,2.372454150746127,1.1818085029561467,-0.14141311220261465,-0.2719632175345901,0.15655869395412836,-1.1060928016553402,0.4357431973493151,47.0,48.0,48.0,40.0,42.0,26.0,29.0,25.0,53.0,93.12,3975442432,1571266560,1456918528,10.25,9.65,8.5,25297891328,9442582528
2026-05-13T11:59:14.334383+02:00,0.0980079319586136,0.2679921994299075,0.23693555462652097,1.6930708590083703,1.4201256698536506,2.372454150746127,1.1818085029561467,-0.14141311220261465,-0.2719632175345901,0.15655869395412836,-1.1060928016553402,0.4342092165614293,47.0,48.0,48.0,40.0,42.0,26.0,29.0,25.0,53.0,93.12,3975442432,1571266560,1456918528,10.25,9.65,8.5,25297891328,9442582528
2026-05-13T11:59:14.389196+02:00,0.0980079319586136,0.2679921994299075,0.23693555462652097,1.6930708590083703,1.4201256698536506,2.372454150746127,1.1818085029561467,-0.14141311220261465,-0.2719632175345901,0.15655869395412836,-1.1060928016553402,0.4342092165614293,47.0,48.0,48.0,40.0,42.0,26.0,29.0,25.0,53.0,93.12,3975442432,1571266560,1456918528,10.25,9.65,8.5,25297891328,9442582528
2026-05-13T11:59:14.443450+02:00,0.0980079319586136,0.2679921994299075,0.23693555462652097,1.6930708590083703,1.4201256698536506,2.372454150746127,1.1818085029561467,-0.14141311220261465,-0.2719632175345901,0.15655869395412836,-1.1060928016553402,0.4342092165614293,47.0,48.0,48.0,40.0,42.0,26.0,29.0,25.0,53.0,93.12,3975442432,1571266560,1456918528,10.25,9.65,8.5,25297891328,9442582528
2026-05-13T11:59:14.494381+02:00,0.0980079319586135,0.2679921994299074,0.23693555462652105,1.6915368782204812,1.420125669853651,2.372454150746124,1.1818085029561467,-0.14141311220261465,-0.2719632175345901,0.15655869395412836,-1.1060928016553402,0.4342092165614293,47.0,48.0,48.0,40.0,42.0,26.0,29.0,25.0,53.0,93.12,3975442432,1571266560,1456918528,10.25,9.65,8.5,25297891328,9442582528
2026-05-13T11:59:14.549392+02:00,0.0980079319586135,0.2679921994299074,0.23693555462652105,1.6915368782204812,1.420125669853651,2.372454150746124,1.1818085029561467,-0.14141311220261465,-0.2719632175345901,0.15655869395412836,-1.1060928016553402,0.4342092165614293,47.0,48.0,48.0,40.0,42.0,26.0,29.0,25.0,53.0,93.12,3975442432,1571266560,1456918528,10.25,9.65,8.5,25297891328,9442582528
2026-05-13T11:59:14.602439+02:00,0.0980079319586135,0.2679921994299074,0.23693555462652105,1.6915368782204812,1.420125669853651,2.372454150746124,1.1818085029561467,-0.14141311220261465,-0.2719632175345901,0.15655869395412836,-1.1060928016553402,0.4342092165614293,47.0,48.0,48.0,40.0,42.0,26.0,29.0,25.0,53.0,93.12,3975442432,1571266560,1456918528,10.25,9.65,8.5,25297891328,9442582528
2026-05-13T11:59:14.654340+02:00,0.0980079319586135,0.2679921994299074,0.23693555462652105,1.6915368782204812,1.420125669853651,2.372454150746124,1.1818085029561467,-0.14141311220261465,-0.2719632175345901,0.15655869395412836,-1.1060928016553402,0.4342092165614293,47.0,48.0,48.0,40.0,42.0,26.0,29.0,25.0,53.0,93.12,3975442432,1571266560,1456918528,10.25,9.65,8.5,25297891328,9442582528
2026-05-13T11:59:14.708606+02:00,0.0980079319586135,0.2679921994299074,0.23693555462652105,1.6915368782204812,1.420125669853651,2.372454150746124,1.1818085029561467,-0.14141311220261465,-0.2719632175345901,0.15655869395412836,-1.1060928016553402,0.4357431973493151,47.0,48.0,48.0,40.0,42.0,26.0,29.0,25.0,53.0,93.12,3975442432,1571266560,1456918528,10.25,9.65,8.5,25297891328,9442582528
2026-05-13T11:59:14.759676+02:00,0.0980079319586135,0.2679921994299074,0.23693555462652105,1.6915368782204812,1.420125669853651,2.372454150746124,1.1818085029561467,-0.14141311220261465,-0.2719632175345901,0.15655869395412836,-1.1060928016553402,0.4357431973493151,47.0,48.0,48.0,40.0,42.0,26.0,29.0,25.0,53.0,93.12,3975442432,1571266560,1456918528,10.25,9.65,8.5,25297891328,9442582528
2026-05-13T11:59:14.811853+02:00,0.0980079319586135,0.2679921994299074,0.23693555462652105,1.6915368782204812,1.420125669853651,2.372454150746124,1.1818085029561467,-0.14141311220261465,-0.2719632175345901,0.15655869395412836,-1.1060928016553402,0.4357431973493151,47.0,48.0,48.0,40.0,42.0,26.0,29.0,25.0,53.0,93.12,3975442432,1571266560,1456918528,10.25,9.65,8.5,25297891328,9442582528
2026-05-13T11:59:14.862696+02:00,0.0980079319586135,0.2679921994299074,0.23693555462652105,1.6915368782204812,1.420125669853651,2.372454150746124,1.1818085029561467,-0.14141311220261465,-0.2719632175345901,0.15655869395412836,-1.1060928016553402,0.4357431973493151,47.0,48.0,48.0,40.0,42.0,26.0,29.0,25.0,53.0,93.12,3975442432,1571266560,1456918528,10.25,9.65,8.5,25297891328,9442582528
2026-05-13T11:59:14.914193+02:00,0.097599954017084,0.2681410499307157,0.23693555462652108,1.691536878220482,1.420125669853651,2.3739760778538628,1.2015935553567538,-0.13383838324895925,-0.2855977296511698,0.15502471316624256,-1.1122287248068825,0.4127334855310303,47.0,48.0,48.0,40.0,42.0,26.0,29.0,25.0,53.0,93.12,3975442432,1571266560,1456918528,10.25,9.65,8.5,25297891328,9442582528
2026-05-13T11:59:14.965256+02:00,0.097599954017084,0.2681410499307157,0.23693555462652108,1.691536878220482,1.420125669853651,2.3739760778538628,1.2015935553567538,-0.13383838324895925,-0.2855977296511698,0.15502471316624256,-1.1122287248068825,0.4127334855310303,47.0,48.0,48.0,40.0,42.0,26.0,29.0,25.0,53.0,93.12,3975442432,1571266560,1456918528,10.25,9.65,8.5,25297891328,9442582528
2026-05-13T11:59:15.016231+02:00,0.097599954017084,0.2681410499307157,0.23693555462652108,1.691536878220482,1.420125669853651,2.3739760778538628,1.2015935553567538,-0.13383838324895925,-0.2855977296511698,0.15502471316624256,-1.1122287248068825,0.4127334855310303,47.0,48.0,48.0,40.0,42.0,26.0,29.0,25.0,53.0,93.12,3975442432,1571266560,1456918528,10.25,9.65,8.5,25297891328,9442582528
2026-05-13T11:59:15.071306+02:00,0.097599954017084,0.2681410499307157,0.23693555462652108,1.691536878220482,1.420125669853651,2.3739760778538628,1.2015935553567538,-0.13383838324895925,-0.2855977296511698,0.15502471316624256,-1.1122287248068825,0.4127334855310303,47.0,48.0,48.0,40.0,42.0,26.0,29.0,25.0,53.0,93.12,3975442432,1571266560,1456918528,10.25,9.65,8.5,25297891328,9442582528
2026-05-13T11:59:15.122058+02:00,0.08850267756130936,0.2661266507954823,0.23543298558114878,1.7944991736569749,1.4271471497780581,2.5391884400656255,1.2411636601579699,-0.11868892534164854,-0.3128667538843293,0.1504227708025856,-1.1383063982009385,0.36211211953080413,47.0,48.0,48.0,40.0,42.0,26.0,29.0,25.0,53.0,93.12,3975442432,1571266560,1456918528,10.25,9.65,8.5,25297891328,9442582528
2026-05-13T11:59:15.172939+02:00,0.08850267756130936,0.2661266507954823,0.23543298558114878,1.7944991736569749,1.4271471497780581,2.5391884400656255,1.2411636601579699,-0.11868892534164854,-0.3128667538843293,0.1504227708025856,-1.1383063982009385,0.36211211953080413,47.0,48.0,48.0,40.0,42.0,26.0,29.0,25.0,53.0,93.12,3975442432,1571266560,1456918528,10.25,9.65,8.5,25297891328,9442582528
2026-05-13T11:59:15.223112+02:00,0.08850267756130936,0.2661266507954823,0.23543298558114878,1.7944991736569749,1.4271471497780581,2.5391884400656255,1.2411636601579699,-0.11868892534164854,-0.3128667538843293,0.1504227708025856,-1.1383063982009385,0.36211211953080413,47.0,48.0,48.0,40.0,42.0,26.0,29.0,25.0,53.0,94.44,3975442432,1572208640,1455968256,10.25,9.65,8.5,25297891328,9442598912
2026-05-13T11:59:15.273696+02:00,0.08850267756130936,0.2661266507954823,0.23543298558114878,1.7944991736569749,1.4271471497780581,2.5391884400656255,1.2411636601579699,-0.11868892534164854,-0.3128667538843293,0.1504227708025856,-1.1383063982009385,0.36211211953080413,47.0,48.0,48.0,40.0,42.0,26.0,29.0,25.0,53.0,94.44,3975442432,1572208640,1455968256,10.25,9.65,8.5,25297891328,9442598912
2026-05-13T11:59:15.327109+02:00,0.06752018997076649,0.2596402092387963,0.23130829331322764,2.1597730622096045,1.431255365965101,3.05231562396819,1.3126942342217052,-0.089904955317758,-0.36134501918772366,0.14888879001470023,-1.1827918410496223,0.2792771569849797,47.0,48.0,48.0,40.0,42.0,26.0,29.0,25.0,53.0,94.44,3975442432,1572208640,1455968256,10.25,9.65,8.5,25297891328,9442598912
2026-05-13T11:59:15.379613+02:00,0.06752018997076649,0.2596402092387963,0.23130829331322764,2.1597730622096045,1.431255365965101,3.05231562396819,1.3126942342217052,-0.089904955317758,-0.36134501918772366,0.14888879001470023,-1.1827918410496223,0.2792771569849797,47.0,48.0,48.0,40.0,42.0,26.0,29.0,25.0,53.0,94.44,3975442432,1572208640,1455968256,10.25,9.65,8.5,25297891328,9442598912
2026-05-13T11:59:15.432322+02:00,0.06752018997076649,0.2596402092387963,0.23130829331322764,2.1597730622096045,1.431255365965101,3.05231562396819,1.3126942342217052,-0.089904955317758,-0.36134501918772366,0.14888879001470023,-1.1827918410496223,0.2792771569849797,47.0,48.0,48.0,40.0,42.0,26.0,29.0,25.0,53.0,94.44,3975442432,1572208640,1455968256,10.25,9.65,8.5,25297891328,9442598912
2026-05-13T11:59:15.487346+02:00,0.06752018997076649,0.2596402092387963,0.23130829331322764,2.1597730622096045,1.431255365965101,3.05231562396819,1.3126942342217052,-0.089904955317758,-0.36134501918772366,0.14888879001470023,-1.1827918410496223,0.2792771569849797,47.0,48.0,48.0,40.0,42.0,26.0,29.0,25.0,53.0,94.44,3975442432,1572208640,1455968256,10.25,9.65,8.5,25297891328,9442598912
2026-05-13T11:59:15.539281+02:00,0.04623874817429986,0.25074833166109317,0.2270612939265089,2.496520413324963,1.407506043402738,-2.723594112298746,1.4131414233324828,-0.049001418968018906,-0.4310325255613533,0.13048102056007238,-1.2594908804439044,0.1366169437116147,47.0,48.0,48.0,40.0,42.0,26.0,29.0,25.0,53.0,94.44,3975442432,1572208640,1455968256,10.25,9.65,8.5,25297891328,9442598912
2026-05-13T11:59:15.594876+02:00,0.04623874817429986,0.25074833166109317,0.2270612939265089,2.496520413324963,1.407506043402738,-2.723594112298746,1.4131414233324828,-0.049001418968018906,-0.4310325255613533,0.13048102056007238,-1.2594908804439044,0.1366169437116147,47.0,48.0,48.0,40.0,42.0,26.0,29.0,25.0,53.0,94.44,3975442432,1572208640,1455968256,10.25,9.65,8.5,25297891328,9442598912
2026-05-13T11:59:15.649908+02:00,0.04623874817429986,0.25074833166109317,0.2270612939265089,2.496520413324963,1.407506043402738,-2.723594112298746,1.4131414233324828,-0.049001418968018906,-0.4310325255613533,0.13048102056007238,-1.2594908804439044,0.1366169437116147,47.0,48.0,48.0,40.0,42.0,26.0,29.0,25.0,53.0,94.44,3975442432,1572208640,1455968256,10.25,9.65,8.5,25297891328,9442598912
2026-05-13T11:59:15.704915+02:00,0.016397303714364948,0.23349552212358723,0.221271702907502,2.731445994600863,1.3342000895547008,-2.2293398638976645,1.5120666853355211,-0.01112777419974198,-0.4961751945627897,0.12281111662064426,-1.307044284868359,0.032306250135391235,47.0,48.0,48.0,40.0,42.0,26.0,29.0,25.0,53.0,94.44,3975442432,1572208640,1455968256,10.25,9.65,8.5,25297891328,9442598912
2026-05-13T11:59:15.759655+02:00,0.016397303714364948,0.23349552212358723,0.221271702907502,2.731445994600863,1.3342000895547008,-2.2293398638976645,1.5120666853355211,-0.01112777419974198,-0.4961751945627897,0.12281111662064426,-1.307044284868359,0.032306250135391235,47.0,48.0,48.0,40.0,42.0,26.0,29.0,25.0,53.0,94.44,3975442432,1572208640,1455968256,10.25,9.65,8.5,25297891328,9442598912
2026-05-13T11:59:15.814635+02:00,0.016397303714364948,0.23349552212358723,0.221271702907502,2.731445994600863,1.3342000895547008,-2.2293398638976645,1.5120666853355211,-0.01112777419974198,-0.4961751945627897,0.12281111662064426,-1.307044284868359,0.032306250135391235,47.0,48.0,48.0,40.0,42.0,26.0,29.0,25.0,53.0,94.44,3975442432,1572208640,1455968256,10.25,9.65,8.5,25297891328,9442598912
2026-05-13T11:59:15.865658+02:00,0.016397303714364948,0.23349552212358723,0.221271702907502,2.731445994600863,1.3342000895547008,-2.2293398638976645,1.5120666853355211,-0.01112777419974198,-0.4961751945627897,0.12281111662064426,-1.307044284868359,0.032306250135391235,47.0,48.0,48.0,40.0,42.0,26.0,29.0,25.0,53.0,94.44,3975442432,1572208640,1455968256,10.25,9.65,8.5,25297891328,9442598912
2026-05-13T11:59:15.920688+02:00,-0.003356617857404617,0.22039478945752297,0.2176337821453885,2.767466470521336,1.284023966229365,-2.0319446791363793,1.609470020230821,0.023715978987072783,-0.5507132430291084,0.11514121268121613,-1.3438598237776147,-0.03518890453157697,47.0,48.0,48.0,40.0,42.0,26.0,29.0,25.0,53.0,94.44,3975442432,1572208640,1455968256,10.25,9.65,8.5,25297891328,9442598912
2026-05-13T11:59:15.975722+02:00,-0.003356617857404617,0.22039478945752297,0.2176337821453885,2.767466470521336,1.284023966229365,-2.0319446791363793,1.609470020230821,0.023715978987072783,-0.5507132430291084,0.11514121268121613,-1.3438598237776147,-0.03518890453157697,47.0,48.0,48.0,40.0,42.0,26.0,29.0,25.0,53.0,94.44,3975442432,1572208640,1455968256,10.25,9.65,8.5,25297891328,9442598912
2026-05-13T11:59:16.026656+02:00,-0.003356617857404617,0.22039478945752297,0.2176337821453885,2.767466470521336,1.284023966229365,-2.0319446791363793,1.609470020230821,0.023715978987072783,-0.5507132430291084,0.11514121268121613,-1.3438598237776147,-0.03518890453157697,47.0,48.0,48.0,40.0,42.0,26.0,29.0,25.0,53.0,94.44,3975442432,1572208640,1455968256,10.25,9.65,8.5,25297891328,9442598912
2026-05-13T11:59:16.077273+02:00,-0.003356617857404617,0.22039478945752297,0.2176337821453885,2.767466470521336,1.284023966229365,-2.0319446791363793,1.609470020230821,0.023715978987072783,-0.5507132430291084,0.11514121268121613,-1.3438598237776147,-0.03518890453157697,47.0,48.0,48.0,40.0,42.0,26.0,29.0,25.0,53.0,94.44,3975442432,1572208640,1455968256,10.25,9.65,8.5,25297891328,9442598912
2026-05-13T11:59:16.128116+02:00,-0.018345606826032188,0.20925870376902303,0.21539613879431085,2.7906105523035554,1.248548723133866,-1.8825592543938594,1.644474343708819,0.03280565373145927,-0.5643477551456881,0.11053927031755917,-1.3530637085049286,-0.05513065477409018,47.0,48.0,48.0,40.0,42.0,26.0,29.0,25.0,53.0,94.44,3975442432,1572208640,1455968256,10.25,9.65,8.5,25297891328,9442598912
2026-05-13T11:59:16.178345+02:00,-0.018345606826032188,0.20925870376902303,0.21539613879431085,2.7906105523035554,1.248548723133866,-1.8825592543938594,1.644474343708819,0.03280565373145927,-0.5643477551456881,0.11053927031755917,-1.3530637085049286,-0.05513065477409018,47.0,48.0,48.0,40.0,42.0,26.0,29.0,25.0,53.0,93.75,3975442432,1572855808,1455312896,10.25,9.65,8.5,25297891328,9442611200
2026-05-13T11:59:16.233448+02:00,-0.018345606826032188,0.20925870376902303,0.21539613879431085,2.7906105523035554,1.248548723133866,-1.8825592543938594,1.644474343708819,0.03280565373145927,-0.5643477551456881,0.11053927031755917,-1.3530637085049286,-0.05513065477409018,47.0,48.0,48.0,40.0,42.0,26.0,29.0,25.0,53.0,93.75,3975442432,1572855808,1455312896,10.25,9.65,8.5,25297891328,9442611200
2026-05-13T11:59:16.283567+02:00,-0.018345606826032188,0.20925870376902303,0.21539613879431085,2.7906105523035554,1.248548723133866,-1.8825592543938594,1.644474343708819,0.03280565373145927,-0.5643477551456881,0.11053927031755917,-1.3530637085049286,-0.05513065477409018,47.0,48.0,48.0,40.0,42.0,26.0,29.0,25.0,53.0,93.75,3975442432,1572855808,1455312896,10.25,9.65,8.5,25297891328,9442611200
2026-05-13T11:59:16.335527+02:00,-0.02395685245488331,0.20569827638706178,0.2149549576665083,2.7912621430062403,1.2378167512169835,-1.833157500808316,1.644474343708819,0.03280565373145927,-0.5643477551456881,0.11053927031755917,-1.3561316700806993,-0.05513065477409018,47.0,48.0,48.0,40.0,42.0,26.0,29.0,25.0,53.0,93.75,3975442432,1572855808,1455312896,10.25,9.65,8.5,25297891328,9442611200
2026-05-13T11:59:16.388909+02:00,-0.02395685245488331,0.20569827638706178,0.2149549576665083,2.7912621430062403,1.2378167512169835,-1.833157500808316,1.644474343708819,0.03280565373145927,-0.5643477551456881,0.11053927031755917,-1.3561316700806993,-0.05513065477409018,47.0,48.0,48.0,40.0,42.0,26.0,29.0,25.0,53.0,93.75,3975442432,1572855808,1455312896,10.25,9.65,8.5,25297891328,9442611200
2026-05-13T11:59:16.439998+02:00,-0.02395685245488331,0.20569827638706178,0.2149549576665083,2.7912621430062403,1.2378167512169835,-1.833157500808316,1.644474343708819,0.03280565373145927,-0.5643477551456881,0.11053927031755917,-1.3561316700806993,-0.05513065477409018,47.0,48.0,48.0,40.0,42.0,26.0,29.0,25.0,53.0,93.75,3975442432,1572855808,1455312896,10.25,9.65,8.5,25297891328,9442611200
2026-05-13T11:59:16.491563+02:00,-0.02395685245488333,0.2056982763870618,0.2149549576665083,2.789728162218356,1.237816751216984,-1.8331575008083147,1.644474343708819,0.03280565373145927,-0.5643477551456881,0.11207325110544453,-1.3561316700806993,-0.056664635561975985,47.0,48.0,48.0,40.0,42.0,26.0,29.0,25.0,53.0,93.75,3975442432,1572855808,1455312896,10.25,9.65,8.5,25297891328,9442611200
2026-05-13T11:59:16.546183+02:00,-0.02395685245488333,0.2056982763870618,0.2149549576665083,2.789728162218356,1.237816751216984,-1.8331575008083147,1.644474343708819,0.03280565373145927,-0.5643477551456881,0.11207325110544453,-1.3561316700806993,-0.056664635561975985,47.0,48.0,48.0,40.0,42.0,26.0,29.0,25.0,53.0,93.75,3975442432,1572855808,1455312896,10.25,9.65,8.5,25297891328,9442611200
2026-05-13T11:59:16.599177+02:00,-0.02395685245488333,0.2056982763870618,0.2149549576665083,2.789728162218356,1.237816751216984,-1.8331575008083147,1.644474343708819,0.03280565373145927,-0.5643477551456881,0.11207325110544453,-1.3561316700806993,-0.056664635561975985,47.0,48.0,48.0,40.0,42.0,26.0,29.0,25.0,53.0,93.75,3975442432,1572855808,1455312896,10.25,9.65,8.5,25297891328,9442611200
2026-05-13T11:59:16.654685+02:00,-0.02395685245488333,0.2056982763870618,0.2149549576665083,2.789728162218356,1.237816751216984,-1.8331575008083147,1.644474343708819,0.03280565373145927,-0.5643477551456881,0.11207325110544453,-1.3561316700806993,-0.056664635561975985,47.0,48.0,48.0,40.0,42.0,26.0,29.0,25.0,53.0,93.75,3975442432,1572855808,1455312896,10.25,9.65,8.5,25297891328,9442611200
2026-05-13T11:59:16.707413+02:00,-0.02395685245488333,0.2056982763870618,0.2149549576665083,2.789728162218356,1.237816751216984,-1.8331575008083147,1.644474343708819,0.03280565373145927,-0.5643477551456881,0.11207325110544453,-1.3561316700806993,-0.056664635561975985,47.0,48.0,48.0,40.0,42.0,26.0,29.0,25.0,53.0,93.75,3975442432,1572855808,1455312896,10.25,9.65,8.5,25297891328,9442611200
2026-05-13T11:59:16.758984+02:00,-0.02395685245488333,0.2056982763870618,0.2149549576665083,2.789728162218356,1.237816751216984,-1.8331575008083147,1.644474343708819,0.03280565373145927,-0.5643477551456881,0.11053927031755917,-1.3561316700806993,-0.056664635561975985,47.0,48.0,48.0,40.0,42.0,26.0,29.0,25.0,53.0,93.75,3975442432,1572855808,1455312896,10.25,9.65,8.5,25297891328,9442611200
2026-05-13T11:59:16.809602+02:00,-0.02395685245488333,0.2056982763870618,0.2149549576665083,2.789728162218356,1.237816751216984,-1.8331575008083147,1.644474343708819,0.03280565373145927,-0.5643477551456881,0.11053927031755917,-1.3561316700806993,-0.056664635561975985,47.0,48.0,48.0,40.0,42.0,26.0,29.0,25.0,53.0,93.75,3975442432,1572855808,1455312896,10.25,9.65,8.5,25297891328,9442611200
2026-05-13T11:59:16.864633+02:00,-0.02395685245488333,0.2056982763870618,0.2149549576665083,2.789728162218356,1.237816751216984,-1.8331575008083147,1.644474343708819,0.03280565373145927,-0.5643477551456881,0.11053927031755917,-1.3561316700806993,-0.056664635561975985,47.0,48.0,48.0,40.0,42.0,26.0,29.0,25.0,53.0,93.75,3975442432,1572855808,1455312896,10.25,9.65,8.5,25297891328,9442611200
2026-05-13T11:59:16.919643+02:00,-0.024077950983981133,0.20569620693831106,0.21496660818845298,2.785914230674705,1.2373779769845779,-1.8375391887558066,1.644474343708819,0.03280565373145927,-0.5643477551456881,0.11207325110544453,-1.3561316700806993,-0.056664635561975985,47.0,48.0,48.0,40.0,42.0,26.0,29.0,25.0,53.0,93.75,3975442432,1572855808,1455312896,10.25,9.65,8.5,25297891328,9442611200
2026-05-13T11:59:16.973551+02:00,-0.024077950983981133,0.20569620693831106,0.21496660818845298,2.785914230674705,1.2373779769845779,-1.8375391887558066,1.644474343708819,0.03280565373145927,-0.5643477551456881,0.11207325110544453,-1.3561316700806993,-0.056664635561975985,47.0,48.0,48.0,40.0,42.0,26.0,29.0,25.0,53.0,93.75,3975442432,1572855808,1455312896,10.25,9.65,8.5,25297891328,9442611200
2026-05-13T11:59:17.026355+02:00,-0.024077950983981133,0.20569620693831106,0.21496660818845298,2.785914230674705,1.2373779769845779,-1.8375391887558066,1.644474343708819,0.03280565373145927,-0.5643477551456881,0.11207325110544453,-1.3561316700806993,-0.056664635561975985,47.0,48.0,48.0,40.0,42.0,26.0,29.0,25.0,53.0,93.75,3975442432,1572855808,1455312896,10.25,9.65,8.5,25297891328,9442611200
2026-05-13T11:59:17.076399+02:00,-0.024077950983981133,0.20569620693831106,0.21496660818845298,2.785914230674705,1.2373779769845779,-1.8375391887558066,1.644474343708819,0.03280565373145927,-0.5643477551456881,0.11207325110544453,-1.3561316700806993,-0.056664635561975985,47.0,48.0,48.0,40.0,42.0,26.0,29.0,25.0,53.0,94.56,3975442432,1572667392,1455484928,10.07,9.62,8.5,25297891328,9442611200
2026-05-13T11:59:17.127447+02:00,-0.024077950983981133,0.20569620693831106,0.21496660818845298,2.785914230674705,1.2373779769845779,-1.8375391887558066,1.644474343708819,0.03280565373145927,-0.5643477551456881,0.11207325110544453,-1.3561316700806993,-0.056664635561975985,47.0,48.0,48.0,40.0,42.0,26.0,29.0,25.0,53.0,94.56,3975442432,1572667392,1455484928,10.07,9.62,8.5,25297891328,9442611200
2026-05-13T11:59:17.178743+02:00,-0.024077950983981133,0.20569620693831106,0.21496660818845298,2.785914230674705,1.2373779769845779,-1.8375391887558066,1.644474343708819,0.03280565373145927,-0.5643477551456881,0.11207325110544453,-1.3561316700806993,-0.056664635561975985,47.0,48.0,48.0,40.0,42.0,26.0,29.0,25.0,53.0,94.56,3975442432,1572667392,1455484928,10.07,9.62,8.5,25297891328,9442611200
2026-05-13T11:59:17.229401+02:00,-0.024077950983981133,0.20569620693831106,0.21496660818845298,2.785914230674705,1.2373779769845779,-1.8375391887558066,1.644474343708819,0.03280565373145927,-0.5643477551456881,0.11207325110544453,-1.3561316700806993,-0.056664635561975985,47.0,48.0,48.0,40.0,42.0,26.0,29.0,25.0,53.0,94.56,3975442432,1572667392,1455484928,10.07,9.62,8.5,25297891328,9442611200
2026-05-13T11:59:17.282464+02:00,-0.024077950983981133,0.20569620693831106,0.21496660818845298,2.785914230674705,1.2373779769845779,-1.8375391887558066,1.644474343708819,0.03280565373145927,-0.5643477551456881,0.11207325110544453,-1.3561316700806993,-0.056664635561975985,47.0,48.0,48.0,40.0,42.0,26.0,29.0,25.0,53.0,94.56,3975442432,1572667392,1455484928,10.07,9.62,8.5,25297891328,9442611200
2026-05-13T11:59:17.334723+02:00,-0.024077950983981133,0.20569620693831106,0.21496660818845298,2.785914230674705,1.2373779769845779,-1.8375391887558066,1.644474343708819,0.03280565373145927,-0.5643477551456881,0.11207325110544453,-1.3561316700806993,-0.056664635561975985,47.0,48.0,48.0,40.0,42.0,26.0,29.0,25.0,52.0,94.56,3975442432,1572667392,1455484928,10.07,9.62,8.5,25297891328,9442611200
2026-05-13T11:59:17.386260+02:00,-0.024077950983981133,0.20569620693831106,0.21496660818845298,2.785914230674705,1.2373779769845779,-1.8375391887558066,1.644474343708819,0.03280565373145927,-0.5643477551456881,0.11207325110544453,-1.3561316700806993,-0.056664635561975985,47.0,48.0,48.0,40.0,42.0,26.0,29.0,25.0,52.0,94.56,3975442432,1572667392,1455484928,10.07,9.62,8.5,25297891328,9442611200
2026-05-13T11:59:17.436920+02:00,-0.024077950983981133,0.20569620693831106,0.21496660818845298,2.785914230674705,1.2373779769845779,-1.8375391887558066,1.644474343708819,0.03280565373145927,-0.5643477551456881,0.11207325110544453,-1.3561316700806993,-0.056664635561975985,47.0,48.0,48.0,40.0,42.0,26.0,29.0,25.0,52.0,94.56,3975442432,1572667392,1455484928,10.07,9.62,8.5,25297891328,9442611200
2026-05-13T11:59:17.488416+02:00,-0.02395685245488333,0.2056982763870618,0.2149549576665083,2.789728162218356,1.237816751216984,-1.8331575008083147,1.6353427810623846,0.02977576214999711,-0.579497213052999,0.10900528952967337,-1.3361899198381866,-0.056664635561975985,47.0,48.0,48.0,40.0,42.0,26.0,29.0,25.0,52.0,94.56,3975442432,1572667392,1455484928,10.07,9.62,8.5,25297891328,9442611200
2026-05-13T11:59:17.542935+02:00,-0.02395685245488333,0.2056982763870618,0.2149549576665083,2.789728162218356,1.237816751216984,-1.8331575008083147,1.6353427810623846,0.02977576214999711,-0.579497213052999,0.10900528952967337,-1.3361899198381866,-0.056664635561975985,47.0,48.0,48.0,40.0,42.0,26.0,29.0,25.0,52.0,94.56,3975442432,1572667392,1455484928,10.07,9.62,8.5,25297891328,9442611200
2026-05-13T11:59:17.597875+02:00,-0.02395685245488333,0.2056982763870618,0.2149549576665083,2.789728162218356,1.237816751216984,-1.8331575008083147,1.6353427810623846,0.02977576214999711,-0.579497213052999,0.10900528952967337,-1.3361899198381866,-0.056664635561975985,47.0,48.0,48.0,40.0,42.0,26.0,29.0,25.0,52.0,94.56,3975442432,1572667392,1455484928,10.07,9.62,8.5,25297891328,9442611200
2026-05-13T11:59:17.648722+02:00,-0.02395685245488333,0.2056982763870618,0.2149549576665083,2.789728162218356,1.237816751216984,-1.8331575008083147,1.6353427810623846,0.02977576214999711,-0.579497213052999,0.10900528952967337,-1.3361899198381866,-0.056664635561975985,47.0,48.0,48.0,40.0,42.0,26.0,29.0,25.0,52.0,94.56,3975442432,1572667392,1455484928,10.07,9.62,8.5,25297891328,9442611200
2026-05-13T11:59:17.702116+02:00,-0.02395685245488333,0.2056982763870618,0.2149549576665083,2.789728162218356,1.237816751216984,-1.8331575008083147,1.6353427810623846,0.02977576214999711,-0.579497213052999,0.10900528952967337,-1.3361899198381866,-0.056664635561975985,47.0,48.0,48.0,40.0,42.0,26.0,29.0,25.0,52.0,94.56,3975442432,1572667392,1455484928,10.07,9.62,8.5,25297891328,9442611200
2026-05-13T11:59:17.754393+02:00,-0.02395685245488333,0.2056982763870618,0.2149549576665083,2.789728162218356,1.237816751216984,-1.8331575008083147,1.6353427810623846,0.02977576214999711,-0.579497213052999,0.10900528952967337,-1.3361899198381866,-0.056664635561975985,47.0,48.0,48.0,40.0,42.0,26.0,29.0,25.0,52.0,94.56,3975442432,1572667392,1455484928,10.07,9.62,8.5,25297891328,9442611200
2026-05-13T11:59:17.806343+02:00,-0.01949787499236858,0.20489661044840043,0.20582328928168175,2.803716075904642,1.2478754111850394,-1.8379920448825413,1.6003384575843866,0.00856652107976208,-0.638580098891511,0.08599557771138855,-1.1965976681405928,-0.07200444344083223,47.0,48.0,48.0,40.0,42.0,26.0,29.0,25.0,52.0,94.56,3975442432,1572667392,1455484928,10.07,9.62,8.5,25297891328,9442611200
2026-05-13T11:59:17.859469+02:00,-0.01949787499236858,0.20489661044840043,0.20582328928168175,2.803716075904642,1.2478754111850394,-1.8379920448825413,1.6003384575843866,0.00856652107976208,-0.638580098891511,0.08599557771138855,-1.1965976681405928,-0.07200444344083223,47.0,48.0,48.0,40.0,42.0,26.0,29.0,25.0,52.0,94.56,3975442432,1572667392,1455484928,10.07,9.62,8.5,25297891328,9442611200
2026-05-13T11:59:17.914535+02:00,-0.012478470161580884,0.20691802941028709,0.19259184610177726,2.8014594409457882,1.3042187916110186,-1.8495968626131916,1.5714218425373443,-0.014157665781204143,-0.6870583641949055,0.0691217890446465,-1.0830830898370558,-0.08734425131968848,47.0,48.0,48.0,40.0,42.0,26.0,29.0,25.0,52.0,94.56,3975442432,1572667392,1455484928,10.07,9.62,8.5,25297891328,9442611200
2026-05-13T11:59:17.966998+02:00,-0.012478470161580884,0.20691802941028709,0.19259184610177726,2.8014594409457882,1.3042187916110186,-1.8495968626131916,1.5714218425373443,-0.014157665781204143,-0.6870583641949055,0.0691217890446465,-1.0830830898370558,-0.08734425131968848,47.0,48.0,48.0,40.0,42.0,26.0,29.0,25.0,52.0,94.56,3975442432,1572667392,1455484928,10.07,9.62,8.5,25297891328,9442611200
2026-05-13T11:59:18.018777+02:00,-0.012478470161580884,0.20691802941028709,0.19259184610177726,2.8014594409457882,1.3042187916110186,-1.8495968626131916,1.5714218425373443,-0.014157665781204143,-0.6870583641949055,0.0691217890446465,-1.0830830898370558,-0.08734425131968848,47.0,48.0,48.0,40.0,42.0,26.0,29.0,25.0,52.0,94.56,3975442432,1572667392,1455484928,10.07,9.62,8.5,25297891328,9442611200
2026-05-13T11:59:18.068955+02:00,-0.012478470161580884,0.20691802941028709,0.19259184610177726,2.8014594409457882,1.3042187916110186,-1.8495968626131916,1.5714218425373443,-0.014157665781204143,-0.6870583641949055,0.0691217890446465,-1.0830830898370558,-0.08734425131968848,47.0,48.0,48.0,40.0,42.0,26.0,29.0,25.0,52.0,94.56,3975442432,1572667392,1455484928,10.07,9.62,8.5,25297891328,9442611200
2026-05-13T11:59:18.123974+02:00,-0.00046740914785927063,0.20545442782831816,0.16783390482469374,2.8327357099841732,1.3582904640955031,-1.840875640648898,1.5288078835206513,-0.056576147921674314,-0.7506860874056107,0.04457809643847632,-0.9312189918363774,-0.10268405919854517,47.0,48.0,48.0,40.0,42.0,26.0,29.0,25.0,52.0,99.27,3975442432,1577070592,1451053056,10.07,9.62,8.5,25297891328,9442623488
2026-05-13T11:59:18.178995+02:00,-0.00046740914785927063,0.20545442782831816,0.16783390482469374,2.8327357099841732,1.3582904640955031,-1.840875640648898,1.5288078835206513,-0.056576147921674314,-0.7506860874056107,0.04457809643847632,-0.9312189918363774,-0.10268405919854517,47.0,48.0,48.0,40.0,42.0,26.0,29.0,25.0,52.0,99.27,3975442432,1577070592,1451053056,10.07,9.62,8.5,25297891328,9442623488
2026-05-13T11:59:18.229722+02:00,-0.00046740914785927063,0.20545442782831816,0.16783390482469374,2.8327357099841732,1.3582904640955031,-1.840875640648898,1.5288078835206513,-0.056576147921674314,-0.7506860874056107,0.04457809643847632,-0.9312189918363774,-0.10268405919854517,47.0,48.0,48.0,40.0,42.0,26.0,29.0,25.0,52.0,99.27,3975442432,1577070592,1451053056,10.07,9.62,8.5,25297891328,9442623488
2026-05-13T11:59:18.280384+02:00,-0.00046740914785927063,0.20545442782831816,0.16783390482469374,2.8327357099841732,1.3582904640955031,-1.840875640648898,1.5288078835206513,-0.056576147921674314,-0.7506860874056107,0.04457809643847632,-0.9312189918363774,-0.10268405919854517,47.0,48.0,48.0,40.0,42.0,26.0,29.0,25.0,52.0,99.27,3975442432,1577070592,1451053056,10.07,9.62,8.5,25297891328,9442623488
2026-05-13T11:59:18.332591+02:00,0.008227845513409712,0.2049237480234255,0.15095611656076785,2.858958263982996,1.4049965226218495,-1.8297164019307561,1.4861939245039575,-0.10808430480653097,-0.7991643527090052,0.026170326983848913,-0.7870247977751266,-0.11342192471374446,47.0,48.0,48.0,40.0,42.0,26.0,29.0,25.0,52.0,99.27,3975442432,1577070592,1451053056,10.07,9.62,8.5,25297891328,9442623488
2026-05-13T11:59:18.382712+02:00,0.008227845513409712,0.2049237480234255,0.15095611656076785,2.858958263982996,1.4049965226218495,-1.8297164019307561,1.4861939245039575,-0.10808430480653097,-0.7991643527090052,0.026170326983848913,-0.7870247977751266,-0.11342192471374446,47.0,48.0,48.0,40.0,42.0,26.0,29.0,25.0,52.0,99.27,3975442432,1577070592,1451053056,10.07,9.62,8.5,25297891328,9442623488
2026-05-13T11:59:18.436538+02:00,0.008227845513409712,0.2049237480234255,0.15095611656076785,2.858958263982996,1.4049965226218495,-1.8297164019307561,1.4861939245039575,-0.10808430480653097,-0.7991643527090052,0.026170326983848913,-0.7870247977751266,-0.11342192471374446,47.0,48.0,48.0,40.0,42.0,26.0,29.0,25.0,52.0,99.27,3975442432,1577070592,1451053056,10.07,9.62,8.5,25297891328,9442623488
2026-05-13T11:59:18.487520+02:00,0.008227845513409712,0.2049237480234255,0.15095611656076785,2.858958263982996,1.4049965226218495,-1.8297164019307561,1.4861939245039575,-0.10808430480653097,-0.7991643527090052,0.026170326983848913,-0.7870247977751266,-0.11342192471374446,47.0,48.0,48.0,40.0,42.0,26.0,29.0,25.0,52.0,99.27,3975442432,1577070592,1451053056,10.07,9.62,8.5,25297891328,9442623488
2026-05-13T11:59:18.542541+02:00,0.016749896072337307,0.20502317277871612,0.1344439152834556,2.8939129673554986,1.457013342493354,-1.8098427415454341,1.4557553823491767,-0.15656257010992547,-0.8264333769421647,0.01083051910499222,-0.6612383731685041,-0.12109182865317258,47.0,48.0,48.0,40.0,42.0,26.0,29.0,25.0,52.0,99.27,3975442432,1577070592,1451053056,10.07,9.62,8.5,25297891328,9442623488
2026-05-13T11:59:18.593438+02:00,0.016749896072337307,0.20502317277871612,0.1344439152834556,2.8939129673554986,1.457013342493354,-1.8098427415454341,1.4557553823491767,-0.15656257010992547,-0.8264333769421647,0.01083051910499222,-0.6612383731685041,-0.12109182865317258,47.0,48.0,48.0,40.0,42.0,26.0,29.0,25.0,52.0,99.27,3975442432,1577070592,1451053056,10.07,9.62,8.5,25297891328,9442623488
2026-05-13T11:59:18.648459+02:00,0.016749896072337307,0.20502317277871612,0.1344439152834556,2.8939129673554986,1.457013342493354,-1.8098427415454341,1.4557553823491767,-0.15656257010992547,-0.8264333769421647,0.01083051910499222,-0.6612383731685041,-0.12109182865317258,47.0,48.0,48.0,40.0,42.0,26.0,29.0,25.0,52.0,99.27,3975442432,1577070592,1451053056,10.07,9.62,8.5,25297891328,9442623488
2026-05-13T11:59:18.703389+02:00,0.023985922094158105,0.20505056716930847,0.12036429867860912,2.964706985750326,1.4942340072696043,-1.7509975704863006,1.4146633504402222,-0.22322018490209294,-0.853702401175324,-0.015247154289063758,-0.5001703904405117,-0.12569377101682955,47.0,48.0,48.0,40.0,42.0,26.0,29.0,25.0,52.0,99.27,3975442432,1577070592,1451053056,10.07,9.62,8.5,25297891328,9442623488
2026-05-13T11:59:18.755432+02:00,0.023985922094158105,0.20505056716930847,0.12036429867860912,2.964706985750326,1.4942340072696043,-1.7509975704863006,1.4146633504402222,-0.22322018490209294,-0.853702401175324,-0.015247154289063758,-0.5001703904405117,-0.12569377101682955,47.0,48.0,48.0,40.0,42.0,26.0,29.0,25.0,52.0,99.27,3975442432,1577070592,1451053056,10.07,9.62,8.5,25297891328,9442623488
2026-05-13T11:59:18.806270+02:00,0.023985922094158105,0.20505056716930847,0.12036429867860912,2.964706985750326,1.4942340072696043,-1.7509975704863006,1.4146633504402222,-0.22322018490209294,-0.853702401175324,-0.015247154289063758,-0.5001703904405117,-0.12569377101682955,47.0,48.0,48.0,40.0,42.0,26.0,29.0,25.0,52.0,99.27,3975442432,1577070592,1451053056,10.07,9.62,8.5,25297891328,9442623488
2026-05-13T11:59:18.856316+02:00,0.023985922094158105,0.20505056716930847,0.12036429867860912,2.964706985750326,1.4942340072696043,-1.7509975704863006,1.4146633504402222,-0.22322018490209294,-0.853702401175324,-0.015247154289063758,-0.5001703904405117,-0.12569377101682955,47.0,48.0,48.0,40.0,42.0,26.0,29.0,25.0,52.0,99.27,3975442432,1577070592,1451053056,10.07,9.62,8.5,25297891328,9442623488
2026-05-13T11:59:18.909298+02:00,0.03545027226930931,0.20691284579523636,0.09735263277116908,-1.6747346269368477,1.561349335746382,-0.1258455638283953,1.4085756420092657,-0.3141169323459576,-0.8582472385475173,-0.02138307744060608,-0.3989276584400594,-0.12569377101682955,47.0,48.0,48.0,40.0,42.0,26.0,29.0,25.0,52.0,99.27,3975442432,1577070592,1451053056,10.07,9.62,8.5,25297891328,9442623488
2026-05-13T11:59:18.962244+02:00,0.03545027226930931,0.20691284579523636,0.09735263277116908,-1.6747346269368477,1.561349335746382,-0.1258455638283953,1.4085756420092657,-0.3141169323459576,-0.8582472385475173,-0.02138307744060608,-0.3989276584400594,-0.12569377101682955,47.0,48.0,48.0,40.0,42.0,26.0,29.0,25.0,52.0,99.27,3975442432,1577070592,1451053056,10.07,9.62,8.5,25297891328,9442623488
2026-05-13T11:59:19.014075+02:00,0.03545027226930931,0.20691284579523636,0.09735263277116908,-1.6747346269368477,1.561349335746382,-0.1258455638283953,1.4085756420092657,-0.3141169323459576,-0.8582472385475173,-0.02138307744060608,-0.3989276584400594,-0.12569377101682955,47.0,48.0,48.0,40.0,42.0,26.0,29.0,25.0,52.0,99.28,3975442432,1604374528,1423749120,10.07,9.62,8.5,25297891328,9442623488
2026-05-13T11:59:19.068423+02:00,0.03545027226930931,0.20691284579523636,0.09735263277116908,-1.6747346269368477,1.561349335746382,-0.1258455638283953,1.4085756420092657,-0.3141169323459576,-0.8582472385475173,-0.02138307744060608,-0.3989276584400594,-0.12569377101682955,47.0,48.0,48.0,40.0,42.0,26.0,29.0,25.0,52.0,99.28,3975442432,1604374528,1423749120,10.07,9.62,8.5,25297891328,9442623488
2026-05-13T11:59:19.119092+02:00,0.03434774920876097,0.206854836286974,0.08220616665883625,-2.252492497762936,1.561408645226443,-0.6999327738261844,1.4070537149015263,-0.3883492760917804,-0.8567322927567862,-0.02445103901637724,-0.3345004653488628,-0.12109182865317258,47.0,48.0,48.0,40.0,42.0,26.0,29.0,25.0,52.0,99.28,3975442432,1604374528,1423749120,10.07,9.62,8.5,25297891328,9442623488
2026-05-13T11:59:19.169217+02:00,0.03434774920876097,0.206854836286974,0.08220616665883625,-2.252492497762936,1.561408645226443,-0.6999327738261844,1.4070537149015263,-0.3883492760917804,-0.8567322927567862,-0.02445103901637724,-0.3345004653488628,-0.12109182865317258,47.0,48.0,48.0,40.0,42.0,26.0,29.0,25.0,52.0,99.28,3975442432,1604374528,1423749120,10.07,9.62,8.5,25297891328,9442623488
2026-05-13T11:59:19.221313+02:00,0.03434774920876097,0.206854836286974,0.08220616665883625,-2.252492497762936,1.561408645226443,-0.6999327738261844,1.4070537149015263,-0.3883492760917804,-0.8567322927567862,-0.02445103901637724,-0.3345004653488628,-0.12109182865317258,47.0,48.0,48.0,40.0,42.0,26.0,29.0,25.0,52.0,99.28,3975442432,1604374528,1423749120,10.07,9.62,8.5,25297891328,9442623488
2026-05-13T11:59:19.272397+02:00,0.03434774920876097,0.206854836286974,0.08220616665883625,-2.252492497762936,1.561408645226443,-0.6999327738261844,1.4070537149015263,-0.3883492760917804,-0.8567322927567862,-0.02445103901637724,-0.3345004653488628,-0.12109182865317258,47.0,48.0,48.0,40.0,42.0,26.0,29.0,25.0,52.0,99.28,3975442432,1604374528,1423749120,10.07,9.62,8.5,25297891328,9442623488
2026-05-13T11:59:19.324215+02:00,0.03444569444800775,0.20554044254838547,0.06857628376176235,-2.8426169054556616,1.5511177271993077,-1.2883035680263686,1.4070537149015263,-0.4413723787673681,-0.853702401175324,-0.029052981380034204,-0.2976849264396071,-0.12109182865317258,47.0,47.0,48.0,40.0,42.0,26.0,29.0,25.0,52.0,99.28,3975442432,1604374528,1423749120,10.07,9.62,8.5,25297891328,9442623488
2026-05-13T11:59:19.375735+02:00,0.03444569444800775,0.20554044254838547,0.06857628376176235,-2.8426169054556616,1.5511177271993077,-1.2883035680263686,1.4070537149015263,-0.4413723787673681,-0.853702401175324,-0.029052981380034204,-0.2976849264396071,-0.12109182865317258,47.0,47.0,48.0,40.0,42.0,26.0,29.0,25.0,52.0,99.28,3975442432,1604374528,1423749120,10.07,9.62,8.5,25297891328,9442623488
2026-05-13T11:59:19.430754+02:00,0.03444569444800775,0.20554044254838547,0.06857628376176235,-2.8426169054556616,1.5511177271993077,-1.2883035680263686,1.4070537149015263,-0.4413723787673681,-0.853702401175324,-0.029052981380034204,-0.2976849264396071,-0.12109182865317258,47.0,47.0,48.0,40.0,42.0,26.0,29.0,25.0,52.0,99.28,3975442432,1604374528,1423749120,10.07,9.62,8.5,25297891328,9442623488
2026-05-13T11:59:19.485765+02:00,0.03444569444800775,0.20554044254838547,0.06857628376176235,-2.8426169054556616,1.5511177271993077,-1.2883035680263686,1.4070537149015263,-0.4413723787673681,-0.853702401175324,-0.029052981380034204,-0.2976849264396071,-0.12109182865317258,47.0,47.0,48.0,40.0,42.0,26.0,29.0,25.0,52.0,99.28,3975442432,1604374528,1423749120,10.07,9.62,8.5,25297891328,9442623488
2026-05-13T11:59:19.540811+02:00,0.03432346567545826,0.2050138134368204,0.05973013612177029,-2.921477198755293,1.547414049611162,-1.3654378265407163,1.4070537149015263,-0.48076096932637624,-0.8506725095938619,-0.029052981380034204,-0.26853929146977995,-0.11648988628951606,47.0,47.0,48.0,40.0,42.0,26.0,29.0,25.0,52.0,99.28,3975442432,1604374528,1423749120,10.07,9.62,8.5,25297891328,9442623488
2026-05-13T11:59:19.593426+02:00,0.03432346567545826,0.2050138134368204,0.05973013612177029,-2.921477198755293,1.547414049611162,-1.3654378265407163,1.4070537149015263,-0.48076096932637624,-0.8506725095938619,-0.029052981380034204,-0.26853929146977995,-0.11648988628951606,47.0,47.0,48.0,40.0,42.0,26.0,29.0,25.0,52.0,99.28,3975442432,1604374528,1423749120,10.07,9.62,8.5,25297891328,9442623488
2026-05-13T11:59:19.643964+02:00,0.03432346567545826,0.2050138134368204,0.05973013612177029,-2.921477198755293,1.547414049611162,-1.3654378265407163,1.4070537149015263,-0.48076096932637624,-0.8506725095938619,-0.029052981380034204,-0.26853929146977995,-0.11648988628951606,47.0,47.0,48.0,40.0,42.0,26.0,29.0,25.0,52.0,99.28,3975442432,1604374528,1423749120,10.07,9.62,8.5,25297891328,9442623488
2026-05-13T11:59:19.695887+02:00,0.03432346567545826,0.2050138134368204,0.05973013612177029,-2.921477198755293,1.547414049611162,-1.3654378265407163,1.4070537149015263,-0.48076096932637624,-0.8506725095938619,-0.029052981380034204,-0.26853929146977995,-0.11648988628951606,47.0,47.0,48.0,40.0,42.0,26.0,29.0,25.0,52.0,99.28,3975442432,1604374528,1423749120,10.07,9.62,8.5,25297891328,9442623488
2026-05-13T11:59:19.746035+02:00,0.03432346567545826,0.2050138134368204,0.05973013612177029,-2.921477198755293,1.547414049611162,-1.3654378265407163,1.4070537149015263,-0.48076096932637624,-0.8506725095938619,-0.029052981380034204,-0.26853929146977995,-0.11648988628951606,47.0,47.0,48.0,40.0,42.0,26.0,29.0,25.0,52.0,99.28,3975442432,1604374528,1423749120,10.07,9.62,8.5,25297891328,9442623488
2026-05-13T11:59:19.801027+02:00,0.03407822799188537,0.20388432715320493,0.05065947674611951,-3.043253935972224,1.5378153222428617,-1.4915767519082952,1.4070537149015263,-0.5110598851409976,-0.8476426180123997,-0.03365492374369117,-0.25626744516669486,-0.11342192471374446,47.0,47.0,48.0,40.0,42.0,26.0,29.0,25.0,52.0,99.28,3975442432,1604374528,1423749120,10.07,9.62,8.5,25297891328,9442623488
2026-05-13T11:59:19.855370+02:00,0.03407822799188537,0.20388432715320493,0.05065947674611951,-3.043253935972224,1.5378153222428617,-1.4915767519082952,1.4070537149015263,-0.5110598851409976,-0.8476426180123997,-0.03365492374369117,-0.25626744516669486,-0.11342192471374446,47.0,47.0,48.0,40.0,42.0,26.0,29.0,25.0,52.0,99.28,3975442432,1604374528,1423749120,10.07,9.62,8.5,25297891328,9442623488
2026-05-13T11:59:19.907540+02:00,0.03384055658706306,0.20219857039108505,0.046152713881282455,-3.1018852927845004,1.5229076008405094,-1.5471591809408494,1.4070537149015263,-0.5156047225131909,-0.8476426180123997,-0.03672288531946233,-0.2531994835909237,-0.11342192471374446,47.0,47.0,48.0,40.0,42.0,26.0,29.0,25.0,52.0,99.28,3975442432,1604374528,1423749120,10.07,9.62,8.5,25297891328,9442623488
2026-05-13T11:59:19.957785+02:00,0.03384055658706306,0.20219857039108505,0.046152713881282455,-3.1018852927845004,1.5229076008405094,-1.5471591809408494,1.4070537149015263,-0.5156047225131909,-0.8476426180123997,-0.03672288531946233,-0.2531994835909237,-0.11342192471374446,47.0,47.0,48.0,40.0,42.0,26.0,29.0,25.0,52.0,99.28,3975442432,1604374528,1423749120,10.07,9.62,8.5,25297891328,9442623488
2026-05-13T11:59:20.008492+02:00,0.03384055658706306,0.20219857039108505,0.046152713881282455,-3.1018852927845004,1.5229076008405094,-1.5471591809408494,1.4070537149015263,-0.5156047225131909,-0.8476426180123997,-0.03672288531946233,-0.2531994835909237,-0.11342192471374446,47.0,47.0,48.0,40.0,42.0,26.0,29.0,25.0,52.0,99.28,3975442432,1604374528,1423749120,10.07,9.62,8.5,25297891328,9442623488
2026-05-13T11:59:20.059131+02:00,0.03384055658706306,0.20219857039108505,0.046152713881282455,-3.1018852927845004,1.5229076008405094,-1.5471591809408494,1.4070537149015263,-0.5156047225131909,-0.8476426180123997,-0.03672288531946233,-0.2531994835909237,-0.11342192471374446,47.0,47.0,48.0,40.0,42.0,26.0,29.0,25.0,52.0,92.57,3975442432,1609142272,1418903552,10.07,9.62,8.5,25297891328,9442627584
2026-05-13T11:59:20.109138+02:00,0.03386186427637459,0.20227060488577114,0.04585868235791363,-3.0911990039300927,1.524389466573224,-1.5349611375377326,1.4070537149015263,-0.5156047225131909,-0.8476426180123997,-0.03672288531946233,-0.2531994835909237,-0.11342192471374446,47.0,47.0,48.0,40.0,42.0,26.0,29.0,25.0,52.0,92.57,3975442432,1609142272,1418903552,10.07,9.62,8.5,25297891328,9442627584
2026-05-13T11:59:20.160267+02:00,0.03386186427637459,0.20227060488577114,0.04585868235791363,-3.0911990039300927,1.524389466573224,-1.5349611375377326,1.4070537149015263,-0.5156047225131909,-0.8476426180123997,-0.03672288531946233,-0.2531994835909237,-0.11342192471374446,47.0,47.0,48.0,40.0,42.0,26.0,29.0,25.0,52.0,92.57,3975442432,1609142272,1418903552,10.07,9.62,8.5,25297891328,9442627584
2026-05-13T11:59:20.214846+02:00,0.03386186427637459,0.20227060488577114,0.04585868235791363,-3.0911990039300927,1.524389466573224,-1.5349611375377326,1.4070537149015263,-0.5156047225131909,-0.8476426180123997,-0.03672288531946233,-0.2531994835909237,-0.11342192471374446,47.0,47.0,48.0,40.0,42.0,26.0,29.0,25.0,52.0,92.57,3975442432,1609142272,1418903552,10.07,9.62,8.5,25297891328,9442627584
2026-05-13T11:59:20.266653+02:00,0.03386186427637459,0.20227060488577114,0.04585868235791363,-3.0911990039300927,1.524389466573224,-1.5349611375377326,1.4070537149015263,-0.5156047225131909,-0.8476426180123997,-0.03672288531946233,-0.2531994835909237,-0.11342192471374446,47.0,47.0,48.0,40.0,42.0,26.0,29.0,25.0,52.0,92.57,3975442432,1609142272,1418903552,10.07,9.62,8.5,25297891328,9442627584
2026-05-13T11:59:20.318153+02:00,0.03386186427637459,0.20227060488577114,0.04585868235791363,-3.0911990039300927,1.524389466573224,-1.5349611375377326,1.4070537149015263,-0.5156047225131909,-0.8476426180123997,-0.03672288531946233,-0.2531994835909237,-0.11342192471374446,47.0,47.0,48.0,40.0,42.0,26.0,29.0,25.0,52.0,92.57,3975442432,1609142272,1418903552,10.07,9.62,8.5,25297891328,9442627584
2026-05-13T11:59:20.370383+02:00,0.03386186427637459,0.20227060488577114,0.04585868235791363,-3.0911990039300927,1.524389466573224,-1.5349611375377326,1.4070537149015263,-0.5156047225131909,-0.8476426180123997,-0.03672288531946233,-0.2531994835909237,-0.11342192471374446,47.0,47.0,48.0,40.0,42.0,26.0,29.0,25.0,52.0,92.57,3975442432,1609142272,1418903552,10.07,9.62,8.5,25297891328,9442627584
2026-05-13T11:59:20.422662+02:00,0.03386186427637459,0.20227060488577114,0.04585868235791363,-3.0911990039300927,1.524389466573224,-1.5349611375377326,1.4070537149015263,-0.5156047225131909,-0.8476426180123997,-0.03672288531946233,-0.2531994835909237,-0.11342192471374446,47.0,47.0,48.0,40.0,42.0,26.0,29.0,25.0,52.0,92.57,3975442432,1609142272,1418903552,10.07,9.62,8.5,25297891328,9442627584
2026-05-13T11:59:20.478291+02:00,0.03386186427637459,0.20227060488577114,0.04585868235791363,-3.0911990039300927,1.524389466573224,-1.5349611375377326,1.4070537149015263,-0.5156047225131909,-0.8476426180123997,-0.03672288531946233,-0.2531994835909237,-0.11342192471374446,47.0,47.0,48.0,40.0,42.0,26.0,29.0,25.0,52.0,92.57,3975442432,1609142272,1418903552,10.07,9.62,8.5,25297891328,9442627584
2026-05-13T11:59:20.530161+02:00,0.03386186427637459,0.20227060488577114,0.04585868235791363,-3.0911990039300927,1.524389466573224,-1.5349611375377326,1.4070537149015263,-0.5156047225131909,-0.8476426180123997,-0.03672288531946233,-0.2531994835909237,-0.11342192471374446,47.0,47.0,48.0,40.0,42.0,26.0,29.0,25.0,52.0,92.57,3975442432,1609142272,1418903552,10.07,9.62,8.5,25297891328,9442627584
2026-05-13T11:59:20.582965+02:00,0.03386186427637459,0.20227060488577114,0.04585868235791363,-3.0911990039300927,1.524389466573224,-1.5349611375377326,1.4070537149015263,-0.5156047225131909,-0.8476426180123997,-0.03672288531946233,-0.2531994835909237,-0.11342192471374446,47.0,47.0,48.0,40.0,42.0,26.0,29.0,25.0,52.0,92.57,3975442432,1609142272,1418903552,10.07,9.62,8.5,25297891328,9442627584
2026-05-13T11:59:20.634565+02:00,0.03386186427637459,0.20227060488577114,0.04585868235791363,-3.0911990039300927,1.524389466573224,-1.5349611375377326,1.4070537149015263,-0.5156047225131909,-0.8476426180123997,-0.03672288531946233,-0.2531994835909237,-0.11342192471374446,47.0,47.0,48.0,40.0,42.0,26.0,29.0,25.0,52.0,92.57,3975442432,1609142272,1418903552,10.07,9.62,8.5,25297891328,9442627584
2026-05-13T11:59:20.687601+02:00,0.03386186427637459,0.20227060488577114,0.04585868235791363,-3.0911990039300927,1.524389466573224,-1.5349611375377326,1.4070537149015263,-0.5156047225131909,-0.8476426180123997,-0.03672288531946233,-0.2531994835909237,-0.11342192471374446,47.0,47.0,48.0,40.0,42.0,26.0,29.0,25.0,52.0,92.57,3975442432,1609142272,1418903552,10.07,9.62,8.5,25297891328,9442627584
2026-05-13T11:59:20.742681+02:00,0.03386186427637459,0.20227060488577114,0.04585868235791363,-3.0911990039300927,1.524389466573224,-1.5349611375377326,1.4070537149015263,-0.5156047225131909,-0.8476426180123997,-0.03672288531946233,-0.2531994835909237,-0.11342192471374446,47.0,47.0,48.0,40.0,42.0,26.0,29.0,25.0,52.0,92.57,3975442432,1609142272,1418903552,10.07,9.62,8.5,25297891328,9442627584
2026-05-13T11:59:20.797648+02:00,0.03386186427637459,0.20227060488577114,0.04585868235791363,-3.0911990039300927,1.524389466573224,-1.5349611375377326,1.4070537149015263,-0.5156047225131909,-0.8476426180123997,-0.03672288531946233,-0.2531994835909237,-0.11342192471374446,47.0,47.0,48.0,40.0,42.0,26.0,29.0,25.0,52.0,92.57,3975442432,1609142272,1418903552,10.07,9.62,8.5,25297891328,9442627584
2026-05-13T11:59:20.849751+02:00,0.03386186427637459,0.20227060488577114,0.04585868235791363,-3.0911990039300927,1.524389466573224,-1.5349611375377326,1.4070537149015263,-0.5156047225131909,-0.8476426180123997,-0.03672288531946233,-0.2531994835909237,-0.11342192471374446,47.0,47.0,48.0,40.0,42.0,26.0,29.0,25.0,52.0,92.57,3975442432,1609142272,1418903552,10.07,9.62,8.5,25297891328,9442627584
2026-05-13T11:59:20.904781+02:00,0.03386186427637459,0.20227060488577114,0.04585868235791363,-3.0911990039300927,1.524389466573224,-1.5349611375377326,1.4070537149015263,-0.5156047225131909,-0.8476426180123997,-0.03672288531946233,-0.2531994835909237,-0.11342192471374446,47.0,47.0,48.0,40.0,42.0,26.0,29.0,25.0,52.0,92.57,3975442432,1609142272,1418903552,10.07,9.62,8.5,25297891328,9442627584
2026-05-13T11:59:20.955157+02:00,0.03386186427637459,0.20227060488577114,0.04585868235791363,-3.0911990039300927,1.524389466573224,-1.5349611375377326,1.4070537149015263,-0.5156047225131909,-0.8476426180123997,-0.03518890453157697,-0.2531994835909237,-0.11342192471374446,47.0,47.0,48.0,40.0,42.0,26.0,29.0,25.0,52.0,92.57,3975442432,1609142272,1418903552,10.07,9.62,8.5,25297891328,9442627584
2026-05-13T11:59:21.009573+02:00,0.03386186427637459,0.20227060488577114,0.04585868235791363,-3.0911990039300927,1.524389466573224,-1.5349611375377326,1.4070537149015263,-0.5156047225131909,-0.8476426180123997,-0.03518890453157697,-0.2531994835909237,-0.11342192471374446,47.0,47.0,48.0,40.0,42.0,26.0,29.0,25.0,52.0,92.57,3975442432,1609142272,1418903552,10.07,9.62,8.5,25297891328,9442627584
2026-05-13T11:59:21.059789+02:00,0.03386186427637459,0.20227060488577114,0.04585868235791363,-3.0911990039300927,1.524389466573224,-1.5349611375377326,1.4070537149015263,-0.5156047225131909,-0.8476426180123997,-0.03518890453157697,-0.2531994835909237,-0.11342192471374446,47.0,47.0,48.0,40.0,42.0,26.0,29.0,25.0,52.0,88.05,3975442432,1609695232,1418346496,10.07,9.62,8.5,25297891328,9442627584
2026-05-13T11:59:21.112515+02:00,0.03384378119379486,0.20227294249792965,0.04585854728826091,-3.097887493324202,1.5244508665011813,-1.543143495556765,1.4070537149015263,-0.5156047225131909,-0.8476426180123997,-0.03518890453157697,-0.2531994835909237,-0.11342192471374446,47.0,47.0,48.0,40.0,42.0,26.0,29.0,25.0,52.0,88.05,3975442432,1609695232,1418346496,10.07,9.62,8.5,25297891328,9442627584
2026-05-13T11:59:21.167565+02:00,0.03384378119379486,0.20227294249792965,0.04585854728826091,-3.097887493324202,1.5244508665011813,-1.543143495556765,1.4070537149015263,-0.5156047225131909,-0.8476426180123997,-0.03518890453157697,-0.2531994835909237,-0.11342192471374446,47.0,47.0,48.0,40.0,42.0,26.0,29.0,25.0,52.0,88.05,3975442432,1609695232,1418346496,10.07,9.62,8.5,25297891328,9442627584
2026-05-13T11:59:21.217933+02:00,0.03384378119379486,0.20227294249792965,0.04585854728826091,-3.097887493324202,1.5244508665011813,-1.543143495556765,1.4070537149015263,-0.5156047225131909,-0.8476426180123997,-0.03518890453157697,-0.2531994835909237,-0.11342192471374446,47.0,47.0,48.0,40.0,42.0,26.0,29.0,25.0,52.0,88.05,3975442432,1609695232,1418346496,10.07,9.62,8.5,25297891328,9442627584
2026-05-13T11:59:21.272534+02:00,0.03384378119379486,0.20227294249792965,0.04585854728826091,-3.097887493324202,1.5244508665011813,-1.543143495556765,1.4070537149015263,-0.5156047225131909,-0.8476426180123997,-0.03518890453157697,-0.2531994835909237,-0.11342192471374446,47.0,47.0,48.0,40.0,42.0,26.0,29.0,25.0,52.0,88.05,3975442432,1609695232,1418346496,10.07,9.62,8.5,25297891328,9442627584
2026-05-13T11:59:21.327540+02:00,0.03384378119379486,0.20227294249792965,0.04585854728826091,-3.097887493324202,1.5244508665011813,-1.543143495556765,1.4070537149015263,-0.5156047225131909,-0.8476426180123997,-0.03518890453157697,-0.2531994835909237,-0.11342192471374446,47.0,48.0,48.0,40.0,42.0,26.0,29.0,25.0,54.0,88.05,3975442432,1609695232,1418346496,10.07,9.62,8.5,25297891328,9442627584
2026-05-13T11:59:21.378148+02:00,0.03384378119379486,0.20227294249792965,0.04585854728826091,-3.097887493324202,1.5244508665011813,-1.543143495556765,1.4070537149015263,-0.5156047225131909,-0.8476426180123997,-0.03518890453157697,-0.2531994835909237,-0.11342192471374446,47.0,48.0,48.0,40.0,42.0,26.0,29.0,25.0,54.0,88.05,3975442432,1609695232,1418346496,10.07,9.62,8.5,25297891328,9442627584
2026-05-13T11:59:21.428642+02:00,0.03384378119379486,0.20227294249792965,0.04585854728826091,-3.097887493324202,1.5244508665011813,-1.543143495556765,1.4070537149015263,-0.5156047225131909,-0.8476426180123997,-0.03518890453157697,-0.2531994835909237,-0.11342192471374446,47.0,48.0,48.0,40.0,42.0,26.0,29.0,25.0,54.0,88.05,3975442432,1609695232,1418346496,10.07,9.62,8.5,25297891328,9442627584
2026-05-13T11:59:21.480056+02:00,0.03384378119379486,0.20227294249792965,0.04585854728826091,-3.097887493324202,1.5244508665011813,-1.543143495556765,1.4070537149015263,-0.5156047225131909,-0.8476426180123997,-0.03518890453157697,-0.2531994835909237,-0.11342192471374446,47.0,48.0,48.0,40.0,42.0,26.0,29.0,25.0,54.0,88.05,3975442432,1609695232,1418346496,10.07,9.62,8.5,25297891328,9442627584
2026-05-13T11:59:21.535253+02:00,0.03384378119379486,0.20227294249792965,0.04585854728826091,-3.097887493324202,1.5244508665011813,-1.543143495556765,1.4070537149015263,-0.5156047225131909,-0.8476426180123997,-0.03518890453157697,-0.2531994835909237,-0.11342192471374446,47.0,48.0,48.0,40.0,42.0,26.0,29.0,25.0,54.0,88.05,3975442432,1609695232,1418346496,10.07,9.62,8.5,25297891328,9442627584
2026-05-13T11:59:21.586167+02:00,0.03384378119379486,0.20227294249792965,0.04585854728826091,-3.097887493324202,1.5244508665011813,-1.543143495556765,1.4070537149015263,-0.5156047225131909,-0.8476426180123997,-0.03518890453157697,-0.2531994835909237,-0.11342192471374446,47.0,48.0,48.0,40.0,42.0,26.0,29.0,25.0,54.0,88.05,3975442432,1609695232,1418346496,10.07,9.62,8.5,25297891328,9442627584
2026-05-13T11:59:21.639661+02:00,0.03384378119379486,0.20227294249792965,0.04585854728826091,-3.097887493324202,1.5244508665011813,-1.543143495556765,1.4070537149015263,-0.5156047225131909,-0.8476426180123997,-0.03518890453157697,-0.2531994835909237,-0.11342192471374446,47.0,48.0,48.0,40.0,42.0,26.0,29.0,25.0,54.0,88.05,3975442432,1609695232,1418346496,10.07,9.62,8.5,25297891328,9442627584
2026-05-13T11:59:21.694791+02:00,0.03384378119379486,0.20227294249792965,0.04585854728826091,-3.097887493324202,1.5244508665011813,-1.543143495556765,1.4070537149015263,-0.5156047225131909,-0.8476426180123997,-0.03518890453157697,-0.2531994835909237,-0.11342192471374446,47.0,48.0,48.0,40.0,42.0,26.0,29.0,25.0,54.0,88.05,3975442432,1609695232,1418346496,10.07,9.62,8.5,25297891328,9442627584
2026-05-13T11:59:21.749853+02:00,0.03384378119379486,0.20227294249792965,0.04585854728826091,-3.097887493324202,1.5244508665011813,-1.543143495556765,1.4070537149015263,-0.5156047225131909,-0.8476426180123997,-0.03518890453157697,-0.2531994835909237,-0.11342192471374446,47.0,48.0,48.0,40.0,42.0,26.0,29.0,25.0,54.0,88.05,3975442432,1609695232,1418346496,10.07,9.62,8.5,25297891328,9442627584
2026-05-13T11:59:21.800599+02:00,0.03384378119379486,0.20227294249792965,0.04585854728826091,-3.097887493324202,1.5244508665011813,-1.543143495556765,1.4070537149015263,-0.5156047225131909,-0.8476426180123997,-0.03518890453157697,-0.2531994835909237,-0.11342192471374446,47.0,48.0,48.0,40.0,42.0,26.0,29.0,25.0,54.0,88.05,3975442432,1609695232,1418346496,10.07,9.62,8.5,25297891328,9442627584
2026-05-13T11:59:21.853778+02:00,0.03384378119379486,0.20227294249792965,0.04585854728826091,-3.097887493324202,1.5244508665011813,-1.543143495556765,1.4070537149015263,-0.5156047225131909,-0.8476426180123997,-0.03518890453157697,-0.2531994835909237,-0.11342192471374446,47.0,48.0,48.0,40.0,42.0,26.0,29.0,25.0,54.0,88.05,3975442432,1609695232,1418346496,10.07,9.62,8.5,25297891328,9442627584
2026-05-13T11:59:21.905561+02:00,0.03384378119379486,0.20227294249792965,0.04585854728826091,-3.097887493324202,1.5244508665011813,-1.543143495556765,1.4070537149015263,-0.5156047225131909,-0.8476426180123997,-0.03518890453157697,-0.2531994835909237,-0.11342192471374446,47.0,48.0,48.0,40.0,42.0,26.0,29.0,25.0,54.0,88.05,3975442432,1609695232,1418346496,10.07,9.62,8.5,25297891328,9442627584
2026-05-13T11:59:21.956181+02:00,0.03384378119379486,0.20227294249792965,0.04585854728826091,-3.097887493324202,1.5244508665011813,-1.543143495556765,1.4070537149015263,-0.5156047225131909,-0.8476426180123997,-0.03518890453157697,-0.2531994835909237,-0.11342192471374446,47.0,48.0,48.0,40.0,42.0,26.0,29.0,25.0,54.0,88.05,3975442432,1609695232,1418346496,10.07,9.62,8.5,25297891328,9442627584
2026-05-13T11:59:22.010101+02:00,0.03384378119379486,0.20227294249792965,0.04585854728826091,-3.097887493324202,1.5244508665011813,-1.543143495556765,1.4070537149015263,-0.5156047225131909,-0.8476426180123997,-0.03518890453157697,-0.2531994835909237,-0.11342192471374446,47.0,48.0,48.0,40.0,42.0,26.0,29.0,25.0,54.0,88.05,3975442432,1609695232,1418346496,10.07,9.62,8.5,25297891328,9442627584
2026-05-13T11:59:22.061677+02:00,0.03384378119379486,0.20227294249792965,0.04585854728826091,-3.097887493324202,1.5244508665011813,-1.543143495556765,1.4070537149015263,-0.5156047225131909,-0.8476426180123997,-0.03518890453157697,-0.2531994835909237,-0.11342192471374446,47.0,48.0,48.0,40.0,42.0,26.0,29.0,25.0,54.0,88.05,3975442432,1609695232,1418346496,10.07,9.62,8.5,25297891328,9442627584
2026-05-13T11:59:22.116021+02:00,0.03384378119379486,0.20227294249792965,0.04585854728826091,-3.097887493324202,1.5244508665011813,-1.543143495556765,1.4070537149015263,-0.5156047225131909,-0.8476426180123997,-0.03518890453157697,-0.2531994835909237,-0.11342192471374446,47.0,48.0,48.0,40.0,42.0,26.0,29.0,25.0,54.0,88.05,3975442432,1609695232,1418346496,10.07,9.62,8.5,25297891328,9442627584
2026-05-13T11:59:22.167871+02:00,0.03384378119379486,0.20227294249792965,0.04585854728826091,-3.097887493324202,1.5244508665011813,-1.543143495556765,1.4070537149015263,-0.5050001019780733,-0.8476426180123997,-0.03365492374369117,-0.2531994835909237,-0.11342192471374446,47.0,48.0,48.0,40.0,42.0,26.0,29.0,25.0,54.0,94.76,3975442432,1572061184,1455980544,9.74,9.56,8.48,25297891328,9442639872
2026-05-13T11:59:22.219477+02:00,0.03384378119379486,0.20227294249792965,0.04585854728826091,-3.097887493324202,1.5244508665011813,-1.543143495556765,1.4070537149015263,-0.5050001019780733,-0.8476426180123997,-0.03365492374369117,-0.2531994835909237,-0.11342192471374446,47.0,48.0,48.0,40.0,42.0,26.0,29.0,25.0,54.0,94.76,3975442432,1572061184,1455980544,9.74,9.56,8.48,25297891328,9442639872
2026-05-13T11:59:22.274970+02:00,0.03384378119379486,0.20227294249792965,0.04585854728826091,-3.097887493324202,1.5244508665011813,-1.543143495556765,1.4070537149015263,-0.5050001019780733,-0.8476426180123997,-0.03365492374369117,-0.2531994835909237,-0.11342192471374446,47.0,48.0,48.0,40.0,42.0,26.0,29.0,25.0,54.0,94.76,3975442432,1572061184,1455980544,9.74,9.56,8.48,25297891328,9442639872
2026-05-13T11:59:22.326008+02:00,0.03393266617732655,0.20281091593571676,0.04679186275825378,-3.0772424886311165,1.5289037981778562,-1.5225185276658062,1.4070537149015263,-0.48076096932637624,-0.8491575638031308,-0.03365492374369117,-0.285413080136522,-0.11495590550163026,47.0,48.0,48.0,40.0,42.0,26.0,29.0,25.0,54.0,94.76,3975442432,1572061184,1455980544,9.74,9.56,8.48,25297891328,9442639872
2026-05-13T11:59:22.376363+02:00,0.03393266617732655,0.20281091593571676,0.04679186275825378,-3.0772424886311165,1.5289037981778562,-1.5225185276658062,1.4070537149015263,-0.48076096932637624,-0.8491575638031308,-0.03365492374369117,-0.285413080136522,-0.11495590550163026,47.0,48.0,48.0,40.0,42.0,26.0,29.0,25.0,54.0,94.76,3975442432,1572061184,1455980544,9.74,9.56,8.48,25297891328,9442639872
2026-05-13T11:59:22.430301+02:00,0.03393266617732655,0.20281091593571676,0.04679186275825378,-3.0772424886311165,1.5289037981778562,-1.5225185276658062,1.4070537149015263,-0.48076096932637624,-0.8491575638031308,-0.03365492374369117,-0.285413080136522,-0.11495590550163026,47.0,48.0,48.0,40.0,42.0,26.0,29.0,25.0,54.0,94.76,3975442432,1572061184,1455980544,9.74,9.56,8.48,25297891328,9442639872
2026-05-13T11:59:22.485320+02:00,0.03393266617732655,0.20281091593571676,0.04679186275825378,-3.0772424886311165,1.5289037981778562,-1.5225185276658062,1.4070537149015263,-0.48076096932637624,-0.8491575638031308,-0.03365492374369117,-0.285413080136522,-0.11495590550163026,47.0,48.0,48.0,40.0,42.0,26.0,29.0,25.0,54.0,94.76,3975442432,1572061184,1455980544,9.74,9.56,8.48,25297891328,9442639872
2026-05-13T11:59:22.540126+02:00,0.034093129835060715,0.20321384489240113,0.05391574340170488,-3.0805956686666978,1.5237920023184184,-1.5261416527234235,1.4070537149015263,-0.44894710772102353,-0.8491575638031308,-0.030586962167920007,-0.32376259983366307,-0.11495590550163026,47.0,48.0,48.0,40.0,42.0,26.0,29.0,25.0,54.0,94.76,3975442432,1572061184,1455980544,9.74,9.56,8.48,25297891328,9442639872
2026-05-13T11:59:22.592875+02:00,0.034093129835060715,0.20321384489240113,0.05391574340170488,-3.0805956686666978,1.5237920023184184,-1.5261416527234235,1.4070537149015263,-0.44894710772102353,-0.8491575638031308,-0.030586962167920007,-0.32376259983366307,-0.11495590550163026,47.0,48.0,48.0,40.0,42.0,26.0,29.0,25.0,54.0,94.76,3975442432,1572061184,1455980544,9.74,9.56,8.48,25297891328,9442639872
2026-05-13T11:59:22.646753+02:00,0.034093129835060715,0.20321384489240113,0.05391574340170488,-3.0805956686666978,1.5237920023184184,-1.5261416527234235,1.4070537149015263,-0.44894710772102353,-0.8491575638031308,-0.030586962167920007,-0.32376259983366307,-0.11495590550163026,47.0,48.0,48.0,40.0,42.0,26.0,29.0,25.0,54.0,94.76,3975442432,1572061184,1455980544,9.74,9.56,8.48,25297891328,9442639872
2026-05-13T11:59:22.696985+02:00,0.03415068949622708,0.20328125005824396,0.059661712374255854,-3.104324794785217,1.515862838529053,-1.5531089329628565,1.4085756420092657,-0.39895389662689784,-0.8506725095938619,-0.025985019804263043,-0.380519888985432,-0.11955784786528723,47.0,48.0,48.0,40.0,42.0,26.0,29.0,25.0,54.0,94.76,3975442432,1572061184,1455980544,9.74,9.56,8.48,25297891328,9442639872
2026-05-13T11:59:22.752023+02:00,0.03415068949622708,0.20328125005824396,0.059661712374255854,-3.104324794785217,1.515862838529053,-1.5531089329628565,1.4085756420092657,-0.39895389662689784,-0.8506725095938619,-0.025985019804263043,-0.380519888985432,-0.11955784786528723,47.0,48.0,48.0,40.0,42.0,26.0,29.0,25.0,54.0,94.76,3975442432,1572061184,1455980544,9.74,9.56,8.48,25297891328,9442639872
2026-05-13T11:59:22.807016+02:00,0.03415068949622708,0.20328125005824396,0.059661712374255854,-3.104324794785217,1.515862838529053,-1.5531089329628565,1.4085756420092657,-0.39895389662689784,-0.8506725095938619,-0.025985019804263043,-0.380519888985432,-0.11955784786528723,47.0,48.0,48.0,40.0,42.0,26.0,29.0,25.0,54.0,94.76,3975442432,1572061184,1455980544,9.74,9.56,8.48,25297891328,9442639872
2026-05-13T11:59:22.858122+02:00,0.03415068949622708,0.20328125005824396,0.059661712374255854,-3.104324794785217,1.515862838529053,-1.5531089329628565,1.4085756420092657,-0.39895389662689784,-0.8506725095938619,-0.025985019804263043,-0.380519888985432,-0.11955784786528723,47.0,48.0,48.0,40.0,42.0,26.0,29.0,25.0,54.0,94.76,3975442432,1572061184,1455980544,9.74,9.56,8.48,25297891328,9442639872
2026-05-13T11:59:22.913154+02:00,0.03415068949622708,0.20328125005824396,0.059661712374255854,-3.104324794785217,1.515862838529053,-1.5531089329628565,1.4085756420092657,-0.39895389662689784,-0.8506725095938619,-0.025985019804263043,-0.380519888985432,-0.11955784786528723,47.0,48.0,48.0,40.0,42.0,26.0,29.0,25.0,54.0,94.76,3975442432,1572061184,1455980544,9.74,9.56,8.48,25297891328,9442639872
2026-05-13T11:59:22.967483+02:00,0.03415068949622708,0.20328125005824396,0.059661712374255854,-3.104324794785217,1.515862838529053,-1.5531089329628565,1.4085756420092657,-0.39895389662689784,-0.8506725095938619,-0.025985019804263043,-0.380519888985432,-0.11955784786528723,47.0,48.0,48.0,40.0,42.0,26.0,29.0,25.0,54.0,94.76,3975442432,1572061184,1455980544,9.74,9.56,8.48,25297891328,9442639872
2026-05-13T11:59:23.018317+02:00,0.03389153868469029,0.20374566116315398,0.07233116282946243,-3.132637977324021,1.512195120493996,-1.58156915724023,1.4085756420092657,-0.3459307939513102,-0.852187455384593,-0.019849096652720277,-0.42960727419777234,-0.12262580944105839,47.0,48.0,48.0,40.0,42.0,26.0,29.0,25.0,54.0,94.76,3975442432,1572061184,1455980544,9.74,9.56,8.48,25297891328,9442639872
2026-05-13T11:59:23.073498+02:00,0.03389153868469029,0.20374566116315398,0.07233116282946243,-3.132637977324021,1.512195120493996,-1.58156915724023,1.4085756420092657,-0.3459307939513102,-0.852187455384593,-0.019849096652720277,-0.42960727419777234,-0.12262580944105839,47.0,48.0,48.0,40.0,42.0,26.0,29.0,25.0,54.0,94.76,3975442432,1572061184,1455980544,9.74,9.56,8.48,25297891328,9442639872
2026-05-13T11:59:23.126182+02:00,0.03392919631797136,0.2040316276349427,0.08136505135651065,-3.129702464131256,1.5162497193180267,-1.5787464503465212,1.4085756420092657,-0.30351231181084004,-0.852187455384593,-0.01831511586483492,-0.4587529091675995,-0.12722775180471535,47.0,48.0,48.0,40.0,42.0,26.0,29.0,25.0,54.0,94.76,3975442432,1572061184,1455980544,9.74,9.56,8.48,25297891328,9442639872
2026-05-13T11:59:23.180781+02:00,0.03392919631797136,0.2040316276349427,0.08136505135651065,-3.129702464131256,1.5162497193180267,-1.5787464503465212,1.4085756420092657,-0.30351231181084004,-0.852187455384593,-0.01831511586483492,-0.4587529091675995,-0.12722775180471535,47.0,48.0,48.0,40.0,42.0,26.0,29.0,25.0,54.0,88.84,3975442432,1571778560,1456250880,9.74,9.56,8.48,25297891328,9442639872
2026-05-13T11:59:23.230947+02:00,0.03392919631797136,0.2040316276349427,0.08136505135651065,-3.129702464131256,1.5162497193180267,-1.5787464503465212,1.4085756420092657,-0.30351231181084004,-0.852187455384593,-0.01831511586483492,-0.4587529091675995,-0.12722775180471535,47.0,48.0,48.0,40.0,42.0,26.0,29.0,25.0,54.0,88.84,3975442432,1571778560,1456250880,9.74,9.56,8.48,25297891328,9442639872
2026-05-13T11:59:23.281766+02:00,0.03392919631797136,0.2040316276349427,0.08136505135651065,-3.129702464131256,1.5162497193180267,-1.5787464503465212,1.4085756420092657,-0.30351231181084004,-0.852187455384593,-0.01831511586483492,-0.4587529091675995,-0.12722775180471535,47.0,48.0,48.0,40.0,42.0,26.0,29.0,25.0,54.0,88.84,3975442432,1571778560,1456250880,9.74,9.56,8.48,25297891328,9442639872
2026-05-13T11:59:23.334642+02:00,0.03397562154890836,0.20457147803925668,0.09011116370153108,-3.1068844867800403,1.5279470075385302,-1.555933018351308,1.4085756420092657,-0.2732133959962185,-0.853702401175324,-0.016781135076949116,-0.4786946594101127,-0.12876173259260115,47.0,48.0,48.0,40.0,42.0,26.0,29.0,25.0,54.0,88.84,3975442432,1571778560,1456250880,9.74,9.56,8.48,25297891328,9442639872
2026-05-13T11:59:23.389513+02:00,0.03397562154890836,0.20457147803925668,0.09011116370153108,-3.1068844867800403,1.5279470075385302,-1.555933018351308,1.4085756420092657,-0.2732133959962185,-0.853702401175324,-0.016781135076949116,-0.4786946594101127,-0.12876173259260115,47.0,48.0,48.0,40.0,42.0,26.0,29.0,25.0,54.0,88.84,3975442432,1571778560,1456250880,9.74,9.56,8.48,25297891328,9442639872
2026-05-13T11:59:23.444522+02:00,0.03397562154890836,0.20457147803925668,0.09011116370153108,-3.1068844867800403,1.5279470075385302,-1.555933018351308,1.4085756420092657,-0.2732133959962185,-0.853702401175324,-0.016781135076949116,-0.4786946594101127,-0.12876173259260115,47.0,48.0,48.0,40.0,42.0,26.0,29.0,25.0,54.0,88.84,3975442432,1571778560,1456250880,9.74,9.56,8.48,25297891328,9442639872
2026-05-13T11:59:23.495230+02:00,0.03397562154890836,0.20457147803925668,0.09011116370153108,-3.1068844867800403,1.5279470075385302,-1.555933018351308,1.4085756420092657,-0.2732133959962185,-0.853702401175324,-0.016781135076949116,-0.4786946594101127,-0.12876173259260115,47.0,48.0,48.0,40.0,42.0,26.0,29.0,25.0,54.0,88.84,3975442432,1571778560,1456250880,9.74,9.56,8.48,25297891328,9442639872
2026-05-13T11:59:23.546257+02:00,0.034077274858934636,0.20506790305341446,0.09505057853881371,-3.0557953810952454,1.5366210259460173,-1.5034572188325857,1.4085756420092657,-0.26412372125183203,-0.853702401175324,-0.015247154289063758,-0.48483058256165545,-0.12876173259260115,47.0,48.0,48.0,40.0,42.0,26.0,29.0,25.0,54.0,88.84,3975442432,1571778560,1456250880,9.74,9.56,8.48,25297891328,9442639872
2026-05-13T11:59:23.597216+02:00,0.034077274858934636,0.20506790305341446,0.09505057853881371,-3.0557953810952454,1.5366210259460173,-1.5034572188325857,1.4085756420092657,-0.26412372125183203,-0.853702401175324,-0.015247154289063758,-0.48483058256165545,-0.12876173259260115,47.0,48.0,48.0,40.0,42.0,26.0,29.0,25.0,54.0,88.84,3975442432,1571778560,1456250880,9.74,9.56,8.48,25297891328,9442639872
2026-05-13T11:59:23.648627+02:00,0.034077274858934636,0.20506790305341446,0.09505057853881371,-3.0557953810952454,1.5366210259460173,-1.5034572188325857,1.4085756420092657,-0.26412372125183203,-0.853702401175324,-0.015247154289063758,-0.48483058256165545,-0.12876173259260115,47.0,48.0,48.0,40.0,42.0,26.0,29.0,25.0,54.0,88.84,3975442432,1571778560,1456250880,9.74,9.56,8.48,25297891328,9442639872
2026-05-13T11:59:23.701078+02:00,0.03404543289435104,0.2051390055149063,0.09597514924986345,-3.0641586039372255,1.538200193757409,-1.5132179854976278,1.4085756420092657,-0.26412372125183203,-0.852187455384593,-0.015247154289063758,-0.48483058256165545,-0.12876173259260115,47.0,48.0,48.0,40.0,42.0,26.0,29.0,25.0,54.0,88.84,3975442432,1571778560,1456250880,9.74,9.56,8.48,25297891328,9442639872
2026-05-13T11:59:23.753280+02:00,0.03404543289435104,0.2051390055149063,0.09597514924986345,-3.0641586039372255,1.538200193757409,-1.5132179854976278,1.4085756420092657,-0.26412372125183203,-0.852187455384593,-0.015247154289063758,-0.48483058256165545,-0.12876173259260115,47.0,48.0,48.0,40.0,42.0,26.0,29.0,25.0,54.0,88.84,3975442432,1571778560,1456250880,9.74,9.56,8.48,25297891328,9442639872
2026-05-13T11:59:23.808732+02:00,0.03404543289435104,0.2051390055149063,0.09597514924986345,-3.0641586039372255,1.538200193757409,-1.5132179854976278,1.4085756420092657,-0.26412372125183203,-0.852187455384593,-0.015247154289063758,-0.48483058256165545,-0.12876173259260115,47.0,48.0,48.0,40.0,42.0,26.0,29.0,25.0,54.0,88.84,3975442432,1571778560,1456250880,9.74,9.56,8.48,25297891328,9442639872
2026-05-13T11:59:23.859089+02:00,0.03404543289435104,0.2051390055149063,0.09597514924986345,-3.0641586039372255,1.538200193757409,-1.5132179854976278,1.4085756420092657,-0.26412372125183203,-0.852187455384593,-0.015247154289063758,-0.48483058256165545,-0.12876173259260115,47.0,48.0,48.0,40.0,42.0,26.0,29.0,25.0,54.0,88.84,3975442432,1571778560,1456250880,9.74,9.56,8.48,25297891328,9442639872
2026-05-13T11:59:23.910333+02:00,0.03473416255021559,0.20538779716876152,0.09605031743738683,-3.081322853028922,1.5351689848769143,-1.5334468778575006,1.3842248082854405,-0.2671536128332942,-0.8279483227328958,-0.012179192713292153,-0.5109082559557114,-0.10268405919854517,47.0,48.0,48.0,40.0,42.0,26.0,29.0,25.0,54.0,88.84,3975442432,1571778560,1456250880,9.74,9.56,8.48,25297891328,9442639872
2026-05-13T11:59:23.963518+02:00,0.03473416255021559,0.20538779716876152,0.09605031743738683,-3.081322853028922,1.5351689848769143,-1.5334468778575006,1.3842248082854405,-0.2671536128332942,-0.8279483227328958,-0.012179192713292153,-0.5109082559557114,-0.10268405919854517,47.0,48.0,48.0,40.0,42.0,26.0,29.0,25.0,54.0,95.31,3975442432,1571684352,1456295936,9.74,9.56,8.48,25297891328,9442660352
2026-05-13T11:59:24.016155+02:00,0.03473416255021559,0.20538779716876152,0.09605031743738683,-3.081322853028922,1.5351689848769143,-1.5334468778575006,1.3842248082854405,-0.2671536128332942,-0.8279483227328958,-0.012179192713292153,-0.5109082559557114,-0.10268405919854517,47.0,48.0,48.0,40.0,42.0,26.0,29.0,25.0,54.0,95.31,3975442432,1571684352,1456295936,9.74,9.56,8.48,25297891328,9442660352
2026-05-13T11:59:24.068322+02:00,0.03473416255021559,0.20538779716876152,0.09605031743738683,-3.081322853028922,1.5351689848769143,-1.5334468778575006,1.3842248082854405,-0.2671536128332942,-0.8279483227328958,-0.012179192713292153,-0.5109082559557114,-0.10268405919854517,47.0,48.0,48.0,40.0,42.0,26.0,29.0,25.0,54.0,95.31,3975442432,1571684352,1456295936,9.74,9.56,8.48,25297891328,9442660352
2026-05-13T11:59:24.123647+02:00,0.042122331137818006,0.210379345224657,0.09991699101067694,-3.0899300375599137,1.5319530325536515,-1.609155729287521,1.3370450679455304,-0.2762432875776807,-0.774925220057308,-0.006043269561749831,-0.5814713721984508,-0.04899473162254786,47.0,48.0,48.0,40.0,42.0,26.0,29.0,25.0,54.0,95.31,3975442432,1571684352,1456295936,9.74,9.56,8.48,25297891328,9442660352
2026-05-13T11:59:24.176191+02:00,0.042122331137818006,0.210379345224657,0.09991699101067694,-3.0899300375599137,1.5319530325536515,-1.609155729287521,1.3370450679455304,-0.2762432875776807,-0.774925220057308,-0.006043269561749831,-0.5814713721984508,-0.04899473162254786,47.0,48.0,48.0,40.0,42.0,26.0,29.0,25.0,54.0,95.31,3975442432,1571684352,1456295936,9.74,9.56,8.48,25297891328,9442660352
2026-05-13T11:59:24.231218+02:00,0.042122331137818006,0.210379345224657,0.09991699101067694,-3.0899300375599137,1.5319530325536515,-1.609155729287521,1.3370450679455304,-0.2762432875776807,-0.774925220057308,-0.006043269561749831,-0.5814713721984508,-0.04899473162254786,47.0,48.0,48.0,40.0,42.0,26.0,29.0,25.0,54.0,95.31,3975442432,1571684352,1456295936,9.74,9.56,8.48,25297891328,9442660352
2026-05-13T11:59:24.283569+02:00,0.042122331137818006,0.210379345224657,0.09991699101067694,-3.0899300375599137,1.5319530325536515,-1.609155729287521,1.3370450679455304,-0.2762432875776807,-0.774925220057308,-0.006043269561749831,-0.5814713721984508,-0.04899473162254786,47.0,48.0,48.0,40.0,42.0,26.0,29.0,25.0,54.0,95.31,3975442432,1571684352,1456295936,9.74,9.56,8.48,25297891328,9442660352
2026-05-13T11:59:24.337799+02:00,0.05638172891321434,0.2173684635813991,0.10662631496801597,3.126949540129856,1.5056517570697698,-1.8117769265365211,1.2594267854508385,-0.2898777996942603,-0.6916032015670988,0.006228576741335257,-0.6811801234110177,0.04151013486270516,47.0,48.0,48.0,40.0,42.0,26.0,29.0,25.0,54.0,95.31,3975442432,1571684352,1456295936,9.74,9.56,8.48,25297891328,9442660352
2026-05-13T11:59:24.389901+02:00,0.05638172891321434,0.2173684635813991,0.10662631496801597,3.126949540129856,1.5056517570697698,-1.8117769265365211,1.2594267854508385,-0.2898777996942603,-0.6916032015670988,0.006228576741335257,-0.6811801234110177,0.04151013486270516,47.0,48.0,48.0,40.0,42.0,26.0,29.0,25.0,54.0,95.31,3975442432,1571684352,1456295936,9.74,9.56,8.48,25297891328,9442660352
2026-05-13T11:59:24.444921+02:00,0.05638172891321434,0.2173684635813991,0.10662631496801597,3.126949540129856,1.5056517570697698,-1.8117769265365211,1.2594267854508385,-0.2898777996942603,-0.6916032015670988,0.006228576741335257,-0.6811801234110177,0.04151013486270516,47.0,48.0,48.0,40.0,42.0,26.0,29.0,25.0,54.0,95.31,3975442432,1571684352,1456295936,9.74,9.56,8.48,25297891328,9442660352
2026-05-13T11:59:24.495626+02:00,0.05638172891321434,0.2173684635813991,0.10662631496801597,3.126949540129856,1.5056517570697698,-1.8117769265365211,1.2594267854508385,-0.2898777996942603,-0.6916032015670988,0.006228576741335257,-0.6811801234110177,0.04151013486270516,47.0,48.0,48.0,40.0,42.0,26.0,29.0,25.0,54.0,95.31,3975442432,1571684352,1456295936,9.74,9.56,8.48,25297891328,9442660352
2026-05-13T11:59:24.548567+02:00,0.07314095080017008,0.2237442587377144,0.11473859987876209,-3.1391071458692403,1.4771869273619183,-1.9411643225869726,1.1559357421245822,-0.3065422033923022,-0.5779822672622679,0.023102365408077308,-0.8238403366843823,0.14735480922681443,47.0,48.0,48.0,40.0,42.0,26.0,29.0,25.0,54.0,95.31,3975442432,1571684352,1456295936,9.74,9.56,8.48,25297891328,9442660352
2026-05-13T11:59:24.598670+02:00,0.07314095080017008,0.2237442587377144,0.11473859987876209,-3.1391071458692403,1.4771869273619183,-1.9411643225869726,1.1559357421245822,-0.3065422033923022,-0.5779822672622679,0.023102365408077308,-0.8238403366843823,0.14735480922681443,47.0,48.0,48.0,40.0,42.0,26.0,29.0,25.0,54.0,95.31,3975442432,1571684352,1456295936,9.74,9.56,8.48,25297891328,9442660352
2026-05-13T11:59:24.653655+02:00,0.07314095080017008,0.2237442587377144,0.11473859987876209,-3.1391071458692403,1.4771869273619183,-1.9411643225869726,1.1559357421245822,-0.3065422033923022,-0.5779822672622679,0.023102365408077308,-0.8238403366843823,0.14735480922681443,47.0,48.0,48.0,40.0,42.0,26.0,29.0,25.0,54.0,95.31,3975442432,1571684352,1456295936,9.74,9.56,8.48,25297891328,9442660352
2026-05-13T11:59:24.708665+02:00,0.10611589827038108,0.22985145197307086,0.1320132664527789,-3.070198724670533,1.4228672994554616,-2.126976694876259,1.0417912090441535,-0.3247215528810752,-0.45224176663158844,0.0369081924990482,-0.9649665691698615,0.2654713298940088,47.0,48.0,48.0,40.0,42.0,26.0,29.0,25.0,54.0,95.31,3975442432,1571684352,1456295936,9.74,9.56,8.48,25297891328,9442660352
2026-05-13T11:59:24.763694+02:00,0.10611589827038108,0.22985145197307086,0.1320132664527789,-3.070198724670533,1.4228672994554616,-2.126976694876259,1.0417912090441535,-0.3247215528810752,-0.45224176663158844,0.0369081924990482,-0.9649665691698615,0.2654713298940088,47.0,48.0,48.0,40.0,42.0,26.0,29.0,25.0,54.0,95.31,3975442432,1571684352,1456295936,9.74,9.56,8.48,25297891328,9442660352
2026-05-13T11:59:24.818719+02:00,0.10611589827038108,0.22985145197307086,0.1320132664527789,-3.070198724670533,1.4228672994554616,-2.126976694876259,1.0417912090441535,-0.3247215528810752,-0.45224176663158844,0.0369081924990482,-0.9649665691698615,0.2654713298940088,47.0,48.0,48.0,40.0,42.0,26.0,29.0,25.0,54.0,95.31,3975442432,1571684352,1456295936,9.74,9.56,8.48,25297891328,9442660352
2026-05-13T11:59:24.869042+02:00,0.10611589827038108,0.22985145197307086,0.1320132664527789,-3.070198724670533,1.4228672994554616,-2.126976694876259,1.0417912090441535,-0.3247215528810752,-0.45224176663158844,0.0369081924990482,-0.9649665691698615,0.2654713298940088,47.0,48.0,48.0,40.0,42.0,26.0,29.0,25.0,54.0,95.31,3975442432,1571684352,1456295936,9.74,9.56,8.48,25297891328,9442660352
2026-05-13T11:59:24.924087+02:00,0.14382505890160327,0.23203118838018166,0.15284294505032137,-3.006131424157603,1.3996123410778814,-2.3252681192711084,0.9367782386101586,-0.3368411192069237,-0.3355909407452953,0.04764605801424793,-1.0754131858976277,0.35751017716714717,47.0,48.0,48.0,40.0,42.0,26.0,29.0,25.0,54.0,95.31,3975442432,1571684352,1456295936,9.74,9.56,8.48,25297891328,9442660352
2026-05-13T11:59:24.975176+02:00,0.14382505890160327,0.23203118838018166,0.15284294505032137,-3.006131424157603,1.3996123410778814,-2.3252681192711084,0.9367782386101586,-0.3368411192069237,-0.3355909407452953,0.04764605801424793,-1.0754131858976277,0.35751017716714717,47.0,48.0,48.0,40.0,42.0,26.0,29.0,25.0,54.0,95.31,3975442432,1571684352,1456295936,9.74,9.56,8.48,25297891328,9442660352
2026-05-13T11:59:25.025789+02:00,0.14382505890160327,0.23203118838018166,0.15284294505032137,-3.006131424157603,1.3996123410778814,-2.3252681192711084,0.9367782386101586,-0.3368411192069237,-0.3355909407452953,0.04764605801424793,-1.0754131858976277,0.35751017716714717,47.0,48.0,48.0,40.0,42.0,26.0,29.0,25.0,54.0,95.31,3975442432,1571684352,1456295936,9.74,9.56,8.48,25297891328,9442660352
2026-05-13T11:59:25.075926+02:00,0.14382505890160327,0.23203118838018166,0.15284294505032137,-3.006131424157603,1.3996123410778814,-2.3252681192711084,0.9367782386101586,-0.3368411192069237,-0.3355909407452953,0.04764605801424793,-1.0754131858976277,0.35751017716714717,47.0,48.0,48.0,40.0,42.0,26.0,29.0,25.0,54.0,95.31,3975442432,1571684352,1456295936,9.74,9.56,8.48,25297891328,9442660352
2026-05-13T11:59:25.126688+02:00,0.1674313625835797,0.22979046845155873,0.1679108552501441,-2.9907387497395823,1.390442009099347,-2.456756211584533,0.8591599561154668,-0.34441584816057913,-0.2462091390921617,0.05378198116579025,-1.1383063982009385,0.41580144710680145,47.0,48.0,48.0,40.0,42.0,26.0,29.0,25.0,54.0,95.31,3975442432,1571684352,1456295936,9.74,9.56,8.48,25297891328,9442660352
2026-05-13T11:59:25.177004+02:00,0.1674313625835797,0.22979046845155873,0.1679108552501441,-2.9907387497395823,1.390442009099347,-2.456756211584533,0.8591599561154668,-0.34441584816057913,-0.2462091390921617,0.05378198116579025,-1.1383063982009385,0.41580144710680145,47.0,48.0,48.0,40.0,42.0,26.0,29.0,25.0,54.0,91.37,3975442432,1571377152,1456521216,9.74,9.56,8.48,25297891328,9442660352
2026-05-13T11:59:25.227384+02:00,0.1674313625835797,0.22979046845155873,0.1679108552501441,-2.9907387497395823,1.390442009099347,-2.456756211584533,0.8591599561154668,-0.34441584816057913,-0.2462091390921617,0.05378198116579025,-1.1383063982009385,0.41580144710680145,47.0,48.0,48.0,40.0,42.0,26.0,29.0,25.0,54.0,91.37,3975442432,1571377152,1456521216,9.74,9.56,8.48,25297891328,9442660352
2026-05-13T11:59:25.280011+02:00,0.1674313625835797,0.22979046845155873,0.1679108552501441,-2.9907387497395823,1.390442009099347,-2.456756211584533,0.8591599561154668,-0.34441584816057913,-0.2462091390921617,0.05378198116579025,-1.1383063982009385,0.41580144710680145,47.0,48.0,48.0,40.0,42.0,26.0,29.0,25.0,54.0,91.37,3975442432,1571377152,1456521216,9.74,9.56,8.48,25297891328,9442660352
2026-05-13T11:59:25.335199+02:00,0.1961855759963562,0.22540651950399704,0.1867985050647234,-3.0266229909818847,1.4149529712972329,-2.6409900796873282,0.8211117784219906,-0.3489606855327724,-0.1977308737887673,0.05684994274156141,-1.1628500908071087,0.4342092165614293,47.0,48.0,48.0,40.0,42.0,26.0,29.0,25.0,52.0,91.37,3975442432,1571377152,1456521216,9.74,9.56,8.48,25297891328,9442660352
2026-05-13T11:59:25.388880+02:00,0.1961855759963562,0.22540651950399704,0.1867985050647234,-3.0266229909818847,1.4149529712972329,-2.6409900796873282,0.8211117784219906,-0.3489606855327724,-0.1977308737887673,0.05684994274156141,-1.1628500908071087,0.4342092165614293,47.0,48.0,48.0,40.0,42.0,26.0,29.0,25.0,52.0,91.37,3975442432,1571377152,1456521216,9.74,9.56,8.48,25297891328,9442660352
2026-05-13T11:59:25.440046+02:00,0.1961855759963562,0.22540651950399704,0.1867985050647234,-3.0266229909818847,1.4149529712972329,-2.6409900796873282,0.8211117784219906,-0.3489606855327724,-0.1977308737887673,0.05684994274156141,-1.1628500908071087,0.4342092165614293,47.0,48.0,48.0,40.0,42.0,26.0,29.0,25.0,52.0,91.37,3975442432,1571377152,1456521216,9.74,9.56,8.48,25297891328,9442660352
2026-05-13T11:59:25.494610+02:00,0.1961855759963562,0.22540651950399704,0.1867985050647234,-3.0266229909818847,1.4149529712972329,-2.6409900796873282,0.8211117784219906,-0.3489606855327724,-0.1977308737887673,0.05684994274156141,-1.1628500908071087,0.4342092165614293,47.0,48.0,48.0,40.0,42.0,26.0,29.0,25.0,52.0,91.37,3975442432,1571377152,1456521216,9.74,9.56,8.48,25297891328,9442660352
2026-05-13T11:59:25.549630+02:00,0.20274086380568707,0.22450292727607596,0.19221909707596468,-3.0473671064731334,1.4245887942620539,-2.6850882532426157,0.8226337055297295,-0.3489606855327724,-0.1977308737887673,0.05684994274156141,-1.1628500908071087,0.4342092165614293,47.0,48.0,48.0,40.0,42.0,26.0,29.0,25.0,52.0,91.37,3975442432,1571377152,1456521216,9.74,9.56,8.48,25297891328,9442660352
2026-05-13T11:59:25.600420+02:00,0.20274086380568707,0.22450292727607596,0.19221909707596468,-3.0473671064731334,1.4245887942620539,-2.6850882532426157,0.8226337055297295,-0.3489606855327724,-0.1977308737887673,0.05684994274156141,-1.1628500908071087,0.4342092165614293,47.0,48.0,48.0,40.0,42.0,26.0,29.0,25.0,52.0,91.37,3975442432,1571377152,1456521216,9.74,9.56,8.48,25297891328,9442660352
2026-05-13T11:59:25.655452+02:00,0.20274086380568707,0.22450292727607596,0.19221909707596468,-3.0473671064731334,1.4245887942620539,-2.6850882532426157,0.8226337055297295,-0.3489606855327724,-0.1977308737887673,0.05684994274156141,-1.1628500908071087,0.4342092165614293,47.0,48.0,48.0,40.0,42.0,26.0,29.0,25.0,52.0,91.37,3975442432,1571377152,1456521216,9.74,9.56,8.48,25297891328,9442660352
2026-05-13T11:59:25.709364+02:00,0.20255760004258627,0.2243054810135598,0.19189263471658483,-3.0436797925436228,1.4231732698025603,-2.681440660469878,0.8226337055297295,-0.35199057711423454,-0.20227571116096055,0.05684994274156141,-1.159782129231338,0.4342092165614293,47.0,48.0,48.0,40.0,42.0,26.0,29.0,25.0,52.0,91.37,3975442432,1571377152,1456521216,9.74,9.56,8.48,25297891328,9442660352
2026-05-13T11:59:25.760947+02:00,0.20255760004258627,0.2243054810135598,0.19189263471658483,-3.0436797925436228,1.4231732698025603,-2.681440660469878,0.8226337055297295,-0.35199057711423454,-0.20227571116096055,0.05684994274156141,-1.159782129231338,0.4342092165614293,47.0,48.0,48.0,40.0,42.0,26.0,29.0,25.0,52.0,91.37,3975442432,1571377152,1456521216,9.74,9.56,8.48,25297891328,9442660352
2026-05-13T11:59:25.815955+02:00,0.20255760004258627,0.2243054810135598,0.19189263471658483,-3.0436797925436228,1.4231732698025603,-2.681440660469878,0.8226337055297295,-0.35199057711423454,-0.20227571116096055,0.05684994274156141,-1.159782129231338,0.4342092165614293,47.0,48.0,48.0,40.0,42.0,26.0,29.0,25.0,52.0,91.37,3975442432,1571377152,1456521216,9.74,9.56,8.48,25297891328,9442660352
2026-05-13T11:59:25.865986+02:00,0.20255760004258627,0.2243054810135598,0.19189263471658483,-3.0436797925436228,1.4231732698025603,-2.681440660469878,0.8226337055297295,-0.35199057711423454,-0.20227571116096055,0.05684994274156141,-1.159782129231338,0.4342092165614293,47.0,48.0,48.0,40.0,42.0,26.0,29.0,25.0,52.0,91.37,3975442432,1571377152,1456521216,9.74,9.56,8.48,25297891328,9442660352
2026-05-13T11:59:25.921046+02:00,0.20234957410637266,0.2240653415827058,0.18953201295637548,-3.0322879012788686,1.4190092504751397,-2.670398907838339,0.8226337055297295,-0.3716848723937386,-0.21591022327754028,0.05838392352944721,-1.1214326095341964,0.4326752357735435,47.0,48.0,48.0,40.0,42.0,26.0,29.0,25.0,52.0,91.37,3975442432,1571377152,1456521216,9.74,9.56,8.48,25297891328,9442660352
2026-05-13T11:59:25.972176+02:00,0.20234957410637266,0.2240653415827058,0.18953201295637548,-3.0322879012788686,1.4190092504751397,-2.670398907838339,0.8226337055297295,-0.3716848723937386,-0.21591022327754028,0.05838392352944721,-1.1214326095341964,0.4326752357735435,47.0,48.0,48.0,40.0,42.0,26.0,29.0,25.0,52.0,91.37,3975442432,1571377152,1456521216,9.74,9.56,8.48,25297891328,9442660352
2026-05-13T11:59:26.023114+02:00,0.20234957410637266,0.2240653415827058,0.18953201295637548,-3.0322879012788686,1.4190092504751397,-2.670398907838339,0.8226337055297295,-0.3716848723937386,-0.21591022327754028,0.05838392352944721,-1.1214326095341964,0.4326752357735435,47.0,48.0,48.0,40.0,42.0,26.0,29.0,25.0,52.0,91.37,3975442432,1571377152,1456521216,9.74,9.56,8.48,25297891328,9442660352
2026-05-13T11:59:26.078330+02:00,0.20234957410637266,0.2240653415827058,0.18953201295637548,-3.0322879012788686,1.4190092504751397,-2.670398907838339,0.8226337055297295,-0.3716848723937386,-0.21591022327754028,0.05838392352944721,-1.1214326095341964,0.4326752357735435,47.0,48.0,48.0,40.0,42.0,26.0,29.0,25.0,52.0,92.86,3975442432,1570910208,1457020928,9.74,9.56,8.48,25297891328,9442680832
2026-05-13T11:59:26.129004+02:00,0.20234957410637266,0.2240653415827058,0.18953201295637548,-3.0322879012788686,1.4190092504751397,-2.670398907838339,0.8226337055297295,-0.3716848723937386,-0.21591022327754028,0.05838392352944721,-1.1214326095341964,0.4326752357735435,47.0,48.0,48.0,40.0,42.0,26.0,29.0,25.0,52.0,92.86,3975442432,1570910208,1457020928,9.74,9.56,8.48,25297891328,9442680832
2026-05-13T11:59:26.180067+02:00,0.2029676770674866,0.22471095936037144,0.17790403030023966,-3.044140690445476,1.4238507856075888,-2.6838080537717897,0.8226337055297295,-0.39895389662689784,-0.24014935592923736,0.059917904317333015,-1.0631413395945422,0.43114125498565814,47.0,48.0,48.0,40.0,42.0,26.0,29.0,25.0,52.0,92.86,3975442432,1570910208,1457020928,9.74,9.56,8.48,25297891328,9442680832
2026-05-13T11:59:26.230635+02:00,0.2029676770674866,0.22471095936037144,0.17790403030023966,-3.044140690445476,1.4238507856075888,-2.6838080537717897,0.8226337055297295,-0.39895389662689784,-0.24014935592923736,0.059917904317333015,-1.0631413395945422,0.43114125498565814,47.0,48.0,48.0,40.0,42.0,26.0,29.0,25.0,52.0,92.86,3975442432,1570910208,1457020928,9.74,9.56,8.48,25297891328,9442680832
2026-05-13T11:59:26.280875+02:00,0.2029676770674866,0.22471095936037144,0.17790403030023966,-3.044140690445476,1.4238507856075888,-2.6838080537717897,0.8226337055297295,-0.39895389662689784,-0.24014935592923736,0.059917904317333015,-1.0631413395945422,0.43114125498565814,47.0,48.0,48.0,40.0,42.0,26.0,29.0,25.0,52.0,92.86,3975442432,1570910208,1457020928,9.74,9.56,8.48,25297891328,9442680832
2026-05-13T11:59:26.333185+02:00,0.2029676770674866,0.22471095936037144,0.17790403030023966,-3.044140690445476,1.4238507856075888,-2.6838080537717897,0.8226337055297295,-0.39895389662689784,-0.24014935592923736,0.059917904317333015,-1.0631413395945422,0.43114125498565814,47.0,48.0,48.0,40.0,42.0,26.0,29.0,25.0,52.0,92.86,3975442432,1570910208,1457020928,9.74,9.56,8.48,25297891328,9442680832
2026-05-13T11:59:26.383581+02:00,0.2029251088615113,0.22473263920543785,0.1637308998178543,-3.0576603182280144,1.4270897436612928,-2.700292901817397,0.8241556326374684,-0.4337976498137127,-0.26741838016239683,0.06298586589310418,-1.0109859928064302,0.42960727419777234,47.0,48.0,48.0,40.0,42.0,26.0,29.0,25.0,52.0,92.86,3975442432,1570910208,1457020928,9.74,9.56,8.48,25297891328,9442680832
2026-05-13T11:59:26.434353+02:00,0.2029251088615113,0.22473263920543785,0.1637308998178543,-3.0576603182280144,1.4270897436612928,-2.700292901817397,0.8241556326374684,-0.4337976498137127,-0.26741838016239683,0.06298586589310418,-1.0109859928064302,0.42960727419777234,47.0,48.0,48.0,40.0,42.0,26.0,29.0,25.0,52.0,92.86,3975442432,1570910208,1457020928,9.74,9.56,8.48,25297891328,9442680832
2026-05-13T11:59:26.486028+02:00,0.2029251088615113,0.22473263920543785,0.1637308998178543,-3.0576603182280144,1.4270897436612928,-2.700292901817397,0.8241556326374684,-0.4337976498137127,-0.26741838016239683,0.06298586589310418,-1.0109859928064302,0.42960727419777234,47.0,48.0,48.0,40.0,42.0,26.0,29.0,25.0,52.0,92.86,3975442432,1570910208,1457020928,9.74,9.56,8.48,25297891328,9442680832
2026-05-13T11:59:26.538899+02:00,0.20221835624044657,0.22456770195208503,0.14928156939032916,-3.040612022888196,1.4221940875300443,-2.683722981938726,0.8241556326374684,-0.45500689088394786,-0.2780230006975144,0.06451984668098998,-0.9803063770487177,0.42807329340988653,47.0,48.0,48.0,40.0,42.0,26.0,29.0,25.0,52.0,92.86,3975442432,1570910208,1457020928,9.74,9.56,8.48,25297891328,9442680832
2026-05-13T11:59:26.590204+02:00,0.20221835624044657,0.22456770195208503,0.14928156939032916,-3.040612022888196,1.4221940875300443,-2.683722981938726,0.8241556326374684,-0.45500689088394786,-0.2780230006975144,0.06451984668098998,-0.9803063770487177,0.42807329340988653,47.0,48.0,48.0,40.0,42.0,26.0,29.0,25.0,52.0,92.86,3975442432,1570910208,1457020928,9.74,9.56,8.48,25297891328,9442680832
2026-05-13T11:59:26.645060+02:00,0.20221835624044657,0.22456770195208503,0.14928156939032916,-3.040612022888196,1.4221940875300443,-2.683722981938726,0.8241556326374684,-0.45500689088394786,-0.2780230006975144,0.06451984668098998,-0.9803063770487177,0.42807329340988653,47.0,48.0,48.0,40.0,42.0,26.0,29.0,25.0,52.0,92.86,3975442432,1570910208,1457020928,9.74,9.56,8.48,25297891328,9442680832
2026-05-13T11:59:26.696752+02:00,0.20221835624044657,0.22456770195208503,0.14928156939032916,-3.040612022888196,1.4221940875300443,-2.683722981938726,0.8241556326374684,-0.45500689088394786,-0.2780230006975144,0.06451984668098998,-0.9803063770487177,0.42807329340988653,47.0,48.0,48.0,40.0,42.0,26.0,29.0,25.0,52.0,92.86,3975442432,1570910208,1457020928,9.74,9.56,8.48,25297891328,9442680832
2026-05-13T11:59:26.749288+02:00,0.2018415865890928,0.22419858761926326,0.1419641556895616,-3.0284560815672887,1.416646927825567,-2.6737466464571766,0.8241556326374684,-0.45803678246541,-0.2795379464882455,0.06451984668098998,-0.9803063770487177,0.42807329340988653,47.0,48.0,48.0,40.0,42.0,26.0,29.0,25.0,52.0,92.86,3975442432,1570910208,1457020928,9.74,9.56,8.48,25297891328,9442680832
2026-05-13T11:59:26.799412+02:00,0.2018415865890928,0.22419858761926326,0.1419641556895616,-3.0284560815672887,1.416646927825567,-2.6737466464571766,0.8241556326374684,-0.45803678246541,-0.2795379464882455,0.06451984668098998,-0.9803063770487177,0.42807329340988653,47.0,48.0,48.0,40.0,42.0,26.0,29.0,25.0,52.0,92.86,3975442432,1570910208,1457020928,9.74,9.56,8.48,25297891328,9442680832
2026-05-13T11:59:26.850408+02:00,0.2018415865890928,0.22419858761926326,0.1419641556895616,-3.0284560815672887,1.416646927825567,-2.6737466464571766,0.8241556326374684,-0.45803678246541,-0.2795379464882455,0.06451984668098998,-0.9803063770487177,0.42807329340988653,47.0,48.0,48.0,40.0,42.0,26.0,29.0,25.0,52.0,92.86,3975442432,1570910208,1457020928,9.74,9.56,8.48,25297891328,9442680832
2026-05-13T11:59:26.905499+02:00,0.2016179046685301,0.22395685850755032,0.1416717848754268,-3.025045536175078,1.4152262446802948,-2.6703769135392674,0.8241556326374684,-0.45803678246541,-0.2795379464882455,0.06451984668098998,-0.9803063770487177,0.42807329340988653,47.0,48.0,48.0,40.0,42.0,26.0,29.0,25.0,52.0,92.86,3975442432,1570910208,1457020928,9.74,9.56,8.48,25297891328,9442680832
2026-05-13T11:59:26.960818+02:00,0.2016179046685301,0.22395685850755032,0.1416717848754268,-3.025045536175078,1.4152262446802948,-2.6703769135392674,0.8241556326374684,-0.45803678246541,-0.2795379464882455,0.06451984668098998,-0.9803063770487177,0.42807329340988653,47.0,48.0,48.0,40.0,42.0,26.0,29.0,25.0,52.0,92.86,3975442432,1570910208,1457020928,9.74,9.56,8.48,25297891328,9442680832
2026-05-13T11:59:27.015854+02:00,0.2016179046685301,0.22395685850755032,0.1416717848754268,-3.025045536175078,1.4152262446802948,-2.6703769135392674,0.8241556326374684,-0.45803678246541,-0.2795379464882455,0.06451984668098998,-0.9803063770487177,0.42807329340988653,47.0,48.0,48.0,40.0,42.0,26.0,29.0,25.0,52.0,99.25,3975442432,1572585472,1455341568,9.44,9.5,8.47,25297891328,9442689024
2026-05-13T11:59:27.070494+02:00,0.2016179046685301,0.22395685850755032,0.1416717848754268,-3.025045536175078,1.4152262446802948,-2.6703769135392674,0.8241556326374684,-0.45803678246541,-0.2795379464882455,0.06451984668098998,-0.9803063770487177,0.42807329340988653,47.0,48.0,48.0,40.0,42.0,26.0,29.0,25.0,52.0,99.25,3975442432,1572585472,1455341568,9.44,9.5,8.47,25297891328,9442689024
2026-05-13T11:59:27.120860+02:00,0.2016179046685301,0.22395685850755032,0.1416717848754268,-3.026579516962965,1.415226244680295,-2.6703769135392674,0.8241556326374684,-0.45803678246541,-0.2795379464882455,0.06451984668098998,-0.9803063770487177,0.42807329340988653,47.0,48.0,48.0,40.0,42.0,26.0,29.0,25.0,52.0,99.25,3975442432,1572585472,1455341568,9.44,9.5,8.47,25297891328,9442689024
2026-05-13T11:59:27.170917+02:00,0.2016179046685301,0.22395685850755032,0.1416717848754268,-3.026579516962965,1.415226244680295,-2.6703769135392674,0.8241556326374684,-0.45803678246541,-0.2795379464882455,0.06451984668098998,-0.9803063770487177,0.42807329340988653,47.0,48.0,48.0,40.0,42.0,26.0,29.0,25.0,52.0,99.25,3975442432,1572585472,1455341568,9.44,9.5,8.47,25297891328,9442689024
2026-05-13T11:59:27.225226+02:00,0.2016179046685301,0.22395685850755032,0.1416717848754268,-3.026579516962965,1.415226244680295,-2.6703769135392674,0.8241556326374684,-0.45803678246541,-0.2795379464882455,0.06451984668098998,-0.9803063770487177,0.42807329340988653,47.0,48.0,48.0,40.0,42.0,26.0,29.0,25.0,52.0,99.25,3975442432,1572585472,1455341568,9.44,9.5,8.47,25297891328,9442689024
2026-05-13T11:59:27.276261+02:00,0.2016179046685301,0.22395685850755032,0.1416717848754268,-3.026579516962965,1.415226244680295,-2.6703769135392674,0.8241556326374684,-0.45803678246541,-0.2795379464882455,0.06451984668098998,-0.9803063770487177,0.42807329340988653,47.0,48.0,48.0,40.0,42.0,26.0,29.0,25.0,52.0,99.25,3975442432,1572585472,1455341568,9.44,9.5,8.47,25297891328,9442689024
2026-05-13T11:59:27.331233+02:00,0.2016179046685301,0.22395685850755032,0.1416717848754268,-3.026579516962965,1.415226244680295,-2.6703769135392674,0.8241556326374684,-0.45803678246541,-0.2795379464882455,0.06451984668098998,-0.9803063770487177,0.42807329340988653,47.0,48.0,48.0,40.0,42.0,26.0,29.0,25.0,52.0,99.25,3975442432,1572585472,1455341568,9.44,9.5,8.47,25297891328,9442689024
2026-05-13T11:59:27.382133+02:00,0.2016179046685301,0.22395685850755032,0.1416717848754268,-3.026579516962965,1.415226244680295,-2.6703769135392674,0.8241556326374684,-0.45803678246541,-0.2795379464882455,0.06451984668098998,-0.9803063770487177,0.42807329340988653,47.0,48.0,48.0,40.0,42.0,26.0,29.0,25.0,52.0,99.25,3975442432,1572585472,1455341568,9.44,9.5,8.47,25297891328,9442689024
2026-05-13T11:59:27.433777+02:00,0.2016179046685301,0.22395685850755032,0.1416717848754268,-3.026579516962965,1.415226244680295,-2.6703769135392674,0.8241556326374684,-0.45803678246541,-0.2795379464882455,0.06451984668098998,-0.9803063770487177,0.42807329340988653,47.0,48.0,48.0,40.0,42.0,26.0,29.0,25.0,52.0,99.25,3975442432,1572585472,1455341568,9.44,9.5,8.47,25297891328,9442689024
2026-05-13T11:59:27.485653+02:00,0.2016179046685301,0.22395685850755032,0.1416717848754268,-3.026579516962965,1.415226244680295,-2.6703769135392674,0.8241556326374684,-0.45803678246541,-0.2795379464882455,0.06451984668098998,-0.9803063770487177,0.42807329340988653,47.0,48.0,48.0,40.0,42.0,26.0,29.0,25.0,52.0,99.25,3975442432,1572585472,1455341568,9.44,9.5,8.47,25297891328,9442689024
2026-05-13T11:59:27.540710+02:00,0.2016179046685301,0.22395685850755032,0.1416717848754268,-3.026579516962965,1.415226244680295,-2.6703769135392674,0.8241556326374684,-0.45803678246541,-0.2795379464882455,0.06451984668098998,-0.9803063770487177,0.42807329340988653,47.0,48.0,48.0,40.0,42.0,26.0,29.0,25.0,52.0,99.25,3975442432,1572585472,1455341568,9.44,9.5,8.47,25297891328,9442689024
2026-05-13T11:59:27.591040+02:00,0.2016179046685301,0.22395685850755032,0.1416717848754268,-3.026579516962965,1.415226244680295,-2.6703769135392674,0.8241556326374684,-0.45803678246541,-0.2795379464882455,0.06451984668098998,-0.9803063770487177,0.42807329340988653,47.0,48.0,48.0,40.0,42.0,26.0,29.0,25.0,52.0,99.25,3975442432,1572585472,1455341568,9.44,9.5,8.47,25297891328,9442689024
2026-05-13T11:59:27.642314+02:00,0.2016179046685301,0.22395685850755032,0.1416717848754268,-3.026579516962965,1.415226244680295,-2.6703769135392674,0.8241556326374684,-0.45803678246541,-0.2795379464882455,0.06451984668098998,-0.9803063770487177,0.42807329340988653,47.0,48.0,48.0,40.0,42.0,26.0,29.0,25.0,52.0,99.25,3975442432,1572585472,1455341568,9.44,9.5,8.47,25297891328,9442689024
2026-05-13T11:59:27.693179+02:00,0.2016179046685301,0.22395685850755032,0.1416717848754268,-3.026579516962965,1.415226244680295,-2.6703769135392674,0.8241556326374684,-0.45803678246541,-0.2795379464882455,0.06451984668098998,-0.9803063770487177,0.42807329340988653,47.0,48.0,48.0,40.0,42.0,26.0,29.0,25.0,52.0,99.25,3975442432,1572585472,1455341568,9.44,9.5,8.47,25297891328,9442689024
2026-05-13T11:59:27.748266+02:00,0.2016179046685301,0.22395685850755032,0.1416717848754268,-3.025045536175078,1.4152262446802948,-2.6703769135392674,0.8241556326374684,-0.45803678246541,-0.2795379464882455,0.06451984668098998,-0.9803063770487177,0.42807329340988653,47.0,48.0,48.0,40.0,42.0,26.0,29.0,25.0,52.0,99.25,3975442432,1572585472,1455341568,9.44,9.5,8.47,25297891328,9442689024
2026-05-13T11:59:27.800290+02:00,0.2016179046685301,0.22395685850755032,0.1416717848754268,-3.025045536175078,1.4152262446802948,-2.6703769135392674,0.8241556326374684,-0.45803678246541,-0.2795379464882455,0.06451984668098998,-0.9803063770487177,0.42807329340988653,47.0,48.0,48.0,40.0,42.0,26.0,29.0,25.0,52.0,99.25,3975442432,1572585472,1455341568,9.44,9.5,8.47,25297891328,9442689024
2026-05-13T11:59:27.854340+02:00,0.2016179046685301,0.22395685850755032,0.1416717848754268,-3.025045536175078,1.4152262446802948,-2.6703769135392674,0.8241556326374684,-0.45803678246541,-0.2795379464882455,0.06451984668098998,-0.9803063770487177,0.42807329340988653,47.0,48.0,48.0,40.0,42.0,26.0,29.0,25.0,52.0,99.25,3975442432,1572585472,1455341568,9.44,9.5,8.47,25297891328,9442689024
2026-05-13T11:59:27.909103+02:00,0.2016179046685301,0.22395685850755032,0.1416717848754268,-3.026579516962965,1.415226244680295,-2.6703769135392674,0.8241556326374684,-0.45803678246541,-0.2795379464882455,0.06451984668098998,-0.9803063770487177,0.42807329340988653,47.0,48.0,48.0,40.0,42.0,26.0,29.0,25.0,52.0,99.25,3975442432,1572585472,1455341568,9.44,9.5,8.47,25297891328,9442689024
2026-05-13T11:59:27.961951+02:00,0.2016179046685301,0.22395685850755032,0.1416717848754268,-3.026579516962965,1.415226244680295,-2.6703769135392674,0.8241556326374684,-0.45803678246541,-0.2795379464882455,0.06451984668098998,-0.9803063770487177,0.42807329340988653,47.0,48.0,48.0,40.0,42.0,26.0,29.0,25.0,52.0,99.25,3975442432,1572585472,1455341568,9.44,9.5,8.47,25297891328,9442689024
2026-05-13T11:59:28.014808+02:00,0.2016179046685301,0.22395685850755032,0.1416717848754268,-3.026579516962965,1.415226244680295,-2.6703769135392674,0.8241556326374684,-0.45803678246541,-0.2795379464882455,0.06451984668098998,-0.9803063770487177,0.42807329340988653,47.0,48.0,48.0,40.0,42.0,26.0,29.0,25.0,52.0,99.25,3975442432,1572585472,1455341568,9.44,9.5,8.47,25297891328,9442689024
2026-05-13T11:59:28.069864+02:00,0.2016179046685301,0.22395685850755032,0.1416717848754268,-3.026579516962965,1.415226244680295,-2.6703769135392674,0.8241556326374684,-0.45803678246541,-0.2795379464882455,0.06451984668098998,-0.9803063770487177,0.42807329340988653,47.0,48.0,48.0,40.0,42.0,26.0,29.0,25.0,52.0,98.47,3975442432,1605767168,1422151680,9.44,9.5,8.47,25297891328,9442689024
2026-05-13T11:59:28.120962+02:00,0.2016179046685301,0.22395685850755032,0.1416717848754268,-3.026579516962965,1.415226244680295,-2.6703769135392674,0.8241556326374684,-0.45803678246541,-0.2795379464882455,0.06451984668098998,-0.9803063770487177,0.42960727419777234,47.0,48.0,48.0,40.0,42.0,26.0,29.0,25.0,52.0,98.47,3975442432,1605767168,1422151680,9.44,9.5,8.47,25297891328,9442689024
2026-05-13T11:59:28.174582+02:00,0.2016179046685301,0.22395685850755032,0.1416717848754268,-3.026579516962965,1.415226244680295,-2.6703769135392674,0.8241556326374684,-0.45803678246541,-0.2795379464882455,0.06451984668098998,-0.9803063770487177,0.42960727419777234,47.0,48.0,48.0,40.0,42.0,26.0,29.0,25.0,52.0,98.47,3975442432,1605767168,1422151680,9.44,9.5,8.47,25297891328,9442689024
2026-05-13T11:59:28.229914+02:00,0.2016179046685301,0.22395685850755032,0.1416717848754268,-3.026579516962965,1.415226244680295,-2.6703769135392674,0.8241556326374684,-0.45803678246541,-0.2795379464882455,0.06451984668098998,-0.9803063770487177,0.42960727419777234,47.0,48.0,48.0,40.0,42.0,26.0,29.0,25.0,52.0,98.47,3975442432,1605767168,1422151680,9.44,9.5,8.47,25297891328,9442689024
2026-05-13T11:59:28.283977+02:00,0.2016179046685301,0.22395685850755032,0.1416717848754268,-3.026579516962965,1.415226244680295,-2.6703769135392674,0.8241556326374684,-0.45803678246541,-0.2795379464882455,0.06451984668098998,-0.9803063770487177,0.42960727419777234,47.0,48.0,48.0,40.0,42.0,26.0,29.0,25.0,52.0,98.47,3975442432,1605767168,1422151680,9.44,9.5,8.47,25297891328,9442689024
2026-05-13T11:59:28.333994+02:00,0.2016179046685301,0.22395685850755032,0.1416717848754268,-3.026579516962965,1.415226244680295,-2.6703769135392674,0.8241556326374684,-0.45803678246541,-0.2795379464882455,0.06451984668098998,-0.9803063770487177,0.42960727419777234,47.0,48.0,48.0,40.0,42.0,26.0,29.0,25.0,52.0,98.47,3975442432,1605767168,1422151680,9.44,9.5,8.47,25297891328,9442689024
2026-05-13T11:59:28.386067+02:00,0.2016179046685301,0.22395685850755032,0.1416717848754268,-3.026579516962965,1.415226244680295,-2.6703769135392674,0.8241556326374684,-0.45803678246541,-0.2795379464882455,0.06451984668098998,-0.9803063770487177,0.42960727419777234,47.0,48.0,48.0,40.0,42.0,26.0,29.0,25.0,52.0,98.47,3975442432,1605767168,1422151680,9.44,9.5,8.47,25297891328,9442689024
2026-05-13T11:59:28.436950+02:00,0.2016179046685301,0.22395685850755032,0.1416717848754268,-3.026579516962965,1.415226244680295,-2.6703769135392674,0.8241556326374684,-0.45803678246541,-0.2795379464882455,0.06451984668098998,-0.9803063770487177,0.42960727419777234,47.0,48.0,48.0,40.0,42.0,26.0,29.0,25.0,52.0,98.47,3975442432,1605767168,1422151680,9.44,9.5,8.47,25297891328,9442689024
2026-05-13T11:59:28.488122+02:00,0.2016179046685301,0.22395685850755032,0.1416717848754268,-3.026579516962965,1.415226244680295,-2.6703769135392674,0.8241556326374684,-0.45803678246541,-0.2795379464882455,0.06451984668098998,-0.9803063770487177,0.42960727419777234,47.0,48.0,48.0,40.0,42.0,26.0,29.0,25.0,52.0,98.47,3975442432,1605767168,1422151680,9.44,9.5,8.47,25297891328,9442689024
2026-05-13T11:59:28.542062+02:00,0.2016179046685301,0.22395685850755032,0.1416717848754268,-3.025045536175078,1.4152262446802948,-2.6703769135392674,0.8241556326374684,-0.45803678246541,-0.2795379464882455,0.06451984668098998,-0.9803063770487177,0.42807329340988653,47.0,48.0,48.0,40.0,42.0,26.0,29.0,25.0,52.0,98.47,3975442432,1605767168,1422151680,9.44,9.5,8.47,25297891328,9442689024
2026-05-13T11:59:28.592820+02:00,0.2016179046685301,0.22395685850755032,0.1416717848754268,-3.025045536175078,1.4152262446802948,-2.6703769135392674,0.8241556326374684,-0.45803678246541,-0.2795379464882455,0.06451984668098998,-0.9803063770487177,0.42807329340988653,47.0,48.0,48.0,40.0,42.0,26.0,29.0,25.0,52.0,98.47,3975442432,1605767168,1422151680,9.44,9.5,8.47,25297891328,9442689024
2026-05-13T11:59:28.643891+02:00,0.2016179046685301,0.22395685850755032,0.1416717848754268,-3.025045536175078,1.4152262446802948,-2.6703769135392674,0.8241556326374684,-0.45803678246541,-0.2795379464882455,0.06451984668098998,-0.9803063770487177,0.42807329340988653,47.0,48.0,48.0,40.0,42.0,26.0,29.0,25.0,52.0,98.47,3975442432,1605767168,1422151680,9.44,9.5,8.47,25297891328,9442689024
2026-05-13T11:59:28.695287+02:00,0.2016179046685301,0.22395685850755032,0.1416717848754268,-3.025045536175078,1.4152262446802948,-2.6703769135392674,0.8241556326374684,-0.45803678246541,-0.2795379464882455,0.06451984668098998,-0.9803063770487177,0.42807329340988653,47.0,48.0,48.0,40.0,42.0,26.0,29.0,25.0,52.0,98.47,3975442432,1605767168,1422151680,9.44,9.5,8.47,25297891328,9442689024
2026-05-13T11:59:28.747724+02:00,0.2016179046685301,0.22395685850755032,0.1416717848754268,-3.026579516962965,1.415226244680295,-2.6703769135392674,0.8241556326374684,-0.4534919450932168,-0.2765080549067833,0.06451984668098998,-0.9803063770487177,0.42807329340988653,47.0,48.0,48.0,40.0,42.0,26.0,29.0,25.0,52.0,98.47,3975442432,1605767168,1422151680,9.44,9.5,8.47,25297891328,9442689024
2026-05-13T11:59:28.798344+02:00,0.2016179046685301,0.22395685850755032,0.1416717848754268,-3.026579516962965,1.415226244680295,-2.6703769135392674,0.8241556326374684,-0.4534919450932168,-0.2765080549067833,0.06451984668098998,-0.9803063770487177,0.42807329340988653,47.0,48.0,48.0,40.0,42.0,26.0,29.0,25.0,52.0,98.47,3975442432,1605767168,1422151680,9.44,9.5,8.47,25297891328,9442689024
2026-05-13T11:59:28.849043+02:00,0.2016179046685301,0.22395685850755032,0.1416717848754268,-3.026579516962965,1.415226244680295,-2.6703769135392674,0.8241556326374684,-0.4534919450932168,-0.2765080549067833,0.06451984668098998,-0.9803063770487177,0.42807329340988653,47.0,48.0,48.0,40.0,42.0,26.0,29.0,25.0,52.0,98.47,3975442432,1605767168,1422151680,9.44,9.5,8.47,25297891328,9442689024
2026-05-13T11:59:28.899677+02:00,0.2016179046685301,0.22395685850755032,0.1416717848754268,-3.026579516962965,1.415226244680295,-2.6703769135392674,0.8241556326374684,-0.4534919450932168,-0.2765080549067833,0.06451984668098998,-0.9803063770487177,0.42807329340988653,47.0,48.0,48.0,40.0,42.0,26.0,29.0,25.0,52.0,98.47,3975442432,1605767168,1422151680,9.44,9.5,8.47,25297891328,9442689024
2026-05-13T11:59:28.953806+02:00,0.20239148218857034,0.22483199418109107,0.1454507876952323,-3.0446175322612694,1.4221182428642223,-2.6893545064029,0.8241556326374684,-0.43834248718590596,-0.26438848858093467,0.06298586589310418,-1.012519973594316,0.42807329340988653,47.0,48.0,48.0,40.0,42.0,26.0,29.0,25.0,52.0,98.47,3975442432,1605767168,1422151680,9.44,9.5,8.47,25297891328,9442689024
2026-05-13T11:59:29.009523+02:00,0.20239148218857034,0.22483199418109107,0.1454507876952323,-3.0446175322612694,1.4221182428642223,-2.6893545064029,0.8241556326374684,-0.43834248718590596,-0.26438848858093467,0.06298586589310418,-1.012519973594316,0.42807329340988653,47.0,48.0,48.0,40.0,42.0,26.0,29.0,25.0,52.0,98.53,3975442432,1611599872,1416241152,9.44,9.5,8.47,25297891328,9442705408
2026-05-13T11:59:29.059930+02:00,0.20239148218857034,0.22483199418109107,0.1454507876952323,-3.0446175322612694,1.4221182428642223,-2.6893545064029,0.8241556326374684,-0.43834248718590596,-0.26438848858093467,0.06298586589310418,-1.012519973594316,0.42807329340988653,47.0,48.0,48.0,40.0,42.0,26.0,29.0,25.0,52.0,98.53,3975442432,1611599872,1416241152,9.44,9.5,8.47,25297891328,9442705408
2026-05-13T11:59:29.110426+02:00,0.20239148218857034,0.22483199418109107,0.1454507876952323,-3.0446175322612694,1.4221182428642223,-2.6893545064029,0.8241556326374684,-0.43834248718590596,-0.26438848858093467,0.06298586589310418,-1.012519973594316,0.42807329340988653,47.0,48.0,48.0,40.0,42.0,26.0,29.0,25.0,52.0,98.53,3975442432,1611599872,1416241152,9.44,9.5,8.47,25297891328,9442705408
2026-05-13T11:59:29.164486+02:00,0.20271781168618128,0.22519619743532562,0.15372334016647787,-3.0448418449825434,1.421746627286469,-2.68701964227557,0.8241556326374684,-0.41410335453420866,-0.24317924751069953,0.06145188510521837,-1.0585393972308856,0.42960727419777234,47.0,48.0,48.0,40.0,42.0,26.0,29.0,25.0,52.0,98.53,3975442432,1611599872,1416241152,9.44,9.5,8.47,25297891328,9442705408
2026-05-13T11:59:29.216329+02:00,0.20271781168618128,0.22519619743532562,0.15372334016647787,-3.0448418449825434,1.421746627286469,-2.68701964227557,0.8241556326374684,-0.41410335453420866,-0.24317924751069953,0.06145188510521837,-1.0585393972308856,0.42960727419777234,47.0,48.0,48.0,40.0,42.0,26.0,29.0,25.0,52.0,98.53,3975442432,1611599872,1416241152,9.44,9.5,8.47,25297891328,9442705408
2026-05-13T11:59:29.266950+02:00,0.20271781168618128,0.22519619743532562,0.15372334016647787,-3.0448418449825434,1.421746627286469,-2.68701964227557,0.8241556326374684,-0.41410335453420866,-0.24317924751069953,0.06145188510521837,-1.0585393972308856,0.42960727419777234,47.0,48.0,48.0,40.0,42.0,26.0,29.0,25.0,52.0,98.53,3975442432,1611599872,1416241152,9.44,9.5,8.47,25297891328,9442705408
2026-05-13T11:59:29.320039+02:00,0.20311558305233723,0.2256846819869077,0.16547697691314106,-3.047232253925776,1.4210921170177304,-2.6861872420301265,0.8226337055297295,-0.37622970976593173,-0.2143952774868092,0.05838392352944721,-1.1260345518978538,0.4342092165614293,47.0,48.0,48.0,40.0,42.0,26.0,29.0,25.0,52.0,98.53,3975442432,1611599872,1416241152,9.44,9.5,8.47,25297891328,9442705408
2026-05-13T11:59:29.375019+02:00,0.20311558305233723,0.2256846819869077,0.16547697691314106,-3.047232253925776,1.4210921170177304,-2.6861872420301265,0.8226337055297295,-0.37622970976593173,-0.2143952774868092,0.05838392352944721,-1.1260345518978538,0.4342092165614293,47.0,48.0,48.0,40.0,42.0,26.0,29.0,25.0,52.0,98.53,3975442432,1611599872,1416241152,9.44,9.5,8.47,25297891328,9442705408
2026-05-13T11:59:29.428052+02:00,0.20311558305233723,0.2256846819869077,0.16547697691314106,-3.047232253925776,1.4210921170177304,-2.6861872420301265,0.8226337055297295,-0.37622970976593173,-0.2143952774868092,0.05838392352944721,-1.1260345518978538,0.4342092165614293,47.0,48.0,48.0,40.0,42.0,26.0,29.0,25.0,52.0,98.53,3975442432,1611599872,1416241152,9.44,9.5,8.47,25297891328,9442705408
2026-05-13T11:59:29.480170+02:00,0.20311558305233723,0.2256846819869077,0.16547697691314106,-3.047232253925776,1.4210921170177304,-2.6861872420301265,0.8226337055297295,-0.37622970976593173,-0.2143952774868092,0.05838392352944721,-1.1260345518978538,0.4342092165614293,47.0,48.0,48.0,40.0,42.0,26.0,29.0,25.0,52.0,98.53,3975442432,1611599872,1416241152,9.44,9.5,8.47,25297891328,9442705408
2026-05-13T11:59:29.531881+02:00,0.20315129105759352,0.22500240481606196,0.18405664512953987,-3.0454841174432516,1.423321035131878,-2.686979820516015,0.8226337055297295,-0.3535055229049656,-0.20076076537022947,0.05838392352944721,-1.1567141676555663,0.4357431973493151,47.0,48.0,48.0,40.0,42.0,26.0,29.0,25.0,52.0,98.53,3975442432,1611599872,1416241152,9.44,9.5,8.47,25297891328,9442705408
2026-05-13T11:59:29.586842+02:00,0.20315129105759352,0.22500240481606196,0.18405664512953987,-3.0454841174432516,1.423321035131878,-2.686979820516015,0.8226337055297295,-0.3535055229049656,-0.20076076537022947,0.05838392352944721,-1.1567141676555663,0.4357431973493151,47.0,48.0,48.0,40.0,42.0,26.0,29.0,25.0,52.0,98.53,3975442432,1611599872,1416241152,9.44,9.5,8.47,25297891328,9442705408
2026-05-13T11:59:29.637492+02:00,0.20315129105759352,0.22500240481606196,0.18405664512953987,-3.0454841174432516,1.423321035131878,-2.686979820516015,0.8226337055297295,-0.3535055229049656,-0.20076076537022947,0.05838392352944721,-1.1567141676555663,0.4357431973493151,47.0,48.0,48.0,40.0,42.0,26.0,29.0,25.0,52.0,98.53,3975442432,1611599872,1416241152,9.44,9.5,8.47,25297891328,9442705408
2026-05-13T11:59:29.687893+02:00,0.20315129105759352,0.22500240481606196,0.18405664512953987,-3.0454841174432516,1.423321035131878,-2.686979820516015,0.8226337055297295,-0.3535055229049656,-0.20076076537022947,0.05838392352944721,-1.1567141676555663,0.4357431973493151,47.0,48.0,48.0,40.0,42.0,26.0,29.0,25.0,52.0,98.53,3975442432,1611599872,1416241152,9.44,9.5,8.47,25297891328,9442705408
2026-05-13T11:59:29.742930+02:00,0.20250050549666465,0.22439668237932486,0.19110685327121107,-3.049939931185668,1.422767544449054,-2.6900999997402155,0.8226337055297295,-0.3474457397420413,-0.19924581957949838,0.05838392352944721,-1.1613161100192229,0.4357431973493151,47.0,48.0,48.0,40.0,42.0,26.0,29.0,25.0,52.0,98.53,3975442432,1611599872,1416241152,9.44,9.5,8.47,25297891328,9442705408
2026-05-13T11:59:29.793996+02:00,0.20250050549666465,0.22439668237932486,0.19110685327121107,-3.049939931185668,1.422767544449054,-2.6900999997402155,0.8226337055297295,-0.3474457397420413,-0.19924581957949838,0.05838392352944721,-1.1613161100192229,0.4357431973493151,47.0,48.0,48.0,40.0,42.0,26.0,29.0,25.0,52.0,98.53,3975442432,1611599872,1416241152,9.44,9.5,8.47,25297891328,9442705408
2026-05-13T11:59:29.844404+02:00,0.20250050549666465,0.22439668237932486,0.19110685327121107,-3.049939931185668,1.422767544449054,-2.6900999997402155,0.8226337055297295,-0.3474457397420413,-0.19924581957949838,0.05838392352944721,-1.1613161100192229,0.4357431973493151,47.0,48.0,48.0,40.0,42.0,26.0,29.0,25.0,52.0,98.53,3975442432,1611599872,1416241152,9.44,9.5,8.47,25297891328,9442705408
2026-05-13T11:59:29.897336+02:00,0.20250050549666465,0.22439668237932486,0.19110685327121107,-3.049939931185668,1.422767544449054,-2.6900999997402155,0.8226337055297295,-0.3474457397420413,-0.19924581957949838,0.05838392352944721,-1.1613161100192229,0.4357431973493151,47.0,48.0,48.0,40.0,42.0,26.0,29.0,25.0,52.0,98.53,3975442432,1611599872,1416241152,9.44,9.5,8.47,25297891328,9442705408
2026-05-13T11:59:29.949251+02:00,0.20235840466810037,0.22424906670096406,0.19202585483639065,-3.0539563772283067,1.4241459788156707,-2.6939965368745953,0.8287214139606855,-0.3459307939513102,-0.19924581957949838,0.05838392352944721,-1.1613161100192229,0.4357431973493151,47.0,48.0,48.0,40.0,42.0,26.0,29.0,25.0,52.0,98.53,3975442432,1611599872,1416241152,9.44,9.5,8.47,25297891328,9442705408
2026-05-13T11:59:30.004321+02:00,0.20235840466810037,0.22424906670096406,0.19202585483639065,-3.0539563772283067,1.4241459788156707,-2.6939965368745953,0.8287214139606855,-0.3459307939513102,-0.19924581957949838,0.05838392352944721,-1.1613161100192229,0.4357431973493151,47.0,48.0,48.0,40.0,42.0,26.0,29.0,25.0,52.0,98.53,3975442432,1611599872,1416241152,9.44,9.5,8.47,25297891328,9442705408
2026-05-13T11:59:30.055365+02:00,0.20235840466810037,0.22424906670096406,0.19202585483639065,-3.0539563772283067,1.4241459788156707,-2.6939965368745953,0.8287214139606855,-0.3459307939513102,-0.19924581957949838,0.05838392352944721,-1.1613161100192229,0.4357431973493151,47.0,48.0,48.0,40.0,42.0,26.0,29.0,25.0,52.0,93.23,3975442432,1610391552,1417347072,9.44,9.5,8.47,25297891328,9442725888
2026-05-13T11:59:30.110289+02:00,0.20041116320971936,0.22552541029487624,0.19261376633114763,-3.0577906262987935,1.4255545740262112,-2.6901803886463145,0.8545941747922496,-0.3292663902532683,-0.2068205485331538,0.06758780825676114,-1.1567141676555663,0.4357431973493151,47.0,48.0,48.0,40.0,42.0,26.0,29.0,25.0,52.0,93.23,3975442432,1610391552,1417347072,9.44,9.5,8.47,25297891328,9442725888
2026-05-13T11:59:30.165337+02:00,0.20041116320971936,0.22552541029487624,0.19261376633114763,-3.0577906262987935,1.4255545740262112,-2.6901803886463145,0.8545941747922496,-0.3292663902532683,-0.2068205485331538,0.06758780825676114,-1.1567141676555663,0.4357431973493151,47.0,48.0,48.0,40.0,42.0,26.0,29.0,25.0,52.0,93.23,3975442432,1610391552,1417347072,9.44,9.5,8.47,25297891328,9442725888
2026-05-13T11:59:30.218739+02:00,0.20041116320971936,0.22552541029487624,0.19261376633114763,-3.0577906262987935,1.4255545740262112,-2.6901803886463145,0.8545941747922496,-0.3292663902532683,-0.2068205485331538,0.06758780825676114,-1.1567141676555663,0.4357431973493151,47.0,48.0,48.0,40.0,42.0,26.0,29.0,25.0,52.0,93.23,3975442432,1610391552,1417347072,9.44,9.5,8.47,25297891328,9442725888
2026-05-13T11:59:30.273945+02:00,0.20041116320971936,0.22552541029487624,0.19261376633114763,-3.0577906262987935,1.4255545740262112,-2.6901803886463145,0.8545941747922496,-0.3292663902532683,-0.2068205485331538,0.06758780825676114,-1.1567141676555663,0.4357431973493151,47.0,48.0,48.0,40.0,42.0,26.0,29.0,25.0,52.0,93.23,3975442432,1610391552,1417347072,9.44,9.5,8.47,25297891328,9442725888
2026-05-13T11:59:30.325667+02:00,0.20041116320971936,0.22552541029487624,0.19261376633114763,-3.0577906262987935,1.4255545740262112,-2.6901803886463145,0.8545941747922496,-0.3292663902532683,-0.2068205485331538,0.06758780825676114,-1.1567141676555663,0.4357431973493151,47.0,48.0,48.0,40.0,42.0,26.0,29.0,25.0,52.0,93.23,3975442432,1610391552,1417347072,9.44,9.5,8.47,25297891328,9442725888
2026-05-13T11:59:30.377396+02:00,0.19274884493339198,0.23030069958041477,0.19601618092989515,3.1346990771739454,1.4348214280838103,-2.757573913155774,0.8987300609166824,-0.3050272576015711,-0.21742516906827136,0.07832567377196042,-1.1475102829282524,0.4357431973493151,47.0,48.0,48.0,40.0,42.0,26.0,29.0,25.0,52.0,93.23,3975442432,1610391552,1417347072,9.44,9.5,8.47,25297891328,9442725888
2026-05-13T11:59:30.428866+02:00,0.19274884493339198,0.23030069958041477,0.19601618092989515,3.1346990771739454,1.4348214280838103,-2.757573913155774,0.8987300609166824,-0.3050272576015711,-0.21742516906827136,0.07832567377196042,-1.1475102829282524,0.4357431973493151,47.0,48.0,48.0,40.0,42.0,26.0,29.0,25.0,52.0,93.23,3975442432,1610391552,1417347072,9.44,9.5,8.47,25297891328,9442725888
2026-05-13T11:59:30.484235+02:00,0.19274884493339198,0.23030069958041477,0.19601618092989515,3.1346990771739454,1.4348214280838103,-2.757573913155774,0.8987300609166824,-0.3050272576015711,-0.21742516906827136,0.07832567377196042,-1.1475102829282524,0.4357431973493151,47.0,48.0,48.0,40.0,42.0,26.0,29.0,25.0,52.0,93.23,3975442432,1610391552,1417347072,9.44,9.5,8.47,25297891328,9442725888
2026-05-13T11:59:30.535947+02:00,0.17658736241592066,0.2398860615588542,0.20262283683617183,2.9077606125178512,1.450267158848263,-2.9348088381666853,0.9474317283643319,-0.27775823336841166,-0.22954473539412001,0.09826742401447408,-1.1398403789888243,0.4357431973493151,47.0,48.0,48.0,40.0,42.0,26.0,29.0,25.0,52.0,93.23,3975442432,1610391552,1417347072,9.44,9.5,8.47,25297891328,9442725888
2026-05-13T11:59:30.590960+02:00,0.17658736241592066,0.2398860615588542,0.20262283683617183,2.9077606125178512,1.450267158848263,-2.9348088381666853,0.9474317283643319,-0.27775823336841166,-0.22954473539412001,0.09826742401447408,-1.1398403789888243,0.4357431973493151,47.0,48.0,48.0,40.0,42.0,26.0,29.0,25.0,52.0,93.23,3975442432,1610391552,1417347072,9.44,9.5,8.47,25297891328,9442725888
2026-05-13T11:59:30.645370+02:00,0.17658736241592066,0.2398860615588542,0.20262283683617183,2.9077606125178512,1.450267158848263,-2.9348088381666853,0.9474317283643319,-0.27775823336841166,-0.22954473539412001,0.09826742401447408,-1.1398403789888243,0.4357431973493151,47.0,48.0,48.0,40.0,42.0,26.0,29.0,25.0,52.0,93.23,3975442432,1610391552,1417347072,9.44,9.5,8.47,25297891328,9442725888
2026-05-13T11:59:30.695841+02:00,0.17658736241592066,0.2398860615588542,0.20262283683617183,2.9077606125178512,1.450267158848263,-2.9348088381666853,0.9474317283643319,-0.27775823336841166,-0.22954473539412001,0.09826742401447408,-1.1398403789888243,0.4357431973493151,47.0,48.0,48.0,40.0,42.0,26.0,29.0,25.0,52.0,93.23,3975442432,1610391552,1417347072,9.44,9.5,8.47,25297891328,9442725888
2026-05-13T11:59:30.750852+02:00,0.16730208573542535,0.2447417990612429,0.20641732426062487,2.7448452165015507,1.4545910786066303,-3.071140104204028,1.0189623024280676,-0.23533975122794148,-0.24923903067362385,0.12894703977218658,-1.1198986287463106,0.4357431973493151,47.0,48.0,48.0,40.0,42.0,26.0,29.0,25.0,52.0,93.23,3975442432,1610391552,1417347072,9.44,9.5,8.47,25297891328,9442725888
2026-05-13T11:59:30.800909+02:00,0.16730208573542535,0.2447417990612429,0.20641732426062487,2.7448452165015507,1.4545910786066303,-3.071140104204028,1.0189623024280676,-0.23533975122794148,-0.24923903067362385,0.12894703977218658,-1.1198986287463106,0.4357431973493151,47.0,48.0,48.0,40.0,42.0,26.0,29.0,25.0,52.0,93.23,3975442432,1610391552,1417347072,9.44,9.5,8.47,25297891328,9442725888
2026-05-13T11:59:30.856125+02:00,0.16730208573542535,0.2447417990612429,0.20641732426062487,2.7448452165015507,1.4545910786066303,-3.071140104204028,1.0189623024280676,-0.23533975122794148,-0.24923903067362385,0.12894703977218658,-1.1198986287463106,0.4357431973493151,47.0,48.0,48.0,40.0,42.0,26.0,29.0,25.0,52.0,93.23,3975442432,1610391552,1417347072,9.44,9.5,8.47,25297891328,9442725888
2026-05-13T11:59:30.910156+02:00,0.16730208573542535,0.2447417990612429,0.20641732426062487,2.7448452165015507,1.4545910786066303,-3.071140104204028,1.0189623024280676,-0.23533975122794148,-0.24923903067362385,0.12894703977218658,-1.1198986287463106,0.4357431973493151,47.0,48.0,48.0,40.0,42.0,26.0,29.0,25.0,52.0,93.23,3975442432,1610391552,1417347072,9.44,9.5,8.47,25297891328,9442725888
2026-05-13T11:59:30.962497+02:00,0.1382376275367747,0.2566928897141521,0.21781762752959355,2.22871213947913,1.4505278314544485,2.7786555432425355,1.116365637323367,-0.1792867569708917,-0.26438848858093467,0.14428684765104327,-1.1122287248068825,0.4357431973493151,47.0,48.0,48.0,40.0,42.0,26.0,29.0,25.0,52.0,93.23,3975442432,1610391552,1417347072,9.44,9.5,8.47,25297891328,9442725888
2026-05-13T11:59:31.013533+02:00,0.1382376275367747,0.2566928897141521,0.21781762752959355,2.22871213947913,1.4505278314544485,2.7786555432425355,1.116365637323367,-0.1792867569708917,-0.26438848858093467,0.14428684765104327,-1.1122287248068825,0.4357431973493151,47.0,48.0,48.0,40.0,42.0,26.0,29.0,25.0,52.0,93.23,3975442432,1610391552,1417347072,9.44,9.5,8.47,25297891328,9442725888
2026-05-13T11:59:31.064853+02:00,0.1382376275367747,0.2566928897141521,0.21781762752959355,2.22871213947913,1.4505278314544485,2.7786555432425355,1.116365637323367,-0.1792867569708917,-0.26438848858093467,0.14428684765104327,-1.1122287248068825,0.4357431973493151,47.0,48.0,48.0,40.0,42.0,26.0,29.0,25.0,52.0,93.23,3975442432,1610391552,1417347072,9.44,9.5,8.47,25297891328,9442725888
2026-05-13T11:59:31.115827+02:00,0.11016208259058512,0.2652380735185801,0.23051174171818803,1.8623410038462886,1.434412457154656,2.5029107171139873,1.1772427216329295,-0.1459579495748079,-0.2719632175345901,0.1534907323783572,-1.1060928016553402,0.4357431973493151,47.0,48.0,48.0,40.0,42.0,26.0,29.0,25.0,52.0,90.44,3975442432,1573441536,1454280704,9.44,9.5,8.47,25297891328,9442725888
2026-05-13T11:59:31.165854+02:00,0.11016208259058512,0.2652380735185801,0.23051174171818803,1.8623410038462886,1.434412457154656,2.5029107171139873,1.1772427216329295,-0.1459579495748079,-0.2719632175345901,0.1534907323783572,-1.1060928016553402,0.4357431973493151,47.0,48.0,48.0,40.0,42.0,26.0,29.0,25.0,52.0,90.44,3975442432,1573441536,1454280704,9.44,9.5,8.47,25297891328,9442725888
2026-05-13T11:59:31.221233+02:00,0.11016208259058512,0.2652380735185801,0.23051174171818803,1.8623410038462886,1.434412457154656,2.5029107171139873,1.1772427216329295,-0.1459579495748079,-0.2719632175345901,0.1534907323783572,-1.1060928016553402,0.4357431973493151,47.0,48.0,48.0,40.0,42.0,26.0,29.0,25.0,52.0,90.44,3975442432,1573441536,1454280704,9.44,9.5,8.47,25297891328,9442725888
2026-05-13T11:59:31.272070+02:00,0.11016208259058512,0.2652380735185801,0.23051174171818803,1.8623410038462886,1.434412457154656,2.5029107171139873,1.1772427216329295,-0.1459579495748079,-0.2719632175345901,0.1534907323783572,-1.1060928016553402,0.4357431973493151,47.0,48.0,48.0,40.0,42.0,26.0,29.0,25.0,52.0,90.44,3975442432,1573441536,1454280704,9.44,9.5,8.47,25297891328,9442725888
2026-05-13T11:59:31.325392+02:00,0.09855214399523629,0.2678946343070312,0.23648820236604146,1.699048850761269,1.4219889643008556,2.377460594607696,1.1818085029561467,-0.14141311220261465,-0.2719632175345901,0.15502471316624256,-1.1060928016553402,0.4357431973493151,47.0,48.0,48.0,40.0,42.0,26.0,29.0,25.0,52.0,90.44,3975442432,1573441536,1454280704,9.44,9.5,8.47,25297891328,9442725888
2026-05-13T11:59:31.376224+02:00,0.09855214399523629,0.2678946343070312,0.23648820236604146,1.699048850761269,1.4219889643008556,2.377460594607696,1.1818085029561467,-0.14141311220261465,-0.2719632175345901,0.15502471316624256,-1.1060928016553402,0.4357431973493151,47.0,48.0,48.0,40.0,42.0,26.0,29.0,25.0,52.0,90.44,3975442432,1573441536,1454280704,9.44,9.5,8.47,25297891328,9442725888
2026-05-13T11:59:31.431247+02:00,0.09855214399523629,0.2678946343070312,0.23648820236604146,1.699048850761269,1.4219889643008556,2.377460594607696,1.1818085029561467,-0.14141311220261465,-0.2719632175345901,0.15502471316624256,-1.1060928016553402,0.4357431973493151,47.0,48.0,48.0,40.0,42.0,26.0,29.0,25.0,52.0,90.44,3975442432,1573441536,1454280704,9.44,9.5,8.47,25297891328,9442725888
2026-05-13T11:59:31.483471+02:00,0.09855214399523629,0.2678946343070312,0.23648820236604146,1.699048850761269,1.4219889643008556,2.377460594607696,1.1818085029561467,-0.14141311220261465,-0.2719632175345901,0.15502471316624256,-1.1060928016553402,0.4357431973493151,47.0,48.0,48.0,40.0,42.0,26.0,29.0,25.0,52.0,90.44,3975442432,1573441536,1454280704,9.44,9.5,8.47,25297891328,9442725888
2026-05-13T11:59:31.533904+02:00,0.09810386341628895,0.26794562266903693,0.2369202464115803,1.6895707769260377,1.4214294138056096,2.3696095854576655,1.1818085029561467,-0.14141311220261465,-0.2719632175345901,0.15502471316624256,-1.1060928016553402,0.4357431973493151,47.0,48.0,48.0,40.0,42.0,26.0,29.0,25.0,52.0,90.44,3975442432,1573441536,1454280704,9.44,9.5,8.47,25297891328,9442725888
2026-05-13T11:59:31.585823+02:00,0.09810386341628895,0.26794562266903693,0.2369202464115803,1.6895707769260377,1.4214294138056096,2.3696095854576655,1.1818085029561467,-0.14141311220261465,-0.2719632175345901,0.15502471316624256,-1.1060928016553402,0.4357431973493151,47.0,48.0,48.0,40.0,42.0,26.0,29.0,25.0,52.0,90.44,3975442432,1573441536,1454280704,9.44,9.5,8.47,25297891328,9442725888
2026-05-13T11:59:31.640401+02:00,0.09810386341628895,0.26794562266903693,0.2369202464115803,1.6895707769260377,1.4214294138056096,2.3696095854576655,1.1818085029561467,-0.14141311220261465,-0.2719632175345901,0.15502471316624256,-1.1060928016553402,0.4357431973493151,47.0,48.0,48.0,40.0,42.0,26.0,29.0,25.0,52.0,90.44,3975442432,1573441536,1454280704,9.44,9.5,8.47,25297891328,9442725888
2026-05-13T11:59:31.692102+02:00,0.09810386341628895,0.26794562266903693,0.2369202464115803,1.6895707769260377,1.4214294138056096,2.3696095854576655,1.1818085029561467,-0.14141311220261465,-0.2719632175345901,0.15502471316624256,-1.1060928016553402,0.4357431973493151,47.0,48.0,48.0,40.0,42.0,26.0,29.0,25.0,52.0,90.44,3975442432,1573441536,1454280704,9.44,9.5,8.47,25297891328,9442725888
2026-05-13T11:59:31.743031+02:00,0.09810386341628895,0.26794562266903693,0.2369202464115803,1.6895707769260377,1.4214294138056096,2.3696095854576655,1.1818085029561467,-0.14141311220261465,-0.2719632175345901,0.15502471316624256,-1.1060928016553402,0.4357431973493151,47.0,48.0,48.0,40.0,42.0,26.0,29.0,25.0,52.0,90.44,3975442432,1573441536,1454280704,9.44,9.5,8.47,25297891328,9442725888
2026-05-13T11:59:31.796953+02:00,0.09810386341628895,0.26794562266903693,0.2369202464115803,1.6895707769260377,1.4214294138056096,2.3696095854576655,1.1818085029561467,-0.14141311220261465,-0.2719632175345901,0.15502471316624256,-1.1060928016553402,0.4357431973493151,47.0,48.0,48.0,40.0,42.0,26.0,29.0,25.0,52.0,90.44,3975442432,1573441536,1454280704,9.44,9.5,8.47,25297891328,9442725888
2026-05-13T11:59:31.847140+02:00,0.09810386341628895,0.26794562266903693,0.2369202464115803,1.6895707769260377,1.4214294138056096,2.3696095854576655,1.1818085029561467,-0.14141311220261465,-0.2719632175345901,0.15502471316624256,-1.1060928016553402,0.4357431973493151,47.0,48.0,48.0,40.0,42.0,26.0,29.0,25.0,52.0,90.44,3975442432,1573441536,1454280704,9.44,9.5,8.47,25297891328,9442725888
2026-05-13T11:59:31.902144+02:00,0.09810386341628895,0.26794562266903693,0.2369202464115803,1.6895707769260377,1.4214294138056096,2.3696095854576655,1.1818085029561467,-0.14141311220261465,-0.2719632175345901,0.15502471316624256,-1.1060928016553402,0.4357431973493151,47.0,48.0,48.0,40.0,42.0,26.0,29.0,25.0,52.0,90.44,3975442432,1573441536,1454280704,9.44,9.5,8.47,25297891328,9442725888
2026-05-13T11:59:31.953830+02:00,0.09810386341628895,0.26794562266903693,0.2369202464115803,1.6895707769260377,1.4214294138056096,2.3696095854576655,1.1818085029561467,-0.14141311220261465,-0.2719632175345901,0.15502471316624256,-1.1060928016553402,0.4357431973493151,47.0,48.0,48.0,40.0,42.0,26.0,29.0,25.0,52.0,90.44,3975442432,1573441536,1454280704,9.44,9.5,8.47,25297891328,9442725888
2026-05-13T11:59:32.008850+02:00,0.09810386341628895,0.26794562266903693,0.2369202464115803,1.6895707769260377,1.4214294138056096,2.3696095854576655,1.1818085029561467,-0.14141311220261465,-0.2719632175345901,0.15502471316624256,-1.1060928016553402,0.4357431973493151,47.0,48.0,48.0,40.0,42.0,26.0,29.0,25.0,52.0,92.31,3975442432,1573228544,1454489600,9.81,9.58,8.5,25297891328,9442729984
2026-05-13T11:59:32.059684+02:00,0.09810386341628895,0.26794562266903693,0.2369202464115803,1.6895707769260377,1.4214294138056096,2.3696095854576655,1.1818085029561467,-0.14141311220261465,-0.2719632175345901,0.15502471316624256,-1.1060928016553402,0.4357431973493151,47.0,48.0,48.0,40.0,42.0,26.0,29.0,25.0,52.0,92.31,3975442432,1573228544,1454489600,9.81,9.58,8.5,25297891328,9442729984
2026-05-13T11:59:32.110206+02:00,0.09810386341628895,0.26794562266903693,0.2369202464115803,1.6895707769260377,1.4214294138056096,2.3696095854576655,1.1818085029561467,-0.14141311220261465,-0.2719632175345901,0.15502471316624256,-1.1060928016553402,0.4357431973493151,47.0,48.0,48.0,40.0,42.0,26.0,29.0,25.0,52.0,92.31,3975442432,1573228544,1454489600,9.81,9.58,8.5,25297891328,9442729984
2026-05-13T11:59:32.161326+02:00,0.09810386341628895,0.26794562266903693,0.2369202464115803,1.6895707769260377,1.4214294138056096,2.3696095854576655,1.1818085029561467,-0.14141311220261465,-0.2719632175345901,0.15502471316624256,-1.1060928016553402,0.4357431973493151,47.0,48.0,48.0,40.0,42.0,26.0,29.0,25.0,52.0,92.31,3975442432,1573228544,1454489600,9.81,9.58,8.5,25297891328,9442729984
2026-05-13T11:59:32.216711+02:00,0.09810386341628895,0.26794562266903693,0.2369202464115803,1.6895707769260377,1.4214294138056096,2.3696095854576655,1.1818085029561467,-0.14141311220261465,-0.2719632175345901,0.15502471316624256,-1.1060928016553402,0.4357431973493151,47.0,48.0,48.0,40.0,42.0,26.0,29.0,25.0,52.0,92.31,3975442432,1573228544,1454489600,9.81,9.58,8.5,25297891328,9442729984
2026-05-13T11:59:32.272326+02:00,0.09810386341628895,0.26794562266903693,0.2369202464115803,1.6895707769260377,1.4214294138056096,2.3696095854576655,1.1818085029561467,-0.14141311220261465,-0.2719632175345901,0.15502471316624256,-1.1060928016553402,0.4357431973493151,47.0,48.0,48.0,40.0,42.0,26.0,29.0,25.0,52.0,92.31,3975442432,1573228544,1454489600,9.81,9.58,8.5,25297891328,9442729984
2026-05-13T11:59:32.327599+02:00,0.09810386341628895,0.26794562266903693,0.2369202464115803,1.6895707769260377,1.4214294138056096,2.3696095854576655,1.1818085029561467,-0.14141311220261465,-0.2719632175345901,0.15502471316624256,-1.1060928016553402,0.4357431973493151,47.0,48.0,48.0,40.0,42.0,26.0,29.0,25.0,52.0,92.31,3975442432,1573228544,1454489600,9.81,9.58,8.5,25297891328,9442729984
2026-05-13T11:59:32.382190+02:00,0.09810386341628895,0.26794562266903693,0.2369202464115803,1.6895707769260377,1.4214294138056096,2.3696095854576655,1.1818085029561467,-0.14141311220261465,-0.2719632175345901,0.15502471316624256,-1.1060928016553402,0.4357431973493151,47.0,48.0,48.0,40.0,42.0,26.0,29.0,25.0,52.0,92.31,3975442432,1573228544,1454489600,9.81,9.58,8.5,25297891328,9442729984
2026-05-13T11:59:32.433643+02:00,0.09810386341628895,0.26794562266903693,0.2369202464115803,1.6895707769260377,1.4214294138056096,2.3696095854576655,1.1818085029561467,-0.14141311220261465,-0.2719632175345901,0.15502471316624256,-1.1060928016553402,0.4357431973493151,47.0,48.0,48.0,40.0,42.0,26.0,29.0,25.0,52.0,92.31,3975442432,1573228544,1454489600,9.81,9.58,8.5,25297891328,9442729984
2026-05-13T11:59:32.484199+02:00,0.09810386341628895,0.26794562266903693,0.2369202464115803,1.6895707769260377,1.4214294138056096,2.3696095854576655,1.1818085029561467,-0.14141311220261465,-0.2719632175345901,0.15502471316624256,-1.1060928016553402,0.4357431973493151,47.0,48.0,48.0,40.0,42.0,26.0,29.0,25.0,52.0,92.31,3975442432,1573228544,1454489600,9.81,9.58,8.5,25297891328,9442729984
2026-05-13T11:59:32.534778+02:00,0.09810386341628895,0.26794562266903693,0.2369202464115803,1.6895707769260377,1.4214294138056096,2.3696095854576655,1.1818085029561467,-0.14141311220261465,-0.2719632175345901,0.15502471316624256,-1.1060928016553402,0.4357431973493151,47.0,48.0,48.0,40.0,42.0,26.0,29.0,25.0,52.0,92.31,3975442432,1573228544,1454489600,9.81,9.58,8.5,25297891328,9442729984
2026-05-13T11:59:32.584808+02:00,0.09810386341628895,0.26794562266903693,0.2369202464115803,1.6895707769260377,1.4214294138056096,2.3696095854576655,1.1818085029561467,-0.14141311220261465,-0.2719632175345901,0.15502471316624256,-1.1060928016553402,0.4357431973493151,47.0,48.0,48.0,40.0,42.0,26.0,29.0,25.0,52.0,92.31,3975442432,1573228544,1454489600,9.81,9.58,8.5,25297891328,9442729984
2026-05-13T11:59:32.639444+02:00,0.09810386341628895,0.26794562266903693,0.2369202464115803,1.6895707769260377,1.4214294138056096,2.3696095854576655,1.1818085029561467,-0.14141311220261465,-0.2719632175345901,0.15502471316624256,-1.1060928016553402,0.4357431973493151,47.0,48.0,48.0,40.0,42.0,26.0,29.0,25.0,52.0,92.31,3975442432,1573228544,1454489600,9.81,9.58,8.5,25297891328,9442729984
2026-05-13T11:59:32.694438+02:00,0.09810386341628895,0.26794562266903693,0.2369202464115803,1.6895707769260377,1.4214294138056096,2.3696095854576655,1.1818085029561467,-0.14141311220261465,-0.2719632175345901,0.15502471316624256,-1.1060928016553402,0.4357431973493151,47.0,48.0,48.0,40.0,42.0,26.0,29.0,25.0,52.0,92.31,3975442432,1573228544,1454489600,9.81,9.58,8.5,25297891328,9442729984
2026-05-13T11:59:32.749463+02:00,0.09810386341628895,0.26794562266903693,0.2369202464115803,1.6895707769260377,1.4214294138056096,2.3696095854576655,1.190940065602581,-0.1368682748304214,-0.2780230006975144,0.15502471316624256,-1.107626782443226,0.43114125498565814,47.0,48.0,48.0,40.0,42.0,26.0,29.0,25.0,52.0,92.31,3975442432,1573228544,1454489600,9.81,9.58,8.5,25297891328,9442729984
2026-05-13T11:59:32.804487+02:00,0.09810386341628895,0.26794562266903693,0.2369202464115803,1.6895707769260377,1.4214294138056096,2.3696095854576655,1.190940065602581,-0.1368682748304214,-0.2780230006975144,0.15502471316624256,-1.107626782443226,0.43114125498565814,47.0,48.0,48.0,40.0,42.0,26.0,29.0,25.0,52.0,92.31,3975442432,1573228544,1454489600,9.81,9.58,8.5,25297891328,9442729984
2026-05-13T11:59:32.858830+02:00,0.09810386341628895,0.26794562266903693,0.2369202464115803,1.6895707769260377,1.4214294138056096,2.3696095854576655,1.190940065602581,-0.1368682748304214,-0.2780230006975144,0.15502471316624256,-1.107626782443226,0.43114125498565814,47.0,48.0,48.0,40.0,42.0,26.0,29.0,25.0,52.0,92.31,3975442432,1573228544,1454489600,9.81,9.58,8.5,25297891328,9442729984
2026-05-13T11:59:32.909365+02:00,0.09278816928958136,0.2674890204170415,0.23648759095031285,1.7046390364469617,1.4229783310281896,2.4151235020319914,1.2320320975115355,-0.1217188169231107,-0.30680697072140495,0.1504227708025856,-1.1275685326857388,0.38205386977331734,47.0,48.0,48.0,40.0,42.0,26.0,29.0,25.0,52.0,92.31,3975442432,1573228544,1454489600,9.81,9.58,8.5,25297891328,9442729984
2026-05-13T11:59:32.960094+02:00,0.09278816928958136,0.2674890204170415,0.23648759095031285,1.7046390364469617,1.4229783310281896,2.4151235020319914,1.2320320975115355,-0.1217188169231107,-0.30680697072140495,0.1504227708025856,-1.1275685326857388,0.38205386977331734,47.0,48.0,48.0,40.0,42.0,26.0,29.0,25.0,52.0,92.31,3975442432,1573228544,1454489600,9.81,9.58,8.5,25297891328,9442729984
2026-05-13T11:59:33.012802+02:00,0.09278816928958136,0.2674890204170415,0.23648759095031285,1.7046390364469617,1.4229783310281896,2.4151235020319914,1.2320320975115355,-0.1217188169231107,-0.30680697072140495,0.1504227708025856,-1.1275685326857388,0.38205386977331734,47.0,48.0,48.0,40.0,42.0,26.0,29.0,25.0,52.0,92.31,3975442432,1573228544,1454489600,9.81,9.58,8.5,25297891328,9442729984
2026-05-13T11:59:33.064569+02:00,0.09278816928958136,0.2674890204170415,0.23648759095031285,1.7046390364469617,1.4229783310281896,2.4151235020319914,1.2320320975115355,-0.1217188169231107,-0.30680697072140495,0.1504227708025856,-1.1275685326857388,0.38205386977331734,47.0,48.0,48.0,40.0,42.0,26.0,29.0,25.0,52.0,92.31,3975442432,1573228544,1454489600,9.81,9.58,8.5,25297891328,9442729984
2026-05-13T11:59:33.115187+02:00,0.08380116501471177,0.26485512219129026,0.2344588520838719,1.8555713200579786,1.4332202665411315,2.6360583080962923,1.2989968902520537,-0.09444979268995124,-0.3522553444433373,0.14582082843892863,-1.1812578602617365,0.2869470609244078,47.0,48.0,48.0,40.0,42.0,26.0,29.0,25.0,52.0,95.56,3975442432,1572974592,1454727168,9.81,9.58,8.5,25297891328,9442746368
2026-05-13T11:59:33.166021+02:00,0.08380116501471177,0.26485512219129026,0.2344588520838719,1.8555713200579786,1.4332202665411315,2.6360583080962923,1.2989968902520537,-0.09444979268995124,-0.3522553444433373,0.14582082843892863,-1.1812578602617365,0.2869470609244078,47.0,48.0,48.0,40.0,42.0,26.0,29.0,25.0,52.0,95.56,3975442432,1572974592,1454727168,9.81,9.58,8.5,25297891328,9442746368
2026-05-13T11:59:33.220091+02:00,0.08380116501471177,0.26485512219129026,0.2344588520838719,1.8555713200579786,1.4332202665411315,2.6360583080962923,1.2989968902520537,-0.09444979268995124,-0.3522553444433373,0.14582082843892863,-1.1812578602617365,0.2869470609244078,47.0,48.0,48.0,40.0,42.0,26.0,29.0,25.0,52.0,95.56,3975442432,1572974592,1454727168,9.81,9.58,8.5,25297891328,9442746368
2026-05-13T11:59:33.270835+02:00,0.08380116501471177,0.26485512219129026,0.2344588520838719,1.8555713200579786,1.4332202665411315,2.6360583080962923,1.2989968902520537,-0.09444979268995124,-0.3522553444433373,0.14582082843892863,-1.1812578602617365,0.2869470609244078,47.0,48.0,48.0,40.0,42.0,26.0,29.0,25.0,52.0,95.56,3975442432,1572974592,1454727168,9.81,9.58,8.5,25297891328,9442746368
2026-05-13T11:59:33.322464+02:00,0.054092440113809016,0.2546459524095013,0.22855975134407694,2.3689772166170777,1.4191899119155125,-2.924841531789792,1.4009660064705707,-0.05506120213094323,-0.4219428508169668,0.13354898213584354,-1.2410831109892766,0.16576257868144229,47.0,48.0,48.0,40.0,42.0,26.0,29.0,25.0,53.0,95.56,3975442432,1572974592,1454727168,9.81,9.58,8.5,25297891328,9442746368
2026-05-13T11:59:33.377210+02:00,0.054092440113809016,0.2546459524095013,0.22855975134407694,2.3689772166170777,1.4191899119155125,-2.924841531789792,1.4009660064705707,-0.05506120213094323,-0.4219428508169668,0.13354898213584354,-1.2410831109892766,0.16576257868144229,47.0,48.0,48.0,40.0,42.0,26.0,29.0,25.0,53.0,95.56,3975442432,1572974592,1454727168,9.81,9.58,8.5,25297891328,9442746368
2026-05-13T11:59:33.432230+02:00,0.054092440113809016,0.2546459524095013,0.22855975134407694,2.3689772166170777,1.4191899119155125,-2.924841531789792,1.4009660064705707,-0.05506120213094323,-0.4219428508169668,0.13354898213584354,-1.2410831109892766,0.16576257868144229,47.0,48.0,48.0,40.0,42.0,26.0,29.0,25.0,53.0,95.56,3975442432,1572974592,1454727168,9.81,9.58,8.5,25297891328,9442746368
2026-05-13T11:59:33.487660+02:00,0.054092440113809016,0.2546459524095013,0.22855975134407694,2.3689772166170777,1.4191899119155125,-2.924841531789792,1.4009660064705707,-0.05506120213094323,-0.4219428508169668,0.13354898213584354,-1.2410831109892766,0.16576257868144229,47.0,48.0,48.0,40.0,42.0,26.0,29.0,25.0,53.0,95.56,3975442432,1572974592,1454727168,9.81,9.58,8.5,25297891328,9442746368
2026-05-13T11:59:33.537974+02:00,0.029294964189990235,0.24111114579997844,0.2240410719423987,2.67841541873182,1.3677959407692413,-2.4025215247415557,1.499891268473609,-0.017187557362666306,-0.4870855198184032,0.12281111662064426,-1.3009083617168167,0.049180038802133286,47.0,48.0,48.0,40.0,42.0,26.0,29.0,25.0,53.0,95.56,3975442432,1572974592,1454727168,9.81,9.58,8.5,25297891328,9442746368
2026-05-13T11:59:33.589445+02:00,0.029294964189990235,0.24111114579997844,0.2240410719423987,2.67841541873182,1.3677959407692413,-2.4025215247415557,1.499891268473609,-0.017187557362666306,-0.4870855198184032,0.12281111662064426,-1.3009083617168167,0.049180038802133286,47.0,48.0,48.0,40.0,42.0,26.0,29.0,25.0,53.0,95.56,3975442432,1572974592,1454727168,9.81,9.58,8.5,25297891328,9442746368
2026-05-13T11:59:33.644671+02:00,0.029294964189990235,0.24111114579997844,0.2240410719423987,2.67841541873182,1.3677959407692413,-2.4025215247415557,1.499891268473609,-0.017187557362666306,-0.4870855198184032,0.12281111662064426,-1.3009083617168167,0.049180038802133286,47.0,48.0,48.0,40.0,42.0,26.0,29.0,25.0,53.0,95.56,3975442432,1572974592,1454727168,9.81,9.58,8.5,25297891328,9442746368
2026-05-13T11:59:33.697069+02:00,0.029294964189990235,0.24111114579997844,0.2240410719423987,2.67841541873182,1.3677959407692413,-2.4025215247415557,1.499891268473609,-0.017187557362666306,-0.4870855198184032,0.12281111662064426,-1.3009083617168167,0.049180038802133286,47.0,48.0,48.0,40.0,42.0,26.0,29.0,25.0,53.0,95.56,3975442432,1572974592,1454727168,9.81,9.58,8.5,25297891328,9442746368
2026-05-13T11:59:33.754249+02:00,0.0047556525632815845,0.22592496740392984,0.219203369359923,2.7729750769573616,1.3035096540636146,-2.098375728555478,1.589684967830213,0.016141250033417376,-0.541623568284722,0.11514121268121613,-1.340791862201843,-0.02445103901637724,47.0,48.0,48.0,40.0,42.0,26.0,29.0,25.0,53.0,95.56,3975442432,1572974592,1454727168,9.81,9.58,8.5,25297891328,9442746368
2026-05-13T11:59:33.804998+02:00,0.0047556525632815845,0.22592496740392984,0.219203369359923,2.7729750769573616,1.3035096540636146,-2.098375728555478,1.589684967830213,0.016141250033417376,-0.541623568284722,0.11514121268121613,-1.340791862201843,-0.02445103901637724,47.0,48.0,48.0,40.0,42.0,26.0,29.0,25.0,53.0,95.56,3975442432,1572974592,1454727168,9.81,9.58,8.5,25297891328,9442746368
2026-05-13T11:59:33.858821+02:00,0.0047556525632815845,0.22592496740392984,0.219203369359923,2.7729750769573616,1.3035096540636146,-2.098375728555478,1.589684967830213,0.016141250033417376,-0.541623568284722,0.11514121268121613,-1.340791862201843,-0.02445103901637724,47.0,48.0,48.0,40.0,42.0,26.0,29.0,25.0,53.0,95.56,3975442432,1572974592,1454727168,9.81,9.58,8.5,25297891328,9442746368
2026-05-13T11:59:33.909031+02:00,0.0047556525632815845,0.22592496740392984,0.219203369359923,2.7729750769573616,1.3035096540636146,-2.098375728555478,1.589684967830213,0.016141250033417376,-0.541623568284722,0.11514121268121613,-1.340791862201843,-0.02445103901637724,47.0,48.0,48.0,40.0,42.0,26.0,29.0,25.0,53.0,95.56,3975442432,1572974592,1454727168,9.81,9.58,8.5,25297891328,9442746368
2026-05-13T11:59:33.960911+02:00,-0.010939743019442547,0.21427786709903668,0.21642032153195184,2.786492024234855,1.2619617146072524,-1.9444122927727532,1.6429524166010805,0.03280565373145927,-0.5643477551456881,0.11207325110544453,-1.3530637085049286,-0.05052871241043322,47.0,48.0,48.0,40.0,42.0,26.0,29.0,25.0,53.0,95.56,3975442432,1572974592,1454727168,9.81,9.58,8.5,25297891328,9442746368
2026-05-13T11:59:34.013651+02:00,-0.010939743019442547,0.21427786709903668,0.21642032153195184,2.786492024234855,1.2619617146072524,-1.9444122927727532,1.6429524166010805,0.03280565373145927,-0.5643477551456881,0.11207325110544453,-1.3530637085049286,-0.05052871241043322,47.0,48.0,48.0,40.0,42.0,26.0,29.0,25.0,53.0,95.56,3975442432,1572974592,1454727168,9.81,9.58,8.5,25297891328,9442746368
2026-05-13T11:59:34.063850+02:00,-0.010939743019442547,0.21427786709903668,0.21642032153195184,2.786492024234855,1.2619617146072524,-1.9444122927727532,1.6429524166010805,0.03280565373145927,-0.5643477551456881,0.11207325110544453,-1.3530637085049286,-0.05052871241043322,47.0,48.0,48.0,40.0,42.0,26.0,29.0,25.0,53.0,95.56,3975442432,1572974592,1454727168,9.81,9.58,8.5,25297891328,9442746368
2026-05-13T11:59:34.114818+02:00,-0.02377377909786855,0.20598383176418653,0.2149139761027999,2.789417165069812,1.2403086157579326,-1.8418461427064514,1.644474343708819,0.03280565373145927,-0.5643477551456881,0.11053927031755917,-1.3561316700806993,-0.05513065477409018,47.0,48.0,48.0,40.0,42.0,26.0,29.0,25.0,53.0,95.56,3975442432,1572974592,1454727168,9.81,9.58,8.5,25297891328,9442746368
2026-05-13T11:59:34.165777+02:00,-0.02377377909786855,0.20598383176418653,0.2149139761027999,2.789417165069812,1.2403086157579326,-1.8418461427064514,1.644474343708819,0.03280565373145927,-0.5643477551456881,0.11053927031755917,-1.3561316700806993,-0.05513065477409018,47.0,48.0,48.0,40.0,42.0,26.0,29.0,25.0,53.0,96.55,3975442432,1573289984,1454403584,9.81,9.58,8.5,25297891328,9442758656
2026-05-13T11:59:34.216253+02:00,-0.02377377909786855,0.20598383176418653,0.2149139761027999,2.789417165069812,1.2403086157579326,-1.8418461427064514,1.644474343708819,0.03280565373145927,-0.5643477551456881,0.11053927031755917,-1.3561316700806993,-0.05513065477409018,47.0,48.0,48.0,40.0,42.0,26.0,29.0,25.0,53.0,96.55,3975442432,1573289984,1454403584,9.81,9.58,8.5,25297891328,9442758656
2026-05-13T11:59:34.266772+02:00,-0.02377377909786855,0.20598383176418653,0.2149139761027999,2.789417165069812,1.2403086157579326,-1.8418461427064514,1.644474343708819,0.03280565373145927,-0.5643477551456881,0.11053927031755917,-1.3561316700806993,-0.05513065477409018,47.0,48.0,48.0,40.0,42.0,26.0,29.0,25.0,53.0,96.55,3975442432,1573289984,1454403584,9.81,9.58,8.5,25297891328,9442758656
2026-05-13T11:59:34.318767+02:00,-0.02395685245488331,0.20569827638706178,0.2149549576665083,2.7912621430062403,1.2378167512169835,-1.833157500808316,1.644474343708819,0.03280565373145927,-0.5643477551456881,0.11053927031755917,-1.3561316700806993,-0.05513065477409018,47.0,48.0,48.0,40.0,42.0,26.0,29.0,25.0,53.0,96.55,3975442432,1573289984,1454403584,9.81,9.58,8.5,25297891328,9442758656
2026-05-13T11:59:34.368811+02:00,-0.02395685245488331,0.20569827638706178,0.2149549576665083,2.7912621430062403,1.2378167512169835,-1.833157500808316,1.644474343708819,0.03280565373145927,-0.5643477551456881,0.11053927031755917,-1.3561316700806993,-0.05513065477409018,47.0,48.0,48.0,40.0,42.0,26.0,29.0,25.0,53.0,96.55,3975442432,1573289984,1454403584,9.81,9.58,8.5,25297891328,9442758656
2026-05-13T11:59:34.421567+02:00,-0.02395685245488331,0.20569827638706178,0.2149549576665083,2.7912621430062403,1.2378167512169835,-1.833157500808316,1.644474343708819,0.03280565373145927,-0.5643477551456881,0.11053927031755917,-1.3561316700806993,-0.05513065477409018,47.0,48.0,48.0,40.0,42.0,26.0,29.0,25.0,53.0,96.55,3975442432,1573289984,1454403584,9.81,9.58,8.5,25297891328,9442758656
2026-05-13T11:59:34.473752+02:00,-0.02395685245488331,0.20569827638706178,0.2149549576665083,2.7912621430062403,1.2378167512169835,-1.833157500808316,1.644474343708819,0.03280565373145927,-0.5643477551456881,0.11053927031755917,-1.3561316700806993,-0.05513065477409018,47.0,48.0,48.0,40.0,42.0,26.0,29.0,25.0,53.0,96.55,3975442432,1573289984,1454403584,9.81,9.58,8.5,25297891328,9442758656
2026-05-13T11:59:34.524142+02:00,-0.02395685245488331,0.20569827638706178,0.2149549576665083,2.7912621430062403,1.2378167512169835,-1.833157500808316,1.644474343708819,0.03280565373145927,-0.5643477551456881,0.11053927031755917,-1.3561316700806993,-0.05513065477409018,47.0,48.0,48.0,40.0,42.0,26.0,29.0,25.0,53.0,96.55,3975442432,1573289984,1454403584,9.81,9.58,8.5,25297891328,9442758656
2026-05-13T11:59:34.575721+02:00,-0.024077950983981133,0.20569620693831106,0.21496660818845298,2.78744821146259,1.2373779769845779,-1.8375391887558092,1.636864708170124,0.02977576214999711,-0.5582879719827638,0.11207325110544453,-1.3561316700806993,-0.05206269319831902,47.0,48.0,48.0,40.0,42.0,26.0,29.0,25.0,53.0,96.55,3975442432,1573289984,1454403584,9.81,9.58,8.5,25297891328,9442758656
2026-05-13T11:59:34.626952+02:00,-0.024077950983981133,0.20569620693831106,0.21496660818845298,2.78744821146259,1.2373779769845779,-1.8375391887558092,1.636864708170124,0.02977576214999711,-0.5582879719827638,0.11207325110544453,-1.3561316700806993,-0.05206269319831902,47.0,48.0,48.0,40.0,42.0,26.0,29.0,25.0,53.0,96.55,3975442432,1573289984,1454403584,9.81,9.58,8.5,25297891328,9442758656
2026-05-13T11:59:34.681993+02:00,-0.024077950983981133,0.20569620693831106,0.21496660818845298,2.78744821146259,1.2373779769845779,-1.8375391887558092,1.636864708170124,0.02977576214999711,-0.5582879719827638,0.11207325110544453,-1.3561316700806993,-0.05206269319831902,47.0,48.0,48.0,40.0,42.0,26.0,29.0,25.0,53.0,96.55,3975442432,1573289984,1454403584,9.81,9.58,8.5,25297891328,9442758656
2026-05-13T11:59:34.737028+02:00,-0.021550943779089376,0.20775097074027996,0.21549256058962435,2.7947286029515768,1.2436070118301608,-1.8510526367834246,1.5972946033689088,0.014626304242686294,-0.5325338935403355,0.11514121268121613,-1.3254520543229869,0.004694595953449898,47.0,48.0,48.0,40.0,42.0,26.0,29.0,25.0,53.0,96.55,3975442432,1573289984,1454403584,9.81,9.58,8.5,25297891328,9442758656
2026-05-13T11:59:34.787910+02:00,-0.021550943779089376,0.20775097074027996,0.21549256058962435,2.7947286029515768,1.2436070118301608,-1.8510526367834246,1.5972946033689088,0.014626304242686294,-0.5325338935403355,0.11514121268121613,-1.3254520543229869,0.004694595953449898,47.0,48.0,48.0,40.0,42.0,26.0,29.0,25.0,53.0,96.55,3975442432,1573289984,1454403584,9.81,9.58,8.5,25297891328,9442758656
2026-05-13T11:59:34.842930+02:00,-0.021550943779089376,0.20775097074027996,0.21549256058962435,2.7947286029515768,1.2436070118301608,-1.8510526367834246,1.5972946033689088,0.014626304242686294,-0.5325338935403355,0.11514121268121613,-1.3254520543229869,0.004694595953449898,47.0,48.0,48.0,40.0,42.0,26.0,29.0,25.0,53.0,96.55,3975442432,1573289984,1454403584,9.81,9.58,8.5,25297891328,9442758656
2026-05-13T11:59:34.892970+02:00,-0.021550943779089376,0.20775097074027996,0.21549256058962435,2.7947286029515768,1.2436070118301608,-1.8510526367834246,1.5972946033689088,0.014626304242686294,-0.5325338935403355,0.11514121268121613,-1.3254520543229869,0.004694595953449898,47.0,48.0,48.0,40.0,42.0,26.0,29.0,25.0,53.0,96.55,3975442432,1573289984,1454403584,9.81,9.58,8.5,25297891328,9442758656
2026-05-13T11:59:34.943282+02:00,-0.010346868021880045,0.2199478580700256,0.2182019843395758,2.7843789772689784,1.2955579183236345,-1.9984420658970163,1.527285956412912,-0.012642719990473061,-0.48405562823694104,0.12434509740852961,-1.2825005922621888,0.07985965455984623,47.0,48.0,48.0,40.0,42.0,26.0,29.0,25.0,53.0,96.55,3975442432,1573289984,1454403584,9.81,9.58,8.5,25297891328,9442758656
2026-05-13T11:59:34.995455+02:00,-0.010346868021880045,0.2199478580700256,0.2182019843395758,2.7843789772689784,1.2955579183236345,-1.9984420658970163,1.527285956412912,-0.012642719990473061,-0.48405562823694104,0.12434509740852961,-1.2825005922621888,0.07985965455984623,47.0,48.0,48.0,40.0,42.0,26.0,29.0,25.0,53.0,96.55,3975442432,1573289984,1454403584,9.81,9.58,8.5,25297891328,9442758656
2026-05-13T11:59:35.050402+02:00,-0.010346868021880045,0.2199478580700256,0.2182019843395758,2.7843789772689784,1.2955579183236345,-1.9984420658970163,1.527285956412912,-0.012642719990473061,-0.48405562823694104,0.12434509740852961,-1.2825005922621888,0.07985965455984623,47.0,48.0,48.0,40.0,42.0,26.0,29.0,25.0,53.0,96.55,3975442432,1573289984,1454403584,9.81,9.58,8.5,25297891328,9442758656
2026-05-13T11:59:35.105426+02:00,-0.010346868021880045,0.2199478580700256,0.2182019843395758,2.7843789772689784,1.2955579183236345,-1.9984420658970163,1.527285956412912,-0.012642719990473061,-0.48405562823694104,0.12434509740852961,-1.2825005922621888,0.07985965455984623,47.0,48.0,48.0,40.0,42.0,26.0,29.0,25.0,53.0,96.55,3975442432,1573289984,1454403584,9.81,9.58,8.5,25297891328,9442758656
2026-05-13T11:59:35.160475+02:00,0.0025620314179419686,0.23044207716023526,0.22118508389661085,2.7446536270702304,1.3342872970997188,-2.155689044650245,1.4344484028408293,-0.05051636475874999,-0.4204279050262357,0.1381509244995005,-1.2165394183831064,0.21331598310589683,47.0,48.0,48.0,40.0,42.0,26.0,29.0,25.0,53.0,91.18,3975442432,1574232064,1453375488,9.81,9.58,8.5,25297891328,9442770944
2026-05-13T11:59:35.211362+02:00,0.0025620314179419686,0.23044207716023526,0.22118508389661085,2.7446536270702304,1.3342872970997188,-2.155689044650245,1.4344484028408293,-0.05051636475874999,-0.4204279050262357,0.1381509244995005,-1.2165394183831064,0.21331598310589683,47.0,48.0,48.0,40.0,42.0,26.0,29.0,25.0,53.0,91.18,3975442432,1574232064,1453375488,9.81,9.58,8.5,25297891328,9442770944
