timestamp,x_m,y_m,z_m,roll_rad,pitch_rad,yaw_rad,j1_rad,j2_rad,j3_rad,j4_rad,j5_rad,j6_rad,temp_m1_C,temp_m2_C,temp_m3_C,temp_m4_C,temp_m5_C,temp_m6_C,temp_m7_C,temp_m8_C,rpi_temp_C,cpu_percent,mem_total_B,mem_used_B,mem_free_B,load1,load5,load15,disk_total_B,disk_used_B
2026-04-27T15:20:53.777480+02:00,0.09766771607908764,0.2677436767063165,0.23697002434111153,1.6829470359896241,1.4227316498359033,2.3682311860930327,1.1833304300638852,-0.13989816641188357,-0.27347816332532116,0.1534907323783572,-1.1060928016553402,0.4326752357735435,50.0,51.0,50.0,40.0,43.0,25.0,29.0,27.0,53.0,93.85,3975442432,1541087232,1518501888,7.24,8.14,8.89,25297891328,9720680448
2026-04-27T15:20:53.828113+02:00,0.09766771607908764,0.2677436767063165,0.23697002434111153,1.6829470359896241,1.4227316498359033,2.3682311860930327,1.1833304300638852,-0.13989816641188357,-0.27347816332532116,0.1534907323783572,-1.1060928016553402,0.4326752357735435,50.0,51.0,50.0,40.0,43.0,25.0,29.0,27.0,53.0,93.85,3975442432,1541087232,1518501888,7.24,8.14,8.89,25297891328,9720680448
2026-04-27T15:20:53.879754+02:00,0.09766771607908764,0.2677436767063165,0.23697002434111153,1.6829470359896241,1.4227316498359033,2.3682311860930327,1.1833304300638852,-0.13989816641188357,-0.27347816332532116,0.1534907323783572,-1.1060928016553402,0.4326752357735435,50.0,51.0,50.0,40.0,43.0,25.0,29.0,27.0,53.0,93.85,3975442432,1541087232,1518501888,7.24,8.14,8.89,25297891328,9720680448
2026-04-27T15:20:53.930047+02:00,0.09766771607908764,0.2677436767063165,0.23697002434111153,1.6829470359896241,1.4227316498359033,2.3682311860930327,1.1833304300638852,-0.13989816641188357,-0.27347816332532116,0.1534907323783572,-1.1060928016553402,0.4326752357735435,50.0,51.0,50.0,40.0,43.0,25.0,29.0,27.0,53.0,93.85,3975442432,1541087232,1518501888,7.24,8.14,8.89,25297891328,9720680448
2026-04-27T15:20:53.981932+02:00,0.09766771607908764,0.2677436767063165,0.23697002434111153,1.6829470359896241,1.4227316498359033,2.3682311860930327,1.1833304300638852,-0.13989816641188357,-0.27347816332532116,0.1534907323783572,-1.1060928016553402,0.4326752357735435,50.0,51.0,50.0,40.0,43.0,25.0,29.0,27.0,53.0,93.85,3975442432,1541087232,1518501888,7.24,8.14,8.89,25297891328,9720680448
2026-04-27T15:20:54.035677+02:00,0.09766771607908764,0.2677436767063165,0.23697002434111153,1.6829470359896241,1.4227316498359033,2.3682311860930327,1.1833304300638852,-0.13989816641188357,-0.27347816332532116,0.1534907323783572,-1.1060928016553402,0.4326752357735435,50.0,51.0,50.0,40.0,43.0,25.0,29.0,27.0,53.0,93.85,3975442432,1541087232,1518501888,7.24,8.14,8.89,25297891328,9720680448
2026-04-27T15:20:54.088016+02:00,0.09766771607908764,0.2677436767063165,0.23697002434111153,1.6829470359896241,1.4227316498359033,2.3682311860930327,1.1833304300638852,-0.13989816641188357,-0.27347816332532116,0.1534907323783572,-1.1060928016553402,0.4326752357735435,50.0,51.0,50.0,40.0,43.0,25.0,29.0,27.0,53.0,93.85,3975442432,1541087232,1518501888,7.24,8.14,8.89,25297891328,9720680448
2026-04-27T15:20:54.138912+02:00,0.09766771607908764,0.2677436767063165,0.23697002434111153,1.6829470359896241,1.4227316498359033,2.3682311860930327,1.1833304300638852,-0.13989816641188357,-0.27347816332532116,0.1534907323783572,-1.1060928016553402,0.4342092165614293,50.0,51.0,50.0,40.0,43.0,25.0,29.0,27.0,53.0,93.85,3975442432,1541087232,1518501888,7.24,8.14,8.89,25297891328,9720680448
2026-04-27T15:20:54.192960+02:00,0.09766771607908764,0.2677436767063165,0.23697002434111153,1.6829470359896241,1.4227316498359033,2.3682311860930327,1.1833304300638852,-0.13989816641188357,-0.27347816332532116,0.1534907323783572,-1.1060928016553402,0.4342092165614293,50.0,51.0,50.0,40.0,43.0,25.0,29.0,27.0,53.0,93.85,3975442432,1541087232,1518501888,7.24,8.14,8.89,25297891328,9720680448
2026-04-27T15:20:54.243868+02:00,0.09766771607908764,0.2677436767063165,0.23697002434111153,1.6844810167775084,1.422731649835903,2.368231186093031,1.1833304300638852,-0.13989816641188357,-0.27347816332532116,0.1534907323783572,-1.1060928016553402,0.4342092165614293,50.0,51.0,50.0,40.0,43.0,25.0,29.0,27.0,53.0,93.85,3975442432,1541087232,1518501888,7.24,8.14,8.89,25297891328,9720680448
2026-04-27T15:20:54.294638+02:00,0.09766771607908764,0.2677436767063165,0.23697002434111153,1.6844810167775084,1.422731649835903,2.368231186093031,1.1833304300638852,-0.13989816641188357,-0.27347816332532116,0.1534907323783572,-1.1060928016553402,0.4342092165614293,50.0,51.0,50.0,40.0,43.0,25.0,29.0,27.0,53.0,93.85,3975442432,1541087232,1518501888,7.24,8.14,8.89,25297891328,9720680448
2026-04-27T15:20:54.346853+02:00,0.09766771607908764,0.2677436767063165,0.23697002434111153,1.6844810167775084,1.422731649835903,2.368231186093031,1.1833304300638852,-0.13989816641188357,-0.27347816332532116,0.1534907323783572,-1.1060928016553402,0.4342092165614293,50.0,51.0,50.0,40.0,43.0,25.0,29.0,27.0,53.0,92.81,3975442432,1542483968,1517101056,7.24,8.14,8.89,25297891328,9720684544
2026-04-27T15:20:54.397649+02:00,0.09766771607908764,0.2677436767063165,0.23697002434111153,1.6844810167775084,1.422731649835903,2.368231186093031,1.1833304300638852,-0.13989816641188357,-0.27347816332532116,0.1534907323783572,-1.1060928016553402,0.4342092165614293,50.0,51.0,50.0,40.0,43.0,25.0,29.0,27.0,53.0,92.81,3975442432,1542483968,1517101056,7.24,8.14,8.89,25297891328,9720684544
2026-04-27T15:20:54.450389+02:00,0.09766771607908764,0.2677436767063165,0.23697002434111153,1.6844810167775084,1.422731649835903,2.368231186093031,1.1833304300638852,-0.13989816641188357,-0.27347816332532116,0.1534907323783572,-1.1060928016553402,0.4342092165614293,50.0,51.0,50.0,40.0,43.0,25.0,29.0,27.0,53.0,92.81,3975442432,1542483968,1517101056,7.24,8.14,8.89,25297891328,9720684544
2026-04-27T15:20:54.501633+02:00,0.09766771607908764,0.2677436767063165,0.23697002434111153,1.6844810167775084,1.422731649835903,2.368231186093031,1.1833304300638852,-0.13989816641188357,-0.27347816332532116,0.1534907323783572,-1.1060928016553402,0.4342092165614293,50.0,50.0,51.0,40.0,43.0,25.0,29.0,27.0,51.0,92.81,3975442432,1542483968,1517101056,7.24,8.14,8.89,25297891328,9720684544
2026-04-27T15:20:54.552940+02:00,0.09766771607908764,0.2677436767063165,0.23697002434111153,1.6844810167775084,1.422731649835903,2.368231186093031,1.1833304300638852,-0.13989816641188357,-0.27347816332532116,0.1534907323783572,-1.1060928016553402,0.4342092165614293,50.0,50.0,51.0,40.0,43.0,25.0,29.0,27.0,51.0,92.81,3975442432,1542483968,1517101056,7.24,8.14,8.89,25297891328,9720684544
2026-04-27T15:20:54.607812+02:00,0.09766771607908764,0.2677436767063165,0.23697002434111153,1.6844810167775084,1.422731649835903,2.368231186093031,1.1833304300638852,-0.13989816641188357,-0.27347816332532116,0.1534907323783572,-1.1060928016553402,0.4342092165614293,50.0,50.0,51.0,40.0,43.0,25.0,29.0,27.0,51.0,92.81,3975442432,1542483968,1517101056,7.24,8.14,8.89,25297891328,9720684544
2026-04-27T15:20:54.662347+02:00,0.09766771607908764,0.2677436767063165,0.23697002434111153,1.6844810167775084,1.422731649835903,2.368231186093031,1.1833304300638852,-0.13989816641188357,-0.27347816332532116,0.1534907323783572,-1.1060928016553402,0.4342092165614293,50.0,50.0,51.0,40.0,43.0,25.0,29.0,27.0,51.0,92.81,3975442432,1542483968,1517101056,7.24,8.14,8.89,25297891328,9720684544
2026-04-27T15:20:54.714008+02:00,0.09766771607908764,0.2677436767063165,0.23697002434111153,1.6844810167775084,1.422731649835903,2.368231186093031,1.1833304300638852,-0.13989816641188357,-0.27347816332532116,0.1534907323783572,-1.1060928016553402,0.4342092165614293,50.0,50.0,51.0,40.0,43.0,25.0,29.0,27.0,51.0,92.81,3975442432,1542483968,1517101056,7.24,8.14,8.89,25297891328,9720684544
2026-04-27T15:20:54.764687+02:00,0.09766771607908764,0.2677436767063165,0.23697002434111153,1.6844810167775084,1.422731649835903,2.368231186093031,1.1833304300638852,-0.13989816641188357,-0.27347816332532116,0.1534907323783572,-1.1060928016553402,0.4342092165614293,50.0,50.0,51.0,40.0,43.0,25.0,29.0,27.0,51.0,92.81,3975442432,1542483968,1517101056,7.24,8.14,8.89,25297891328,9720684544
2026-04-27T15:20:54.815838+02:00,0.09766771607908764,0.2677436767063165,0.23697002434111153,1.6844810167775084,1.422731649835903,2.368231186093031,1.1833304300638852,-0.13989816641188357,-0.27347816332532116,0.1534907323783572,-1.1060928016553402,0.4342092165614293,50.0,50.0,51.0,40.0,43.0,25.0,29.0,27.0,51.0,92.81,3975442432,1542483968,1517101056,7.24,8.14,8.89,25297891328,9720684544
2026-04-27T15:20:54.867384+02:00,0.09766771607908764,0.2677436767063165,0.23697002434111153,1.6844810167775084,1.422731649835903,2.368231186093031,1.1833304300638852,-0.13989816641188357,-0.27347816332532116,0.1534907323783572,-1.1060928016553402,0.4342092165614293,50.0,50.0,51.0,40.0,43.0,25.0,29.0,27.0,51.0,92.81,3975442432,1542483968,1517101056,7.24,8.14,8.89,25297891328,9720684544
2026-04-27T15:20:54.918110+02:00,0.09766771607908764,0.2677436767063165,0.23697002434111153,1.6844810167775084,1.422731649835903,2.368231186093031,1.1833304300638852,-0.13989816641188357,-0.27347816332532116,0.1534907323783572,-1.1060928016553402,0.4342092165614293,50.0,50.0,51.0,40.0,43.0,25.0,29.0,27.0,51.0,92.81,3975442432,1542483968,1517101056,7.24,8.14,8.89,25297891328,9720684544
2026-04-27T15:20:54.968477+02:00,0.09766771607908764,0.2677436767063165,0.23697002434111153,1.6844810167775084,1.422731649835903,2.368231186093031,1.1833304300638852,-0.13989816641188357,-0.27347816332532116,0.1534907323783572,-1.1060928016553402,0.4342092165614293,50.0,50.0,51.0,40.0,43.0,25.0,29.0,27.0,51.0,92.81,3975442432,1542483968,1517101056,7.24,8.14,8.89,25297891328,9720684544
2026-04-27T15:20:55.020581+02:00,0.09766771607908764,0.2677436767063165,0.23697002434111153,1.6844810167775084,1.422731649835903,2.368231186093031,1.1833304300638852,-0.13989816641188357,-0.27347816332532116,0.1534907323783572,-1.1060928016553402,0.4326752357735435,50.0,50.0,51.0,40.0,43.0,25.0,29.0,27.0,51.0,92.81,3975442432,1542483968,1517101056,7.24,8.14,8.89,25297891328,9720684544
2026-04-27T15:20:55.072657+02:00,0.09766771607908764,0.2677436767063165,0.23697002434111153,1.6844810167775084,1.422731649835903,2.368231186093031,1.1833304300638852,-0.13989816641188357,-0.27347816332532116,0.1534907323783572,-1.1060928016553402,0.4326752357735435,50.0,50.0,51.0,40.0,43.0,25.0,29.0,27.0,51.0,92.81,3975442432,1542483968,1517101056,7.24,8.14,8.89,25297891328,9720684544
2026-04-27T15:20:55.125220+02:00,0.09766771607908764,0.2677436767063165,0.23697002434111153,1.6844810167775084,1.422731649835903,2.368231186093031,1.1833304300638852,-0.13989816641188357,-0.27347816332532116,0.1534907323783572,-1.1060928016553402,0.4326752357735435,50.0,50.0,51.0,40.0,43.0,25.0,29.0,27.0,51.0,92.81,3975442432,1542483968,1517101056,7.24,8.14,8.89,25297891328,9720684544
2026-04-27T15:20:55.176498+02:00,0.09766771607908764,0.2677436767063165,0.23697002434111153,1.6844810167775084,1.422731649835903,2.368231186093031,1.1833304300638852,-0.13989816641188357,-0.27347816332532116,0.1534907323783572,-1.1060928016553402,0.4342092165614293,50.0,50.0,51.0,40.0,43.0,25.0,29.0,27.0,51.0,92.81,3975442432,1542483968,1517101056,7.24,8.14,8.89,25297891328,9720684544
2026-04-27T15:20:55.229316+02:00,0.09766771607908764,0.2677436767063165,0.23697002434111153,1.6829470359896241,1.4227316498359033,2.3682311860930327,1.1833304300638852,-0.13989816641188357,-0.27347816332532116,0.1534907323783572,-1.1060928016553402,0.4326752357735435,50.0,50.0,51.0,40.0,43.0,25.0,29.0,27.0,51.0,92.81,3975442432,1542483968,1517101056,7.24,8.14,8.89,25297891328,9720684544
2026-04-27T15:20:55.279651+02:00,0.09766771607908764,0.2677436767063165,0.23697002434111153,1.6829470359896241,1.4227316498359033,2.3682311860930327,1.1833304300638852,-0.13989816641188357,-0.27347816332532116,0.1534907323783572,-1.1060928016553402,0.4342092165614293,50.0,50.0,51.0,40.0,43.0,25.0,29.0,27.0,51.0,92.81,3975442432,1542483968,1517101056,7.24,8.14,8.89,25297891328,9720684544
2026-04-27T15:20:55.331609+02:00,0.09766771607908764,0.2677436767063165,0.23697002434111153,1.6829470359896241,1.4227316498359033,2.3682311860930327,1.1833304300638852,-0.13989816641188357,-0.27347816332532116,0.1534907323783572,-1.1060928016553402,0.4326752357735435,50.0,50.0,51.0,40.0,43.0,25.0,29.0,27.0,51.0,96.97,3975442432,1543839744,1515741184,7.24,8.14,8.89,25297891328,9720705024
2026-04-27T15:20:55.382658+02:00,0.09766771607908764,0.2677436767063165,0.23697002434111153,1.6829470359896241,1.4227316498359033,2.3682311860930327,1.1833304300638852,-0.13989816641188357,-0.27347816332532116,0.1534907323783572,-1.1060928016553402,0.4326752357735435,50.0,50.0,51.0,40.0,43.0,25.0,29.0,27.0,51.0,96.97,3975442432,1543839744,1515741184,7.24,8.14,8.89,25297891328,9720705024
2026-04-27T15:20:55.432615+02:00,0.09766771607908764,0.2677436767063165,0.23697002434111153,1.6829470359896241,1.4227316498359033,2.3682311860930327,1.1833304300638852,-0.13989816641188357,-0.27347816332532116,0.1534907323783572,-1.1060928016553402,0.4326752357735435,50.0,50.0,51.0,40.0,43.0,25.0,29.0,27.0,51.0,96.97,3975442432,1543839744,1515741184,7.24,8.14,8.89,25297891328,9720705024
2026-04-27T15:20:55.482650+02:00,0.09766771607908764,0.2677436767063165,0.23697002434111153,1.6829470359896241,1.4227316498359033,2.3682311860930327,1.1878962113871023,-0.1368682748304214,-0.2780230006975144,0.1519567515904714,-1.1060928016553402,0.4326752357735435,50.0,50.0,51.0,40.0,43.0,25.0,29.0,27.0,51.0,96.97,3975442432,1543839744,1515741184,7.24,8.14,8.89,25297891328,9720705024
2026-04-27T15:20:55.534788+02:00,0.09766771607908764,0.2677436767063165,0.23697002434111153,1.6829470359896241,1.4227316498359033,2.3682311860930327,1.190940065602581,-0.13383838324895925,-0.28105289227897656,0.1504227708025856,-1.107626782443226,0.4342092165614293,50.0,50.0,51.0,40.0,43.0,25.0,29.0,27.0,51.0,96.97,3975442432,1543839744,1515741184,7.24,8.14,8.89,25297891328,9720705024
2026-04-27T15:20:55.585667+02:00,0.09766771607908764,0.2677436767063165,0.23697002434111153,1.6829470359896241,1.4227316498359033,2.3682311860930327,1.1955058469257982,-0.1308084916674972,-0.2871126754419009,0.14888879001470023,-1.107626782443226,0.4326752357735435,50.0,50.0,51.0,40.0,43.0,25.0,29.0,27.0,51.0,96.97,3975442432,1543839744,1515741184,7.24,8.14,8.89,25297891328,9720705024
2026-04-27T15:20:55.637280+02:00,0.09458294301527939,0.2664764573915511,0.23650502205536533,1.7052208553900965,1.4269197803508313,2.400848930924612,1.2046374095722325,-0.12323376271384179,-0.2962023501862874,0.14888879001470023,-1.1106947440189967,0.4326752357735435,50.0,50.0,51.0,40.0,43.0,25.0,29.0,27.0,51.0,96.97,3975442432,1543839744,1515741184,7.24,8.14,8.89,25297891328,9720705024
2026-04-27T15:20:55.689877+02:00,0.09458294301527939,0.2664764573915511,0.23650502205536533,1.7052208553900965,1.4269197803508313,2.400848930924612,1.2076812637877103,-0.11868892534164854,-0.3007471875584806,0.14888879001470023,-1.1152966863826541,0.4326752357735435,50.0,50.0,51.0,40.0,43.0,25.0,29.0,27.0,51.0,96.97,3975442432,1543839744,1515741184,7.24,8.14,8.89,25297891328,9720705024
2026-04-27T15:20:55.742199+02:00,0.09458294301527939,0.2664764573915511,0.23650502205536533,1.7052208553900965,1.4269197803508313,2.400848930924612,1.2076812637877103,-0.11868892534164854,-0.3007471875584806,0.14888879001470023,-1.1152966863826541,0.4326752357735435,50.0,50.0,51.0,40.0,43.0,25.0,29.0,27.0,51.0,96.97,3975442432,1543839744,1515741184,7.24,8.14,8.89,25297891328,9720705024
2026-04-27T15:20:55.792674+02:00,0.09458294301527939,0.2664764573915511,0.23650502205536533,1.7052208553900965,1.4269197803508313,2.400848930924612,1.2076812637877103,-0.11868892534164854,-0.3007471875584806,0.14888879001470023,-1.1152966863826541,0.4326752357735435,50.0,50.0,51.0,40.0,43.0,25.0,29.0,27.0,51.0,96.97,3975442432,1543839744,1515741184,7.24,8.14,8.89,25297891328,9720705024
2026-04-27T15:20:55.846647+02:00,0.08635666447607748,0.2629860635636193,0.23608073214867176,1.7760600134376212,1.4356832100676344,2.49887553764701,1.2320320975115355,-0.09899463006214448,-0.326501266000909,0.13354898213584354,-1.1260345518978538,0.4342092165614293,50.0,50.0,51.0,40.0,43.0,25.0,29.0,27.0,51.0,96.97,3975442432,1543839744,1515741184,7.24,8.14,8.89,25297891328,9720705024
2026-04-27T15:20:55.898940+02:00,0.08635666447607748,0.2629860635636193,0.23608073214867176,1.7760600134376212,1.4356832100676344,2.49887553764701,1.2396417330502305,-0.09293484689922016,-0.3340759949545642,0.13048102056007238,-1.1306364942615104,0.4342092165614293,50.0,50.0,51.0,40.0,43.0,25.0,29.0,27.0,51.0,96.97,3975442432,1543839744,1515741184,7.24,8.14,8.89,25297891328,9720705024
2026-04-27T15:20:55.950668+02:00,0.08635666447607748,0.2629860635636193,0.23608073214867176,1.7760600134376212,1.4356832100676344,2.49887553764701,1.2487732956966648,-0.08384517215483378,-0.3446806154896819,0.12741305898430122,-1.133704455837282,0.4342092165614293,50.0,50.0,51.0,40.0,43.0,25.0,29.0,27.0,51.0,96.97,3975442432,1543839744,1515741184,7.24,8.14,8.89,25297891328,9720705024
2026-04-27T15:20:56.002078+02:00,0.08635666447607748,0.2629860635636193,0.23608073214867176,1.7760600134376212,1.4356832100676344,2.49887553764701,1.2563829312353598,-0.07778538899190945,-0.35377029023406836,0.12741305898430122,-1.133704455837282,0.4342092165614293,50.0,50.0,51.0,40.0,43.0,25.0,29.0,27.0,51.0,96.97,3975442432,1543839744,1515741184,7.24,8.14,8.89,25297891328,9720705024
2026-04-27T15:20:56.052888+02:00,0.08635666447607748,0.2629860635636193,0.23608073214867176,1.7760600134376212,1.4356832100676344,2.49887553764701,1.2685583480972729,-0.06718076845679188,-0.3658898565599169,0.11820917425698729,-1.142908340564596,0.4342092165614293,50.0,50.0,51.0,40.0,43.0,25.0,29.0,27.0,51.0,96.97,3975442432,1543839744,1515741184,7.24,8.14,8.89,25297891328,9720705024
2026-04-27T15:20:56.106287+02:00,0.0736700783810444,0.25589988388047,0.234301370066005,1.9840465306073587,1.4550945372754374,2.752545239023124,1.2868214733901415,-0.05051636475874999,-0.38558415183942096,0.10900528952967337,-1.1536462060797947,0.4342092165614293,50.0,50.0,51.0,40.0,43.0,25.0,29.0,27.0,51.0,96.97,3975442432,1543839744,1515741184,7.24,8.14,8.89,25297891328,9720705024
2026-04-27T15:20:56.157651+02:00,0.0736700783810444,0.25589988388047,0.234301370066005,1.9840465306073587,1.4550945372754374,2.752545239023124,1.2868214733901415,-0.05051636475874999,-0.38558415183942096,0.10900528952967337,-1.1536462060797947,0.4342092165614293,50.0,50.0,51.0,40.0,43.0,25.0,29.0,27.0,51.0,96.97,3975442432,1543839744,1515741184,7.24,8.14,8.89,25297891328,9720705024
2026-04-27T15:20:56.208649+02:00,0.0736700783810444,0.25589988388047,0.234301370066005,1.9840465306073587,1.4550945372754374,2.752545239023124,1.3142161613294445,-0.029307123688514958,-0.4143681218633114,0.09519946243870248,-1.168986013958651,0.4357431973493151,50.0,50.0,51.0,40.0,43.0,25.0,29.0,27.0,51.0,96.97,3975442432,1543839744,1515741184,7.24,8.14,8.89,25297891328,9720705024
2026-04-27T15:20:56.263464+02:00,0.05878768771903092,0.2462579059901048,0.23247654442747925,2.3285117942482927,1.4712873530391553,-3.1255850036522506,1.3340012137300516,-0.009612828409010898,-0.4370923087242776,0.08752955849927435,-1.1751219371101942,0.4357431973493151,50.0,50.0,51.0,40.0,43.0,25.0,29.0,27.0,51.0,96.97,3975442432,1543839744,1515741184,7.24,8.14,8.89,25297891328,9720705024
2026-04-27T15:20:56.313900+02:00,0.05878768771903092,0.2462579059901048,0.23247654442747925,2.3285117942482927,1.4712873530391553,-3.1255850036522506,1.3461766305919647,0.0025067379168377535,-0.45224176663158844,0.07985965455984623,-1.1873937834132788,0.4357431973493151,50.0,50.0,51.0,40.0,43.0,25.0,29.0,27.0,51.0,96.97,3975442432,1543839744,1515741184,7.24,8.14,8.89,25297891328,9720705024
2026-04-27T15:20:56.365606+02:00,0.05878768771903092,0.2462579059901048,0.23247654442747925,2.3285117942482927,1.4712873530391553,-3.1255850036522506,1.3766151727467455,0.02977576214999711,-0.48405562823694104,0.06758780825676114,-1.1981316489284786,0.4357431973493151,50.0,50.0,51.0,40.0,43.0,25.0,29.0,27.0,51.0,96.97,3975442432,1543839744,1515741184,7.24,8.14,8.89,25297891328,9720705024
2026-04-27T15:20:56.415734+02:00,0.05878768771903092,0.2462579059901048,0.23247654442747925,2.3285117942482927,1.4712873530391553,-3.1255850036522506,1.3872686625009192,0.04038038268511468,-0.4961751945627897,0.06451984668098998,-1.2058015528679067,0.4357431973493151,50.0,50.0,51.0,40.0,43.0,25.0,29.0,27.0,51.0,98.43,3975442432,1551351808,1508208640,7.24,8.14,8.89,25297891328,9720705024
2026-04-27T15:20:56.469175+02:00,0.04011672541229371,0.22993330558076452,0.23011636440692085,2.9417936471745607,1.4683848997711961,-2.4277071885268655,1.4055317877937878,0.057044786383156576,-0.5158694898422936,0.059917904317333015,-1.2088695144436783,0.4357431973493151,50.0,50.0,51.0,40.0,43.0,25.0,29.0,27.0,51.0,98.43,3975442432,1551351808,1508208640,7.24,8.14,8.89,25297891328,9720705024
2026-04-27T15:20:56.520297+02:00,0.04011672541229371,0.22993330558076452,0.23011636440692085,2.9417936471745607,1.4683848997711961,-2.4277071885268655,1.4268387673021343,0.07673908166266052,-0.5385936767032599,0.046112077226362125,-1.2226753415346487,0.4357431973493151,50.0,50.0,51.0,40.0,43.0,25.0,29.0,27.0,51.0,98.43,3975442432,1551351808,1508208640,7.24,8.14,8.89,25297891328,9720705024
2026-04-27T15:20:56.571617+02:00,0.04011672541229371,0.22993330558076452,0.23011636440692085,2.9417936471745607,1.4683848997711961,-2.4277071885268655,1.445101892595003,0.09340348536070242,-0.5598029177734949,0.038442173286934,-1.2303452454740769,0.4357431973493151,50.0,50.0,51.0,40.0,43.0,25.0,29.0,27.0,51.0,98.43,3975442432,1551351808,1508208640,7.24,8.14,8.89,25297891328,9720705024
2026-04-27T15:20:56.623749+02:00,0.04011672541229371,0.22993330558076452,0.23011636440692085,2.9417936471745607,1.4683848997711961,-2.4277071885268655,1.4603211636723938,0.10855294326801312,-0.5764673214715368,0.032306250135391235,-1.238015149413505,0.4357431973493151,50.0,50.0,51.0,40.0,43.0,25.0,29.0,27.0,51.0,98.43,3975442432,1551351808,1508208640,7.24,8.14,8.89,25297891328,9720705024
2026-04-27T15:20:56.676516+02:00,0.02531506026786645,0.21475889356292033,0.22787931172295556,-3.002731699845725,1.443556927987807,-2.015759811201716,1.4709746534265666,0.11764261801239967,-0.5870719420066544,0.030772269347505876,-1.2410831109892766,0.4357431973493151,50.0,50.0,51.0,40.0,43.0,25.0,29.0,27.0,51.0,98.43,3975442432,1551351808,1508208640,7.24,8.14,8.89,25297891328,9720705024
2026-04-27T15:20:56.731062+02:00,0.02531506026786645,0.21475889356292033,0.22787931172295556,-3.002731699845725,1.443556927987807,-2.015759811201716,1.4907597058271747,0.13733691329190367,-0.6097961288676205,0.02463634619596311,-1.2456850533529331,0.4357431973493151,50.0,50.0,51.0,40.0,43.0,25.0,29.0,27.0,51.0,98.43,3975442432,1551351808,1508208640,7.24,8.14,8.89,25297891328,9720705024
2026-04-27T15:20:56.786083+02:00,0.02531506026786645,0.21475889356292033,0.22787931172295556,-3.002731699845725,1.443556927987807,-2.015759811201716,1.4968474142581312,0.14036680487336584,-0.6158559120305448,0.023102365408077308,-1.247219034140819,0.4357431973493151,50.0,50.0,51.0,40.0,43.0,25.0,29.0,27.0,51.0,98.43,3975442432,1551351808,1508208640,7.24,8.14,8.89,25297891328,9720705024
2026-04-27T15:20:56.837742+02:00,0.02531506026786645,0.21475889356292033,0.22787931172295556,-3.002731699845725,1.443556927987807,-2.015759811201716,1.4968474142581312,0.14036680487336584,-0.6158559120305448,0.023102365408077308,-1.247219034140819,0.4357431973493151,50.0,50.0,51.0,40.0,43.0,25.0,29.0,27.0,51.0,98.43,3975442432,1551351808,1508208640,7.24,8.14,8.89,25297891328,9720705024
2026-04-27T15:20:56.889645+02:00,0.011255972476444638,0.19803541059823934,0.224306039342189,-2.8004644224008173,1.4104510041988663,-1.7352674817719624,1.5318517377361291,0.17369561226944952,-0.6552445025895528,0.009296538317106862,-1.264092822807561,0.4357431973493151,50.0,50.0,51.0,40.0,43.0,25.0,29.0,27.0,51.0,98.43,3975442432,1551351808,1508208640,7.24,8.14,8.89,25297891328,9720705024
2026-04-27T15:20:56.944071+02:00,0.011255972476444638,0.19803541059823934,0.224306039342189,-2.8004644224008173,1.4104510041988663,-1.7352674817719624,1.5485929359212585,0.19187496175822244,-0.6749387978690569,0.0031606151655640957,-1.2702287459591033,0.4357431973493151,50.0,50.0,51.0,40.0,43.0,25.0,29.0,27.0,51.0,98.43,3975442432,1551351808,1508208640,7.24,8.14,8.89,25297891328,9720705024
2026-04-27T15:20:56.995584+02:00,0.011255972476444638,0.19803541059823934,0.224306039342189,-2.8004644224008173,1.4104510041988663,-1.7352674817719624,1.5577244985676928,0.20096463650260893,-0.6840284726134434,0.0016266343776782932,-1.2763646691106465,0.4357431973493151,50.0,50.0,51.0,40.0,43.0,25.0,29.0,27.0,51.0,98.43,3975442432,1551351808,1508208640,7.24,8.14,8.89,25297891328,9720705024
2026-04-27T15:20:57.050001+02:00,0.0031540215724041366,0.18589148215554016,0.2215864781946547,-2.7136568662990266,1.385226038941271,-1.5968628711838215,1.5653341341063887,0.2115692570377265,-0.6946330931485608,-0.002975307985978226,-1.2794326306864172,0.4357431973493151,50.0,50.0,51.0,40.0,43.0,25.0,29.0,27.0,51.0,98.43,3975442432,1551351808,1508208640,7.24,8.14,8.89,25297891328,9720705024
2026-04-27T15:20:57.105271+02:00,0.0031540215724041366,0.18589148215554016,0.2215864781946547,-2.7136568662990266,1.385226038941271,-1.5968628711838215,1.5729437696450836,0.21914398599138185,-0.7022078221022162,-0.004509288773864029,-1.2778986498985323,0.4357431973493151,50.0,50.0,51.0,40.0,43.0,25.0,29.0,27.0,51.0,98.43,3975442432,1551351808,1508208640,7.24,8.14,8.89,25297891328,9720705024
2026-04-27T15:20:57.157483+02:00,0.0031540215724041366,0.18589148215554016,0.2215864781946547,-2.7136568662990266,1.385226038941271,-1.5968628711838215,1.5775095509683008,0.22520376915430618,-0.7067526594744095,-0.006043269561749831,-1.2794326306864172,0.4357431973493151,50.0,50.0,51.0,40.0,43.0,25.0,29.0,27.0,51.0,98.43,3975442432,1551351808,1508208640,7.24,8.14,8.89,25297891328,9720705024
2026-04-27T15:20:57.212523+02:00,0.0031540215724041366,0.18589148215554016,0.2215864781946547,-2.7136568662990266,1.385226038941271,-1.5968628711838215,1.5835972593992573,0.23277849810796158,-0.7143273884280649,-0.009111231137520992,-1.2840345730500746,0.4357431973493151,50.0,50.0,51.0,40.0,43.0,25.0,29.0,27.0,51.0,98.43,3975442432,1551351808,1508208640,7.24,8.14,8.89,25297891328,9720705024
2026-04-27T15:20:57.264086+02:00,-0.0014170193254611804,0.17744894675790296,0.2207044275881171,-2.670898060264723,1.377416202249398,-1.521707419503277,1.5835972593992573,0.23277849810796158,-0.7143273884280649,-0.009111231137520992,-1.2840345730500746,0.4357431973493151,50.0,50.0,51.0,40.0,43.0,25.0,29.0,27.0,51.0,98.43,3975442432,1551351808,1508208640,7.24,8.14,8.89,25297891328,9720705024
2026-04-27T15:20:57.316331+02:00,-0.0014170193254611804,0.17744894675790296,0.2207044275881171,-2.670898060264723,1.377416202249398,-1.521707419503277,1.5866411136147351,0.23883828127088585,-0.7188722258002581,-0.010645211925406795,-1.2855685538379604,0.4357431973493151,50.0,50.0,51.0,40.0,43.0,25.0,29.0,27.0,51.0,98.43,3975442432,1551351808,1508208640,7.24,8.14,8.89,25297891328,9720705024
2026-04-27T15:20:57.367182+02:00,-0.0014170193254611804,0.17744894675790296,0.2207044275881171,-2.670898060264723,1.377416202249398,-1.521707419503277,1.5866411136147351,0.23883828127088585,-0.7188722258002581,-0.012179192713292153,-1.2855685538379604,0.4357431973493151,50.0,50.0,51.0,40.0,43.0,25.0,29.0,27.0,51.0,98.43,3975442432,1551351808,1508208640,7.24,8.14,8.89,25297891328,9720705024
2026-04-27T15:20:57.418264+02:00,-0.0014170193254611804,0.17744894675790296,0.2207044275881171,-2.670898060264723,1.377416202249398,-1.521707419503277,1.5866411136147351,0.23883828127088585,-0.7188722258002581,-0.012179192713292153,-1.2871025346258453,0.4357431973493151,50.0,50.0,51.0,40.0,43.0,25.0,29.0,27.0,51.0,98.43,3975442432,1551351808,1508208640,7.24,8.14,8.89,25297891328,9720705024
2026-04-27T15:20:57.471209+02:00,-0.0018422006659871502,0.17566246382842984,0.2207662037197421,-2.6505371469277805,1.374132706806831,-1.4950786389404687,1.5866411136147351,0.23883828127088585,-0.7188722258002581,-0.012179192713292153,-1.2871025346258453,0.4357431973493151,50.0,50.0,51.0,40.0,43.0,25.0,29.0,27.0,51.0,98.73,3975442432,1578463232,1481097216,7.7,8.22,8.91,25297891328,9720709120
2026-04-27T15:20:57.522365+02:00,-0.0018422006659871502,0.17566246382842984,0.2207662037197421,-2.6505371469277805,1.374132706806831,-1.4950786389404687,1.5866411136147351,0.23883828127088585,-0.7188722258002581,-0.012179192713292153,-1.2871025346258453,0.4357431973493151,50.0,50.0,51.0,40.0,43.0,25.0,29.0,27.0,51.0,98.73,3975442432,1578463232,1481097216,7.7,8.22,8.91,25297891328,9720709120
2026-04-27T15:20:57.573427+02:00,-0.0018422006659871502,0.17566246382842984,0.2207662037197421,-2.6505371469277805,1.374132706806831,-1.4950786389404687,1.5866411136147351,0.23883828127088585,-0.7188722258002581,-0.012179192713292153,-1.2871025346258453,0.4357431973493151,50.0,50.0,51.0,40.0,43.0,25.0,29.0,27.0,51.0,98.73,3975442432,1578463232,1481097216,7.7,8.22,8.91,25297891328,9720709120
2026-04-27T15:20:57.627686+02:00,-0.0018422006659871502,0.17566246382842984,0.2207662037197421,-2.6505371469277805,1.374132706806831,-1.4950786389404687,1.5866411136147351,0.23883828127088585,-0.7188722258002581,-0.012179192713292153,-1.2871025346258453,0.4357431973493151,50.0,50.0,51.0,40.0,43.0,25.0,29.0,27.0,51.0,98.73,3975442432,1578463232,1481097216,7.7,8.22,8.91,25297891328,9720709120
2026-04-27T15:20:57.678616+02:00,-0.0018422006659871502,0.17566246382842984,0.2207662037197421,-2.6505371469277805,1.374132706806831,-1.4950786389404687,1.5866411136147351,0.23883828127088585,-0.7188722258002581,-0.012179192713292153,-1.2871025346258453,0.4357431973493151,50.0,50.0,51.0,40.0,43.0,25.0,29.0,27.0,51.0,98.73,3975442432,1578463232,1481097216,7.7,8.22,8.91,25297891328,9720709120
2026-04-27T15:20:57.729580+02:00,-0.0018422006659871502,0.17566246382842984,0.2207662037197421,-2.6505371469277805,1.374132706806831,-1.4950786389404687,1.5866411136147351,0.23883828127088585,-0.7188722258002581,-0.012179192713292153,-1.2871025346258453,0.4357431973493151,50.0,50.0,51.0,40.0,43.0,25.0,29.0,27.0,51.0,98.73,3975442432,1578463232,1481097216,7.7,8.22,8.91,25297891328,9720709120
2026-04-27T15:20:57.782634+02:00,-0.0018422006659871502,0.17566246382842984,0.2207662037197421,-2.6505371469277805,1.374132706806831,-1.4950786389404687,1.5866411136147351,0.23883828127088585,-0.7188722258002581,-0.012179192713292153,-1.2871025346258453,0.4357431973493151,50.0,50.0,51.0,40.0,43.0,25.0,29.0,27.0,51.0,98.73,3975442432,1578463232,1481097216,7.7,8.22,8.91,25297891328,9720709120
2026-04-27T15:20:57.833217+02:00,-0.0018422006659871502,0.17566246382842984,0.2207662037197421,-2.6505371469277805,1.374132706806831,-1.4950786389404687,1.5866411136147351,0.23883828127088585,-0.7188722258002581,-0.012179192713292153,-1.2871025346258453,0.4357431973493151,50.0,50.0,51.0,40.0,43.0,25.0,29.0,27.0,51.0,98.73,3975442432,1578463232,1481097216,7.7,8.22,8.91,25297891328,9720709120
2026-04-27T15:20:57.886237+02:00,-0.0018422006659871502,0.17566246382842984,0.2207662037197421,-2.6505371469277805,1.374132706806831,-1.4950786389404687,1.5866411136147351,0.23883828127088585,-0.7188722258002581,-0.012179192713292153,-1.2871025346258453,0.4357431973493151,50.0,50.0,51.0,40.0,43.0,25.0,29.0,27.0,51.0,98.73,3975442432,1578463232,1481097216,7.7,8.22,8.91,25297891328,9720709120
2026-04-27T15:20:57.939310+02:00,-0.0018422006659871502,0.17566246382842984,0.2207662037197421,-2.6505371469277805,1.374132706806831,-1.4950786389404687,1.5866411136147351,0.23883828127088585,-0.7188722258002581,-0.012179192713292153,-1.2871025346258453,0.4357431973493151,50.0,50.0,51.0,40.0,43.0,25.0,29.0,27.0,51.0,98.73,3975442432,1578463232,1481097216,7.7,8.22,8.91,25297891328,9720709120
2026-04-27T15:20:57.989948+02:00,-0.0018422006659871502,0.17566246382842984,0.2207662037197421,-2.6505371469277805,1.374132706806831,-1.4950786389404687,1.5866411136147351,0.23883828127088585,-0.7188722258002581,-0.012179192713292153,-1.2871025346258453,0.4357431973493151,50.0,50.0,51.0,40.0,43.0,25.0,29.0,27.0,51.0,98.73,3975442432,1578463232,1481097216,7.7,8.22,8.91,25297891328,9720709120
2026-04-27T15:20:58.040223+02:00,-0.0018422006659871502,0.17566246382842984,0.2207662037197421,-2.6505371469277805,1.374132706806831,-1.4950786389404687,1.5866411136147351,0.23883828127088585,-0.7188722258002581,-0.012179192713292153,-1.2871025346258453,0.4357431973493151,50.0,50.0,51.0,40.0,43.0,25.0,29.0,27.0,51.0,98.73,3975442432,1578463232,1481097216,7.7,8.22,8.91,25297891328,9720709120
2026-04-27T15:20:58.090538+02:00,-0.0018422006659871502,0.17566246382842984,0.2207662037197421,-2.6505371469277805,1.374132706806831,-1.4950786389404687,1.5866411136147351,0.23883828127088585,-0.7188722258002581,-0.012179192713292153,-1.2871025346258453,0.4357431973493151,50.0,50.0,51.0,40.0,43.0,25.0,29.0,27.0,51.0,98.73,3975442432,1578463232,1481097216,7.7,8.22,8.91,25297891328,9720709120
2026-04-27T15:20:58.140723+02:00,-0.0018422006659871502,0.17566246382842984,0.2207662037197421,-2.6505371469277805,1.374132706806831,-1.4950786389404687,1.5866411136147351,0.23883828127088585,-0.7188722258002581,-0.012179192713292153,-1.2871025346258453,0.4357431973493151,50.0,50.0,51.0,40.0,43.0,25.0,29.0,27.0,51.0,98.73,3975442432,1578463232,1481097216,7.7,8.22,8.91,25297891328,9720709120
2026-04-27T15:20:58.191005+02:00,-0.0018422006659871502,0.17566246382842984,0.2207662037197421,-2.6505371469277805,1.374132706806831,-1.4950786389404687,1.5866411136147351,0.23883828127088585,-0.7188722258002581,-0.012179192713292153,-1.2871025346258453,0.4357431973493151,50.0,50.0,51.0,40.0,43.0,25.0,29.0,27.0,51.0,98.73,3975442432,1578463232,1481097216,7.7,8.22,8.91,25297891328,9720709120
2026-04-27T15:20:58.241605+02:00,-0.0018422006659871502,0.17566246382842984,0.2207662037197421,-2.6505371469277805,1.374132706806831,-1.4950786389404687,1.5866411136147351,0.23883828127088585,-0.7188722258002581,-0.012179192713292153,-1.2871025346258453,0.4357431973493151,50.0,50.0,51.0,40.0,43.0,25.0,29.0,27.0,51.0,98.73,3975442432,1578463232,1481097216,7.7,8.22,8.91,25297891328,9720709120
2026-04-27T15:20:58.295725+02:00,-0.0018422006659871502,0.17566246382842984,0.2207662037197421,-2.6505371469277805,1.374132706806831,-1.4950786389404687,1.5866411136147351,0.23883828127088585,-0.7188722258002581,-0.012179192713292153,-1.2871025346258453,0.4357431973493151,50.0,50.0,51.0,40.0,43.0,25.0,29.0,27.0,51.0,98.73,3975442432,1578463232,1481097216,7.7,8.22,8.91,25297891328,9720709120
2026-04-27T15:20:58.350692+02:00,-0.0018422006659871502,0.17566246382842984,0.2207662037197421,-2.6505371469277805,1.374132706806831,-1.4950786389404687,1.5866411136147351,0.23883828127088585,-0.7188722258002581,-0.012179192713292153,-1.2871025346258453,0.4357431973493151,50.0,50.0,51.0,40.0,43.0,25.0,29.0,27.0,51.0,98.73,3975442432,1578463232,1481097216,7.7,8.22,8.91,25297891328,9720709120
2026-04-27T15:20:58.405085+02:00,-0.0018422006659871502,0.17566246382842984,0.2207662037197421,-2.6505371469277805,1.374132706806831,-1.4950786389404687,1.5866411136147351,0.23883828127088585,-0.7188722258002581,-0.012179192713292153,-1.2871025346258453,0.4357431973493151,50.0,50.0,51.0,40.0,43.0,25.0,29.0,27.0,51.0,98.73,3975442432,1578463232,1481097216,7.7,8.22,8.91,25297891328,9720709120
2026-04-27T15:20:58.456593+02:00,-0.0018422006659871502,0.17566246382842984,0.2207662037197421,-2.6505371469277805,1.374132706806831,-1.4950786389404687,1.5866411136147351,0.23883828127088585,-0.7188722258002581,-0.012179192713292153,-1.2871025346258453,0.4357431973493151,50.0,50.0,51.0,40.0,43.0,25.0,29.0,27.0,51.0,98.73,3975442432,1578463232,1481097216,7.7,8.22,8.91,25297891328,9720709120
2026-04-27T15:20:58.509199+02:00,-0.0018422006659871502,0.17566246382842984,0.2207662037197421,-2.6505371469277805,1.374132706806831,-1.4950786389404687,1.5866411136147351,0.23883828127088585,-0.7188722258002581,-0.012179192713292153,-1.2871025346258453,0.4357431973493151,50.0,50.0,50.0,40.0,43.0,25.0,29.0,27.0,52.0,97.14,3975442432,1587515392,1472040960,7.7,8.22,8.91,25297891328,9720713216
2026-04-27T15:20:58.564243+02:00,-0.0018422006659871502,0.17566246382842984,0.2207662037197421,-2.6505371469277805,1.374132706806831,-1.4950786389404687,1.5866411136147351,0.23883828127088585,-0.7188722258002581,-0.012179192713292153,-1.2871025346258453,0.4357431973493151,50.0,50.0,50.0,40.0,43.0,25.0,29.0,27.0,52.0,97.14,3975442432,1587515392,1472040960,7.7,8.22,8.91,25297891328,9720713216
2026-04-27T15:20:58.616146+02:00,-0.0018422006659871502,0.17566246382842984,0.2207662037197421,-2.6505371469277805,1.374132706806831,-1.4950786389404687,1.5866411136147351,0.23883828127088585,-0.7188722258002581,-0.012179192713292153,-1.2871025346258453,0.4357431973493151,50.0,50.0,50.0,40.0,43.0,25.0,29.0,27.0,52.0,97.14,3975442432,1587515392,1472040960,7.7,8.22,8.91,25297891328,9720713216
2026-04-27T15:20:58.667072+02:00,-0.0018422006659871502,0.17566246382842984,0.2207662037197421,-2.6505371469277805,1.374132706806831,-1.4950786389404687,1.5866411136147351,0.23883828127088585,-0.7188722258002581,-0.012179192713292153,-1.2871025346258453,0.4357431973493151,50.0,50.0,50.0,40.0,43.0,25.0,29.0,27.0,52.0,97.14,3975442432,1587515392,1472040960,7.7,8.22,8.91,25297891328,9720713216
2026-04-27T15:20:58.721598+02:00,-0.0018422006659871502,0.17566246382842984,0.2207662037197421,-2.6505371469277805,1.374132706806831,-1.4950786389404687,1.5866411136147351,0.23883828127088585,-0.7188722258002581,-0.012179192713292153,-1.2871025346258453,0.4357431973493151,50.0,50.0,50.0,40.0,43.0,25.0,29.0,27.0,52.0,97.14,3975442432,1587515392,1472040960,7.7,8.22,8.91,25297891328,9720713216
2026-04-27T15:20:58.771733+02:00,-0.0018422006659871502,0.17566246382842984,0.2207662037197421,-2.6505371469277805,1.374132706806831,-1.4950786389404687,1.5866411136147351,0.23883828127088585,-0.7188722258002581,-0.012179192713292153,-1.2871025346258453,0.4357431973493151,50.0,50.0,50.0,40.0,43.0,25.0,29.0,27.0,52.0,97.14,3975442432,1587515392,1472040960,7.7,8.22,8.91,25297891328,9720713216
2026-04-27T15:20:58.825096+02:00,-0.0018422006659871502,0.17566246382842984,0.2207662037197421,-2.6505371469277805,1.374132706806831,-1.4950786389404687,1.5866411136147351,0.23883828127088585,-0.7188722258002581,-0.012179192713292153,-1.2871025346258453,0.4357431973493151,50.0,50.0,50.0,40.0,43.0,25.0,29.0,27.0,52.0,97.14,3975442432,1587515392,1472040960,7.7,8.22,8.91,25297891328,9720713216
2026-04-27T15:20:58.876055+02:00,-0.0018422006659871502,0.17566246382842984,0.2207662037197421,-2.6505371469277805,1.374132706806831,-1.4950786389404687,1.5866411136147351,0.23883828127088585,-0.7188722258002581,-0.012179192713292153,-1.2871025346258453,0.4357431973493151,50.0,50.0,50.0,40.0,43.0,25.0,29.0,27.0,52.0,97.14,3975442432,1587515392,1472040960,7.7,8.22,8.91,25297891328,9720713216
2026-04-27T15:20:58.929354+02:00,-0.0018422006659871502,0.17566246382842984,0.2207662037197421,-2.6505371469277805,1.374132706806831,-1.4950786389404687,1.5866411136147351,0.23883828127088585,-0.7188722258002581,-0.012179192713292153,-1.2871025346258453,0.4357431973493151,50.0,50.0,50.0,40.0,43.0,25.0,29.0,27.0,52.0,97.14,3975442432,1587515392,1472040960,7.7,8.22,8.91,25297891328,9720713216
2026-04-27T15:20:58.984490+02:00,-0.0018422006659871502,0.17566246382842984,0.2207662037197421,-2.6505371469277805,1.374132706806831,-1.4950786389404687,1.5866411136147351,0.23883828127088585,-0.7188722258002581,-0.012179192713292153,-1.2871025346258453,0.4357431973493151,50.0,50.0,50.0,40.0,43.0,25.0,29.0,27.0,52.0,97.14,3975442432,1587515392,1472040960,7.7,8.22,8.91,25297891328,9720713216
2026-04-27T15:20:59.035190+02:00,-0.0018422006659871502,0.17566246382842984,0.2207662037197421,-2.6505371469277805,1.374132706806831,-1.4950786389404687,1.5866411136147351,0.23883828127088585,-0.7188722258002581,-0.012179192713292153,-1.2871025346258453,0.4357431973493151,50.0,50.0,50.0,40.0,43.0,25.0,29.0,27.0,52.0,97.14,3975442432,1587515392,1472040960,7.7,8.22,8.91,25297891328,9720713216
2026-04-27T15:20:59.085997+02:00,-0.0018422006659871502,0.17566246382842984,0.2207662037197421,-2.6505371469277805,1.374132706806831,-1.4950786389404687,1.5866411136147351,0.23883828127088585,-0.7188722258002581,-0.012179192713292153,-1.2871025346258453,0.4357431973493151,50.0,50.0,50.0,40.0,43.0,25.0,29.0,27.0,52.0,97.14,3975442432,1587515392,1472040960,7.7,8.22,8.91,25297891328,9720713216
2026-04-27T15:20:59.139175+02:00,-0.0018422006659871502,0.17566246382842984,0.2207662037197421,-2.6505371469277805,1.374132706806831,-1.4950786389404687,1.5881630407224745,0.23732333548015483,-0.7203871715909892,-0.012179192713292153,-1.2871025346258453,0.4357431973493151,50.0,50.0,50.0,40.0,43.0,25.0,29.0,27.0,52.0,97.14,3975442432,1587515392,1472040960,7.7,8.22,8.91,25297891328,9720713216
2026-04-27T15:20:59.190565+02:00,-0.0018422006659871502,0.17566246382842984,0.2207662037197421,-2.6505371469277805,1.374132706806831,-1.4950786389404687,1.589684967830213,0.23732333548015483,-0.7203871715909892,-0.012179192713292153,-1.2871025346258453,0.4326752357735435,50.0,50.0,50.0,40.0,43.0,25.0,29.0,27.0,52.0,97.14,3975442432,1587515392,1472040960,7.7,8.22,8.91,25297891328,9720713216
2026-04-27T15:20:59.240649+02:00,-0.0024104300142917235,0.17566779313117262,0.21894515929088076,-2.6563900012917845,1.3710063741953884,-1.4767001650513798,1.5927288220456917,0.2312635523172305,-0.7249320089631824,-0.016781135076949116,-1.273296707534875,0.40506358159160216,50.0,50.0,50.0,40.0,43.0,25.0,29.0,27.0,52.0,97.14,3975442432,1587515392,1472040960,7.7,8.22,8.91,25297891328,9720713216
2026-04-27T15:20:59.292673+02:00,-0.0024104300142917235,0.17566779313117262,0.21894515929088076,-2.6563900012917845,1.3710063741953884,-1.4767001650513798,1.5957726762611695,0.2236888233635751,-0.7294768463353757,-0.019849096652720277,-1.254888938080247,0.3774519274096604,50.0,50.0,50.0,40.0,43.0,25.0,29.0,27.0,52.0,97.14,3975442432,1587515392,1472040960,7.7,8.22,8.91,25297891328,9720713216
2026-04-27T15:20:59.346734+02:00,-0.0024104300142917235,0.17566779313117262,0.21894515929088076,-2.6563900012917845,1.3710063741953884,-1.4767001650513798,1.5988165304766473,0.21762904020065077,-0.7325067379168378,-0.022917058228491882,-1.2441510725650482,0.34830629243983324,50.0,50.0,50.0,40.0,43.0,25.0,29.0,27.0,52.0,97.14,3975442432,1587515392,1472040960,7.7,8.22,8.91,25297891328,9720713216
2026-04-27T15:20:59.397728+02:00,-0.0024104300142917235,0.17566779313117262,0.21894515929088076,-2.6563900012917845,1.3710063741953884,-1.4767001650513798,1.6003384575843866,0.21308420282845758,-0.7355366294983,-0.02445103901637724,-1.2334132070498485,0.32989852298520583,50.0,50.0,50.0,40.0,43.0,25.0,29.0,27.0,52.0,97.14,3975442432,1587515392,1472040960,7.7,8.22,8.91,25297891328,9720713216
2026-04-27T15:20:59.449630+02:00,-0.003534325536807657,0.1783047544841781,0.212906126920334,-2.698123943814478,1.3814721429900534,-1.4258553883117402,1.6049042389076038,0.20550947387480217,-0.7400814668704933,-0.029052981380034204,-1.2196073799588771,0.30535483037903566,50.0,50.0,50.0,40.0,43.0,25.0,29.0,27.0,52.0,92.86,3975442432,1589473280,1469956096,7.7,8.22,8.91,25297891328,9720721408
2026-04-27T15:20:59.499953+02:00,-0.003534325536807657,0.1783047544841781,0.212906126920334,-2.698123943814478,1.3814721429900534,-1.4258553883117402,1.6079480931230816,0.19793474492114677,-0.7431113584519553,-0.03212094295580581,-1.193529706564822,0.263937349106123,50.0,50.0,50.0,40.0,43.0,25.0,29.0,27.0,52.0,92.86,3975442432,1589473280,1469956096,7.7,8.22,8.91,25297891328,9720721408
2026-04-27T15:20:59.551553+02:00,-0.003534325536807657,0.1783047544841781,0.212906126920334,-2.698123943814478,1.3814721429900534,-1.4258553883117402,1.6109919473385603,0.19036001596749136,-0.7476561958241486,-0.03518890453157697,-1.1812578602617365,0.2332577333484105,50.0,50.0,50.0,40.0,43.0,25.0,29.0,27.0,52.0,92.86,3975442432,1589473280,1469956096,7.7,8.22,8.91,25297891328,9720721408
2026-04-27T15:20:59.602785+02:00,-0.003534325536807657,0.1783047544841781,0.212906126920334,-2.698123943814478,1.3814721429900534,-1.4258553883117402,1.6109919473385603,0.19036001596749136,-0.7476561958241486,-0.03518890453157697,-1.1812578602617365,0.2332577333484105,50.0,50.0,50.0,40.0,43.0,25.0,29.0,27.0,52.0,92.86,3975442432,1589473280,1469956096,7.7,8.22,8.91,25297891328,9720721408
2026-04-27T15:20:59.656055+02:00,-0.004725459995665972,0.1818071520459339,0.20533294863412088,-2.7315901486675935,1.4001523361334898,-1.3377543243276666,1.617079655769516,0.17672550385091168,-0.7537159789870729,-0.042858808471005094,-1.150578244504024,0.16729655946932764,50.0,50.0,50.0,40.0,43.0,25.0,29.0,27.0,52.0,92.86,3975442432,1589473280,1469956096,7.7,8.22,8.91,25297891328,9720721408
2026-04-27T15:20:59.706595+02:00,-0.004725459995665972,0.1818071520459339,0.20533294863412088,-2.7315901486675935,1.4001523361334898,-1.3377543243276666,1.6201235099849947,0.17066572068798735,-0.756745870568535,-0.0443927892588909,-1.1398403789888243,0.1534907323783572,50.0,50.0,50.0,40.0,43.0,25.0,29.0,27.0,52.0,92.86,3975442432,1589473280,1469956096,7.7,8.22,8.91,25297891328,9720721408
2026-04-27T15:20:59.759724+02:00,-0.004725459995665972,0.1818071520459339,0.20533294863412088,-2.7315901486675935,1.4001523361334898,-1.3377543243276666,1.629255072631429,0.1479415338270212,-0.7658355453129215,-0.05206269319831902,-1.0953549361401405,0.09366548165081712,50.0,50.0,50.0,40.0,43.0,25.0,29.0,27.0,52.0,92.86,3975442432,1589473280,1469956096,7.7,8.22,8.91,25297891328,9720721408
2026-04-27T15:20:59.810746+02:00,-0.004725459995665972,0.1818071520459339,0.20533294863412088,-2.7315901486675935,1.4001523361334898,-1.3377543243276666,1.6338208539546462,0.13733691329190367,-0.7703803826851148,-0.05513065477409018,-1.0846170706249407,0.04151013486270516,50.0,50.0,50.0,40.0,43.0,25.0,29.0,27.0,52.0,92.86,3975442432,1589473280,1469956096,7.7,8.22,8.91,25297891328,9720721408
2026-04-27T15:20:59.861542+02:00,-0.007431647051207255,0.18739659665919184,0.19191361528836418,-2.789999906816222,1.4238713548428334,-1.171567703164708,1.6383866352778633,0.12521734696605502,-0.774925220057308,-0.06126657792563295,-1.029393762261058,-0.03979084689523393,50.0,50.0,50.0,40.0,43.0,25.0,29.0,27.0,52.0,92.86,3975442432,1589473280,1469956096,7.7,8.22,8.91,25297891328,9720721408
2026-04-27T15:20:59.913507+02:00,-0.007431647051207255,0.18739659665919184,0.19191361528836418,-2.789999906816222,1.4238713548428334,-1.171567703164708,1.6414304894933411,0.11158283484947534,-0.7779551116387702,-0.06433453950140411,-1.0079180312306595,-0.08427628974391732,50.0,50.0,50.0,40.0,43.0,25.0,29.0,27.0,52.0,92.86,3975442432,1589473280,1469956096,7.7,8.22,8.91,25297891328,9720721408
2026-04-27T15:20:59.965445+02:00,-0.007431647051207255,0.18739659665919184,0.19191361528836418,-2.789999906816222,1.4238713548428334,-1.171567703164708,1.6414304894933411,0.11158283484947534,-0.7779551116387702,-0.06433453950140411,-1.0079180312306595,-0.08427628974391732,50.0,50.0,50.0,40.0,43.0,25.0,29.0,27.0,52.0,92.86,3975442432,1589473280,1469956096,7.7,8.22,8.91,25297891328,9720721408
2026-04-27T15:21:00.018547+02:00,-0.007431647051207255,0.18739659665919184,0.19191361528836418,-2.789999906816222,1.4238713548428334,-1.171567703164708,1.6536059063552533,0.0706792984997362,-0.7870447863831567,-0.07047046265294643,-0.9373549149879197,-0.2254025222293965,50.0,50.0,50.0,40.0,43.0,25.0,29.0,27.0,52.0,92.86,3975442432,1589473280,1469956096,7.7,8.22,8.91,25297891328,9720721408
2026-04-27T15:21:00.069502+02:00,-0.01146954044269326,0.1952339007271098,0.17538638658730932,-2.829078120567306,1.4578491636959652,-0.9527437218128639,1.656649760570732,0.05401489480169441,-0.7900746779646187,-0.0750724050166034,-0.9036073376544356,-0.28676175374482193,50.0,50.0,50.0,40.0,43.0,25.0,29.0,27.0,52.0,92.86,3975442432,1589473280,1469956096,7.7,8.22,8.91,25297891328,9720721408
2026-04-27T15:21:00.120532+02:00,-0.01146954044269326,0.1952339007271098,0.17538638658730932,-2.829078120567306,1.4578491636959652,-0.9527437218128639,1.6596936147862098,0.04038038268511468,-0.7915896237553498,-0.0766063858044892,-0.874461702684608,-0.3343151581692769,50.0,50.0,50.0,40.0,43.0,25.0,29.0,27.0,52.0,92.86,3975442432,1589473280,1469956096,7.7,8.22,8.91,25297891328,9720721408
2026-04-27T15:21:00.171549+02:00,-0.01146954044269326,0.1952339007271098,0.17538638658730932,-2.829078120567306,1.4578491636959652,-0.9527437218128639,1.6627374690016876,0.026745870568534946,-0.7931045695460809,-0.0766063858044892,-0.8529859716542094,-0.3711306970785322,50.0,50.0,50.0,40.0,43.0,25.0,29.0,27.0,52.0,92.86,3975442432,1589473280,1469956096,7.7,8.22,8.91,25297891328,9720721408
2026-04-27T15:21:00.222520+02:00,-0.01146954044269326,0.1952339007271098,0.17538638658730932,-2.829078120567306,1.4578491636959652,-0.9527437218128639,1.6673032503249048,0.0055366294982999165,-0.796134461127543,-0.0766063858044892,-0.8299762598359246,-0.4186841015029872,50.0,50.0,50.0,40.0,43.0,25.0,29.0,27.0,52.0,92.86,3975442432,1589473280,1469956096,7.7,8.22,8.91,25297891328,9720721408
2026-04-27T15:21:00.274882+02:00,-0.014347930791641116,0.202784170233229,0.16454851464752313,-2.677702965021882,1.4963506241326026,-0.5920332152411591,1.671869031648122,-0.023247340525590632,-0.796134461127543,-0.0766063858044892,-0.7716849898962703,-0.5306646990186388,50.0,50.0,50.0,40.0,43.0,25.0,29.0,27.0,52.0,92.86,3975442432,1589473280,1469956096,7.7,8.22,8.91,25297891328,9720721408
2026-04-27T15:21:00.325509+02:00,-0.014347930791641116,0.202784170233229,0.16454851464752313,-2.677702965021882,1.4963506241326026,-0.5920332152411591,1.6733909587558613,-0.029307123688514958,-0.7976494069182741,-0.0766063858044892,-0.760947124381071,-0.5521404300490378,50.0,50.0,50.0,40.0,43.0,25.0,29.0,27.0,52.0,92.86,3975442432,1589473280,1469956096,7.7,8.22,8.91,25297891328,9720721408
2026-04-27T15:21:00.379514+02:00,-0.014347930791641116,0.202784170233229,0.16454851464752313,-2.677702965021882,1.4963506241326026,-0.5920332152411591,1.6794786671868178,-0.06718076845679188,-0.7976494069182741,-0.0766063858044892,-0.7149277007445018,-0.6472472388979478,50.0,50.0,50.0,40.0,43.0,25.0,29.0,27.0,52.0,92.86,3975442432,1589473280,1469956096,7.7,8.22,8.91,25297891328,9720721408
2026-04-27T15:21:00.429773+02:00,-0.014347930791641116,0.202784170233229,0.16454851464752313,-2.677702965021882,1.4963506241326026,-0.5920332152411591,1.6794786671868178,-0.08384517215483378,-0.796134461127543,-0.0766063858044892,-0.6949859505019882,-0.68866472017086,50.0,50.0,50.0,40.0,43.0,25.0,29.0,27.0,52.0,92.86,3975442432,1589473280,1469956096,7.7,8.22,8.91,25297891328,9720721408
2026-04-27T15:21:00.482686+02:00,-0.01975012691770241,0.2135864929799762,0.14390295209566398,-2.1892001520180204,1.5213568051113753,0.2376728985310668,1.684044448510035,-0.10656935901579989,-0.796134461127543,-0.0750724050166034,-0.653568469229076,-0.779169586656113,50.0,50.0,50.0,40.0,43.0,25.0,29.0,27.0,52.0,94.81,3975442432,1552465920,1506955264,7.7,8.22,8.91,25297891328,9720725504
2026-04-27T15:21:00.534496+02:00,-0.01975012691770241,0.2135864929799762,0.14390295209566398,-2.1892001520180204,1.5213568051113753,0.2376728985310668,1.6855663756177734,-0.12474870850457287,-0.7931045695460809,-0.06893648186506107,-0.62749079583502,-0.8328589142321103,50.0,51.0,51.0,40.0,43.0,25.0,29.0,27.0,52.0,94.81,3975442432,1552465920,1506955264,7.7,8.22,8.91,25297891328,9720725504
2026-04-27T15:21:00.585952+02:00,-0.01975012691770241,0.2135864929799762,0.14390295209566398,-2.1892001520180204,1.5213568051113753,0.2376728985310668,1.6870883027255128,-0.14444300378407682,-0.7915896237553498,-0.0628005587135183,-0.6121509879561637,-0.8666064915655944,50.0,51.0,51.0,40.0,43.0,25.0,29.0,27.0,52.0,94.81,3975442432,1552465920,1506955264,7.7,8.22,8.91,25297891328,9720725504
2026-04-27T15:21:00.636289+02:00,-0.01975012691770241,0.2135864929799762,0.14390295209566398,-2.1892001520180204,1.5213568051113753,0.2376728985310668,1.6886102298332522,-0.15807751590065655,-0.7915896237553498,-0.059732597137747145,-0.5906752569257647,-0.9279657230810199,50.0,51.0,51.0,40.0,43.0,25.0,29.0,27.0,52.0,94.81,3975442432,1552465920,1506955264,7.7,8.22,8.91,25297891328,9720725504
2026-04-27T15:21:00.690058+02:00,-0.023763266106293368,0.22039884109134467,0.12762219403578481,-1.793309840010253,1.5251478676194363,0.8723760534129931,1.6901321569409906,-0.17625686538942953,-0.7885597321738876,-0.05206269319831902,-0.5691995258953657,-0.978587089081246,50.0,51.0,51.0,40.0,43.0,25.0,29.0,27.0,52.0,94.81,3975442432,1552465920,1506955264,7.7,8.22,8.91,25297891328,9720725504
2026-04-27T15:21:00.741680+02:00,-0.023763266106293368,0.22039884109134467,0.12762219403578481,-1.793309840010253,1.5251478676194363,0.8723760534129931,1.69165408404873,-0.19292126908747131,-0.7870447863831567,-0.0443927892588909,-0.5507917564407379,-1.021538551142044,50.0,51.0,51.0,40.0,43.0,25.0,29.0,27.0,52.0,94.81,3975442432,1552465920,1506955264,7.7,8.22,8.91,25297891328,9720725504
2026-04-27T15:21:00.796955+02:00,-0.023763266106293368,0.22039884109134467,0.12762219403578481,-1.793309840010253,1.5251478676194363,0.8723760534129931,1.6946979382642078,-0.21716040173916862,-0.7840148948016945,-0.04132482768311929,-0.5354519485618816,-1.069091955566499,50.0,51.0,51.0,40.0,43.0,25.0,29.0,27.0,52.0,94.81,3975442432,1552465920,1506955264,7.7,8.22,8.91,25297891328,9720725504
2026-04-27T15:21:00.847069+02:00,-0.026728837855959663,0.22469518403711325,0.11530981785772518,-1.5823435088210287,1.5289085329461232,1.2373719867012944,1.6946979382642078,-0.22927996806501727,-0.7809850032202323,-0.03365492374369117,-0.5231801022587965,-1.1089754560515255,50.0,51.0,51.0,40.0,43.0,25.0,29.0,27.0,52.0,94.81,3975442432,1552465920,1506955264,7.7,8.22,8.91,25297891328,9720725504
2026-04-27T15:21:00.901391+02:00,-0.026728837855959663,0.22469518403711325,0.11530981785772518,-1.5823435088210287,1.5289085329461232,1.2373719867012944,1.6962198653719471,-0.2504892091352523,-0.7779551116387702,-0.02138307744060608,-0.5001703904405117,-1.1703346875669514,50.0,51.0,51.0,40.0,43.0,25.0,29.0,27.0,52.0,94.81,3975442432,1552465920,1506955264,7.7,8.22,8.91,25297891328,9720725504
2026-04-27T15:21:00.955958+02:00,-0.026728837855959663,0.22469518403711325,0.11530981785772518,-1.5823435088210287,1.5289085329461232,1.2373719867012944,1.6977417924796865,-0.25503404650744554,-0.7764401658480391,-0.01831511586483492,-0.4909665057131982,-1.197946341748893,50.0,51.0,51.0,40.0,43.0,25.0,29.0,27.0,52.0,94.81,3975442432,1552465920,1506955264,7.7,8.22,8.91,25297891328,9720725504
2026-04-27T15:21:01.008960+02:00,-0.026728837855959663,0.22469518403711325,0.11530981785772518,-1.5823435088210287,1.5289085329461232,1.2373719867012944,1.6977417924796865,-0.25503404650744554,-0.7764401658480391,-0.01831511586483492,-0.4909665057131982,-1.197946341748893,50.0,51.0,51.0,40.0,43.0,25.0,29.0,27.0,52.0,94.81,3975442432,1552465920,1506955264,7.7,8.22,8.91,25297891328,9720725504
2026-04-27T15:21:01.059700+02:00,-0.029212259274872667,0.22792624567029,0.10712102126214161,-1.3165435536315764,1.5221696487271346,1.6271853124555207,1.699263719587425,-0.27775823336841166,-0.774925220057308,-0.002975307985978226,-0.4756266978343415,-1.253169650112776,50.0,51.0,51.0,40.0,43.0,25.0,29.0,27.0,52.0,94.81,3975442432,1552465920,1506955264,7.7,8.22,8.91,25297891328,9720725504
2026-04-27T15:21:01.114713+02:00,-0.029212259274872667,0.22792624567029,0.10712102126214161,-1.3165435536315764,1.5221696487271346,1.6271853124555207,1.7007856466951643,-0.29290769127572247,-0.7703803826851148,0.004694595953449898,-0.4602868899554853,-1.2899851890220313,50.0,51.0,51.0,40.0,43.0,25.0,29.0,27.0,52.0,94.81,3975442432,1552465920,1506955264,7.7,8.22,8.91,25297891328,9720725504
2026-04-27T15:21:01.165540+02:00,-0.029212259274872667,0.22792624567029,0.10712102126214161,-1.3165435536315764,1.5221696487271346,1.6271853124555207,1.7007856466951643,-0.30351231181084004,-0.7703803826851148,0.01083051910499222,-0.4587529091675995,-1.3145288816282017,50.0,51.0,51.0,40.0,43.0,25.0,29.0,27.0,52.0,94.81,3975442432,1552465920,1506955264,7.7,8.22,8.91,25297891328,9720725504
2026-04-27T15:21:01.218527+02:00,-0.030186920371909058,0.22853129030102157,0.09973951232960405,-1.1798981022123274,1.5323223676443078,1.8257972019586528,1.7007856466951643,-0.3080571491830333,-0.7688654368943837,0.015432461468649183,-0.4541509668039425,-1.325266747143401,50.0,51.0,51.0,40.0,43.0,25.0,29.0,27.0,52.0,94.81,3975442432,1552465920,1506955264,7.7,8.22,8.91,25297891328,9720725504
2026-04-27T15:21:01.270349+02:00,-0.030186920371909058,0.22853129030102157,0.09973951232960405,-1.1798981022123274,1.5323223676443078,1.8257972019586528,1.7007856466951643,-0.31108704076449545,-0.7688654368943837,0.018500423044420344,-0.44954902444028555,-1.3467424781738,50.0,51.0,51.0,40.0,43.0,25.0,29.0,27.0,52.0,94.81,3975442432,1552465920,1506955264,7.7,8.22,8.91,25297891328,9720725504
2026-04-27T15:21:01.322087+02:00,-0.030186920371909058,0.22853129030102157,0.09973951232960405,-1.1798981022123274,1.5323223676443078,1.8257972019586528,1.7023075738029037,-0.321691661299613,-0.7673504911036526,0.020034403832306147,-0.4418791205008574,-1.359014324476885,50.0,51.0,51.0,40.0,43.0,25.0,29.0,27.0,52.0,94.81,3975442432,1552465920,1506955264,7.7,8.22,8.91,25297891328,9720725504
2026-04-27T15:21:01.372744+02:00,-0.030186920371909058,0.22853129030102157,0.09973951232960405,-1.1798981022123274,1.5323223676443078,1.8257972019586528,1.7023075738029037,-0.3232066070903441,-0.7658355453129215,0.02156838462019195,-0.43881115892508626,-1.3651502476284278,50.0,51.0,51.0,40.0,43.0,25.0,29.0,27.0,52.0,94.81,3975442432,1552465920,1506955264,7.7,8.22,8.91,25297891328,9720725504
2026-04-27T15:21:01.424523+02:00,-0.03100912004759399,0.22999326496280645,0.09612767570281078,-1.1359536194410425,1.5267996976937885,1.912175901676466,1.7023075738029037,-0.3307813360439994,-0.7658355453129215,0.023102365408077308,-0.43114125498565814,-1.368218209204199,50.0,51.0,51.0,40.0,43.0,25.0,29.0,27.0,52.0,94.81,3975442432,1552465920,1506955264,7.7,8.22,8.91,25297891328,9720725504
2026-04-27T15:21:01.477075+02:00,-0.03100912004759399,0.22999326496280645,0.09612767570281078,-1.1359536194410425,1.5267996976937885,1.912175901676466,1.7023075738029037,-0.3383560649976548,-0.7658355453129215,0.02463634619596311,-0.4250053318341154,-1.368218209204199,50.0,51.0,51.0,40.0,43.0,25.0,29.0,27.0,52.0,90.8,3975442432,1553043456,1506373632,7.7,8.22,8.91,25297891328,9720725504
2026-04-27T15:21:01.531600+02:00,-0.03100912004759399,0.22999326496280645,0.09612767570281078,-1.1359536194410425,1.5267996976937885,1.912175901676466,1.7023075738029037,-0.3459307939513102,-0.7658355453129215,0.02463634619596311,-0.4111995047431445,-1.368218209204199,50.0,51.0,51.0,40.0,43.0,25.0,29.0,27.0,52.0,90.8,3975442432,1553043456,1506373632,7.7,8.22,8.91,25297891328,9720725504
2026-04-27T15:21:01.584024+02:00,-0.03100912004759399,0.22999326496280645,0.09612767570281078,-1.1359536194410425,1.5267996976937885,1.912175901676466,1.7023075738029037,-0.3625951976493521,-0.7658355453129215,0.026170326983848913,-0.3927917352885171,-1.368218209204199,50.0,51.0,51.0,40.0,43.0,25.0,29.0,27.0,52.0,90.8,3975442432,1553043456,1506373632,7.7,8.22,8.91,25297891328,9720725504
2026-04-27T15:21:01.634105+02:00,-0.03114448973303358,0.23087734283365027,0.08657401631117773,-1.1476361520047647,1.5200698053895507,1.8989121356460696,1.7023075738029037,-0.3716848723937386,-0.7643205995221904,0.02463634619596311,-0.38512183134908895,-1.368218209204199,50.0,51.0,51.0,40.0,43.0,25.0,29.0,27.0,52.0,90.8,3975442432,1553043456,1506373632,7.7,8.22,8.91,25297891328,9720725504
2026-04-27T15:21:01.684192+02:00,-0.03114448973303358,0.23087734283365027,0.08657401631117773,-1.1476361520047647,1.5200698053895507,1.8989121356460696,1.7023075738029037,-0.37471476397520065,-0.7643205995221904,0.02463634619596311,-0.380519888985432,-1.368218209204199,50.0,51.0,51.0,40.0,43.0,25.0,29.0,27.0,52.0,90.8,3975442432,1553043456,1506373632,7.7,8.22,8.91,25297891328,9720725504
2026-04-27T15:21:01.739272+02:00,-0.03114448973303358,0.23087734283365027,0.08657401631117773,-1.1476361520047647,1.5200698053895507,1.8989121356460696,1.7038295009106421,-0.4004688424176289,-0.7612907079407283,0.02770430777173427,-0.35751017716714717,-1.368218209204199,50.0,51.0,51.0,40.0,43.0,25.0,29.0,27.0,52.0,90.8,3975442432,1553043456,1506373632,7.7,8.22,8.91,25297891328,9720725504
2026-04-27T15:21:01.789939+02:00,-0.03114448973303358,0.23087734283365027,0.08657401631117773,-1.1476361520047647,1.5200698053895507,1.8989121356460696,1.7038295009106421,-0.4110734629527465,-0.7597757621499972,0.02770430777173427,-0.3467723116519479,-1.368218209204199,50.0,51.0,51.0,40.0,43.0,25.0,29.0,27.0,52.0,90.8,3975442432,1553043456,1506373632,7.7,8.22,8.91,25297891328,9720725504
2026-04-27T15:21:01.843265+02:00,-0.0316303717383154,0.23227022999702782,0.0777063951185787,-1.1674874143538678,1.5166745225092206,1.87875527771602,1.7038295009106421,-0.42319302927859515,-0.7582608163592661,0.029238288559620074,-0.3345004653488628,-1.368218209204199,50.0,51.0,51.0,40.0,43.0,25.0,29.0,27.0,52.0,90.8,3975442432,1553043456,1506373632,7.7,8.22,8.91,25297891328,9720725504
2026-04-27T15:21:01.897824+02:00,-0.0316303717383154,0.23227022999702782,0.0777063951185787,-1.1674874143538678,1.5166745225092206,1.87875527771602,1.7038295009106421,-0.4368275413951749,-0.756745870568535,0.032306250135391235,-0.31609269589423494,-1.368218209204199,50.0,51.0,51.0,40.0,43.0,25.0,29.0,27.0,52.0,90.8,3975442432,1553043456,1506373632,7.7,8.22,8.91,25297891328,9720725504
2026-04-27T15:21:01.951494+02:00,-0.0316303717383154,0.23227022999702782,0.0777063951185787,-1.1674874143538678,1.5166745225092206,1.87875527771602,1.7038295009106421,-0.44591721613956137,-0.755230924777804,0.035374211711162395,-0.3084227919548068,-1.368218209204199,50.0,51.0,51.0,40.0,43.0,25.0,29.0,27.0,52.0,90.8,3975442432,1553043456,1506373632,7.7,8.22,8.91,25297891328,9720725504
2026-04-27T15:21:02.001594+02:00,-0.0316303717383154,0.23227022999702782,0.0777063951185787,-1.1674874143538678,1.5166745225092206,1.87875527771602,1.7038295009106421,-0.46409656562833435,-0.7537159789870729,0.035374211711162395,-0.2930829840759501,-1.368218209204199,50.0,51.0,51.0,40.0,43.0,25.0,29.0,27.0,52.0,90.8,3975442432,1553043456,1506373632,7.7,8.22,8.91,25297891328,9720725504
2026-04-27T15:21:02.053812+02:00,-0.0316303717383154,0.23227022999702782,0.0777063951185787,-1.1674874143538678,1.5166745225092206,1.87875527771602,1.7038295009106421,-0.46409656562833435,-0.7537159789870729,0.035374211711162395,-0.2930829840759501,-1.368218209204199,50.0,51.0,51.0,40.0,43.0,25.0,29.0,27.0,52.0,90.8,3975442432,1553043456,1506373632,7.7,8.22,8.91,25297891328,9720725504
2026-04-27T15:21:02.107301+02:00,-0.03182644362912825,0.233675045102241,0.06814576590011101,-1.1675965911797817,1.508395070886259,1.870950786752216,1.7038295009106421,-0.48833569828003165,-0.7506860874056107,0.0369081924990482,-0.2792771569849797,-1.368218209204199,50.0,51.0,51.0,40.0,43.0,25.0,29.0,27.0,52.0,90.8,3975442432,1553043456,1506373632,7.7,8.22,8.91,25297891328,9720725504
2026-04-27T15:21:02.162324+02:00,-0.03182644362912825,0.233675045102241,0.06814576590011101,-1.1675965911797817,1.508395070886259,1.870950786752216,1.7038295009106421,-0.5034851561873422,-0.7491711416148796,0.038442173286934,-0.26853929146977995,-1.368218209204199,50.0,51.0,51.0,40.0,43.0,25.0,29.0,27.0,52.0,90.8,3975442432,1553043456,1506373632,7.7,8.22,8.91,25297891328,9720725504
2026-04-27T15:21:02.214680+02:00,-0.03182644362912825,0.233675045102241,0.06814576590011101,-1.1675965911797817,1.508395070886259,1.870950786752216,1.7053514280183815,-0.5156047225131909,-0.7461412500334175,0.04151013486270516,-0.259335406742466,-1.3743541323557416,50.0,51.0,51.0,40.0,43.0,25.0,29.0,27.0,52.0,90.8,3975442432,1553043456,1506373632,7.7,8.22,8.91,25297891328,9720725504
2026-04-27T15:21:02.267541+02:00,-0.031662887197940554,0.23275229324780225,0.056867534201236976,-1.1204377323842634,1.521341480415135,1.9163368318415819,1.7053514280183815,-0.5246943972575774,-0.7446263042426864,0.03997615407481936,-0.259335406742466,-1.3758881131436271,50.0,51.0,51.0,40.0,43.0,25.0,29.0,27.0,52.0,90.8,3975442432,1553043456,1506373632,7.7,8.22,8.91,25297891328,9720725504
2026-04-27T15:21:02.320026+02:00,-0.031662887197940554,0.23275229324780225,0.056867534201236976,-1.1204377323842634,1.521341480415135,1.9163368318415819,1.7053514280183815,-0.5337840720019639,-0.7431113584519553,0.04151013486270516,-0.25626744516669486,-1.3758881131436271,50.0,51.0,51.0,40.0,43.0,25.0,29.0,27.0,52.0,95.28,3975442432,1551863808,1507569664,7.16,8.1,8.87,25297891328,9720725504
2026-04-27T15:21:02.375089+02:00,-0.031662887197940554,0.23275229324780225,0.056867534201236976,-1.1204377323842634,1.521341480415135,1.9163368318415819,1.7053514280183815,-0.5398438551648882,-0.7415964126612242,0.043044115650590964,-0.25626744516669486,-1.377422093931513,50.0,51.0,51.0,40.0,43.0,25.0,29.0,27.0,52.0,95.28,3975442432,1551863808,1507569664,7.16,8.1,8.87,25297891328,9720725504
2026-04-27T15:21:02.446214+02:00,-0.0324455889008438,0.23602563628154824,0.05818251239876544,-1.1954638083387128,1.4972299971521725,1.8490223589097916,1.7053514280183815,-0.5140897767224598,-0.7400814668704933,0.04151013486270516,-0.2393936564999528,-1.380490055507284,50.0,51.0,51.0,40.0,43.0,25.0,29.0,27.0,52.0,95.28,3975442432,1551863808,1507569664,7.16,8.1,8.87,25297891328,9720725504
2026-04-27T15:21:02.502389+02:00,-0.0324455889008438,0.23602563628154824,0.05818251239876544,-1.1954638083387128,1.4972299971521725,1.8490223589097916,1.7053514280183815,-0.5322691262112328,-0.7400814668704933,0.043044115650590964,-0.22251986783321076,-1.380490055507284,50.0,51.0,51.0,40.0,43.0,25.0,29.0,27.0,52.0,95.28,3975442432,1551863808,1507569664,7.16,8.1,8.87,25297891328,9720725504
2026-04-27T15:21:02.554203+02:00,-0.0324455889008438,0.23602563628154824,0.05818251239876544,-1.1954638083387128,1.4972299971521725,1.8490223589097916,1.7053514280183815,-0.5443886925370814,-0.7400814668704933,0.046112077226362125,-0.2194519062574396,-1.380490055507284,50.0,51.0,51.0,40.0,43.0,25.0,29.0,27.0,53.0,95.28,3975442432,1551863808,1507569664,7.16,8.1,8.87,25297891328,9720725504
2026-04-27T15:21:02.608044+02:00,-0.0324455889008438,0.23602563628154824,0.05818251239876544,-1.1954638083387128,1.4972299971521725,1.8490223589097916,1.7053514280183815,-0.5110598851409976,-0.7400814668704933,0.04457809643847632,-0.22405384862109656,-1.380490055507284,50.0,51.0,51.0,40.0,43.0,25.0,29.0,27.0,53.0,95.28,3975442432,1551863808,1507569664,7.16,8.1,8.87,25297891328,9720725504
2026-04-27T15:21:02.658987+02:00,-0.03221728211755491,0.2348674465328504,0.05049152004945518,-1.1872525417125335,1.5029510886437458,1.85391806632105,1.7053514280183815,-0.5231794514668463,-0.7400814668704933,0.043044115650590964,-0.22405384862109656,-1.3835580170830555,50.0,51.0,51.0,40.0,43.0,25.0,29.0,27.0,53.0,95.28,3975442432,1551863808,1507569664,7.16,8.1,8.87,25297891328,9720725504
2026-04-27T15:21:02.710000+02:00,-0.03221728211755491,0.2348674465328504,0.05049152004945518,-1.1872525417125335,1.5029510886437458,1.85391806632105,1.7053514280183815,-0.5383289093741571,-0.7400814668704933,0.04457809643847632,-0.21484996389378264,-1.3866259786588266,50.0,51.0,51.0,40.0,43.0,25.0,29.0,27.0,53.0,95.28,3975442432,1551863808,1507569664,7.16,8.1,8.87,25297891328,9720725504
2026-04-27T15:21:02.763375+02:00,-0.03221728211755491,0.2348674465328504,0.05049152004945518,-1.1872525417125335,1.5029510886437458,1.85391806632105,1.7053514280183815,-0.5474185841185436,-0.7400814668704933,0.046112077226362125,-0.21331598310589683,-1.3866259786588266,50.0,51.0,51.0,40.0,43.0,25.0,29.0,27.0,53.0,95.28,3975442432,1551863808,1507569664,7.16,8.1,8.87,25297891328,9720725504
2026-04-27T15:21:02.815545+02:00,-0.03221728211755491,0.2348674465328504,0.05049152004945518,-1.1872525417125335,1.5029510886437458,1.85391806632105,1.7053514280183815,-0.5156047225131909,-0.7400814668704933,0.046112077226362125,-0.22712181019686772,-1.3881599594467124,50.0,51.0,51.0,40.0,43.0,25.0,29.0,27.0,53.0,95.28,3975442432,1551863808,1507569664,7.16,8.1,8.87,25297891328,9720725504
2026-04-27T15:21:02.866162+02:00,-0.03221448462584564,0.23502229607546266,0.049864379340180495,-1.203656622182985,1.4999221490808716,1.843595114513547,1.7053514280183815,-0.5307541804205017,-0.7400814668704933,0.04764605801424793,-0.21024802153012567,-1.3881599594467124,50.0,51.0,51.0,40.0,43.0,25.0,29.0,27.0,53.0,95.28,3975442432,1551863808,1507569664,7.16,8.1,8.87,25297891328,9720725504
2026-04-27T15:21:02.916483+02:00,-0.03221448462584564,0.23502229607546266,0.049864379340180495,-1.203656622182985,1.4999221490808716,1.843595114513547,1.7053514280183815,-0.5428737467463504,-0.7400814668704933,0.04764605801424793,-0.21178200231801148,-1.3881599594467124,50.0,51.0,51.0,40.0,43.0,25.0,29.0,27.0,53.0,95.28,3975442432,1551863808,1507569664,7.16,8.1,8.87,25297891328,9720725504
2026-04-27T15:21:02.966947+02:00,-0.03221448462584564,0.23502229607546266,0.049864379340180495,-1.203656622182985,1.4999221490808716,1.843595114513547,1.7053514280183815,-0.5216645056761152,-0.7400814668704933,0.04764605801424793,-0.21178200231801148,-1.3881599594467124,50.0,51.0,51.0,40.0,43.0,25.0,29.0,27.0,53.0,95.28,3975442432,1551863808,1507569664,7.16,8.1,8.87,25297891328,9720725504
2026-04-27T15:21:03.018880+02:00,-0.03221448462584564,0.23502229607546266,0.049864379340180495,-1.203656622182985,1.4999221490808716,1.843595114513547,1.7053514280183815,-0.5004552646058801,-0.7400814668704933,0.046112077226362125,-0.22558782940898192,-1.3881599594467124,50.0,51.0,51.0,40.0,43.0,25.0,29.0,27.0,53.0,95.28,3975442432,1551863808,1507569664,7.16,8.1,8.87,25297891328,9720725504
2026-04-27T15:21:03.070471+02:00,-0.03273841964419512,0.23845403665031623,0.05975449351144857,-1.236600784358488,1.4729449907446621,1.8125057969653933,1.7053514280183815,-0.5140897767224598,-0.7400814668704933,0.04151013486270516,-0.22251986783321076,-1.3881599594467124,50.0,51.0,51.0,40.0,43.0,25.0,29.0,27.0,53.0,95.28,3975442432,1551863808,1507569664,7.16,8.1,8.87,25297891328,9720725504
2026-04-27T15:21:03.125509+02:00,-0.03273841964419512,0.23845403665031623,0.05975449351144857,-1.236600784358488,1.4729449907446621,1.8125057969653933,1.7053514280183815,-0.5140897767224598,-0.7400814668704933,0.04151013486270516,-0.22251986783321076,-1.3881599594467124,50.0,51.0,51.0,40.0,43.0,25.0,29.0,27.0,53.0,95.28,3975442432,1551863808,1507569664,7.16,8.1,8.87,25297891328,9720725504
2026-04-27T15:21:03.178843+02:00,-0.03273841964419512,0.23845403665031623,0.05975449351144857,-1.236600784358488,1.4729449907446621,1.8125057969653933,1.7053514280183815,-0.5474185841185436,-0.7400814668704933,0.04457809643847632,-0.2056460791664687,-1.3881599594467124,50.0,51.0,51.0,40.0,43.0,25.0,29.0,27.0,53.0,95.28,3975442432,1551863808,1507569664,7.16,8.1,8.87,25297891328,9720725504
2026-04-27T15:21:03.233861+02:00,-0.03231701331905075,0.2359992233203441,0.05070319661972466,-1.2274287348365631,1.4893591190653876,1.82132178378064,1.7053514280183815,-0.5216645056761152,-0.7400814668704933,0.046112077226362125,-0.22558782940898192,-1.3881599594467124,50.0,51.0,51.0,40.0,43.0,25.0,29.0,27.0,53.0,95.28,3975442432,1551863808,1507569664,7.16,8.1,8.87,25297891328,9720725504
2026-04-27T15:21:03.284027+02:00,-0.03231701331905075,0.2359992233203441,0.05070319661972466,-1.2274287348365631,1.4893591190653876,1.82132178378064,1.7053514280183815,-0.5277242888390395,-0.7400814668704933,0.04764605801424793,-0.21331598310589683,-1.3881599594467124,50.0,51.0,51.0,40.0,43.0,25.0,29.0,27.0,53.0,95.28,3975442432,1551863808,1507569664,7.16,8.1,8.87,25297891328,9720725504
2026-04-27T15:21:03.337701+02:00,-0.03231701331905075,0.2359992233203441,0.05070319661972466,-1.2274287348365631,1.4893591190653876,1.82132178378064,1.7053514280183815,-0.5443886925370814,-0.7400814668704933,0.04457809643847632,-0.21484996389378264,-1.3881599594467124,50.0,51.0,51.0,40.0,43.0,25.0,29.0,27.0,53.0,88.64,3975442432,1552797696,1506635776,7.16,8.1,8.87,25297891328,9720733696
2026-04-27T15:21:03.390225+02:00,-0.03231701331905075,0.2359992233203441,0.05070319661972466,-1.2274287348365631,1.4893591190653876,1.82132178378064,1.7053514280183815,-0.5140897767224598,-0.7400814668704933,0.046112077226362125,-0.22251986783321076,-1.3881599594467124,50.0,51.0,51.0,40.0,43.0,25.0,29.0,27.0,53.0,88.64,3975442432,1552797696,1506635776,7.16,8.1,8.87,25297891328,9720733696
2026-04-27T15:21:03.442668+02:00,-0.03265129948781979,0.23798581644894737,0.05767389095546253,-1.2360769231081055,1.4759169778882295,1.8129379423372258,1.7053514280183815,-0.5246943972575774,-0.7400814668704933,0.043044115650590964,-0.2209858870453254,-1.3881599594467124,50.0,51.0,51.0,40.0,43.0,25.0,29.0,27.0,53.0,88.64,3975442432,1552797696,1506635776,7.16,8.1,8.87,25297891328,9720733696
2026-04-27T15:21:03.496832+02:00,-0.03265129948781979,0.23798581644894737,0.05767389095546253,-1.2360769231081055,1.4759169778882295,1.8129379423372258,1.7053514280183815,-0.5337840720019639,-0.7400814668704933,0.04457809643847632,-0.2179179254695538,-1.3881599594467124,50.0,51.0,51.0,40.0,43.0,25.0,29.0,27.0,53.0,88.64,3975442432,1552797696,1506635776,7.16,8.1,8.87,25297891328,9720733696
2026-04-27T15:21:03.549691+02:00,-0.03265129948781979,0.23798581644894737,0.05767389095546253,-1.2360769231081055,1.4759169778882295,1.8129379423372258,1.7053514280183815,-0.5080299935595355,-0.7400814668704933,0.04457809643847632,-0.21484996389378264,-1.3881599594467124,50.0,51.0,51.0,40.0,43.0,25.0,29.0,27.0,53.0,88.64,3975442432,1552797696,1506635776,7.16,8.1,8.87,25297891328,9720733696
2026-04-27T15:21:03.600440+02:00,-0.03265129948781979,0.23798581644894737,0.05767389095546253,-1.2360769231081055,1.4759169778882295,1.8129379423372258,1.7053514280183815,-0.5216645056761152,-0.7400814668704933,0.04764605801424793,-0.22558782940898192,-1.389693940234598,50.0,51.0,51.0,40.0,43.0,25.0,29.0,27.0,53.0,88.64,3975442432,1552797696,1506635776,7.16,8.1,8.87,25297891328,9720733696
2026-04-27T15:21:03.654330+02:00,-0.032532548579144636,0.23691132965223843,0.055807808788623,-1.2169607921684482,1.486412737555296,1.8320901500255382,1.7053514280183815,-0.5322691262112328,-0.7385665210797622,0.04457809643847632,-0.2209858870453254,-1.3881599594467124,50.0,51.0,51.0,40.0,43.0,25.0,29.0,27.0,53.0,88.64,3975442432,1552797696,1506635776,7.16,8.1,8.87,25297891328,9720733696
2026-04-27T15:21:03.706640+02:00,-0.032532548579144636,0.23691132965223843,0.055807808788623,-1.2169607921684482,1.486412737555296,1.8320901500255382,1.7053514280183815,-0.5413588009556193,-0.7400814668704933,0.04764605801424793,-0.21484996389378264,-1.3881599594467124,50.0,51.0,51.0,40.0,43.0,25.0,29.0,27.0,53.0,88.64,3975442432,1552797696,1506635776,7.16,8.1,8.87,25297891328,9720733696
2026-04-27T15:21:03.761474+02:00,-0.032532548579144636,0.23691132965223843,0.055807808788623,-1.2169607921684482,1.486412737555296,1.8320901500255382,1.7053514280183815,-0.5140897767224598,-0.7400814668704933,0.04457809643847632,-0.22712181019686772,-1.3912279210224836,50.0,51.0,51.0,40.0,43.0,25.0,29.0,27.0,53.0,88.64,3975442432,1552797696,1506635776,7.16,8.1,8.87,25297891328,9720733696
2026-04-27T15:21:03.815628+02:00,-0.032532548579144636,0.23691132965223843,0.055807808788623,-1.2169607921684482,1.486412737555296,1.8320901500255382,1.7053514280183815,-0.5277242888390395,-0.7385665210797622,0.043044115650590964,-0.2209858870453254,-1.3912279210224836,50.0,51.0,51.0,40.0,43.0,25.0,29.0,27.0,53.0,88.64,3975442432,1552797696,1506635776,7.16,8.1,8.87,25297891328,9720733696
2026-04-27T15:21:03.866850+02:00,-0.03257787376668458,0.23715558041504578,0.056845543452230717,-1.219068075746594,1.4849266586948868,1.8315636825477082,1.7053514280183815,-0.536813963583426,-0.7400814668704933,0.046112077226362125,-0.21638394468166844,-1.3912279210224836,50.0,51.0,51.0,40.0,43.0,25.0,29.0,27.0,53.0,88.64,3975442432,1552797696,1506635776,7.16,8.1,8.87,25297891328,9720733696
2026-04-27T15:21:03.920818+02:00,-0.03257787376668458,0.23715558041504578,0.056845543452230717,-1.219068075746594,1.4849266586948868,1.8315636825477082,1.7053514280183815,-0.5337840720019639,-0.7400814668704933,0.04457809643847632,-0.21638394468166844,-1.3912279210224836,50.0,51.0,51.0,40.0,43.0,25.0,29.0,27.0,53.0,88.64,3975442432,1552797696,1506635776,7.16,8.1,8.87,25297891328,9720733696
2026-04-27T15:21:03.971331+02:00,-0.03257787376668458,0.23715558041504578,0.056845543452230717,-1.219068075746594,1.4849266586948868,1.8315636825477082,1.7053514280183815,-0.5201495598853841,-0.7400814668704933,0.046112077226362125,-0.22865579098475353,-1.3912279210224836,50.0,51.0,51.0,40.0,43.0,25.0,29.0,27.0,53.0,88.64,3975442432,1552797696,1506635776,7.16,8.1,8.87,25297891328,9720733696
2026-04-27T15:21:04.021638+02:00,-0.03257787376668458,0.23715558041504578,0.056845543452230717,-1.219068075746594,1.4849266586948868,1.8315636825477082,1.7053514280183815,-0.5277242888390395,-0.7385665210797622,0.043044115650590964,-0.2194519062574396,-1.3912279210224836,50.0,51.0,51.0,40.0,43.0,25.0,29.0,27.0,53.0,88.64,3975442432,1552797696,1506635776,7.16,8.1,8.87,25297891328,9720733696
2026-04-27T15:21:04.072396+02:00,-0.0325403101876259,0.2370782557578362,0.05616999992823721,-1.226152743234762,1.4849670313329215,1.8259208462423644,1.7053514280183815,-0.5398438551648882,-0.7400814668704933,0.046112077226362125,-0.21484996389378264,-1.3912279210224836,50.0,51.0,51.0,40.0,43.0,25.0,29.0,27.0,53.0,88.64,3975442432,1552797696,1506635776,7.16,8.1,8.87,25297891328,9720733696
2026-04-27T15:21:04.122597+02:00,-0.0325403101876259,0.2370782557578362,0.05616999992823721,-1.226152743234762,1.4849670313329215,1.8259208462423644,1.7053514280183815,-0.5201495598853841,-0.7400814668704933,0.046112077226362125,-0.21638394468166844,-1.3912279210224836,50.0,51.0,51.0,40.0,43.0,25.0,29.0,27.0,53.0,88.64,3975442432,1552797696,1506635776,7.16,8.1,8.87,25297891328,9720733696
2026-04-27T15:21:04.172645+02:00,-0.0325403101876259,0.2370782557578362,0.05616999992823721,-1.226152743234762,1.4849670313329215,1.8259208462423644,1.7053514280183815,-0.5201495598853841,-0.7400814668704933,0.046112077226362125,-0.21638394468166844,-1.3912279210224836,50.0,51.0,51.0,40.0,43.0,25.0,29.0,27.0,53.0,88.64,3975442432,1552797696,1506635776,7.16,8.1,8.87,25297891328,9720733696
2026-04-27T15:21:04.223452+02:00,-0.03235880995167487,0.23585447719608166,0.05231442616207728,-1.2106850799595483,1.4938827240374382,1.8397660438475,1.7053514280183815,-0.536813963583426,-0.7400814668704933,0.04764605801424793,-0.2179179254695538,-1.3912279210224836,50.0,51.0,51.0,40.0,43.0,25.0,29.0,27.0,53.0,88.64,3975442432,1552797696,1506635776,7.16,8.1,8.87,25297891328,9720733696
2026-04-27T15:21:04.274597+02:00,-0.03235880995167487,0.23585447719608166,0.05231442616207728,-1.2106850799595483,1.4938827240374382,1.8397660438475,1.7053514280183815,-0.5413588009556193,-0.7400814668704933,0.04457809643847632,-0.21638394468166844,-1.3912279210224836,50.0,51.0,51.0,40.0,43.0,25.0,29.0,27.0,53.0,88.64,3975442432,1552797696,1506635776,7.16,8.1,8.87,25297891328,9720733696
2026-04-27T15:21:04.325523+02:00,-0.03235880995167487,0.23585447719608166,0.05231442616207728,-1.2106850799595483,1.4938827240374382,1.8397660438475,1.7053514280183815,-0.5246943972575774,-0.7400814668704933,0.043044115650590964,-0.2209858870453254,-1.3912279210224836,50.0,51.0,51.0,40.0,43.0,25.0,29.0,27.0,53.0,88.64,3975442432,1552797696,1506635776,7.16,8.1,8.87,25297891328,9720733696
2026-04-27T15:21:04.377398+02:00,-0.03235880995167487,0.23585447719608166,0.05231442616207728,-1.2106850799595483,1.4938827240374382,1.8397660438475,1.7053514280183815,-0.5383289093741571,-0.7400814668704933,0.04764605801424793,-0.21331598310589683,-1.3912279210224836,50.0,51.0,51.0,40.0,43.0,25.0,29.0,27.0,53.0,96.24,3975442432,1552539648,1506877440,7.16,8.1,8.87,25297891328,9720737792
2026-04-27T15:21:04.429389+02:00,-0.03235718033961786,0.23590087381057592,0.05265113132003729,-1.2155167085574345,1.4939497821362444,1.836437431318336,1.7053514280183815,-0.5459036383278125,-0.7400814668704933,0.04457809643847632,-0.21638394468166844,-1.3912279210224836,50.0,51.0,51.0,40.0,43.0,25.0,29.0,27.0,53.0,96.24,3975442432,1552539648,1506877440,7.16,8.1,8.87,25297891328,9720737792
2026-04-27T15:21:04.481378+02:00,-0.03235718033961786,0.23590087381057592,0.05265113132003729,-1.2155167085574345,1.4939497821362444,1.836437431318336,1.7053514280183815,-0.5201495598853841,-0.7400814668704933,0.046112077226362125,-0.22865579098475353,-1.3927619018103692,50.0,51.0,51.0,40.0,43.0,25.0,29.0,27.0,53.0,96.24,3975442432,1552539648,1506877440,7.16,8.1,8.87,25297891328,9720737792
2026-04-27T15:21:04.533445+02:00,-0.03235718033961786,0.23590087381057592,0.05265113132003729,-1.2155167085574345,1.4939497821362444,1.836437431318336,1.7053514280183815,-0.5307541804205017,-0.7400814668704933,0.04457809643847632,-0.2209858870453254,-1.3912279210224836,50.0,51.0,51.0,40.0,43.0,25.0,29.0,27.0,53.0,96.24,3975442432,1552539648,1506877440,7.16,8.1,8.87,25297891328,9720737792
2026-04-27T15:21:04.587612+02:00,-0.03235718033961786,0.23590087381057592,0.05265113132003729,-1.2155167085574345,1.4939497821362444,1.836437431318336,1.7053514280183815,-0.5413588009556193,-0.7400814668704933,0.046112077226362125,-0.21484996389378264,-1.3912279210224836,50.0,51.0,51.0,40.0,43.0,25.0,29.0,27.0,53.0,96.24,3975442432,1552539648,1506877440,7.16,8.1,8.87,25297891328,9720737792
2026-04-27T15:21:04.640017+02:00,-0.03227530224586819,0.23533990874178218,0.05123346335936141,-1.208259424920757,1.4984453295146367,1.8436541681367544,1.7053514280183815,-0.5156047225131909,-0.7400814668704933,0.04457809643847632,-0.22405384862109656,-1.3927619018103692,50.0,51.0,51.0,40.0,43.0,25.0,29.0,27.0,53.0,96.24,3975442432,1552539648,1506877440,7.16,8.1,8.87,25297891328,9720737792
2026-04-27T15:21:04.694207+02:00,-0.03227530224586819,0.23533990874178218,0.05123346335936141,-1.208259424920757,1.4984453295146367,1.8436541681367544,1.7053514280183815,-0.5201495598853841,-0.7400814668704933,0.04764605801424793,-0.22558782940898192,-1.3927619018103692,50.0,51.0,51.0,40.0,43.0,25.0,29.0,27.0,53.0,96.24,3975442432,1552539648,1506877440,7.16,8.1,8.87,25297891328,9720737792
2026-04-27T15:21:04.746594+02:00,-0.03227530224586819,0.23533990874178218,0.05123346335936141,-1.208259424920757,1.4984453295146367,1.8436541681367544,1.7053514280183815,-0.535299017792695,-0.7400814668704933,0.046112077226362125,-0.2194519062574396,-1.3927619018103692,50.0,51.0,51.0,40.0,43.0,25.0,29.0,27.0,53.0,96.24,3975442432,1552539648,1506877440,7.16,8.1,8.87,25297891328,9720737792
2026-04-27T15:21:04.796899+02:00,-0.03227530224586819,0.23533990874178218,0.05123346335936141,-1.208259424920757,1.4984453295146367,1.8436541681367544,1.7053514280183815,-0.5459036383278125,-0.7400814668704933,0.04457809643847632,-0.21484996389378264,-1.3912279210224836,50.0,51.0,51.0,40.0,43.0,25.0,29.0,27.0,53.0,96.24,3975442432,1552539648,1506877440,7.16,8.1,8.87,25297891328,9720737792
2026-04-27T15:21:04.849411+02:00,-0.03222599897891442,0.23512043205101674,0.050537030144916735,-1.2123558038166964,1.499997362805976,1.841019407896381,1.7053514280183815,-0.517119668303922,-0.7400814668704933,0.04764605801424793,-0.22865579098475353,-1.3927619018103692,50.0,51.0,51.0,40.0,43.0,25.0,29.0,27.0,53.0,96.24,3975442432,1552539648,1506877440,7.16,8.1,8.87,25297891328,9720737792
2026-04-27T15:21:04.899739+02:00,-0.03222599897891442,0.23512043205101674,0.050537030144916735,-1.2123558038166964,1.499997362805976,1.841019407896381,1.7053514280183815,-0.5322691262112328,-0.7400814668704933,0.046112077226362125,-0.2209858870453254,-1.3927619018103692,50.0,51.0,51.0,40.0,43.0,25.0,29.0,27.0,53.0,96.24,3975442432,1552539648,1506877440,7.16,8.1,8.87,25297891328,9720737792
2026-04-27T15:21:04.952244+02:00,-0.03222599897891442,0.23512043205101674,0.050537030144916735,-1.2123558038166964,1.499997362805976,1.841019407896381,1.7053514280183815,-0.5383289093741571,-0.7400814668704933,0.046112077226362125,-0.2194519062574396,-1.3912279210224836,50.0,51.0,51.0,40.0,43.0,25.0,29.0,27.0,53.0,96.24,3975442432,1552539648,1506877440,7.16,8.1,8.87,25297891328,9720737792
2026-04-27T15:21:05.002390+02:00,-0.03222599897891442,0.23512043205101674,0.050537030144916735,-1.2123558038166964,1.499997362805976,1.841019407896381,1.7053514280183815,-0.5459036383278125,-0.7415964126612242,0.043044115650590964,-0.2209858870453254,-1.3912279210224836,50.0,51.0,51.0,40.0,43.0,25.0,29.0,27.0,53.0,96.24,3975442432,1552539648,1506877440,7.16,8.1,8.87,25297891328,9720737792
2026-04-27T15:21:05.053506+02:00,-0.03209370555021753,0.23412118610770716,0.04994082010329719,-1.1996598415356934,1.5075811360974973,1.85521579292408,1.7053514280183815,-0.5095449393502666,-0.7415964126612242,0.043044115650590964,-0.22405384862109656,-1.3912279210224836,50.0,51.0,51.0,40.0,43.0,25.0,29.0,27.0,53.0,96.24,3975442432,1552539648,1506877440,7.16,8.1,8.87,25297891328,9720737792
2026-04-27T15:21:05.104534+02:00,-0.03209370555021753,0.23412118610770716,0.04994082010329719,-1.1996598415356934,1.5075811360974973,1.85521579292408,1.7053514280183815,-0.5140897767224598,-0.7431113584519553,0.04457809643847632,-0.24399559886360978,-1.3912279210224836,50.0,51.0,51.0,40.0,43.0,25.0,29.0,27.0,53.0,96.24,3975442432,1552539648,1506877440,7.16,8.1,8.87,25297891328,9720737792
2026-04-27T15:21:05.156036+02:00,-0.03209370555021753,0.23412118610770716,0.04994082010329719,-1.1996598415356934,1.5075811360974973,1.85521579292408,1.7053514280183815,-0.5140897767224598,-0.7431113584519553,0.04457809643847632,-0.24706356043938094,-1.3912279210224836,50.0,51.0,51.0,40.0,43.0,25.0,29.0,27.0,53.0,96.24,3975442432,1552539648,1506877440,7.16,8.1,8.87,25297891328,9720737792
2026-04-27T15:21:05.208388+02:00,-0.03209370555021753,0.23412118610770716,0.04994082010329719,-1.1996598415356934,1.5075811360974973,1.85521579292408,1.7053514280183815,-0.5140897767224598,-0.7431113584519553,0.04457809643847632,-0.24706356043938094,-1.3912279210224836,50.0,51.0,51.0,40.0,43.0,25.0,29.0,27.0,53.0,96.24,3975442432,1552539648,1506877440,7.16,8.1,8.87,25297891328,9720737792
2026-04-27T15:21:05.261052+02:00,-0.03233659853790154,0.23509054317875316,0.05692171074283292,-1.1849025849650332,1.5031467660159326,1.867280571801388,1.7038295009106421,-0.5095449393502666,-0.7461412500334175,0.043044115650590964,-0.259335406742466,-1.3866259786588266,50.0,51.0,51.0,40.0,43.0,25.0,29.0,27.0,53.0,96.24,3975442432,1552539648,1506877440,7.16,8.1,8.87,25297891328,9720737792
2026-04-27T15:21:05.311538+02:00,-0.03233659853790154,0.23509054317875316,0.05692171074283292,-1.1849025849650332,1.5031467660159326,1.867280571801388,1.7038295009106421,-0.5019702103966112,-0.7491711416148796,0.043044115650590964,-0.2777431761970939,-1.3866259786588266,50.0,51.0,51.0,40.0,43.0,25.0,29.0,27.0,53.0,96.24,3975442432,1552539648,1506877440,7.16,8.1,8.87,25297891328,9720737792
2026-04-27T15:21:05.363445+02:00,-0.03233659853790154,0.23509054317875316,0.05692171074283292,-1.1849025849650332,1.5031467660159326,1.867280571801388,1.7038295009106421,-0.49439548144295575,-0.7491711416148796,0.043044115650590964,-0.2884810417122936,-1.3866259786588266,50.0,51.0,51.0,40.0,43.0,25.0,29.0,27.0,53.0,99.25,3975442432,1555025920,1504391168,7.16,8.1,8.87,25297891328,9720750080
2026-04-27T15:21:05.414339+02:00,-0.03233659853790154,0.23509054317875316,0.05692171074283292,-1.1849025849650332,1.5031467660159326,1.867280571801388,1.7038295009106421,-0.48076096932637624,-0.7522010331963418,0.043044115650590964,-0.306888811166921,-1.3866259786588266,50.0,51.0,51.0,40.0,43.0,25.0,29.0,27.0,53.0,99.25,3975442432,1555025920,1504391168,7.16,8.1,8.87,25297891328,9720750080
2026-04-27T15:21:05.464373+02:00,-0.031631602284035595,0.23107464803633307,0.0628851573984853,-0.9510717884666562,1.5369859072107854,2.098551263134201,1.7038295009106421,-0.4595517282561411,-0.7537159789870729,0.038442173286934,-0.31455871510634914,-1.3866259786588266,50.0,51.0,51.0,40.0,43.0,25.0,29.0,27.0,53.0,99.25,3975442432,1555025920,1504391168,7.16,8.1,8.87,25297891328,9720750080
2026-04-27T15:21:05.515512+02:00,-0.031631602284035595,0.23107464803633307,0.0628851573984853,-0.9510717884666562,1.5369859072107854,2.098551263134201,1.7038295009106421,-0.44743216193029245,-0.755230924777804,0.038442173286934,-0.3206946382578919,-1.3866259786588266,50.0,51.0,51.0,40.0,43.0,25.0,29.0,27.0,53.0,99.25,3975442432,1555025920,1504391168,7.16,8.1,8.87,25297891328,9720750080
2026-04-27T15:21:05.567421+02:00,-0.031631602284035595,0.23107464803633307,0.0628851573984853,-0.9510717884666562,1.5369859072107854,2.098551263134201,1.7038295009106421,-0.4262229208600573,-0.756745870568535,0.035374211711162395,-0.35137425401560485,-1.3866259786588266,50.0,51.0,51.0,40.0,43.0,25.0,29.0,27.0,53.0,99.25,3975442432,1555025920,1504391168,7.16,8.1,8.87,25297891328,9720750080
2026-04-27T15:21:05.617860+02:00,-0.031631602284035595,0.23107464803633307,0.0628851573984853,-0.9510717884666562,1.5369859072107854,2.098551263134201,1.7038295009106421,-0.4171332461156708,-0.7582608163592661,0.035374211711162395,-0.35904415795503297,-1.3866259786588266,50.0,51.0,51.0,40.0,43.0,25.0,29.0,27.0,53.0,99.25,3975442432,1555025920,1504391168,7.16,8.1,8.87,25297891328,9720750080
2026-04-27T15:21:05.669779+02:00,-0.03166598792590419,0.23113897027997476,0.07633518517810882,-1.0260147242109463,1.5321790403472832,2.031547768987339,1.7023075738029037,-0.39895389662689784,-0.7597757621499972,0.035374211711162395,-0.37131600425811806,-1.3866259786588266,50.0,51.0,51.0,40.0,43.0,25.0,29.0,27.0,53.0,99.25,3975442432,1555025920,1504391168,7.16,8.1,8.87,25297891328,9720750080
2026-04-27T15:21:05.722699+02:00,-0.03166598792590419,0.23113897027997476,0.07633518517810882,-1.0260147242109463,1.5321790403472832,2.031547768987339,1.7023075738029037,-0.3853193845103182,-0.7612907079407283,0.032306250135391235,-0.38512183134908895,-1.3866259786588266,50.0,51.0,51.0,40.0,43.0,25.0,29.0,27.0,53.0,99.25,3975442432,1555025920,1504391168,7.16,8.1,8.87,25297891328,9720750080
2026-04-27T15:21:05.773227+02:00,-0.03166598792590419,0.23113897027997476,0.07633518517810882,-1.0260147242109463,1.5321790403472832,2.031547768987339,1.7023075738029037,-0.37622970976593173,-0.7628056537314594,0.032306250135391235,-0.3897237737127459,-1.3866259786588266,50.0,51.0,51.0,40.0,43.0,25.0,29.0,27.0,53.0,99.25,3975442432,1555025920,1504391168,7.16,8.1,8.87,25297891328,9720750080
2026-04-27T15:21:05.823325+02:00,-0.03166598792590419,0.23113897027997476,0.07633518517810882,-1.0260147242109463,1.5321790403472832,2.031547768987339,1.7023075738029037,-0.36865498081227643,-0.7628056537314594,0.032306250135391235,-0.3989276584400594,-1.3866259786588266,50.0,51.0,51.0,40.0,43.0,25.0,29.0,27.0,53.0,99.25,3975442432,1555025920,1504391168,7.16,8.1,8.87,25297891328,9720750080
2026-04-27T15:21:05.878442+02:00,-0.03132054229036318,0.23116623052169064,0.0840590332343867,-1.076227550301389,1.5268193162673847,1.9830406744565723,1.7023075738029037,-0.361080251858621,-0.7628056537314594,0.030772269347505876,-0.40352960080371636,-1.3866259786588266,50.0,51.0,51.0,40.0,43.0,25.0,29.0,27.0,53.0,99.25,3975442432,1555025920,1504391168,7.16,8.1,8.87,25297891328,9720750080
2026-04-27T15:21:05.932784+02:00,-0.03132054229036318,0.23116623052169064,0.0840590332343867,-1.076227550301389,1.5268193162673847,1.9830406744565723,1.7023075738029037,-0.3489606855327724,-0.7643205995221904,0.030772269347505876,-0.4111995047431445,-1.3866259786588266,50.0,51.0,51.0,40.0,43.0,25.0,29.0,27.0,53.0,99.25,3975442432,1555025920,1504391168,7.16,8.1,8.87,25297891328,9720750080
2026-04-27T15:21:05.983718+02:00,-0.03132054229036318,0.23116623052169064,0.0840590332343867,-1.076227550301389,1.5268193162673847,1.9830406744565723,1.7023075738029037,-0.34441584816057913,-0.7643205995221904,0.030772269347505876,-0.41580144710680145,-1.3866259786588266,50.0,51.0,51.0,40.0,43.0,25.0,29.0,27.0,53.0,99.25,3975442432,1555025920,1504391168,7.16,8.1,8.87,25297891328,9720750080
2026-04-27T15:21:06.034366+02:00,-0.031204919161916637,0.2305207887967288,0.09320078352367094,-1.129532781581871,1.521620820429345,1.934378351348656,1.7023075738029037,-0.33381122762546156,-0.7658355453129215,0.02770430777173427,-0.4204033894704584,-1.3866259786588266,50.0,51.0,51.0,40.0,43.0,25.0,29.0,27.0,53.0,99.25,3975442432,1555025920,1504391168,7.16,8.1,8.87,25297891328,9720750080
2026-04-27T15:21:06.085853+02:00,-0.031204919161916637,0.2305207887967288,0.09320078352367094,-1.129532781581871,1.521620820429345,1.934378351348656,1.7023075738029037,-0.32775144446253723,-0.7673504911036526,0.02770430777173427,-0.4265393126220012,-1.3866259786588266,50.0,51.0,51.0,40.0,43.0,25.0,29.0,27.0,53.0,99.25,3975442432,1555025920,1504391168,7.16,8.1,8.87,25297891328,9720750080
2026-04-27T15:21:06.136353+02:00,-0.031204919161916637,0.2305207887967288,0.09320078352367094,-1.129532781581871,1.521620820429345,1.934378351348656,1.7023075738029037,-0.3247215528810752,-0.7673504911036526,0.02770430777173427,-0.42960727419777234,-1.3866259786588266,50.0,51.0,51.0,40.0,43.0,25.0,29.0,27.0,53.0,99.25,3975442432,1555025920,1504391168,7.16,8.1,8.87,25297891328,9720750080
2026-04-27T15:21:06.186516+02:00,-0.031204919161916637,0.2305207887967288,0.09320078352367094,-1.129532781581871,1.521620820429345,1.934378351348656,1.7023075738029037,-0.3232066070903441,-0.7673504911036526,0.02770430777173427,-0.42960727419777234,-1.3866259786588266,50.0,51.0,51.0,40.0,43.0,25.0,29.0,27.0,53.0,99.25,3975442432,1555025920,1504391168,7.16,8.1,8.87,25297891328,9720750080
2026-04-27T15:21:06.238391+02:00,-0.031204919161916637,0.2305207887967288,0.09320078352367094,-1.129532781581871,1.521620820429345,1.934378351348656,1.7023075738029037,-0.3232066070903441,-0.7673504911036526,0.02770430777173427,-0.42960727419777234,-1.3866259786588266,50.0,51.0,51.0,40.0,43.0,25.0,29.0,27.0,53.0,99.25,3975442432,1555025920,1504391168,7.16,8.1,8.87,25297891328,9720750080
2026-04-27T15:21:06.290887+02:00,-0.0311984977349533,0.23031745689617966,0.09602202315649226,-1.138194742846187,1.5187257727686727,1.9258438916677922,1.7023075738029037,-0.3232066070903441,-0.7673504911036526,0.02770430777173427,-0.42960727419777234,-1.3866259786588266,50.0,51.0,51.0,40.0,43.0,25.0,29.0,27.0,53.0,99.25,3975442432,1555025920,1504391168,7.16,8.1,8.87,25297891328,9720750080
2026-04-27T15:21:06.341502+02:00,-0.0311984977349533,0.23031745689617966,0.09602202315649226,-1.138194742846187,1.5187257727686727,1.9258438916677922,1.7023075738029037,-0.3232066070903441,-0.7673504911036526,0.02770430777173427,-0.42960727419777234,-1.3866259786588266,50.0,51.0,51.0,40.0,43.0,25.0,29.0,27.0,53.0,99.25,3975442432,1555025920,1504391168,7.16,8.1,8.87,25297891328,9720750080
2026-04-27T15:21:06.392338+02:00,-0.0311984977349533,0.23031745689617966,0.09602202315649226,-1.138194742846187,1.5187257727686727,1.9258438916677922,1.7023075738029037,-0.3232066070903441,-0.7673504911036526,0.02770430777173427,-0.42960727419777234,-1.3866259786588266,50.0,51.0,51.0,40.0,43.0,25.0,29.0,27.0,53.0,99.25,3975442432,1555025920,1504391168,7.16,8.1,8.87,25297891328,9720750080
2026-04-27T15:21:06.442423+02:00,-0.0311984977349533,0.23031745689617966,0.09602202315649226,-1.138194742846187,1.5187257727686727,1.9258438916677922,1.7023075738029037,-0.3232066070903441,-0.7673504911036526,0.02770430777173427,-0.42960727419777234,-1.3866259786588266,50.0,51.0,51.0,40.0,43.0,25.0,29.0,27.0,53.0,99.24,3975442432,1585201152,1474232320,7.16,8.1,8.87,25297891328,9720766464
2026-04-27T15:21:06.494430+02:00,-0.0311984977349533,0.23031745689617966,0.09602202315649226,-1.138194742846187,1.5187257727686727,1.9258438916677922,1.7023075738029037,-0.3232066070903441,-0.7673504911036526,0.02770430777173427,-0.42960727419777234,-1.3866259786588266,50.0,51.0,51.0,40.0,43.0,25.0,29.0,27.0,53.0,99.24,3975442432,1585201152,1474232320,7.16,8.1,8.87,25297891328,9720766464
2026-04-27T15:21:06.546513+02:00,-0.0311984977349533,0.23031745689617966,0.09602202315649226,-1.138194742846187,1.5187257727686727,1.9258438916677922,1.7007856466951643,-0.3232066070903441,-0.7658355453129215,0.02770430777173427,-0.42960727419777234,-1.3866259786588266,50.0,51.0,51.0,40.0,42.0,25.0,29.0,27.0,53.0,99.24,3975442432,1585201152,1474232320,7.16,8.1,8.87,25297891328,9720766464
2026-04-27T15:21:06.600391+02:00,-0.0311984977349533,0.23031745689617966,0.09602202315649226,-1.138194742846187,1.5187257727686727,1.9258438916677922,1.699263719587425,-0.3232066070903441,-0.7643205995221904,0.02770430777173427,-0.43114125498565814,-1.3866259786588266,50.0,51.0,51.0,40.0,42.0,25.0,29.0,27.0,53.0,99.24,3975442432,1585201152,1474232320,7.16,8.1,8.87,25297891328,9720766464
2026-04-27T15:21:06.655151+02:00,-0.0302270146349316,0.23103424302085418,0.09643875082226303,-1.1350920415901975,1.5187449868724516,1.9228840818124584,1.6962198653719471,-0.3247215528810752,-0.7628056537314594,0.02770430777173427,-0.4342092165614293,-1.377422093931513,50.0,51.0,51.0,40.0,42.0,25.0,29.0,27.0,53.0,99.24,3975442432,1585201152,1474232320,7.16,8.1,8.87,25297891328,9720766464
2026-04-27T15:21:06.709361+02:00,-0.0302270146349316,0.23103424302085418,0.09643875082226303,-1.1350920415901975,1.5187449868724516,1.9228840818124584,1.6886102298332522,-0.32623649867180615,-0.7597757621499972,0.02770430777173427,-0.4418791205008574,-1.359014324476885,50.0,51.0,51.0,40.0,42.0,25.0,29.0,27.0,53.0,99.24,3975442432,1585201152,1474232320,7.16,8.1,8.87,25297891328,9720766464
2026-04-27T15:21:06.764502+02:00,-0.0302270146349316,0.23103424302085418,0.09643875082226303,-1.1350920415901975,1.5187449868724516,1.9228840818124584,1.6794786671868178,-0.32623649867180615,-0.7537159789870729,0.02770430777173427,-0.4480150436524002,-1.329868689507058,50.0,51.0,51.0,40.0,42.0,25.0,29.0,27.0,53.0,99.24,3975442432,1585201152,1474232320,7.16,8.1,8.87,25297891328,9720766464
2026-04-27T15:21:06.814575+02:00,-0.024809440496770238,0.23334699599051478,0.09716821758538184,-0.984505985027869,1.5305590844704349,1.9802836955613434,1.6703471045403835,-0.3292663902532683,-0.7476561958241486,0.02770430777173427,-0.4572189283797141,-1.3053249969008878,50.0,51.0,51.0,40.0,42.0,25.0,29.0,27.0,53.0,99.24,3975442432,1585201152,1474232320,7.16,8.1,8.87,25297891328,9720766464
2026-04-27T15:21:06.867733+02:00,-0.024809440496770238,0.23334699599051478,0.09716821758538184,-0.984505985027869,1.5305590844704349,1.9802836955613434,1.6612155418939492,-0.3307813360439994,-0.7431113584519553,0.02770430777173427,-0.4587529091675995,-1.2961211121735738,50.0,51.0,51.0,40.0,42.0,25.0,29.0,27.0,53.0,99.24,3975442432,1585201152,1474232320,7.16,8.1,8.87,25297891328,9720766464
2026-04-27T15:21:06.920486+02:00,-0.024809440496770238,0.23334699599051478,0.09716821758538184,-0.984505985027869,1.5305590844704349,1.9802836955613434,1.6459962708165583,-0.3322962818347305,-0.7340216837075689,0.02770430777173427,-0.4694907746827992,-1.2562376116885472,50.0,51.0,51.0,40.0,42.0,25.0,29.0,27.0,53.0,99.24,3975442432,1585201152,1474232320,7.16,8.1,8.87,25297891328,9720766464
2026-04-27T15:21:06.972008+02:00,-0.024809440496770238,0.23334699599051478,0.09716821758538184,-0.984505985027869,1.5305590844704349,1.9802836955613434,1.6353427810623846,-0.33381122762546156,-0.7279619005446446,0.02770430777173427,-0.4756266978343415,-1.2286259575066056,50.0,51.0,51.0,40.0,42.0,25.0,29.0,27.0,53.0,99.24,3975442432,1585201152,1474232320,7.16,8.1,8.87,25297891328,9720766464
2026-04-27T15:21:07.023651+02:00,-0.015159807561743635,0.23841547621245257,0.09899614350026908,-0.7743804657574883,1.5391447435296746,2.0483840019817077,1.6201235099849947,-0.3368411192069237,-0.7188722258002581,0.02770430777173427,-0.4925004865010836,-1.1902764378094646,50.0,51.0,51.0,40.0,42.0,25.0,29.0,27.0,53.0,99.24,3975442432,1585201152,1474232320,7.16,8.1,8.87,25297891328,9720766464
2026-04-27T15:21:07.073770+02:00,-0.015159807561743635,0.23841547621245257,0.09899614350026908,-0.7743804657574883,1.5391447435296746,2.0483840019817077,1.6033823117998645,-0.3398710107883859,-0.7082676052651405,0.029238288559620074,-0.5017043712283975,-1.1657327452032944,50.0,51.0,51.0,40.0,42.0,25.0,29.0,27.0,53.0,99.24,3975442432,1585201152,1474232320,7.16,8.1,8.87,25297891328,9720766464
2026-04-27T15:21:07.124489+02:00,-0.015159807561743635,0.23841547621245257,0.09899614350026908,-0.7743804657574883,1.5391447435296746,2.0483840019817077,1.5851191865069958,-0.34290090236984805,-0.697662984730023,0.029238288559620074,-0.5139762175314826,-1.1074414752636401,50.0,51.0,51.0,40.0,42.0,25.0,29.0,27.0,53.0,99.24,3975442432,1585201152,1474232320,7.16,8.1,8.87,25297891328,9720766464
2026-04-27T15:21:07.175337+02:00,-0.015159807561743635,0.23841547621245257,0.09899614350026908,-0.7743804657574883,1.5391447435296746,2.0483840019817077,1.5729437696450836,-0.3459307939513102,-0.6900882557763677,0.029238288559620074,-0.5247140830466823,-1.0813638018695841,50.0,51.0,51.0,40.0,42.0,25.0,29.0,27.0,53.0,99.24,3975442432,1585201152,1474232320,7.16,8.1,8.87,25297891328,9720766464
2026-04-27T15:21:07.229721+02:00,-0.0015085401041676893,0.2440506576841407,0.10141757573584138,-0.0958576737380779,1.5529210761691106,2.533218359093506,1.5485929359212585,-0.3489606855327724,-0.6749387978690569,0.030772269347505876,-0.5400538909255386,-1.030742435869358,50.0,51.0,51.0,40.0,42.0,25.0,29.0,27.0,53.0,99.24,3975442432,1585201152,1474232320,7.16,8.1,8.87,25297891328,9720766464
2026-04-27T15:21:07.281387+02:00,-0.0015085401041676893,0.2440506576841407,0.10141757573584138,-0.0958576737380779,1.5529210761691106,2.533218359093506,1.5409833003825635,-0.35047563132350346,-0.6703939604968636,0.030772269347505876,-0.5461898140770809,-1.013868647202616,50.0,51.0,51.0,40.0,42.0,25.0,29.0,27.0,53.0,99.24,3975442432,1585201152,1474232320,7.16,8.1,8.87,25297891328,9720766464
2026-04-27T15:21:07.334333+02:00,-0.0015085401041676893,0.2440506576841407,0.10141757573584138,-0.0958576737380779,1.5529210761691106,2.533218359093506,1.5257640293051726,-0.3535055229049656,-0.6613042857524771,0.030772269347505876,-0.5507917564407379,-0.9969948585358739,50.0,51.0,51.0,40.0,42.0,25.0,29.0,27.0,53.0,99.24,3975442432,1585201152,1474232320,7.16,8.1,8.87,25297891328,9720766464
2026-04-27T15:21:07.384412+02:00,-0.0015085401041676893,0.2440506576841407,0.10141757573584138,-0.0958576737380779,1.5529210761691106,2.533218359093506,1.4770623618575232,-0.361080251858621,-0.6325203157285867,0.035374211711162395,-0.5937432185015359,-0.8589365876261663,50.0,51.0,51.0,40.0,42.0,25.0,29.0,27.0,53.0,99.24,3975442432,1585201152,1474232320,7.16,8.1,8.87,25297891328,9720766464
2026-04-27T15:21:07.435359+02:00,0.024662095921807507,0.2524524885301517,0.10684727970484173,1.4920048955823635,1.5440163014770953,-2.515168837404144,1.4405361112717858,-0.36865498081227643,-0.6097961288676205,0.0369081924990482,-0.6136849687440491,-0.7945093945349693,50.0,51.0,51.0,40.0,42.0,25.0,29.0,27.0,53.0,91.67,3975442432,1590095872,1469317120,7.79,8.22,8.9,25297891328,9720770560
2026-04-27T15:21:07.486325+02:00,0.024662095921807507,0.2524524885301517,0.10684727970484173,1.4920048955823635,1.5440163014770953,-2.515168837404144,1.4177072046557,-0.3716848723937386,-0.5976765625417718,0.0369081924990482,-0.6366946805623339,-0.7193443359285729,50.0,51.0,51.0,40.0,42.0,25.0,29.0,27.0,53.0,91.67,3975442432,1590095872,1469317120,7.79,8.22,8.9,25297891328,9720770560
2026-04-27T15:21:07.537560+02:00,0.024662095921807507,0.2524524885301517,0.10684727970484173,1.4920048955823635,1.5440163014770953,-2.515168837404144,1.3766151727467455,-0.3792596013473939,-0.5719224840993435,0.03997615407481936,-0.665840315532161,-0.6564511236252617,50.0,51.0,51.0,40.0,42.0,25.0,29.0,27.0,53.0,91.67,3975442432,1590095872,1469317120,7.79,8.22,8.9,25297891328,9720770560
2026-04-27T15:21:07.590688+02:00,0.024662095921807507,0.2524524885301517,0.10684727970484173,1.4920048955823635,1.5440163014770953,-2.515168837404144,1.3659616829925718,-0.380774547138125,-0.5658627009364192,0.03997615407481936,-0.6735102194715892,-0.6088977192008067,50.0,51.0,51.0,40.0,42.0,25.0,29.0,27.0,53.0,91.67,3975442432,1590095872,1469317120,7.79,8.22,8.9,25297891328,9720770560
2026-04-27T15:21:07.642537+02:00,0.05157416781168813,0.25702889362378356,0.11177909464605768,2.0933456661819205,1.5158576515880042,-2.2468440265426732,1.3218257968681395,-0.3883492760917804,-0.5401086224939909,0.043044115650590964,-0.7072577968050733,-0.5030530448366974,50.0,51.0,51.0,40.0,42.0,25.0,29.0,27.0,53.0,91.67,3975442432,1590095872,1469317120,7.79,8.22,8.9,25297891328,9720770560
2026-04-27T15:21:07.697559+02:00,0.05157416781168813,0.25702889362378356,0.11177909464605768,2.0933456661819205,1.5158576515880042,-2.2468440265426732,1.3020407444675315,-0.39289411346397374,-0.5279890561681423,0.043044115650590964,-0.713393719956616,-0.47697537144264146,50.0,51.0,51.0,40.0,42.0,25.0,29.0,27.0,53.0,91.67,3975442432,1590095872,1469317120,7.79,8.22,8.9,25297891328,9720770560
2026-04-27T15:21:07.747747+02:00,0.05157416781168813,0.25702889362378356,0.11177909464605768,2.0933456661819205,1.5158576515880042,-2.2468440265426732,1.2548610041276214,-0.4004688424176289,-0.5007200319349828,0.04457809643847632,-0.7517432396537571,-0.351188946836019,50.0,51.0,51.0,40.0,42.0,25.0,29.0,27.0,53.0,91.67,3975442432,1590095872,1469317120,7.79,8.22,8.9,25297891328,9720770560
2026-04-27T15:21:07.802453+02:00,0.05157416781168813,0.25702889362378356,0.11177909464605768,2.0933456661819205,1.5158576515880042,-2.2468440265426732,1.2152908993264053,-0.40652862558055325,-0.47648089928328563,0.04457809643847632,-0.7670830475326134,-0.2928976768963647,50.0,51.0,51.0,40.0,42.0,25.0,29.0,27.0,53.0,91.67,3975442432,1590095872,1469317120,7.79,8.22,8.9,25297891328,9720770560
2026-04-27T15:21:07.856204+02:00,0.08207475803628031,0.2582620082337023,0.11740504104759897,2.466891951869899,1.4836787562700557,-2.2440609911543543,1.2046374095722325,-0.40804357137128433,-0.4719360619110924,0.046112077226362125,-0.7839568361993554,-0.2438102916840239,50.0,51.0,51.0,40.0,42.0,25.0,29.0,27.0,53.0,91.67,3975442432,1590095872,1469317120,7.79,8.22,8.9,25297891328,9720770560
2026-04-27T15:21:07.906455+02:00,0.08207475803628031,0.2582620082337023,0.11740504104759897,2.466891951869899,1.4836787562700557,-2.2440609911543543,1.163545377663278,-0.41410335453420866,-0.4492118750501263,0.04764605801424793,-0.8069665480176402,-0.1916549448959124,50.0,51.0,51.0,40.0,42.0,25.0,29.0,27.0,53.0,91.67,3975442432,1590095872,1469317120,7.79,8.22,8.9,25297891328,9720770560
2026-04-27T15:21:07.961517+02:00,0.08207475803628031,0.2582620082337023,0.11740504104759897,2.466891951869899,1.4836787562700557,-2.2440609911543543,1.1422383981549307,-0.4171332461156708,-0.4370923087242776,0.04764605801424793,-0.8192383943207253,-0.11495590550163026,50.0,51.0,51.0,40.0,42.0,25.0,29.0,27.0,53.0,91.67,3975442432,1590095872,1469317120,7.79,8.22,8.9,25297891328,9720770560
2026-04-27T15:21:08.015944+02:00,0.08207475803628031,0.2582620082337023,0.11740504104759897,2.466891951869899,1.4836787562700557,-2.2440609911543543,1.1057121475691933,-0.42167808348786406,-0.41739801344477356,0.049180038802133286,-0.8330442214116962,-0.05819861634986134,50.0,51.0,51.0,40.0,42.0,25.0,29.0,27.0,53.0,91.67,3975442432,1590095872,1469317120,7.79,8.22,8.9,25297891328,9720770560
2026-04-27T15:21:08.078855+02:00,0.12468837321574305,0.25455007382327854,0.12623418664019942,2.770978967951215,1.463724765966382,-2.3832241367667004,1.0661420427679782,-0.4277378666507884,-0.39618877237453853,0.049180038802133286,-0.8606558755936375,0.02156838462019195,50.0,51.0,51.0,40.0,42.0,25.0,29.0,27.0,53.0,91.67,3975442432,1590095872,1469317120,7.79,8.22,8.9,25297891328,9720770560
2026-04-27T15:21:08.131484+02:00,0.12468837321574305,0.25455007382327854,0.12623418664019942,2.770978967951215,1.463724765966382,-2.3832241367667004,1.0387473548286752,-0.43076775823225055,-0.3810393144672277,0.05071401959001909,-0.8759956834724938,0.07372373140830346,50.0,51.0,51.0,40.0,42.0,25.0,29.0,27.0,53.0,91.67,3975442432,1590095872,1469317120,7.79,8.22,8.9,25297891328,9720770560
2026-04-27T15:21:08.185991+02:00,0.12468837321574305,0.25455007382327854,0.12623418664019942,2.770978967951215,1.463724765966382,-2.3832241367667004,0.9961333958119818,-0.4368275413951749,-0.3598300733969926,0.05224800037790445,-0.8944034529271216,0.14275286686315747,50.0,51.0,51.0,40.0,42.0,25.0,29.0,27.0,53.0,91.67,3975442432,1590095872,1469317120,7.79,8.22,8.9,25297891328,9720770560
2026-04-27T15:21:08.236496+02:00,0.1530298925599446,0.24685393179704207,0.13209876080859684,2.9772859092481596,1.444551082619427,-2.4648633285308197,0.9748264163036349,-0.43985743297663704,-0.3492254528618751,0.05224800037790445,-0.8974714145028932,0.15655869395412836,50.0,51.0,51.0,40.0,42.0,25.0,29.0,27.0,53.0,91.67,3975442432,1590095872,1469317120,7.79,8.22,8.9,25297891328,9720770560
2026-04-27T15:21:08.291139+02:00,0.1530298925599446,0.24685393179704207,0.13209876080859684,2.9772859092481596,1.444551082619427,-2.4648633285308197,0.9474317283643319,-0.4428873245580992,-0.3355909407452953,0.05224800037790445,-0.9220151071090634,0.2209858870453254,50.0,51.0,51.0,40.0,42.0,25.0,29.0,27.0,53.0,91.67,3975442432,1590095872,1469317120,7.79,8.22,8.9,25297891328,9720770560
2026-04-27T15:21:08.345913+02:00,0.1530298925599446,0.24685393179704207,0.13209876080859684,2.9772859092481596,1.444551082619427,-2.4648633285308197,0.9474317283643319,-0.4428873245580992,-0.3355909407452953,0.05224800037790445,-0.9220151071090634,0.2209858870453254,50.0,51.0,51.0,40.0,42.0,25.0,29.0,27.0,53.0,91.67,3975442432,1590095872,1469317120,7.79,8.22,8.9,25297891328,9720770560
2026-04-27T15:21:08.398266+02:00,0.1530298925599446,0.24685393179704207,0.13209876080859684,2.9772859092481596,1.444551082619427,-2.4648633285308197,0.9093835506708556,-0.44743216193029245,-0.3174115912565225,0.05378198116579025,-0.9404228765636913,0.2930829840759501,50.0,51.0,51.0,40.0,42.0,25.0,29.0,27.0,53.0,91.67,3975442432,1590095872,1469317120,7.79,8.22,8.9,25297891328,9720770560
2026-04-27T15:21:08.449963+02:00,0.17366811068191818,0.23870617124809201,0.13632119311558386,3.116203737347989,1.4332954401816502,-2.5306314965128522,0.8850327169470309,-0.4504620535117546,-0.30680697072140495,0.05378198116579025,-0.9511607420788901,0.3222286190457777,50.0,51.0,51.0,40.0,42.0,25.0,29.0,27.0,53.0,91.67,3975442432,1590095872,1469317120,7.79,8.22,8.9,25297891328,9720770560
2026-04-27T15:21:08.501998+02:00,0.17366811068191818,0.23870617124809201,0.13632119311558386,3.116203737347989,1.4332954401816502,-2.5306314965128522,0.8743792271928572,-0.4504620535117546,-0.3022621333492117,0.05684994274156141,-0.9557626844425475,0.3437043500761763,50.0,51.0,51.0,40.0,42.0,25.0,29.0,27.0,53.0,91.67,3975442432,1590095872,1469317120,7.79,8.22,8.9,25297891328,9720770560
2026-04-27T15:21:08.556048+02:00,0.17366811068191818,0.23870617124809201,0.13632119311558386,3.116203737347989,1.4332954401816502,-2.5306314965128522,0.8576380290077279,-0.4519769993024857,-0.2946874043955563,0.05531596195367605,-0.9634325883819757,0.36978202347023226,50.0,51.0,51.0,40.0,43.0,25.0,29.0,27.0,53.0,92.26,3975442432,1590403072,1468993536,7.79,8.22,8.9,25297891328,9720770560
2026-04-27T15:21:08.607804+02:00,0.17366811068191818,0.23870617124809201,0.13632119311558386,3.116203737347989,1.4332954401816502,-2.5306314965128522,0.8439406850380764,-0.4534919450932168,-0.28862762123263197,0.05531596195367605,-0.9665005499577464,0.39125775450063127,50.0,51.0,51.0,40.0,43.0,25.0,29.0,27.0,53.0,92.26,3975442432,1590403072,1468993536,7.79,8.22,8.9,25297891328,9720770560
2026-04-27T15:21:08.657943+02:00,0.19712741661415115,0.22693210244677495,0.14122261057498678,-3.037403410747374,1.4263770301680263,-2.6192972456269974,0.8332871952839027,-0.45500689088394786,-0.2840827838604387,0.05531596195367605,-0.9711024923214038,0.3989276584400594,50.0,51.0,51.0,40.0,43.0,25.0,29.0,27.0,53.0,92.26,3975442432,1590403072,1468993536,7.79,8.22,8.9,25297891328,9720770560
2026-04-27T15:21:08.709720+02:00,0.19712741661415115,0.22693210244677495,0.14122261057498678,-3.037403410747374,1.4263770301680263,-2.6192972456269974,0.8256775597452077,-0.45500689088394786,-0.28105289227897656,0.05531596195367605,-0.9741704538971754,0.41580144710680145,50.0,51.0,51.0,40.0,43.0,25.0,29.0,27.0,53.0,92.26,3975442432,1590403072,1468993536,7.79,8.22,8.9,25297891328,9720770560
2026-04-27T15:21:08.762883+02:00,0.19712741661415115,0.22693210244677495,0.14122261057498678,-3.037403410747374,1.4263770301680263,-2.6192972456269974,0.8226337055297295,-0.45652183667467894,-0.28105289227897656,0.05531596195367605,-0.9772384154729461,0.4219373702583442,50.0,51.0,51.0,40.0,43.0,25.0,29.0,27.0,53.0,92.26,3975442432,1590403072,1468993536,7.79,8.22,8.9,25297891328,9720770560
2026-04-27T15:21:08.814052+02:00,0.19712741661415115,0.22693210244677495,0.14122261057498678,-3.037403410747374,1.4263770301680263,-2.6192972456269974,0.8226337055297295,-0.45652183667467894,-0.28105289227897656,0.05531596195367605,-0.9787723962608319,0.4219373702583442,50.0,51.0,51.0,40.0,43.0,25.0,29.0,27.0,53.0,92.26,3975442432,1590403072,1468993536,7.79,8.22,8.9,25297891328,9720770560
2026-04-27T15:21:08.868346+02:00,0.2022647939370856,0.22310919429754705,0.14180516095612622,-2.9934990159280708,1.418905904295013,-2.6270231176388883,0.8226337055297295,-0.45652183667467894,-0.2795379464882455,0.05531596195367605,-0.9787723962608319,0.42347135104623,50.0,51.0,51.0,40.0,43.0,25.0,29.0,27.0,53.0,92.26,3975442432,1590403072,1468993536,7.79,8.22,8.9,25297891328,9720770560
2026-04-27T15:21:08.923387+02:00,0.2022647939370856,0.22310919429754705,0.14180516095612622,-2.9934990159280708,1.418905904295013,-2.6270231176388883,0.8226337055297295,-0.45652183667467894,-0.2795379464882455,0.05531596195367605,-0.9787723962608319,0.42347135104623,50.0,51.0,51.0,40.0,43.0,25.0,29.0,27.0,53.0,92.26,3975442432,1590403072,1468993536,7.79,8.22,8.9,25297891328,9720770560
2026-04-27T15:21:08.976754+02:00,0.2022647939370856,0.22310919429754705,0.14180516095612622,-2.9934990159280708,1.418905904295013,-2.6270231176388883,0.8226337055297295,-0.45652183667467894,-0.2795379464882455,0.05531596195367605,-0.9787723962608319,0.42347135104623,50.0,51.0,51.0,40.0,43.0,25.0,29.0,27.0,53.0,92.26,3975442432,1590403072,1468993536,7.79,8.22,8.9,25297891328,9720770560
2026-04-27T15:21:09.029825+02:00,0.2022647939370856,0.22310919429754705,0.14180516095612622,-2.9934990159280708,1.418905904295013,-2.6270231176388883,0.8226337055297295,-0.45652183667467894,-0.2795379464882455,0.05531596195367605,-0.9787723962608319,0.42347135104623,50.0,51.0,51.0,40.0,43.0,25.0,29.0,27.0,53.0,92.26,3975442432,1590403072,1468993536,7.79,8.22,8.9,25297891328,9720770560
2026-04-27T15:21:09.083454+02:00,0.20248887510607372,0.223350616761914,0.14209769017800694,-2.995029835611643,1.420348834102081,-2.630052967096389,0.8226337055297295,-0.45652183667467894,-0.2795379464882455,0.05531596195367605,-0.9787723962608319,0.42347135104623,50.0,51.0,51.0,40.0,43.0,25.0,29.0,27.0,53.0,92.26,3975442432,1590403072,1468993536,7.79,8.22,8.9,25297891328,9720770560
2026-04-27T15:21:09.136344+02:00,0.20248887510607372,0.223350616761914,0.14209769017800694,-2.995029835611643,1.420348834102081,-2.630052967096389,0.8226337055297295,-0.45652183667467894,-0.28105289227897656,0.05684994274156141,-0.9787723962608319,0.42347135104623,50.0,51.0,51.0,40.0,43.0,25.0,29.0,27.0,53.0,92.26,3975442432,1590403072,1468993536,7.79,8.22,8.9,25297891328,9720770560
2026-04-27T15:21:09.190425+02:00,0.20248887510607372,0.223350616761914,0.14209769017800694,-2.995029835611643,1.420348834102081,-2.630052967096389,0.8226337055297295,-0.45652183667467894,-0.28105289227897656,0.05684994274156141,-0.9787723962608319,0.42347135104623,50.0,51.0,51.0,40.0,43.0,25.0,29.0,27.0,53.0,92.26,3975442432,1590403072,1468993536,7.79,8.22,8.9,25297891328,9720770560
2026-04-27T15:21:09.243439+02:00,0.20223931431019906,0.22308174284171134,0.141349001135372,-2.9889575036492424,1.4174615958695118,-2.624050541001405,0.8226337055297295,-0.45803678246541,-0.28105289227897656,0.05531596195367605,-0.9787723962608319,0.42347135104623,50.0,51.0,51.0,40.0,43.0,25.0,29.0,27.0,53.0,92.26,3975442432,1590403072,1468993536,7.79,8.22,8.9,25297891328,9720770560
2026-04-27T15:21:09.294319+02:00,0.20223931431019906,0.22308174284171134,0.141349001135372,-2.9889575036492424,1.4174615958695118,-2.624050541001405,0.8226337055297295,-0.4656115114190654,-0.28256783806970764,0.05531596195367605,-0.9680345307456322,0.42347135104623,50.0,51.0,51.0,40.0,43.0,25.0,29.0,27.0,53.0,92.26,3975442432,1590403072,1468993536,7.79,8.22,8.9,25297891328,9720770560
2026-04-27T15:21:09.346449+02:00,0.20223931431019906,0.22308174284171134,0.141349001135372,-2.9889575036492424,1.4174615958695118,-2.624050541001405,0.8226337055297295,-0.4656115114190654,-0.28256783806970764,0.05531596195367605,-0.9680345307456322,0.42347135104623,50.0,51.0,51.0,40.0,43.0,25.0,29.0,27.0,53.0,92.26,3975442432,1590403072,1468993536,7.79,8.22,8.9,25297891328,9720770560
2026-04-27T15:21:09.397289+02:00,0.20223931431019906,0.22308174284171134,0.141349001135372,-2.9889575036492424,1.4174615958695118,-2.624050541001405,0.8226337055297295,-0.4656115114190654,-0.28256783806970764,0.05531596195367605,-0.9680345307456322,0.42347135104623,50.0,51.0,51.0,40.0,43.0,25.0,29.0,27.0,53.0,92.26,3975442432,1590403072,1468993536,7.79,8.22,8.9,25297891328,9720770560
2026-04-27T15:21:09.447387+02:00,0.20277172037995225,0.22355972964168344,0.13613825049833359,-2.990371806058141,1.4208168102976495,-2.6263188358667398,0.8226337055297295,-0.4837908609078384,-0.2871126754419009,0.05838392352944721,-0.943490838139462,0.4219373702583442,50.0,51.0,51.0,40.0,43.0,25.0,29.0,27.0,53.0,92.26,3975442432,1590403072,1468993536,7.79,8.22,8.9,25297891328,9720770560
2026-04-27T15:21:09.502077+02:00,0.20277172037995225,0.22355972964168344,0.13613825049833359,-2.990371806058141,1.4208168102976495,-2.6263188358667398,0.8226337055297295,-0.48682075248930057,-0.2871126754419009,0.05838392352944721,-0.9419568573515762,0.4219373702583442,50.0,51.0,51.0,40.0,43.0,25.0,29.0,27.0,53.0,92.26,3975442432,1590403072,1468993536,7.79,8.22,8.9,25297891328,9720770560
2026-04-27T15:21:09.553235+02:00,0.20277172037995225,0.22355972964168344,0.13613825049833359,-2.990371806058141,1.4208168102976495,-2.6263188358667398,0.8226337055297295,-0.49591042723368683,-0.29014256702336305,0.05838392352944721,-0.9296850110484915,0.4219373702583442,50.0,51.0,51.0,40.0,43.0,25.0,29.0,27.0,53.0,92.26,3975442432,1590403072,1468993536,7.79,8.22,8.9,25297891328,9720770560
2026-04-27T15:21:09.606580+02:00,0.20277172037995225,0.22355972964168344,0.13613825049833359,-2.990371806058141,1.4208168102976495,-2.6263188358667398,0.8226337055297295,-0.5004552646058801,-0.29165751281409413,0.059917904317333015,-0.9220151071090634,0.4204033894704584,50.0,51.0,51.0,40.0,43.0,25.0,29.0,27.0,53.0,89.44,3975442432,1575378944,1484009472,7.79,8.22,8.9,25297891328,9720791040
2026-04-27T15:21:09.657430+02:00,0.20300229812595624,0.22403254843618878,0.1250056730083236,-3.004955034612751,1.4207061443477729,-2.642568145096362,0.8226337055297295,-0.5156047225131909,-0.2962023501862874,0.059917904317333015,-0.9051413184423214,0.41886940868257305,50.0,51.0,51.0,40.0,43.0,25.0,29.0,27.0,53.0,89.44,3975442432,1575378944,1484009472,7.79,8.22,8.9,25297891328,9720791040
2026-04-27T15:21:09.711992+02:00,0.20300229812595624,0.22403254843618878,0.1250056730083236,-3.004955034612751,1.4207061443477729,-2.642568145096362,0.8226337055297295,-0.5262093430483085,-0.29923224176774954,0.06145188510521837,-0.8821316066240361,0.41886940868257305,50.0,51.0,51.0,40.0,43.0,25.0,29.0,27.0,53.0,89.44,3975442432,1575378944,1484009472,7.79,8.22,8.9,25297891328,9720791040
2026-04-27T15:21:09.766632+02:00,0.20300229812595624,0.22403254843618878,0.1250056730083236,-3.004955034612751,1.4207061443477729,-2.642568145096362,0.8226337055297295,-0.5337840720019639,-0.3007471875584806,0.06298586589310418,-0.874461702684608,0.41886940868257305,50.0,51.0,51.0,40.0,43.0,25.0,29.0,27.0,53.0,89.44,3975442432,1575378944,1484009472,7.79,8.22,8.9,25297891328,9720791040
2026-04-27T15:21:09.821028+02:00,0.2028485275681704,0.22384329153384716,0.11076753420439843,-3.0088901867646376,1.4227815347831072,-2.6494334111336046,0.8226337055297295,-0.5489335299092747,-0.3037770791399428,0.06451984668098998,-0.8575879140178664,0.41886940868257305,50.0,51.0,51.0,40.0,43.0,25.0,29.0,27.0,53.0,89.44,3975442432,1575378944,1484009472,7.79,8.22,8.9,25297891328,9720791040
2026-04-27T15:21:09.872305+02:00,0.2028485275681704,0.22384329153384716,0.11076753420439843,-3.0088901867646376,1.4227815347831072,-2.6494334111336046,0.8226337055297295,-0.5489335299092747,-0.3037770791399428,0.06451984668098998,-0.8575879140178664,0.41886940868257305,50.0,51.0,51.0,40.0,43.0,25.0,29.0,27.0,53.0,89.44,3975442432,1575378944,1484009472,7.79,8.22,8.9,25297891328,9720791040
2026-04-27T15:21:09.923262+02:00,0.2028485275681704,0.22384329153384716,0.11076753420439843,-3.0088901867646376,1.4227815347831072,-2.6494334111336046,0.8226337055297295,-0.5640829878165855,-0.30680697072140495,0.06451984668098998,-0.8453160677147813,0.41886940868257305,50.0,51.0,51.0,40.0,43.0,25.0,29.0,27.0,53.0,89.44,3975442432,1575378944,1484009472,7.79,8.22,8.9,25297891328,9720791040
2026-04-27T15:21:09.974202+02:00,0.2028485275681704,0.22384329153384716,0.11076753420439843,-3.0088901867646376,1.4227815347831072,-2.6494334111336046,0.8226337055297295,-0.5746876083517031,-0.30832191651213603,0.06605382746887534,-0.8376461637753527,0.41733542789468725,50.0,51.0,51.0,40.0,43.0,25.0,29.0,27.0,53.0,89.44,3975442432,1575378944,1484009472,7.79,8.22,8.9,25297891328,9720791040
2026-04-27T15:21:10.029210+02:00,0.20229195707162684,0.22334485864166045,0.10076316487111343,-2.9962732580761826,1.414197054911414,-2.6388720132582013,0.8226337055297295,-0.5822623373053585,-0.3098368623028671,0.06605382746887534,-0.8299762598359246,0.41733542789468725,50.0,51.0,51.0,40.0,43.0,25.0,29.0,27.0,53.0,89.44,3975442432,1575378944,1484009472,7.79,8.22,8.9,25297891328,9720791040
2026-04-27T15:21:10.084313+02:00,0.20229195707162684,0.22334485864166045,0.10076316487111343,-2.9962732580761826,1.414197054911414,-2.6388720132582013,0.8226337055297295,-0.5913520120497447,-0.3113518080935982,0.06605382746887534,-0.8177044135328395,0.41733542789468725,50.0,51.0,51.0,40.0,43.0,25.0,29.0,27.0,53.0,89.44,3975442432,1575378944,1484009472,7.79,8.22,8.9,25297891328,9720791040
2026-04-27T15:21:10.134657+02:00,0.20229195707162684,0.22334485864166045,0.10076316487111343,-2.9962732580761826,1.414197054911414,-2.6388720132582013,0.8226337055297295,-0.5928669578404758,-0.3113518080935982,0.06605382746887534,-0.8146364519570684,0.41733542789468725,50.0,51.0,51.0,40.0,43.0,25.0,29.0,27.0,53.0,89.44,3975442432,1575378944,1484009472,7.79,8.22,8.9,25297891328,9720791040
2026-04-27T15:21:10.185798+02:00,0.20229195707162684,0.22334485864166045,0.10076316487111343,-2.9962732580761826,1.414197054911414,-2.6388720132582013,0.8226337055297295,-0.5974117952126691,-0.3128667538843293,0.06758780825676114,-0.8131024711691826,0.41733542789468725,50.0,51.0,51.0,40.0,43.0,25.0,29.0,27.0,53.0,89.44,3975442432,1575378944,1484009472,7.79,8.22,8.9,25297891328,9720791040
2026-04-27T15:21:10.240841+02:00,0.20229195707162684,0.22334485864166045,0.10076316487111343,-2.9962732580761826,1.414197054911414,-2.6388720132582013,0.8226337055297295,-0.5989267410034002,-0.3128667538843293,0.06758780825676114,-0.8131024711691826,0.41733542789468725,50.0,51.0,51.0,40.0,43.0,25.0,29.0,27.0,53.0,89.44,3975442432,1575378944,1484009472,7.79,8.22,8.9,25297891328,9720791040
2026-04-27T15:21:10.291323+02:00,0.20219989408737526,0.22321677606021922,0.09378258238023494,-2.9948321884366216,1.414534717814164,-2.6396703146968066,0.8226337055297295,-0.6004416867941312,-0.3128667538843293,0.06758780825676114,-0.8100345095934114,0.41733542789468725,50.0,51.0,51.0,40.0,43.0,25.0,29.0,27.0,53.0,96.24,3975442432,1552928768,1506439168,7.79,8.22,8.9,25297891328,9720791040
2026-04-27T15:21:10.342258+02:00,0.20219989408737526,0.22321677606021922,0.09378258238023494,-2.9948321884366216,1.414534717814164,-2.6396703146968066,0.8226337055297295,-0.6019566325848623,-0.3128667538843293,0.06758780825676114,-0.8100345095934114,0.41733542789468725,50.0,51.0,51.0,40.0,43.0,25.0,29.0,27.0,53.0,96.24,3975442432,1552928768,1506439168,7.79,8.22,8.9,25297891328,9720791040
2026-04-27T15:21:10.393305+02:00,0.20219989408737526,0.22321677606021922,0.09378258238023494,-2.9948321884366216,1.414534717814164,-2.6396703146968066,0.8226337055297295,-0.6019566325848623,-0.3128667538843293,0.06758780825676114,-0.8100345095934114,0.41733542789468725,50.0,51.0,51.0,40.0,43.0,25.0,29.0,27.0,53.0,96.24,3975442432,1552928768,1506439168,7.79,8.22,8.9,25297891328,9720791040
2026-04-27T15:21:10.443346+02:00,0.20219989408737526,0.22321677606021922,0.09378258238023494,-2.9948321884366216,1.414534717814164,-2.6396703146968066,0.8226337055297295,-0.6019566325848623,-0.3128667538843293,0.06758780825676114,-0.8100345095934114,0.41733542789468725,50.0,51.0,51.0,40.0,43.0,25.0,29.0,27.0,53.0,96.24,3975442432,1552928768,1506439168,7.79,8.22,8.9,25297891328,9720791040
2026-04-27T15:21:10.494352+02:00,0.20182373048175412,0.22279201475420668,0.09169645671082595,-2.9849544765559326,1.4102951073344936,-2.6300432079623115,0.8226337055297295,-0.6019566325848623,-0.3128667538843293,0.06758780825676114,-0.8100345095934114,0.41733542789468725,50.0,51.0,51.0,40.0,43.0,25.0,29.0,27.0,53.0,96.24,3975442432,1552928768,1506439168,7.79,8.22,8.9,25297891328,9720791040
2026-04-27T15:21:10.549121+02:00,0.20182373048175412,0.22279201475420668,0.09169645671082595,-2.9849544765559326,1.4102951073344936,-2.6300432079623115,0.8226337055297295,-0.6019566325848623,-0.3128667538843293,0.06758780825676114,-0.8100345095934114,0.41733542789468725,50.0,51.0,51.0,40.0,43.0,25.0,29.0,27.0,53.0,96.24,3975442432,1552928768,1506439168,7.79,8.22,8.9,25297891328,9720791040
2026-04-27T15:21:10.601133+02:00,0.20182373048175412,0.22279201475420668,0.09169645671082595,-2.9849544765559326,1.4102951073344936,-2.6300432079623115,0.8226337055297295,-0.6019566325848623,-0.3128667538843293,0.06758780825676114,-0.8100345095934114,0.41733542789468725,50.0,51.0,51.0,40.0,42.0,25.0,29.0,27.0,52.0,96.24,3975442432,1552928768,1506439168,7.79,8.22,8.9,25297891328,9720791040
2026-04-27T15:21:10.653312+02:00,0.20182373048175412,0.22279201475420668,0.09169645671082595,-2.9849544765559326,1.4102951073344936,-2.6300432079623115,0.8226337055297295,-0.6019566325848623,-0.3128667538843293,0.06758780825676114,-0.8100345095934114,0.41733542789468725,50.0,51.0,51.0,40.0,42.0,25.0,29.0,27.0,52.0,96.24,3975442432,1552928768,1506439168,7.79,8.22,8.9,25297891328,9720791040
2026-04-27T15:21:10.705241+02:00,0.20182373048175412,0.22279201475420668,0.09169645671082595,-2.9849544765559326,1.4102951073344936,-2.6300432079623115,0.8226337055297295,-0.6019566325848623,-0.3128667538843293,0.06758780825676114,-0.8100345095934114,0.41733542789468725,50.0,51.0,51.0,40.0,42.0,25.0,29.0,27.0,52.0,96.24,3975442432,1552928768,1506439168,7.79,8.22,8.9,25297891328,9720791040
2026-04-27T15:21:10.756885+02:00,0.20182373048175412,0.22279201475420668,0.09169645671082595,-2.9849544765559326,1.4102951073344936,-2.6300432079623115,0.8226337055297295,-0.6019566325848623,-0.3128667538843293,0.06758780825676114,-0.8100345095934114,0.41733542789468725,50.0,51.0,51.0,40.0,42.0,25.0,29.0,27.0,52.0,96.24,3975442432,1552928768,1506439168,7.79,8.22,8.9,25297891328,9720791040
2026-04-27T15:21:10.807401+02:00,0.20182373048175412,0.22279201475420668,0.09169645671082595,-2.9849544765559326,1.4102951073344936,-2.6300432079623115,0.8226337055297295,-0.6019566325848623,-0.3128667538843293,0.06758780825676114,-0.8100345095934114,0.41733542789468725,50.0,51.0,51.0,40.0,42.0,25.0,29.0,27.0,52.0,96.24,3975442432,1552928768,1506439168,7.79,8.22,8.9,25297891328,9720791040
2026-04-27T15:21:10.858209+02:00,0.20182373048175412,0.22279201475420668,0.09169645671082595,-2.9849544765559326,1.4102951073344936,-2.6300432079623115,0.8226337055297295,-0.6019566325848623,-0.3128667538843293,0.06758780825676114,-0.8100345095934114,0.41733542789468725,50.0,51.0,51.0,40.0,42.0,25.0,29.0,27.0,52.0,96.24,3975442432,1552928768,1506439168,7.79,8.22,8.9,25297891328,9720791040
2026-04-27T15:21:10.909888+02:00,0.20182373048175412,0.22279201475420668,0.09169645671082595,-2.9849544765559326,1.4102951073344936,-2.6300432079623115,0.8226337055297295,-0.6019566325848623,-0.3128667538843293,0.06758780825676114,-0.8100345095934114,0.41733542789468725,50.0,51.0,51.0,40.0,42.0,25.0,29.0,27.0,52.0,96.24,3975442432,1552928768,1506439168,7.79,8.22,8.9,25297891328,9720791040
2026-04-27T15:21:10.962402+02:00,0.20182373048175412,0.22279201475420668,0.09169645671082595,-2.9849544765559326,1.4102951073344936,-2.6300432079623115,0.8226337055297295,-0.6019566325848623,-0.3128667538843293,0.06758780825676114,-0.8100345095934114,0.41733542789468725,50.0,51.0,51.0,40.0,42.0,25.0,29.0,27.0,52.0,96.24,3975442432,1552928768,1506439168,7.79,8.22,8.9,25297891328,9720791040
2026-04-27T15:21:11.013181+02:00,0.20182373048175412,0.22279201475420668,0.09169645671082595,-2.9849544765559326,1.4102951073344936,-2.6300432079623115,0.8226337055297295,-0.6019566325848623,-0.3128667538843293,0.06758780825676114,-0.8100345095934114,0.41733542789468725,50.0,51.0,51.0,40.0,42.0,25.0,29.0,27.0,52.0,96.24,3975442432,1552928768,1506439168,7.79,8.22,8.9,25297891328,9720791040
2026-04-27T15:21:11.067375+02:00,0.20182373048175412,0.22279201475420668,0.09169645671082595,-2.9849544765559326,1.4102951073344936,-2.6300432079623115,0.8226337055297295,-0.6019566325848623,-0.3128667538843293,0.06758780825676114,-0.8100345095934114,0.41733542789468725,50.0,51.0,51.0,40.0,42.0,25.0,29.0,27.0,52.0,96.24,3975442432,1552928768,1506439168,7.79,8.22,8.9,25297891328,9720791040
2026-04-27T15:21:11.121220+02:00,0.20182373048175412,0.22279201475420668,0.09169645671082595,-2.9849544765559326,1.4102951073344936,-2.6300432079623115,0.8226337055297295,-0.6019566325848623,-0.3128667538843293,0.06758780825676114,-0.8100345095934114,0.41733542789468725,50.0,51.0,51.0,40.0,42.0,25.0,29.0,27.0,52.0,96.24,3975442432,1552928768,1506439168,7.79,8.22,8.9,25297891328,9720791040
2026-04-27T15:21:11.173976+02:00,0.20182373048175412,0.22279201475420668,0.09169645671082595,-2.9849544765559326,1.4102951073344936,-2.6300432079623115,0.8226337055297295,-0.6019566325848623,-0.3128667538843293,0.06758780825676114,-0.8100345095934114,0.41733542789468725,50.0,51.0,51.0,40.0,42.0,25.0,29.0,27.0,52.0,96.24,3975442432,1552928768,1506439168,7.79,8.22,8.9,25297891328,9720791040
2026-04-27T15:21:11.225810+02:00,0.20182373048175412,0.22279201475420668,0.09169645671082595,-2.9849544765559326,1.4102951073344936,-2.6300432079623115,0.8226337055297295,-0.6019566325848623,-0.3128667538843293,0.06758780825676114,-0.8100345095934114,0.41733542789468725,50.0,51.0,51.0,40.0,42.0,25.0,29.0,27.0,52.0,96.24,3975442432,1552928768,1506439168,7.79,8.22,8.9,25297891328,9720791040
2026-04-27T15:21:11.277138+02:00,0.20182373048175412,0.22279201475420668,0.09169645671082595,-2.9849544765559326,1.4102951073344936,-2.6300432079623115,0.8226337055297295,-0.6019566325848623,-0.3128667538843293,0.06758780825676114,-0.8100345095934114,0.41733542789468725,50.0,51.0,51.0,40.0,42.0,25.0,29.0,27.0,52.0,96.24,3975442432,1552928768,1506439168,7.79,8.22,8.9,25297891328,9720791040
2026-04-27T15:21:11.328598+02:00,0.20182373048175412,0.22279201475420668,0.09169645671082595,-2.9849544765559326,1.4102951073344936,-2.6300432079623115,0.8226337055297295,-0.6019566325848623,-0.3128667538843293,0.06758780825676114,-0.8100345095934114,0.41733542789468725,50.0,51.0,51.0,40.0,42.0,25.0,29.0,27.0,52.0,96.24,3975442432,1552928768,1506439168,7.79,8.22,8.9,25297891328,9720791040
2026-04-27T15:21:11.380304+02:00,0.20182373048175412,0.22279201475420668,0.09169645671082595,-2.9849544765559326,1.4102951073344936,-2.6300432079623115,0.8226337055297295,-0.6019566325848623,-0.3128667538843293,0.06758780825676114,-0.8100345095934114,0.41733542789468725,50.0,51.0,51.0,40.0,42.0,25.0,29.0,27.0,52.0,96.24,3975442432,1552928768,1506439168,7.79,8.22,8.9,25297891328,9720791040
2026-04-27T15:21:11.432169+02:00,0.20182373048175412,0.22279201475420668,0.09169645671082595,-2.9849544765559326,1.4102951073344936,-2.6300432079623115,0.8226337055297295,-0.6019566325848623,-0.3128667538843293,0.06758780825676114,-0.8100345095934114,0.41733542789468725,50.0,51.0,51.0,40.0,42.0,25.0,29.0,27.0,52.0,91.3,3975442432,1552306176,1507090432,7.79,8.22,8.9,25297891328,9720795136
2026-04-27T15:21:11.483616+02:00,0.20182373048175412,0.22279201475420668,0.09169645671082595,-2.9849544765559326,1.4102951073344936,-2.6300432079623115,0.8226337055297295,-0.6019566325848623,-0.3128667538843293,0.06758780825676114,-0.8100345095934114,0.41733542789468725,50.0,51.0,51.0,40.0,42.0,25.0,29.0,27.0,52.0,91.3,3975442432,1552306176,1507090432,7.79,8.22,8.9,25297891328,9720795136
2026-04-27T15:21:11.537863+02:00,0.20182373048175412,0.22279201475420668,0.09169645671082595,-2.9849544765559326,1.4102951073344936,-2.6300432079623115,0.8226337055297295,-0.6019566325848623,-0.3128667538843293,0.06758780825676114,-0.8100345095934114,0.41733542789468725,50.0,51.0,51.0,40.0,42.0,25.0,29.0,27.0,52.0,91.3,3975442432,1552306176,1507090432,7.79,8.22,8.9,25297891328,9720795136
2026-04-27T15:21:11.588386+02:00,0.20182373048175412,0.22279201475420668,0.09169645671082595,-2.9849544765559326,1.4102951073344936,-2.6300432079623115,0.8226337055297295,-0.6019566325848623,-0.3128667538843293,0.06758780825676114,-0.8100345095934114,0.41733542789468725,50.0,51.0,51.0,40.0,42.0,25.0,29.0,27.0,52.0,91.3,3975442432,1552306176,1507090432,7.79,8.22,8.9,25297891328,9720795136
2026-04-27T15:21:11.643583+02:00,0.20182373048175412,0.22279201475420668,0.09169645671082595,-2.9849544765559326,1.4102951073344936,-2.6300432079623115,0.8226337055297295,-0.6019566325848623,-0.3128667538843293,0.06758780825676114,-0.8100345095934114,0.41733542789468725,50.0,51.0,51.0,40.0,42.0,25.0,29.0,27.0,52.0,91.3,3975442432,1552306176,1507090432,7.79,8.22,8.9,25297891328,9720795136
2026-04-27T15:21:11.695863+02:00,0.20182373048175412,0.22279201475420668,0.09169645671082595,-2.9849544765559326,1.4102951073344936,-2.6300432079623115,0.8226337055297295,-0.6019566325848623,-0.3128667538843293,0.06758780825676114,-0.8100345095934114,0.41733542789468725,50.0,51.0,51.0,40.0,42.0,25.0,29.0,27.0,52.0,91.3,3975442432,1552306176,1507090432,7.79,8.22,8.9,25297891328,9720795136
2026-04-27T15:21:11.747606+02:00,0.20182373048175412,0.22279201475420668,0.09169645671082595,-2.9849544765559326,1.4102951073344936,-2.6300432079623115,0.8226337055297295,-0.6019566325848623,-0.3128667538843293,0.06758780825676114,-0.8100345095934114,0.41733542789468725,50.0,51.0,51.0,40.0,42.0,25.0,29.0,27.0,52.0,91.3,3975442432,1552306176,1507090432,7.79,8.22,8.9,25297891328,9720795136
2026-04-27T15:21:11.798583+02:00,0.20182373048175412,0.22279201475420668,0.09169645671082595,-2.9849544765559326,1.4102951073344936,-2.6300432079623115,0.8226337055297295,-0.6019566325848623,-0.3128667538843293,0.06758780825676114,-0.8100345095934114,0.41733542789468725,50.0,51.0,51.0,40.0,42.0,25.0,29.0,27.0,52.0,91.3,3975442432,1552306176,1507090432,7.79,8.22,8.9,25297891328,9720795136
2026-04-27T15:21:11.849250+02:00,0.20182373048175412,0.22279201475420668,0.09169645671082595,-2.9849544765559326,1.4102951073344936,-2.6300432079623115,0.8226337055297295,-0.6019566325848623,-0.3128667538843293,0.06758780825676114,-0.8100345095934114,0.41733542789468725,50.0,51.0,51.0,40.0,42.0,25.0,29.0,27.0,52.0,91.3,3975442432,1552306176,1507090432,7.79,8.22,8.9,25297891328,9720795136
2026-04-27T15:21:11.902271+02:00,0.20182373048175412,0.22279201475420668,0.09169645671082595,-2.9849544765559326,1.4102951073344936,-2.6300432079623115,0.8226337055297295,-0.6019566325848623,-0.3128667538843293,0.06758780825676114,-0.8100345095934114,0.41733542789468725,50.0,51.0,51.0,40.0,42.0,25.0,29.0,27.0,52.0,91.3,3975442432,1552306176,1507090432,7.79,8.22,8.9,25297891328,9720795136
2026-04-27T15:21:11.956560+02:00,0.20182373048175412,0.22279201475420668,0.09169645671082595,-2.9849544765559326,1.4102951073344936,-2.6300432079623115,0.8226337055297295,-0.6019566325848623,-0.3128667538843293,0.06758780825676114,-0.8100345095934114,0.41733542789468725,50.0,51.0,51.0,40.0,42.0,25.0,29.0,27.0,52.0,91.3,3975442432,1552306176,1507090432,7.79,8.22,8.9,25297891328,9720795136
2026-04-27T15:21:12.006772+02:00,0.20182373048175412,0.22279201475420668,0.09169645671082595,-2.9849544765559326,1.4102951073344936,-2.6300432079623115,0.8226337055297295,-0.6019566325848623,-0.3128667538843293,0.06758780825676114,-0.8100345095934114,0.41733542789468725,50.0,51.0,51.0,40.0,42.0,25.0,29.0,27.0,52.0,91.3,3975442432,1552306176,1507090432,7.79,8.22,8.9,25297891328,9720795136
2026-04-27T15:21:12.061112+02:00,0.20182373048175412,0.22279201475420668,0.09169645671082595,-2.9849544765559326,1.4102951073344936,-2.6300432079623115,0.8226337055297295,-0.6019566325848623,-0.3128667538843293,0.06758780825676114,-0.8100345095934114,0.41733542789468725,50.0,51.0,51.0,40.0,42.0,25.0,29.0,27.0,52.0,91.3,3975442432,1552306176,1507090432,7.79,8.22,8.9,25297891328,9720795136
2026-04-27T15:21:12.112059+02:00,0.20182373048175412,0.22279201475420668,0.09169645671082595,-2.9849544765559326,1.4102951073344936,-2.6300432079623115,0.8226337055297295,-0.6019566325848623,-0.3128667538843293,0.06758780825676114,-0.8100345095934114,0.41733542789468725,50.0,51.0,51.0,40.0,42.0,25.0,29.0,27.0,52.0,91.3,3975442432,1552306176,1507090432,7.79,8.22,8.9,25297891328,9720795136
2026-04-27T15:21:12.165148+02:00,0.20182373048175412,0.22279201475420668,0.09169645671082595,-2.9849544765559326,1.4102951073344936,-2.6300432079623115,0.8226337055297295,-0.6019566325848623,-0.3128667538843293,0.06758780825676114,-0.8100345095934114,0.41733542789468725,50.0,51.0,51.0,40.0,42.0,25.0,29.0,27.0,52.0,91.3,3975442432,1552306176,1507090432,7.79,8.22,8.9,25297891328,9720795136
2026-04-27T15:21:12.215418+02:00,0.20182373048175412,0.22279201475420668,0.09169645671082595,-2.9849544765559326,1.4102951073344936,-2.6300432079623115,0.8226337055297295,-0.6019566325848623,-0.3128667538843293,0.06758780825676114,-0.8100345095934114,0.41733542789468725,50.0,51.0,51.0,40.0,42.0,25.0,29.0,27.0,52.0,91.3,3975442432,1552306176,1507090432,7.79,8.22,8.9,25297891328,9720795136
2026-04-27T15:21:12.269196+02:00,0.20182373048175412,0.22279201475420668,0.09169645671082595,-2.9849544765559326,1.4102951073344936,-2.6300432079623115,0.8226337055297295,-0.6019566325848623,-0.3128667538843293,0.06758780825676114,-0.8100345095934114,0.41733542789468725,50.0,51.0,51.0,40.0,42.0,25.0,29.0,27.0,52.0,91.3,3975442432,1552306176,1507090432,7.79,8.22,8.9,25297891328,9720795136
2026-04-27T15:21:12.319987+02:00,0.20182373048175412,0.22279201475420668,0.09169645671082595,-2.9849544765559326,1.4102951073344936,-2.6300432079623115,0.8226337055297295,-0.6004416867941312,-0.3128667538843293,0.06758780825676114,-0.8115684903812972,0.41733542789468725,50.0,51.0,51.0,40.0,42.0,25.0,29.0,27.0,52.0,91.3,3975442432,1552306176,1507090432,7.79,8.22,8.9,25297891328,9720795136
2026-04-27T15:21:12.371123+02:00,0.20182373048175412,0.22279201475420668,0.09169645671082595,-2.9849544765559326,1.4102951073344936,-2.6300432079623115,0.8226337055297295,-0.5989267410034002,-0.3128667538843293,0.06758780825676114,-0.8115684903812972,0.41733542789468725,50.0,51.0,51.0,40.0,42.0,25.0,29.0,27.0,52.0,91.3,3975442432,1552306176,1507090432,7.79,8.22,8.9,25297891328,9720795136
2026-04-27T15:21:12.423425+02:00,0.20182373048175412,0.22279201475420668,0.09169645671082595,-2.9849544765559326,1.4102951073344936,-2.6300432079623115,0.8226337055297295,-0.595896849421938,-0.3113518080935982,0.06758780825676114,-0.8131024711691826,0.41733542789468725,50.0,51.0,51.0,40.0,42.0,25.0,29.0,27.0,52.0,99.26,3975442432,1552195584,1507201024,7.57,8.16,8.88,25297891328,9720811520
2026-04-27T15:21:12.475834+02:00,0.201884539570892,0.22286727956027946,0.09261297093634874,-2.9883438698299822,1.41169657053311,-2.6333261052464723,0.8226337055297295,-0.5913520120497447,-0.3098368623028671,0.06605382746887534,-0.8207723751086107,0.41733542789468725,50.0,51.0,51.0,40.0,42.0,25.0,29.0,27.0,52.0,99.26,3975442432,1552195584,1507201024,7.57,8.16,8.88,25297891328,9720811520
2026-04-27T15:21:12.526321+02:00,0.201884539570892,0.22286727956027946,0.09261297093634874,-2.9883438698299822,1.41169657053311,-2.6333261052464723,0.8226337055297295,-0.5913520120497447,-0.3098368623028671,0.06605382746887534,-0.8207723751086107,0.41733542789468725,50.0,51.0,51.0,40.0,42.0,25.0,29.0,27.0,52.0,99.26,3975442432,1552195584,1507201024,7.57,8.16,8.88,25297891328,9720811520
2026-04-27T15:21:12.577826+02:00,0.201884539570892,0.22286727956027946,0.09261297093634874,-2.9883438698299822,1.41169657053311,-2.6333261052464723,0.8226337055297295,-0.5807473915146274,-0.30680697072140495,0.06605382746887534,-0.8361121829874674,0.41733542789468725,50.0,51.0,50.0,40.0,43.0,25.0,29.0,27.0,52.0,99.26,3975442432,1552195584,1507201024,7.57,8.16,8.88,25297891328,9720811520
2026-04-27T15:21:12.628185+02:00,0.20242816910200223,0.22352874983179438,0.10130339304355905,-2.9920235884059405,1.4111615236376427,-2.6344177675392664,0.8226337055297295,-0.5746876083517031,-0.30529202493067387,0.06605382746887534,-0.8437820869268955,0.41733542789468725,50.0,51.0,50.0,40.0,43.0,25.0,29.0,27.0,52.0,99.26,3975442432,1552195584,1507201024,7.57,8.16,8.88,25297891328,9720811520
2026-04-27T15:21:12.679211+02:00,0.20242816910200223,0.22352874983179438,0.10130339304355905,-2.9920235884059405,1.4111615236376427,-2.6344177675392664,0.8226337055297295,-0.5686278251887787,-0.3037770791399428,0.06605382746887534,-0.8545199524420948,0.41733542789468725,50.0,51.0,50.0,40.0,43.0,25.0,29.0,27.0,52.0,99.26,3975442432,1552195584,1507201024,7.57,8.16,8.88,25297891328,9720811520
2026-04-27T15:21:12.732073+02:00,0.20242816910200223,0.22352874983179438,0.10130339304355905,-2.9920235884059405,1.4111615236376427,-2.6344177675392664,0.8226337055297295,-0.554993313072199,-0.29923224176774954,0.06605382746887534,-0.8683257795330657,0.41886940868257305,50.0,51.0,50.0,40.0,43.0,25.0,29.0,27.0,52.0,99.26,3975442432,1552195584,1507201024,7.57,8.16,8.88,25297891328,9720811520
2026-04-27T15:21:12.787531+02:00,0.20242816910200223,0.22352874983179438,0.10130339304355905,-2.9920235884059405,1.4111615236376427,-2.6344177675392664,0.8226337055297295,-0.5474185841185436,-0.29923224176774954,0.06605382746887534,-0.8821316066240361,0.41886940868257305,50.0,51.0,50.0,40.0,43.0,25.0,29.0,27.0,52.0,99.26,3975442432,1552195584,1507201024,7.57,8.16,8.88,25297891328,9720811520
2026-04-27T15:21:12.839521+02:00,0.2023485279060065,0.22364350914176956,0.10933658363170509,-2.9910932258229375,1.4059866122164473,-2.633569653593909,0.8226337055297295,-0.5383289093741571,-0.2962023501862874,0.06605382746887534,-0.8959374337150074,0.41886940868257305,50.0,51.0,50.0,40.0,43.0,25.0,29.0,27.0,52.0,99.26,3975442432,1552195584,1507201024,7.57,8.16,8.88,25297891328,9720811520
2026-04-27T15:21:12.892517+02:00,0.2023485279060065,0.22364350914176956,0.10933658363170509,-2.9910932258229375,1.4059866122164473,-2.633569653593909,0.8226337055297295,-0.5292392346297706,-0.2931724586048252,0.06605382746887534,-0.9066752992302072,0.41886940868257305,50.0,51.0,50.0,40.0,43.0,25.0,29.0,27.0,52.0,99.26,3975442432,1552195584,1507201024,7.57,8.16,8.88,25297891328,9720811520
2026-04-27T15:21:12.944434+02:00,0.2023485279060065,0.22364350914176956,0.10933658363170509,-2.9910932258229375,1.4059866122164473,-2.633569653593909,0.8226337055297295,-0.5156047225131909,-0.29014256702336305,0.06605382746887534,-0.9189471455332918,0.4219373702583442,50.0,51.0,50.0,40.0,43.0,25.0,29.0,27.0,52.0,99.26,3975442432,1552195584,1507201024,7.57,8.16,8.88,25297891328,9720811520
2026-04-27T15:21:12.998953+02:00,0.2023485279060065,0.22364350914176956,0.10933658363170509,-2.9910932258229375,1.4059866122164473,-2.633569653593909,0.8226337055297295,-0.5095449393502666,-0.29014256702336305,0.06451984668098998,-0.9342869534121481,0.4219373702583442,50.0,51.0,50.0,40.0,43.0,25.0,29.0,27.0,52.0,99.26,3975442432,1552195584,1507201024,7.57,8.16,8.88,25297891328,9720811520
2026-04-27T15:21:13.049217+02:00,0.20190929883670825,0.2233548384468099,0.12398656631088908,-2.9881498224882916,1.4005899776789081,-2.6300545946656273,0.8226337055297295,-0.498940318815149,-0.2871126754419009,0.06298586589310418,-0.9419568573515762,0.4219373702583442,50.0,51.0,50.0,40.0,43.0,25.0,29.0,27.0,52.0,99.26,3975442432,1552195584,1507201024,7.57,8.16,8.88,25297891328,9720811520
2026-04-27T15:21:13.100250+02:00,0.20190929883670825,0.2233548384468099,0.12398656631088908,-2.9881498224882916,1.4005899776789081,-2.6300545946656273,0.8226337055297295,-0.4913655898614938,-0.2871126754419009,0.06298586589310418,-0.9480927805031194,0.4219373702583442,50.0,51.0,50.0,40.0,43.0,25.0,29.0,27.0,52.0,99.26,3975442432,1552195584,1507201024,7.57,8.16,8.88,25297891328,9720811520
2026-04-27T15:21:13.152422+02:00,0.20190929883670825,0.2233548384468099,0.12398656631088908,-2.9881498224882916,1.4005899776789081,-2.6300545946656273,0.8226337055297295,-0.4853058066985695,-0.2855977296511698,0.06298586589310418,-0.9526947228667759,0.4219373702583442,50.0,51.0,50.0,40.0,43.0,25.0,29.0,27.0,52.0,99.26,3975442432,1552195584,1507201024,7.57,8.16,8.88,25297891328,9720811520
2026-04-27T15:21:13.205157+02:00,0.20190929883670825,0.2233548384468099,0.12398656631088908,-2.9881498224882916,1.4005899776789081,-2.6300545946656273,0.8226337055297295,-0.4747011861634519,-0.2840827838604387,0.06145188510521837,-0.9634325883819757,0.42347135104623,50.0,51.0,50.0,40.0,43.0,25.0,29.0,27.0,52.0,99.26,3975442432,1552195584,1507201024,7.57,8.16,8.88,25297891328,9720811520
2026-04-27T15:21:13.256603+02:00,0.2023058169565756,0.2236223483015547,0.13341244299824473,-3.0010737888829824,1.4108001640722077,-2.639612339922086,0.8226337055297295,-0.4656115114190654,-0.28256783806970764,0.06298586589310418,-0.969568511533518,0.4265393126220012,50.0,51.0,50.0,40.0,43.0,25.0,29.0,27.0,52.0,99.26,3975442432,1552195584,1507201024,7.57,8.16,8.88,25297891328,9720811520
2026-04-27T15:21:13.307804+02:00,0.2023058169565756,0.2236223483015547,0.13341244299824473,-3.0010737888829824,1.4108001640722077,-2.639612339922086,0.8226337055297295,-0.46258161983760326,-0.28105289227897656,0.06145188510521837,-0.9726364731092896,0.4265393126220012,50.0,51.0,50.0,40.0,43.0,25.0,29.0,27.0,52.0,99.26,3975442432,1552195584,1507201024,7.57,8.16,8.88,25297891328,9720811520
2026-04-27T15:21:13.359215+02:00,0.2023058169565756,0.2236223483015547,0.13341244299824473,-3.0010737888829824,1.4108001640722077,-2.639612339922086,0.8226337055297295,-0.45803678246541,-0.28105289227897656,0.06145188510521837,-0.9726364731092896,0.4265393126220012,50.0,51.0,50.0,40.0,43.0,25.0,29.0,27.0,52.0,99.26,3975442432,1552195584,1507201024,7.57,8.16,8.88,25297891328,9720811520
2026-04-27T15:21:13.414818+02:00,0.2023058169565756,0.2236223483015547,0.13341244299824473,-3.0010737888829824,1.4108001640722077,-2.639612339922086,0.8226337055297295,-0.45652183667467894,-0.28105289227897656,0.06145188510521837,-0.9726364731092896,0.4265393126220012,50.0,51.0,50.0,40.0,43.0,25.0,29.0,27.0,52.0,99.26,3975442432,1552195584,1507201024,7.57,8.16,8.88,25297891328,9720811520
2026-04-27T15:21:13.465890+02:00,0.20232695681930046,0.2237212615924609,0.14134835123900352,-3.0259734761055763,1.421883565510874,-2.668075714427217,0.8226337055297295,-0.45652183667467894,-0.28105289227897656,0.06145188510521837,-0.9787723962608319,0.4265393126220012,50.0,51.0,50.0,40.0,43.0,25.0,29.0,27.0,52.0,99.26,3975442432,1552195584,1507201024,7.57,8.16,8.88,25297891328,9720811520
2026-04-27T15:21:13.515847+02:00,0.20232695681930046,0.2237212615924609,0.14134835123900352,-3.0259734761055763,1.421883565510874,-2.668075714427217,0.8226337055297295,-0.45652183667467894,-0.28105289227897656,0.06145188510521837,-0.9787723962608319,0.4265393126220012,50.0,51.0,50.0,40.0,43.0,25.0,29.0,27.0,52.0,91.91,3975442432,1552535552,1506844672,7.57,8.16,8.88,25297891328,9720815616
2026-04-27T15:21:13.568296+02:00,0.20232695681930046,0.2237212615924609,0.14134835123900352,-3.0259734761055763,1.421883565510874,-2.668075714427217,0.8226337055297295,-0.45652183667467894,-0.28105289227897656,0.06145188510521837,-0.9787723962608319,0.4265393126220012,50.0,51.0,50.0,40.0,43.0,25.0,29.0,27.0,52.0,91.91,3975442432,1552535552,1506844672,7.57,8.16,8.88,25297891328,9720815616
2026-04-27T15:21:13.618692+02:00,0.20232695681930046,0.2237212615924609,0.14134835123900352,-3.0259734761055763,1.421883565510874,-2.668075714427217,0.8226337055297295,-0.45652183667467894,-0.28105289227897656,0.06145188510521837,-0.9787723962608319,0.4265393126220012,50.0,51.0,50.0,40.0,43.0,25.0,29.0,27.0,52.0,91.91,3975442432,1552535552,1506844672,7.57,8.16,8.88,25297891328,9720815616
2026-04-27T15:21:13.670026+02:00,0.20191957511812325,0.2234561911258845,0.14182659694421598,-3.0242031916324725,1.4170764476485644,-2.6670759325673163,0.8226337055297295,-0.45652183667467894,-0.28105289227897656,0.06145188510521837,-0.9787723962608319,0.4265393126220012,50.0,51.0,50.0,40.0,43.0,25.0,29.0,27.0,52.0,91.91,3975442432,1552535552,1506844672,7.57,8.16,8.88,25297891328,9720815616
2026-04-27T15:21:13.723260+02:00,0.20191957511812325,0.2234561911258845,0.14182659694421598,-3.0242031916324725,1.4170764476485644,-2.6670759325673163,0.8226337055297295,-0.45652183667467894,-0.28105289227897656,0.06145188510521837,-0.9787723962608319,0.4265393126220012,50.0,51.0,50.0,40.0,43.0,25.0,29.0,27.0,52.0,91.91,3975442432,1552535552,1506844672,7.57,8.16,8.88,25297891328,9720815616
2026-04-27T15:21:13.776164+02:00,0.20191957511812325,0.2234561911258845,0.14182659694421598,-3.0242031916324725,1.4170764476485644,-2.6670759325673163,0.8226337055297295,-0.45652183667467894,-0.28105289227897656,0.06145188510521837,-0.9787723962608319,0.4265393126220012,50.0,51.0,50.0,40.0,43.0,25.0,29.0,27.0,52.0,91.91,3975442432,1552535552,1506844672,7.57,8.16,8.88,25297891328,9720815616
2026-04-27T15:21:13.830249+02:00,0.20191957511812325,0.2234561911258845,0.14182659694421598,-3.0242031916324725,1.4170764476485644,-2.6670759325673163,0.8241556326374684,-0.45500689088394786,-0.28105289227897656,0.06145188510521837,-0.9787723962608319,0.4265393126220012,50.0,51.0,50.0,40.0,43.0,25.0,29.0,27.0,52.0,91.91,3975442432,1552535552,1506844672,7.57,8.16,8.88,25297891328,9720815616
2026-04-27T15:21:13.880629+02:00,0.20167320740615163,0.2237207731092726,0.1422783269722431,-3.0205549038267554,1.4188867922172417,-2.6609174967961735,0.8302433410684249,-0.44894710772102353,-0.28105289227897656,0.06145188510521837,-0.9787723962608319,0.4265393126220012,50.0,51.0,50.0,40.0,43.0,25.0,29.0,27.0,52.0,91.91,3975442432,1552535552,1506844672,7.57,8.16,8.88,25297891328,9720815616
2026-04-27T15:21:13.933264+02:00,0.20167320740615163,0.2237207731092726,0.1422783269722431,-3.0205549038267554,1.4188867922172417,-2.6609174967961735,0.8332871952839027,-0.44743216193029245,-0.28105289227897656,0.06298586589310418,-0.9787723962608319,0.4265393126220012,50.0,51.0,50.0,40.0,43.0,25.0,29.0,27.0,52.0,91.91,3975442432,1552535552,1506844672,7.57,8.16,8.88,25297891328,9720815616
2026-04-27T15:21:13.984413+02:00,0.20167320740615163,0.2237207731092726,0.1422783269722431,-3.0205549038267554,1.4188867922172417,-2.6609174967961735,0.842418757930337,-0.4413723787673681,-0.28105289227897656,0.06605382746887534,-0.9803063770487177,0.4265393126220012,50.0,51.0,50.0,40.0,43.0,25.0,29.0,27.0,52.0,91.91,3975442432,1552535552,1506844672,7.57,8.16,8.88,25297891328,9720815616
2026-04-27T15:21:14.034551+02:00,0.20167320740615163,0.2237207731092726,0.1422783269722431,-3.0205549038267554,1.4188867922172417,-2.6609174967961735,0.8485064663612936,-0.4368275413951749,-0.28105289227897656,0.06758780825676114,-0.9803063770487177,0.4265393126220012,50.0,51.0,50.0,40.0,43.0,25.0,29.0,27.0,52.0,91.91,3975442432,1552535552,1506844672,7.57,8.16,8.88,25297891328,9720815616
2026-04-27T15:21:14.087272+02:00,0.19819503528567503,0.22700909590241883,0.14594232913600116,-3.0612220688090415,1.427943198854084,-2.6878990583524067,0.8591599561154668,-0.4277378666507884,-0.2795379464882455,0.0706557698325323,-0.9879762809881458,0.4265393126220012,50.0,51.0,50.0,40.0,43.0,25.0,29.0,27.0,52.0,91.91,3975442432,1552535552,1506844672,7.57,8.16,8.88,25297891328,9720815616
2026-04-27T15:21:14.139631+02:00,0.19819503528567503,0.22700909590241883,0.14594232913600116,-3.0612220688090415,1.427943198854084,-2.6878990583524067,0.863725737438684,-0.42319302927859515,-0.2795379464882455,0.0721897506204181,-0.9895102617760316,0.4265393126220012,50.0,51.0,50.0,40.0,43.0,25.0,29.0,27.0,52.0,91.91,3975442432,1552535552,1506844672,7.57,8.16,8.88,25297891328,9720815616
2026-04-27T15:21:14.192441+02:00,0.19819503528567503,0.22700909590241883,0.14594232913600116,-3.0612220688090415,1.427943198854084,-2.6878990583524067,0.8743792271928572,-0.41410335453420866,-0.2795379464882455,0.07372373140830346,-0.9941122041396881,0.4265393126220012,50.0,51.0,50.0,40.0,43.0,25.0,29.0,27.0,52.0,91.91,3975442432,1552535552,1506844672,7.57,8.16,8.88,25297891328,9720815616
2026-04-27T15:21:14.247478+02:00,0.1901144601958796,0.2335054951228158,0.15405356138151127,3.118077110102277,1.437841999049244,-2.7651936252968317,0.8819888627315526,-0.4095585171620154,-0.2795379464882455,0.07679169298407507,-0.9941122041396881,0.4265393126220012,50.0,51.0,50.0,40.0,43.0,25.0,29.0,27.0,52.0,91.91,3975442432,1552535552,1506844672,7.57,8.16,8.88,25297891328,9720815616
2026-04-27T15:21:14.298483+02:00,0.1901144601958796,0.2335054951228158,0.15405356138151127,3.118077110102277,1.437841999049244,-2.7651936252968317,0.8941642795934652,-0.39895389662689784,-0.2795379464882455,0.08139363534773203,-1.0002481272912305,0.4265393126220012,50.0,51.0,50.0,40.0,43.0,25.0,29.0,27.0,52.0,91.91,3975442432,1552535552,1506844672,7.57,8.16,8.88,25297891328,9720815616
2026-04-27T15:21:14.349756+02:00,0.1901144601958796,0.2335054951228158,0.15405356138151127,3.118077110102277,1.437841999049244,-2.7651936252968317,0.9078616235631167,-0.3883492760917804,-0.2780230006975144,0.08446159692350319,-1.0063840504427737,0.4265393126220012,50.0,51.0,50.0,40.0,43.0,25.0,29.0,27.0,52.0,97.69,3975442432,1552154624,1507180544,7.57,8.16,8.88,25297891328,9720832000
2026-04-27T15:21:14.402551+02:00,0.1901144601958796,0.2335054951228158,0.15405356138151127,3.118077110102277,1.437841999049244,-2.7651936252968317,0.9276466759637243,-0.37319981818446957,-0.2780230006975144,0.09059752007504551,-1.0140539543822018,0.4265393126220012,50.0,51.0,50.0,40.0,43.0,25.0,29.0,27.0,52.0,97.69,3975442432,1552154624,1507180544,7.57,8.16,8.88,25297891328,9720832000
2026-04-27T15:21:14.457964+02:00,0.180582423422029,0.24023102408290542,0.1630578198092031,2.9973567719145815,1.4477474667372694,-2.8533468818791907,0.9443878741488541,-0.35956530606788994,-0.2780230006975144,0.09366548165081712,-1.0186558967458583,0.4265393126220012,50.0,51.0,50.0,40.0,43.0,25.0,29.0,27.0,52.0,97.69,3975442432,1552154624,1507180544,7.57,8.16,8.88,25297891328,9720832000
2026-04-27T15:21:14.512369+02:00,0.180582423422029,0.24023102408290542,0.1630578198092031,2.9973567719145815,1.4477474667372694,-2.8533468818791907,0.9626509994417227,-0.34441584816057913,-0.2780230006975144,0.10133538559024524,-1.0278597814731723,0.4265393126220012,50.0,51.0,50.0,40.0,43.0,25.0,29.0,27.0,52.0,97.69,3975442432,1552154624,1507180544,7.57,8.16,8.88,25297891328,9720832000
2026-04-27T15:21:14.564211+02:00,0.180582423422029,0.24023102408290542,0.1630578198092031,2.9973567719145815,1.4477474667372694,-2.8533468818791907,0.9824360518423303,-0.32775144446253723,-0.2765080549067833,0.10747130874178756,-1.0355296854126004,0.42960727419777234,50.0,51.0,51.0,40.0,43.0,25.0,29.0,27.0,53.0,97.69,3975442432,1552154624,1507180544,7.57,8.16,8.88,25297891328,9720832000
2026-04-27T15:21:14.619327+02:00,0.180582423422029,0.24023102408290542,0.1630578198092031,2.9973567719145815,1.4477474667372694,-2.8533468818791907,0.9824360518423303,-0.32775144446253723,-0.2765080549067833,0.10747130874178756,-1.0355296854126004,0.42960727419777234,50.0,51.0,51.0,40.0,43.0,25.0,29.0,27.0,53.0,97.69,3975442432,1552154624,1507180544,7.57,8.16,8.88,25297891328,9720832000
2026-04-27T15:21:14.669847+02:00,0.15779464198705595,0.2527094197351716,0.18337984954526715,2.6465660952348555,1.4595473235349072,-3.1354017379264074,1.0128745939971115,-0.3004824202293779,-0.2765080549067833,0.11360723189333033,-1.0462675509278,0.42960727419777234,50.0,51.0,51.0,40.0,43.0,25.0,29.0,27.0,53.0,97.69,3975442432,1552154624,1507180544,7.57,8.16,8.88,25297891328,9720832000
2026-04-27T15:21:14.721430+02:00,0.15779464198705595,0.2527094197351716,0.18337984954526715,2.6465660952348555,1.4595473235349072,-3.1354017379264074,1.0311377192899802,-0.283818016531336,-0.27499310911605224,0.12127713583275845,-1.0524034740793424,0.42960727419777234,50.0,51.0,51.0,40.0,43.0,25.0,29.0,27.0,53.0,97.69,3975442432,1552154624,1507180544,7.57,8.16,8.88,25297891328,9720832000
2026-04-27T15:21:14.775657+02:00,0.15779464198705595,0.2527094197351716,0.18337984954526715,2.6465660952348555,1.4595473235349072,-3.1354017379264074,1.0509227716905878,-0.2671536128332942,-0.27499310911605224,0.12434509740852961,-1.0570054164429998,0.42960727419777234,50.0,51.0,51.0,40.0,43.0,25.0,29.0,27.0,53.0,97.69,3975442432,1552154624,1507180544,7.57,8.16,8.88,25297891328,9720832000
2026-04-27T15:21:14.827237+02:00,0.1393090273426749,0.2603346168885381,0.19989800960526038,2.289531647462093,1.4597273046165669,2.8481380142154835,1.0707078240911954,-0.2504892091352523,-0.27499310911605224,0.12894703977218658,-1.064675320382428,0.42960727419777234,50.0,51.0,51.0,40.0,43.0,25.0,29.0,27.0,53.0,97.69,3975442432,1552154624,1507180544,7.57,8.16,8.88,25297891328,9720832000
2026-04-27T15:21:14.878425+02:00,0.1393090273426749,0.2603346168885381,0.19989800960526038,2.289531647462093,1.4597273046165669,2.8481380142154835,1.081361313845369,-0.2413995343908658,-0.27499310911605224,0.13048102056007238,-1.0662093011703138,0.42960727419777234,50.0,51.0,51.0,40.0,43.0,25.0,29.0,27.0,53.0,97.69,3975442432,1552154624,1507180544,7.57,8.16,8.88,25297891328,9720832000
2026-04-27T15:21:14.930913+02:00,0.1393090273426749,0.2603346168885381,0.19989800960526038,2.289531647462093,1.4597273046165669,2.8481380142154835,1.0981025120304984,-0.2262500764835551,-0.27347816332532116,0.13508296292372934,-1.0692772627460845,0.42960727419777234,50.0,51.0,51.0,40.0,43.0,25.0,29.0,27.0,53.0,97.69,3975442432,1552154624,1507180544,7.57,8.16,8.88,25297891328,9720832000
2026-04-27T15:21:14.985251+02:00,0.1393090273426749,0.2603346168885381,0.19989800960526038,2.289531647462093,1.4597273046165669,2.8481380142154835,1.1057121475691933,-0.22019029332063078,-0.27347816332532116,0.1366169437116147,-1.0754131858976277,0.42960727419777234,50.0,51.0,51.0,40.0,43.0,25.0,29.0,27.0,53.0,97.69,3975442432,1552154624,1507180544,7.57,8.16,8.88,25297891328,9720832000
2026-04-27T15:21:15.038338+02:00,0.12259459190646017,0.26520348807009814,0.21398620095091128,2.0186266547328833,1.4505558255211248,2.6298129181868295,1.1315849084007579,-0.19595116066893348,-0.27347816332532116,0.1396849052873863,-1.08154910904917,0.42960727419777234,50.0,51.0,51.0,40.0,43.0,25.0,29.0,27.0,53.0,97.69,3975442432,1552154624,1507180544,7.57,8.16,8.88,25297891328,9720832000
2026-04-27T15:21:15.092103+02:00,0.12259459190646017,0.26520348807009814,0.21398620095091128,2.0186266547328833,1.4505558255211248,2.6298129181868295,1.14376032526267,-0.18383159434308483,-0.27347816332532116,0.14428684765104327,-1.0846170706249407,0.42960727419777234,50.0,51.0,51.0,40.0,43.0,25.0,29.0,27.0,53.0,97.69,3975442432,1552154624,1507180544,7.57,8.16,8.88,25297891328,9720832000
2026-04-27T15:21:15.145839+02:00,0.12259459190646017,0.26520348807009814,0.21398620095091128,2.0186266547328833,1.4505558255211248,2.6298129181868295,1.1468041794781478,-0.18080170276162277,-0.27347816332532116,0.14428684765104327,-1.0846170706249407,0.42960727419777234,50.0,51.0,51.0,40.0,43.0,25.0,29.0,27.0,53.0,97.69,3975442432,1552154624,1507180544,7.57,8.16,8.88,25297891328,9720832000
2026-04-27T15:21:15.197286+02:00,0.12259459190646017,0.26520348807009814,0.21398620095091128,2.0186266547328833,1.4505558255211248,2.6298129181868295,1.1589795963400609,-0.16868213643577412,-0.27347816332532116,0.14888879001470023,-1.0876850322007123,0.43114125498565814,50.0,51.0,51.0,40.0,43.0,25.0,29.0,27.0,53.0,97.69,3975442432,1552154624,1507180544,7.57,8.16,8.88,25297891328,9720832000
2026-04-27T15:21:15.248194+02:00,0.10989793471891326,0.26767532954784157,0.22540584561919946,1.790460397071013,1.438304916845284,2.442183651845466,1.1650673047710165,-0.1626223532728498,-0.27347816332532116,0.14888879001470023,-1.090752993776484,0.43114125498565814,50.0,51.0,51.0,40.0,43.0,25.0,29.0,27.0,53.0,97.69,3975442432,1552154624,1507180544,7.57,8.16,8.88,25297891328,9720832000
2026-04-27T15:21:15.299242+02:00,0.10989793471891326,0.26767532954784157,0.22540584561919946,1.790460397071013,1.438304916845284,2.442183651845466,1.171155013201973,-0.1550476243191944,-0.27347816332532116,0.14888879001470023,-1.0922869745643697,0.4342092165614293,50.0,51.0,51.0,40.0,43.0,25.0,29.0,27.0,53.0,97.69,3975442432,1552154624,1507180544,7.57,8.16,8.88,25297891328,9720832000
2026-04-27T15:21:15.349885+02:00,0.10989793471891326,0.26767532954784157,0.22540584561919946,1.790460397071013,1.438304916845284,2.442183651845466,1.178764648740668,-0.14747289536553898,-0.2719632175345901,0.1504227708025856,-1.0938209553522547,0.4342092165614293,50.0,51.0,51.0,40.0,43.0,25.0,29.0,27.0,53.0,99.23,3975442432,1576849408,1482481664,7.57,8.16,8.88,25297891328,9720836096
2026-04-27T15:21:15.401247+02:00,0.10989793471891326,0.26767532954784157,0.22540584561919946,1.790460397071013,1.438304916845284,2.442183651845466,1.1802865758484073,-0.14444300378407682,-0.2719632175345901,0.1519567515904714,-1.0938209553522547,0.4342092165614293,50.0,51.0,51.0,40.0,43.0,25.0,29.0,27.0,53.0,99.23,3975442432,1576849408,1482481664,7.57,8.16,8.88,25297891328,9720836096
2026-04-27T15:21:15.453147+02:00,0.09924804993682619,0.26880136635020535,0.23618881768446817,1.6225149390599507,1.4210163414899581,2.302816453260538,1.1833304300638852,-0.13989816641188357,-0.2719632175345901,0.1519567515904714,-1.098422897715912,0.4342092165614293,50.0,51.0,51.0,40.0,43.0,25.0,29.0,27.0,53.0,99.23,3975442432,1576849408,1482481664,7.57,8.16,8.88,25297891328,9720836096
2026-04-27T15:21:15.508229+02:00,0.09924804993682619,0.26880136635020535,0.23618881768446817,1.6225149390599507,1.4210163414899581,2.302816453260538,1.1833304300638852,-0.13989816641188357,-0.2719632175345901,0.1519567515904714,-1.0999568785037979,0.4342092165614293,50.0,51.0,51.0,40.0,43.0,25.0,29.0,27.0,53.0,99.23,3975442432,1576849408,1482481664,7.57,8.16,8.88,25297891328,9720836096
2026-04-27T15:21:15.559972+02:00,0.09924804993682619,0.26880136635020535,0.23618881768446817,1.6225149390599507,1.4210163414899581,2.302816453260538,1.1833304300638852,-0.13989816641188357,-0.2719632175345901,0.1519567515904714,-1.0999568785037979,0.4342092165614293,50.0,51.0,51.0,40.0,43.0,25.0,29.0,27.0,53.0,99.23,3975442432,1576849408,1482481664,7.57,8.16,8.88,25297891328,9720836096
2026-04-27T15:21:15.612370+02:00,0.09924804993682619,0.26880136635020535,0.23618881768446817,1.6225149390599507,1.4210163414899581,2.302816453260538,1.1833304300638852,-0.13989816641188357,-0.2719632175345901,0.1519567515904714,-1.0999568785037979,0.4342092165614293,50.0,51.0,51.0,40.0,43.0,25.0,29.0,27.0,53.0,99.23,3975442432,1576849408,1482481664,7.57,8.16,8.88,25297891328,9720836096
2026-04-27T15:21:15.663806+02:00,0.09807783936190886,0.26835432178370683,0.2374041711111296,1.6328051157093026,1.4213300095839325,2.316885810355632,1.1833304300638852,-0.13989816641188357,-0.2719632175345901,0.1519567515904714,-1.0999568785037979,0.4342092165614293,50.0,51.0,51.0,40.0,43.0,25.0,29.0,27.0,53.0,99.23,3975442432,1576849408,1482481664,7.57,8.16,8.88,25297891328,9720836096
2026-04-27T15:21:15.715119+02:00,0.09807783936190886,0.26835432178370683,0.2374041711111296,1.6328051157093026,1.4213300095839325,2.316885810355632,1.1833304300638852,-0.13989816641188357,-0.2719632175345901,0.1519567515904714,-1.0999568785037979,0.4342092165614293,50.0,51.0,51.0,40.0,43.0,25.0,29.0,27.0,53.0,99.23,3975442432,1576849408,1482481664,7.57,8.16,8.88,25297891328,9720836096
2026-04-27T15:21:15.765242+02:00,0.09807783936190886,0.26835432178370683,0.2374041711111296,1.6328051157093026,1.4213300095839325,2.316885810355632,1.1833304300638852,-0.13989816641188357,-0.2719632175345901,0.1519567515904714,-1.0999568785037979,0.4342092165614293,50.0,51.0,51.0,40.0,43.0,25.0,29.0,27.0,53.0,99.23,3975442432,1576849408,1482481664,7.57,8.16,8.88,25297891328,9720836096
2026-04-27T15:21:15.816413+02:00,0.09807783936190886,0.26835432178370683,0.2374041711111296,1.6328051157093026,1.4213300095839325,2.316885810355632,1.1833304300638852,-0.13989816641188357,-0.2719632175345901,0.1519567515904714,-1.0999568785037979,0.4342092165614293,50.0,51.0,51.0,40.0,43.0,25.0,29.0,27.0,53.0,99.23,3975442432,1576849408,1482481664,7.57,8.16,8.88,25297891328,9720836096
2026-04-27T15:21:15.868194+02:00,0.09807783936190886,0.26835432178370683,0.2374041711111296,1.6328051157093026,1.4213300095839325,2.316885810355632,1.1833304300638852,-0.13989816641188357,-0.2719632175345901,0.1519567515904714,-1.0999568785037979,0.4342092165614293,50.0,51.0,51.0,40.0,43.0,25.0,29.0,27.0,53.0,99.23,3975442432,1576849408,1482481664,7.57,8.16,8.88,25297891328,9720836096
2026-04-27T15:21:15.922125+02:00,0.09807783936190886,0.26835432178370683,0.2374041711111296,1.6328051157093026,1.4213300095839325,2.316885810355632,1.1833304300638852,-0.13989816641188357,-0.2719632175345901,0.1519567515904714,-1.0999568785037979,0.4342092165614293,50.0,51.0,51.0,40.0,43.0,25.0,29.0,27.0,53.0,99.23,3975442432,1576849408,1482481664,7.57,8.16,8.88,25297891328,9720836096
2026-04-27T15:21:15.974077+02:00,0.09807783936190886,0.26835432178370683,0.2374041711111296,1.6328051157093026,1.4213300095839325,2.316885810355632,1.1833304300638852,-0.13989816641188357,-0.2719632175345901,0.1519567515904714,-1.0999568785037979,0.4342092165614293,50.0,51.0,51.0,40.0,43.0,25.0,29.0,27.0,53.0,99.23,3975442432,1576849408,1482481664,7.57,8.16,8.88,25297891328,9720836096
2026-04-27T15:21:16.029081+02:00,0.09807783936190886,0.26835432178370683,0.2374041711111296,1.6328051157093026,1.4213300095839325,2.316885810355632,1.1833304300638852,-0.13989816641188357,-0.2719632175345901,0.1519567515904714,-1.0999568785037979,0.4342092165614293,50.0,51.0,51.0,40.0,43.0,25.0,29.0,27.0,53.0,99.23,3975442432,1576849408,1482481664,7.57,8.16,8.88,25297891328,9720836096
2026-04-27T15:21:16.081443+02:00,0.09807783936190886,0.26835432178370683,0.2374041711111296,1.6328051157093026,1.4213300095839325,2.316885810355632,1.1833304300638852,-0.13989816641188357,-0.2719632175345901,0.1519567515904714,-1.0999568785037979,0.4342092165614293,50.0,51.0,51.0,40.0,43.0,25.0,29.0,27.0,53.0,99.23,3975442432,1576849408,1482481664,7.57,8.16,8.88,25297891328,9720836096
2026-04-27T15:21:16.137819+02:00,0.09807783936190886,0.26835432178370683,0.2374041711111296,1.6328051157093026,1.4213300095839325,2.316885810355632,1.1833304300638852,-0.13989816641188357,-0.2719632175345901,0.1519567515904714,-1.0999568785037979,0.4342092165614293,50.0,51.0,51.0,40.0,43.0,25.0,29.0,27.0,53.0,99.23,3975442432,1576849408,1482481664,7.57,8.16,8.88,25297891328,9720836096
2026-04-27T15:21:16.187971+02:00,0.09807783936190886,0.26835432178370683,0.2374041711111296,1.6328051157093026,1.4213300095839325,2.316885810355632,1.1833304300638852,-0.13989816641188357,-0.2719632175345901,0.1519567515904714,-1.0999568785037979,0.4342092165614293,50.0,51.0,51.0,40.0,43.0,25.0,29.0,27.0,53.0,99.23,3975442432,1576849408,1482481664,7.57,8.16,8.88,25297891328,9720836096
2026-04-27T15:21:16.239801+02:00,0.09807783936190886,0.26835432178370683,0.2374041711111296,1.6328051157093026,1.4213300095839325,2.316885810355632,1.1833304300638852,-0.13989816641188357,-0.2719632175345901,0.1519567515904714,-1.0999568785037979,0.4342092165614293,50.0,51.0,51.0,40.0,43.0,25.0,29.0,27.0,53.0,99.23,3975442432,1576849408,1482481664,7.57,8.16,8.88,25297891328,9720836096
2026-04-27T15:21:16.294565+02:00,0.09807783936190886,0.26835432178370683,0.2374041711111296,1.6328051157093026,1.4213300095839325,2.316885810355632,1.1833304300638852,-0.13989816641188357,-0.2719632175345901,0.1519567515904714,-1.0999568785037979,0.4342092165614293,50.0,51.0,51.0,40.0,43.0,25.0,29.0,27.0,53.0,99.23,3975442432,1576849408,1482481664,7.57,8.16,8.88,25297891328,9720836096
2026-04-27T15:21:16.348551+02:00,0.09807783936190886,0.26835432178370683,0.2374041711111296,1.6328051157093026,1.4213300095839325,2.316885810355632,1.1833304300638852,-0.13989816641188357,-0.2719632175345901,0.1519567515904714,-1.0999568785037979,0.4342092165614293,50.0,51.0,51.0,40.0,43.0,25.0,29.0,27.0,53.0,99.23,3975442432,1576849408,1482481664,7.57,8.16,8.88,25297891328,9720836096
2026-04-27T15:21:16.400715+02:00,0.09807783936190886,0.26835432178370683,0.2374041711111296,1.6328051157093026,1.4213300095839325,2.316885810355632,1.1833304300638852,-0.13989816641188357,-0.2719632175345901,0.1519567515904714,-1.0999568785037979,0.4342092165614293,50.0,51.0,51.0,40.0,43.0,25.0,29.0,27.0,53.0,99.23,3975442432,1576849408,1482481664,7.57,8.16,8.88,25297891328,9720836096
2026-04-27T15:21:16.453687+02:00,0.09807783936190886,0.26835432178370683,0.2374041711111296,1.6328051157093026,1.4213300095839325,2.316885810355632,1.1833304300638852,-0.13989816641188357,-0.2719632175345901,0.1519567515904714,-1.0999568785037979,0.4342092165614293,50.0,51.0,51.0,40.0,43.0,25.0,29.0,27.0,53.0,94.93,3975442432,1589981184,1469337600,7.57,8.16,8.88,25297891328,9720844288
2026-04-27T15:21:16.508044+02:00,0.09807783936190886,0.26835432178370683,0.2374041711111296,1.6328051157093026,1.4213300095839325,2.316885810355632,1.1833304300638852,-0.13989816641188357,-0.2719632175345901,0.1519567515904714,-1.0999568785037979,0.4342092165614293,50.0,51.0,51.0,40.0,43.0,25.0,29.0,27.0,53.0,94.93,3975442432,1589981184,1469337600,7.57,8.16,8.88,25297891328,9720844288
2026-04-27T15:21:16.559464+02:00,0.09807783936190886,0.26835432178370683,0.2374041711111296,1.6328051157093026,1.4213300095839325,2.316885810355632,1.1833304300638852,-0.13989816641188357,-0.2719632175345901,0.1519567515904714,-1.0999568785037979,0.4342092165614293,50.0,51.0,51.0,40.0,43.0,25.0,29.0,27.0,53.0,94.93,3975442432,1589981184,1469337600,7.57,8.16,8.88,25297891328,9720844288
2026-04-27T15:21:16.613069+02:00,0.09807783936190886,0.26835432178370683,0.2374041711111296,1.6328051157093026,1.4213300095839325,2.316885810355632,1.1833304300638852,-0.13989816641188357,-0.2719632175345901,0.1519567515904714,-1.0999568785037979,0.4342092165614293,50.0,51.0,51.0,40.0,43.0,25.0,29.0,27.0,53.0,94.93,3975442432,1589981184,1469337600,7.57,8.16,8.88,25297891328,9720844288
2026-04-27T15:21:16.663830+02:00,0.09807783936190886,0.26835432178370683,0.2374041711111296,1.6328051157093026,1.4213300095839325,2.316885810355632,1.1833304300638852,-0.13989816641188357,-0.2719632175345901,0.1519567515904714,-1.0999568785037979,0.4342092165614293,50.0,51.0,51.0,40.0,43.0,25.0,29.0,27.0,53.0,94.93,3975442432,1589981184,1469337600,7.57,8.16,8.88,25297891328,9720844288
2026-04-27T15:21:16.717484+02:00,0.09807783936190886,0.26835432178370683,0.2374041711111296,1.6328051157093026,1.4213300095839325,2.316885810355632,1.1833304300638852,-0.13989816641188357,-0.2719632175345901,0.1519567515904714,-1.0999568785037979,0.4342092165614293,50.0,51.0,51.0,40.0,43.0,25.0,29.0,27.0,53.0,94.93,3975442432,1589981184,1469337600,7.57,8.16,8.88,25297891328,9720844288
2026-04-27T15:21:16.772549+02:00,0.09807783936190886,0.26835432178370683,0.2374041711111296,1.6328051157093026,1.4213300095839325,2.316885810355632,1.1833304300638852,-0.13989816641188357,-0.2719632175345901,0.1519567515904714,-1.0999568785037979,0.4342092165614293,50.0,51.0,51.0,40.0,43.0,25.0,29.0,27.0,53.0,94.93,3975442432,1589981184,1469337600,7.57,8.16,8.88,25297891328,9720844288
2026-04-27T15:21:16.824980+02:00,0.09807783936190886,0.26835432178370683,0.2374041711111296,1.6328051157093026,1.4213300095839325,2.316885810355632,1.1833304300638852,-0.13989816641188357,-0.2719632175345901,0.1519567515904714,-1.0999568785037979,0.4342092165614293,50.0,51.0,51.0,40.0,43.0,25.0,29.0,27.0,53.0,94.93,3975442432,1589981184,1469337600,7.57,8.16,8.88,25297891328,9720844288
2026-04-27T15:21:16.875659+02:00,0.09807783936190886,0.26835432178370683,0.2374041711111296,1.6328051157093026,1.4213300095839325,2.316885810355632,1.1833304300638852,-0.13989816641188357,-0.2719632175345901,0.1519567515904714,-1.0999568785037979,0.4342092165614293,50.0,51.0,51.0,40.0,43.0,25.0,29.0,27.0,53.0,94.93,3975442432,1589981184,1469337600,7.57,8.16,8.88,25297891328,9720844288
2026-04-27T15:21:16.928435+02:00,0.09807783936190886,0.26835432178370683,0.2374041711111296,1.6328051157093026,1.4213300095839325,2.316885810355632,1.1833304300638852,-0.13989816641188357,-0.27347816332532116,0.1519567515904714,-1.0999568785037979,0.4342092165614293,50.0,51.0,51.0,40.0,43.0,25.0,29.0,27.0,53.0,94.93,3975442432,1589981184,1469337600,7.57,8.16,8.88,25297891328,9720844288
2026-04-27T15:21:16.983452+02:00,0.09807783936190886,0.26835432178370683,0.2374041711111296,1.6328051157093026,1.4213300095839325,2.316885810355632,1.1863742842793639,-0.1383832206211525,-0.2765080549067833,0.1519567515904714,-1.0999568785037979,0.4342092165614293,50.0,51.0,51.0,40.0,43.0,25.0,29.0,27.0,53.0,94.93,3975442432,1589981184,1469337600,7.57,8.16,8.88,25297891328,9720844288
2026-04-27T15:21:17.038465+02:00,0.09746204474653375,0.2679931760109137,0.23710091846911502,1.6420607333154096,1.4219652198844113,2.3275606005012084,1.190940065602581,-0.13383838324895925,-0.28105289227897656,0.14888879001470023,-1.0999568785037979,0.4342092165614293,50.0,51.0,51.0,40.0,43.0,25.0,29.0,27.0,53.0,94.93,3975442432,1589981184,1469337600,7.57,8.16,8.88,25297891328,9720844288
2026-04-27T15:21:17.093498+02:00,0.09746204474653375,0.2679931760109137,0.23710091846911502,1.6420607333154096,1.4219652198844113,2.3275606005012084,1.1939839198180588,-0.1308084916674972,-0.2840827838604387,0.14888879001470023,-1.0999568785037979,0.4342092165614293,50.0,51.0,51.0,40.0,43.0,25.0,29.0,27.0,53.0,94.93,3975442432,1589981184,1469337600,7.57,8.16,8.88,25297891328,9720844288
2026-04-27T15:21:17.146693+02:00,0.09746204474653375,0.2679931760109137,0.23710091846911502,1.6420607333154096,1.4219652198844113,2.3275606005012084,1.2015935553567538,-0.12474870850457287,-0.29165751281409413,0.14888879001470023,-1.1014908592916828,0.4342092165614293,50.0,51.0,51.0,40.0,43.0,25.0,29.0,27.0,53.0,94.93,3975442432,1589981184,1469337600,7.57,8.16,8.88,25297891328,9720844288
2026-04-27T15:21:17.197093+02:00,0.09746204474653375,0.2679931760109137,0.23710091846911502,1.6420607333154096,1.4219652198844113,2.3275606005012084,1.206159336679971,-0.12020387113237962,-0.2962023501862874,0.14582082843892863,-1.1030248400795686,0.4342092165614293,50.0,51.0,51.0,40.0,43.0,25.0,29.0,27.0,53.0,94.93,3975442432,1589981184,1469337600,7.57,8.16,8.88,25297891328,9720844288
2026-04-27T15:21:17.247190+02:00,0.09043900997954357,0.26549313252879125,0.2370021778583129,1.6652812255935079,1.4293819671160568,2.3747340005054554,1.2152908993264053,-0.11262914217872422,-0.30680697072140495,0.14428684765104327,-1.1091607632311118,0.4342092165614293,50.0,51.0,51.0,40.0,43.0,25.0,29.0,27.0,53.0,94.93,3975442432,1589981184,1469337600,7.57,8.16,8.88,25297891328,9720844288
2026-04-27T15:21:17.299945+02:00,0.09043900997954357,0.26549313252879125,0.2370021778583129,1.6652812255935079,1.4293819671160568,2.3747340005054554,1.2198566806496225,-0.10808430480653097,-0.3113518080935982,0.1396849052873863,-1.1122287248068825,0.4342092165614293,50.0,51.0,51.0,40.0,43.0,25.0,29.0,27.0,53.0,94.93,3975442432,1589981184,1469337600,7.57,8.16,8.88,25297891328,9720844288
2026-04-27T15:21:17.350280+02:00,0.09043900997954357,0.26549313252879125,0.2370021778583129,1.6652812255935079,1.4293819671160568,2.3747340005054554,1.2305101704037962,-0.10050957585287557,-0.32195642862871576,0.13508296292372934,-1.11683066717054,0.4342092165614293,50.0,51.0,51.0,40.0,43.0,25.0,29.0,27.0,53.0,94.93,3975442432,1589981184,1469337600,7.57,8.16,8.88,25297891328,9720844288
2026-04-27T15:21:17.400759+02:00,0.09043900997954357,0.26549313252879125,0.2370021778583129,1.6652812255935079,1.4293819671160568,2.3747340005054554,1.2381198059424912,-0.09293484689922016,-0.33104610337310225,0.13048102056007238,-1.1198986287463106,0.4342092165614293,50.0,51.0,51.0,40.0,43.0,25.0,29.0,27.0,53.0,94.93,3975442432,1589981184,1469337600,7.57,8.16,8.88,25297891328,9720844288
2026-04-27T15:21:17.455348+02:00,0.07896321344991004,0.2593442099812781,0.2354591569113929,1.8462037423220803,1.4504865242005838,2.597907630949003,1.2518171499121427,-0.0823302263641027,-0.34619556128041296,0.12434509740852961,-1.1306364942615104,0.4342092165614293,50.0,51.0,51.0,40.0,43.0,25.0,29.0,27.0,53.0,91.85,3975442432,1590784000,1468502016,7.6,8.16,8.88,25297891328,9720860672
2026-04-27T15:21:17.505677+02:00,0.07896321344991004,0.2593442099812781,0.2354591569113929,1.8462037423220803,1.4504865242005838,2.597907630949003,1.2579048583430992,-0.07627044320117837,-0.3522553444433373,0.12281111662064426,-1.1321704750493962,0.4342092165614293,50.0,51.0,51.0,40.0,43.0,25.0,29.0,27.0,53.0,91.85,3975442432,1590784000,1468502016,7.6,8.16,8.88,25297891328,9720860672
2026-04-27T15:21:17.556129+02:00,0.07896321344991004,0.2593442099812781,0.2354591569113929,1.8462037423220803,1.4504865242005838,2.597907630949003,1.2746460565282285,-0.06263593108459864,-0.37194963972284123,0.11360723189333033,-1.133704455837282,0.4342092165614293,50.0,51.0,51.0,40.0,43.0,25.0,29.0,27.0,53.0,91.85,3975442432,1590784000,1468502016,7.6,8.16,8.88,25297891328,9720860672
2026-04-27T15:21:17.606343+02:00,0.07896321344991004,0.2593442099812781,0.2354591569113929,1.8462037423220803,1.4504865242005838,2.597907630949003,1.2837776191746628,-0.05506120213094323,-0.3810393144672277,0.10900528952967337,-1.142908340564596,0.4357431973493151,50.0,51.0,51.0,40.0,43.0,25.0,29.0,27.0,53.0,91.85,3975442432,1590784000,1468502016,7.6,8.16,8.88,25297891328,9720860672
2026-04-27T15:21:17.660378+02:00,0.06600025045362812,0.25121683894588714,0.23361037253793443,2.1120684726957553,1.4714740135966322,2.9144265815517962,1.300518817359793,-0.03991174422363242,-0.3992186639560007,0.1028693663781306,-1.1567141676555663,0.4357431973493151,50.0,51.0,51.0,40.0,43.0,25.0,29.0,27.0,53.0,91.85,3975442432,1590784000,1468502016,7.6,8.16,8.88,25297891328,9720860672
2026-04-27T15:21:17.711407+02:00,0.06600025045362812,0.25121683894588714,0.23361037253793443,2.1120684726957553,1.4714740135966322,2.9144265815517962,1.3187819426526617,-0.024762286316321713,-0.41891295923550464,0.09366548165081712,-1.1643840715949945,0.4357431973493151,50.0,51.0,51.0,40.0,43.0,25.0,29.0,27.0,53.0,91.85,3975442432,1590784000,1468502016,7.6,8.16,8.88,25297891328,9720860672
2026-04-27T15:21:17.766476+02:00,0.06600025045362812,0.25121683894588714,0.23361037253793443,2.1120684726957553,1.4714740135966322,2.9144265815517962,1.3187819426526617,-0.024762286316321713,-0.41891295923550464,0.09366548165081712,-1.1643840715949945,0.4357431973493151,50.0,51.0,51.0,40.0,43.0,25.0,29.0,27.0,53.0,91.85,3975442432,1590784000,1468502016,7.6,8.16,8.88,25297891328,9720860672
2026-04-27T15:21:17.821501+02:00,0.06600025045362812,0.25121683894588714,0.23361037253793443,2.1120684726957553,1.4714740135966322,2.9144265815517962,1.3476985576997031,0.0025067379168377535,-0.45072682084085736,0.08139363534773203,-1.1812578602617365,0.4357431973493151,50.0,51.0,51.0,40.0,43.0,25.0,29.0,27.0,53.0,91.85,3975442432,1590784000,1468502016,7.6,8.16,8.88,25297891328,9720860672
2026-04-27T15:21:17.873645+02:00,0.05273199428580077,0.24136714664906014,0.23198032022235326,2.515229991934131,1.4787523561578193,-2.910892831212231,1.3720493914235283,0.025230924777803865,-0.4779958450740167,0.0691217890446465,-1.1919957257769362,0.4357431973493151,50.0,51.0,51.0,40.0,43.0,25.0,29.0,27.0,53.0,91.85,3975442432,1590784000,1468502016,7.6,8.16,8.88,25297891328,9720860672
2026-04-27T15:21:17.924994+02:00,0.05273199428580077,0.24136714664906014,0.23198032022235326,2.515229991934131,1.4787523561578193,-2.910892831212231,1.3811809540699627,0.03280565373145927,-0.4870855198184032,0.06451984668098998,-1.195063687352707,0.4357431973493151,50.0,51.0,51.0,40.0,43.0,25.0,29.0,27.0,53.0,91.85,3975442432,1590784000,1468502016,7.6,8.16,8.88,25297891328,9720860672
2026-04-27T15:21:17.975199+02:00,0.05273199428580077,0.24136714664906014,0.23198032022235326,2.515229991934131,1.4787523561578193,-2.910892831212231,1.3994440793628313,0.05098500322023225,-0.5082947608886382,0.05684994274156141,-1.2073355336557925,0.4357431973493151,50.0,51.0,51.0,40.0,43.0,25.0,29.0,27.0,53.0,91.85,3975442432,1590784000,1468502016,7.6,8.16,8.88,25297891328,9720860672
2026-04-27T15:21:18.025779+02:00,0.05273199428580077,0.24136714664906014,0.23198032022235326,2.515229991934131,1.4787523561578193,-2.910892831212231,1.410097569117005,0.06007467796461863,-0.5188993814237558,0.05378198116579025,-1.210403495231564,0.4357431973493151,50.0,51.0,51.0,40.0,43.0,25.0,29.0,27.0,53.0,91.85,3975442432,1590784000,1468502016,7.6,8.16,8.88,25297891328,9720860672
2026-04-27T15:21:18.076714+02:00,0.03460357537089672,0.22478087179779943,0.22943110838613057,3.0813942376135155,1.4634563478459006,-2.2608013256519914,1.4283606944098737,0.07673908166266052,-0.5385936767032599,0.04764605801424793,-1.2150054375952206,0.4357431973493151,50.0,51.0,51.0,40.0,43.0,25.0,29.0,27.0,53.0,91.85,3975442432,1590784000,1468502016,7.6,8.16,8.88,25297891328,9720860672
2026-04-27T15:21:18.128105+02:00,0.03460357537089672,0.22478087179779943,0.22943110838613057,3.0813942376135155,1.4634563478459006,-2.2608013256519914,1.4481457468104808,0.09643337694216458,-0.561317863564226,0.038442173286934,-1.2257433031104203,0.4357431973493151,50.0,51.0,51.0,40.0,43.0,25.0,29.0,27.0,53.0,91.85,3975442432,1590784000,1468502016,7.6,8.16,8.88,25297891328,9720860672
2026-04-27T15:21:18.182911+02:00,0.03460357537089672,0.22478087179779943,0.22943110838613057,3.0813942376135155,1.4634563478459006,-2.2608013256519914,1.4709746534265666,0.11764261801239967,-0.5870719420066544,0.029238288559620074,-1.2410831109892766,0.43727717813720046,50.0,51.0,51.0,40.0,43.0,25.0,29.0,27.0,53.0,91.85,3975442432,1590784000,1468502016,7.6,8.16,8.88,25297891328,9720860672
2026-04-27T15:21:18.234236+02:00,0.01851054320433144,0.20703332538828692,0.2262080226606738,-2.88922678511776,1.4285139628897836,-1.866932188512387,1.4953254871503918,0.13885185908263475,-0.6143409662398137,0.02463634619596311,-1.2441510725650482,0.43727717813720046,50.0,51.0,51.0,40.0,43.0,25.0,29.0,27.0,53.0,91.85,3975442432,1590784000,1468502016,7.6,8.16,8.88,25297891328,9720860672
2026-04-27T15:21:18.290871+02:00,0.01851054320433144,0.20703332538828692,0.2262080226606738,-2.88922678511776,1.4285139628897836,-1.866932188512387,1.5120666853355211,0.1555162627806766,-0.6310053699378556,0.012364499892878023,-1.2579568996560186,0.43727717813720046,50.0,51.0,51.0,40.0,43.0,25.0,29.0,27.0,53.0,91.85,3975442432,1590784000,1468502016,7.6,8.16,8.88,25297891328,9720860672
2026-04-27T15:21:18.341068+02:00,0.01851054320433144,0.20703332538828692,0.2262080226606738,-2.88922678511776,1.4285139628897836,-1.866932188512387,1.5166324666587383,0.16006110015286984,-0.6370651531007799,0.01083051910499222,-1.2594908804439044,0.43727717813720046,50.0,51.0,51.0,40.0,43.0,25.0,29.0,27.0,53.0,91.85,3975442432,1590784000,1468502016,7.6,8.16,8.88,25297891328,9720860672
2026-04-27T15:21:18.392237+02:00,0.01851054320433144,0.20703332538828692,0.2262080226606738,-2.88922678511776,1.4285139628897836,-1.866932188512387,1.5364175190593463,0.17672550385091168,-0.658274394171015,0.007762557529221059,-1.2656268035954468,0.43727717813720046,50.0,51.0,51.0,40.0,43.0,25.0,29.0,27.0,53.0,98.46,3975442432,1590411264,1468870656,7.6,8.16,8.88,25297891328,9720860672
2026-04-27T15:21:18.443396+02:00,0.01851054320433144,0.20703332538828692,0.2262080226606738,-2.88922678511776,1.4285139628897836,-1.866932188512387,1.5440271545980413,0.18581517859529817,-0.6673640689154015,0.004694595953449898,-1.2671607843833326,0.43727717813720046,50.0,51.0,51.0,40.0,43.0,25.0,29.0,27.0,53.0,98.46,3975442432,1590411264,1468870656,7.6,8.16,8.88,25297891328,9720860672
2026-04-27T15:21:18.495095+02:00,0.004690382673829034,0.18861410075727897,0.22215291559355216,-2.7278207191753974,1.3928303260018629,-1.6228739560801924,1.5592464256754321,0.20096463650260893,-0.6855434184041744,0.0016266343776782932,-1.273296707534875,0.43727717813720046,50.0,51.0,51.0,40.0,43.0,25.0,29.0,27.0,53.0,98.46,3975442432,1590411264,1468870656,7.6,8.16,8.88,25297891328,9720860672
2026-04-27T15:21:18.545258+02:00,0.004690382673829034,0.18861410075727897,0.22215291559355216,-2.7278207191753974,1.3928303260018629,-1.6228739560801924,1.5653341341063887,0.20853936545626434,-0.6916032015670988,-0.0014413271980928677,-1.2763646691106465,0.43727717813720046,50.0,51.0,51.0,40.0,43.0,25.0,29.0,27.0,53.0,98.46,3975442432,1590411264,1468870656,7.6,8.16,8.88,25297891328,9720860672
2026-04-27T15:21:18.598613+02:00,0.004690382673829034,0.18861410075727897,0.22215291559355216,-2.7278207191753974,1.3928303260018629,-1.6228739560801924,1.5714218425373443,0.2161140944099197,-0.7006928763114851,-0.006043269561749831,-1.2778986498985323,0.43727717813720046,50.0,51.0,51.0,40.0,42.0,25.0,29.0,27.0,52.0,98.46,3975442432,1590411264,1468870656,7.6,8.16,8.88,25297891328,9720860672
2026-04-27T15:21:18.651324+02:00,-0.0004682532888842065,0.17981918310408404,0.2210180957263605,-2.6757638895700713,1.3820625082502727,-1.5347611961756042,1.5790314780760402,0.22671871494503726,-0.7082676052651405,-0.0075772503496351895,-1.2778986498985323,0.43727717813720046,50.0,51.0,51.0,40.0,42.0,25.0,29.0,27.0,52.0,98.46,3975442432,1590411264,1468870656,7.6,8.16,8.88,25297891328,9720860672
2026-04-27T15:21:18.703726+02:00,-0.0004682532888842065,0.17981918310408404,0.2210180957263605,-2.6757638895700713,1.3820625082502727,-1.5347611961756042,1.582075332291518,0.22974860652649942,-0.7112974968466027,-0.0075772503496351895,-1.2794326306864172,0.43727717813720046,50.0,51.0,51.0,40.0,42.0,25.0,29.0,27.0,52.0,98.46,3975442432,1590411264,1468870656,7.6,8.16,8.88,25297891328,9720860672
2026-04-27T15:21:18.757125+02:00,-0.0004682532888842065,0.17981918310408404,0.2210180957263605,-2.6757638895700713,1.3820625082502727,-1.5347611961756042,1.5851191865069958,0.23429344389869267,-0.715842334218796,-0.0075772503496351895,-1.2840345730500746,0.43727717813720046,50.0,51.0,51.0,40.0,42.0,25.0,29.0,27.0,52.0,98.46,3975442432,1590411264,1468870656,7.6,8.16,8.88,25297891328,9720860672
2026-04-27T15:21:18.812277+02:00,-0.0004682532888842065,0.17981918310408404,0.2210180957263605,-2.6757638895700713,1.3820625082502727,-1.5347611961756042,1.5866411136147351,0.23732333548015483,-0.717357280009527,-0.010645211925406795,-1.2840345730500746,0.43727717813720046,50.0,51.0,51.0,40.0,42.0,25.0,29.0,27.0,52.0,98.46,3975442432,1590411264,1468870656,7.6,8.16,8.88,25297891328,9720860672
2026-04-27T15:21:18.866157+02:00,-0.0004682532888842065,0.17981918310408404,0.2210180957263605,-2.6757638895700713,1.3820625082502727,-1.5347611961756042,1.5866411136147351,0.23732333548015483,-0.717357280009527,-0.010645211925406795,-1.2840345730500746,0.4357431973493151,50.0,51.0,51.0,40.0,42.0,25.0,29.0,27.0,52.0,98.46,3975442432,1590411264,1468870656,7.6,8.16,8.88,25297891328,9720860672
2026-04-27T15:21:18.921171+02:00,-0.0019710542519156787,0.17624543407355078,0.22080472208973295,-2.655200288347263,1.3772733283240235,-1.5018355596246582,1.5881630407224745,0.23883828127088585,-0.7188722258002581,-0.012179192713292153,-1.2855685538379604,0.4357431973493151,50.0,51.0,51.0,40.0,42.0,25.0,29.0,27.0,52.0,98.46,3975442432,1590411264,1468870656,7.6,8.16,8.88,25297891328,9720860672
2026-04-27T15:21:18.975821+02:00,-0.0019710542519156787,0.17624543407355078,0.22080472208973295,-2.655200288347263,1.3772733283240235,-1.5018355596246582,1.5881630407224745,0.23883828127088585,-0.7188722258002581,-0.012179192713292153,-1.2855685538379604,0.43727717813720046,50.0,51.0,51.0,40.0,42.0,25.0,29.0,27.0,52.0,98.46,3975442432,1590411264,1468870656,7.6,8.16,8.88,25297891328,9720860672
2026-04-27T15:21:19.030204+02:00,-0.0019710542519156787,0.17624543407355078,0.22080472208973295,-2.655200288347263,1.3772733283240235,-1.5018355596246582,1.5881630407224745,0.23883828127088585,-0.7188722258002581,-0.012179192713292153,-1.2840345730500746,0.43727717813720046,50.0,51.0,51.0,40.0,42.0,25.0,29.0,27.0,52.0,98.46,3975442432,1590411264,1468870656,7.6,8.16,8.88,25297891328,9720860672
2026-04-27T15:21:19.082127+02:00,-0.002112367841305494,0.1757873768062137,0.2207553176509203,-2.6485741593182697,1.3756643234329788,-1.4931193396543565,1.5881630407224745,0.23883828127088585,-0.7188722258002581,-0.012179192713292153,-1.2855685538379604,0.4357431973493151,50.0,51.0,51.0,40.0,42.0,25.0,29.0,27.0,52.0,98.46,3975442432,1590411264,1468870656,7.6,8.16,8.88,25297891328,9720860672
2026-04-27T15:21:19.133896+02:00,-0.002112367841305494,0.1757873768062137,0.2207553176509203,-2.6485741593182697,1.3756643234329788,-1.4931193396543565,1.5881630407224745,0.23883828127088585,-0.7188722258002581,-0.012179192713292153,-1.2855685538379604,0.43727717813720046,50.0,51.0,51.0,40.0,42.0,25.0,29.0,27.0,52.0,98.46,3975442432,1590411264,1468870656,7.6,8.16,8.88,25297891328,9720860672
2026-04-27T15:21:19.188835+02:00,-0.002112367841305494,0.1757873768062137,0.2207553176509203,-2.6485741593182697,1.3756643234329788,-1.4931193396543565,1.5881630407224745,0.23883828127088585,-0.7188722258002581,-0.012179192713292153,-1.2855685538379604,0.43727717813720046,50.0,51.0,51.0,40.0,42.0,25.0,29.0,27.0,52.0,98.46,3975442432,1590411264,1468870656,7.6,8.16,8.88,25297891328,9720860672
2026-04-27T15:21:19.239878+02:00,-0.00211236784130547,0.1757873768062137,0.22075531765092032,-2.650108140106153,1.3756643234329788,-1.493119339654354,1.5881630407224745,0.23883828127088585,-0.7188722258002581,-0.012179192713292153,-1.2855685538379604,0.4357431973493151,50.0,51.0,51.0,40.0,42.0,25.0,29.0,27.0,52.0,98.46,3975442432,1590411264,1468870656,7.6,8.16,8.88,25297891328,9720860672
2026-04-27T15:21:19.291255+02:00,-0.00211236784130547,0.1757873768062137,0.22075531765092032,-2.650108140106153,1.3756643234329788,-1.493119339654354,1.5881630407224745,0.23883828127088585,-0.7188722258002581,-0.012179192713292153,-1.2840345730500746,0.4357431973493151,50.0,51.0,51.0,40.0,42.0,25.0,29.0,27.0,52.0,98.46,3975442432,1590411264,1468870656,7.6,8.16,8.88,25297891328,9720860672
2026-04-27T15:21:19.342065+02:00,-0.00211236784130547,0.1757873768062137,0.22075531765092032,-2.650108140106153,1.3756643234329788,-1.493119339654354,1.5881630407224745,0.23883828127088585,-0.7188722258002581,-0.012179192713292153,-1.2840345730500746,0.4357431973493151,50.0,51.0,51.0,40.0,42.0,25.0,29.0,27.0,52.0,98.46,3975442432,1590411264,1468870656,7.6,8.16,8.88,25297891328,9720860672
2026-04-27T15:21:19.395129+02:00,-0.00211236784130547,0.1757873768062137,0.22075531765092032,-2.650108140106153,1.3756643234329788,-1.493119339654354,1.5881630407224745,0.23883828127088585,-0.7188722258002581,-0.012179192713292153,-1.2855685538379604,0.4357431973493151,50.0,51.0,51.0,40.0,42.0,25.0,29.0,27.0,52.0,98.46,3975442432,1590411264,1468870656,7.6,8.16,8.88,25297891328,9720860672
2026-04-27T15:21:19.446845+02:00,-0.00211236784130547,0.1757873768062137,0.22075531765092032,-2.650108140106153,1.3756643234329788,-1.493119339654354,1.5881630407224745,0.23883828127088585,-0.7188722258002581,-0.012179192713292153,-1.2855685538379604,0.4357431973493151,50.0,51.0,51.0,40.0,42.0,25.0,29.0,27.0,52.0,94.62,3975442432,1551454208,1507819520,7.6,8.16,8.88,25297891328,9720868864
2026-04-27T15:21:19.498177+02:00,-0.00211236784130547,0.1757873768062137,0.22075531765092032,-2.650108140106153,1.3756643234329788,-1.493119339654354,1.5881630407224745,0.23883828127088585,-0.7188722258002581,-0.012179192713292153,-1.2855685538379604,0.4357431973493151,50.0,51.0,51.0,40.0,42.0,25.0,29.0,27.0,52.0,94.62,3975442432,1551454208,1507819520,7.6,8.16,8.88,25297891328,9720868864
2026-04-27T15:21:19.551485+02:00,-0.00211236784130547,0.1757873768062137,0.22075531765092032,-2.650108140106153,1.3756643234329788,-1.493119339654354,1.5881630407224745,0.23883828127088585,-0.7188722258002581,-0.012179192713292153,-1.2855685538379604,0.4357431973493151,50.0,51.0,51.0,40.0,42.0,25.0,29.0,27.0,52.0,94.62,3975442432,1551454208,1507819520,7.6,8.16,8.88,25297891328,9720868864
2026-04-27T15:21:19.602037+02:00,-0.00211236784130547,0.1757873768062137,0.22075531765092032,-2.650108140106153,1.3756643234329788,-1.493119339654354,1.5881630407224745,0.23883828127088585,-0.7188722258002581,-0.012179192713292153,-1.2855685538379604,0.4357431973493151,50.0,51.0,51.0,40.0,42.0,25.0,29.0,27.0,52.0,94.62,3975442432,1551454208,1507819520,7.6,8.16,8.88,25297891328,9720868864
2026-04-27T15:21:19.652093+02:00,-0.00211236784130547,0.1757873768062137,0.22075531765092032,-2.650108140106153,1.3756643234329788,-1.493119339654354,1.5881630407224745,0.23883828127088585,-0.7188722258002581,-0.012179192713292153,-1.2855685538379604,0.4357431973493151,50.0,51.0,51.0,40.0,42.0,25.0,29.0,27.0,52.0,94.62,3975442432,1551454208,1507819520,7.6,8.16,8.88,25297891328,9720868864
2026-04-27T15:21:19.707321+02:00,-0.00211236784130547,0.1757873768062137,0.22075531765092032,-2.650108140106153,1.3756643234329788,-1.493119339654354,1.5881630407224745,0.23883828127088585,-0.7188722258002581,-0.012179192713292153,-1.2840345730500746,0.4357431973493151,50.0,51.0,51.0,40.0,42.0,25.0,29.0,27.0,52.0,94.62,3975442432,1551454208,1507819520,7.6,8.16,8.88,25297891328,9720868864
2026-04-27T15:21:19.760065+02:00,-0.00211236784130547,0.1757873768062137,0.22075531765092032,-2.650108140106153,1.3756643234329788,-1.493119339654354,1.5881630407224745,0.23883828127088585,-0.7188722258002581,-0.012179192713292153,-1.2855685538379604,0.4357431973493151,50.0,51.0,51.0,40.0,42.0,25.0,29.0,27.0,52.0,94.62,3975442432,1551454208,1507819520,7.6,8.16,8.88,25297891328,9720868864
2026-04-27T15:21:19.814851+02:00,-0.00211236784130547,0.1757873768062137,0.22075531765092032,-2.650108140106153,1.3756643234329788,-1.493119339654354,1.5881630407224745,0.23883828127088585,-0.7188722258002581,-0.012179192713292153,-1.2855685538379604,0.4357431973493151,50.0,51.0,51.0,40.0,42.0,25.0,29.0,27.0,52.0,94.62,3975442432,1551454208,1507819520,7.6,8.16,8.88,25297891328,9720868864
2026-04-27T15:21:19.866006+02:00,-0.00211236784130547,0.1757873768062137,0.22075531765092032,-2.650108140106153,1.3756643234329788,-1.493119339654354,1.5881630407224745,0.23883828127088585,-0.7188722258002581,-0.012179192713292153,-1.2855685538379604,0.4357431973493151,50.0,51.0,51.0,40.0,42.0,25.0,29.0,27.0,52.0,94.62,3975442432,1551454208,1507819520,7.6,8.16,8.88,25297891328,9720868864
2026-04-27T15:21:19.919224+02:00,-0.00211236784130547,0.1757873768062137,0.22075531765092032,-2.650108140106153,1.3756643234329788,-1.493119339654354,1.5881630407224745,0.23883828127088585,-0.7188722258002581,-0.012179192713292153,-1.2855685538379604,0.4357431973493151,50.0,51.0,51.0,40.0,42.0,25.0,29.0,27.0,52.0,94.62,3975442432,1551454208,1507819520,7.6,8.16,8.88,25297891328,9720868864
2026-04-27T15:21:19.973084+02:00,-0.00211236784130547,0.1757873768062137,0.22075531765092032,-2.650108140106153,1.3756643234329788,-1.493119339654354,1.5881630407224745,0.23883828127088585,-0.7188722258002581,-0.012179192713292153,-1.2855685538379604,0.4357431973493151,50.0,51.0,51.0,40.0,42.0,25.0,29.0,27.0,52.0,94.62,3975442432,1551454208,1507819520,7.6,8.16,8.88,25297891328,9720868864
2026-04-27T15:21:20.024187+02:00,-0.00211236784130547,0.1757873768062137,0.22075531765092032,-2.650108140106153,1.3756643234329788,-1.493119339654354,1.5881630407224745,0.23883828127088585,-0.7188722258002581,-0.012179192713292153,-1.2855685538379604,0.4357431973493151,50.0,51.0,51.0,40.0,42.0,25.0,29.0,27.0,52.0,94.62,3975442432,1551454208,1507819520,7.6,8.16,8.88,25297891328,9720868864
2026-04-27T15:21:20.075036+02:00,-0.00211236784130547,0.1757873768062137,0.22075531765092032,-2.650108140106153,1.3756643234329788,-1.493119339654354,1.5881630407224745,0.23883828127088585,-0.7188722258002581,-0.012179192713292153,-1.2855685538379604,0.4357431973493151,50.0,51.0,51.0,40.0,42.0,25.0,29.0,27.0,52.0,94.62,3975442432,1551454208,1507819520,7.6,8.16,8.88,25297891328,9720868864
2026-04-27T15:21:20.125146+02:00,-0.00211236784130547,0.1757873768062137,0.22075531765092032,-2.650108140106153,1.3756643234329788,-1.493119339654354,1.5881630407224745,0.23883828127088585,-0.7188722258002581,-0.012179192713292153,-1.2855685538379604,0.4357431973493151,50.0,51.0,51.0,40.0,42.0,25.0,29.0,27.0,52.0,94.62,3975442432,1551454208,1507819520,7.6,8.16,8.88,25297891328,9720868864
2026-04-27T15:21:20.176159+02:00,-0.00211236784130547,0.1757873768062137,0.22075531765092032,-2.650108140106153,1.3756643234329788,-1.493119339654354,1.5835972593992573,0.23429344389869267,-0.7219021173817203,-0.012179192713292153,-1.2840345730500746,0.4342092165614293,50.0,51.0,51.0,40.0,42.0,25.0,29.0,27.0,52.0,94.62,3975442432,1551454208,1507819520,7.6,8.16,8.88,25297891328,9720868864
2026-04-27T15:21:20.230746+02:00,-0.0015760824141606968,0.17570884437480266,0.2198954930732543,-2.6514892378210733,1.3711275635706421,-1.497517473786385,1.5775095509683008,0.22671871494503726,-0.7264469547539135,-0.013713173501177955,-1.273296707534875,0.4250053318341154,50.0,51.0,51.0,40.0,42.0,25.0,29.0,27.0,52.0,94.62,3975442432,1551454208,1507819520,7.6,8.16,8.88,25297891328,9720868864
2026-04-27T15:21:20.280941+02:00,-0.0015760824141606968,0.17570884437480266,0.2198954930732543,-2.6514892378210733,1.3711275635706421,-1.497517473786385,1.5775095509683008,0.22671871494503726,-0.7264469547539135,-0.013713173501177955,-1.273296707534875,0.4250053318341154,50.0,51.0,51.0,40.0,42.0,25.0,29.0,27.0,52.0,94.62,3975442432,1551454208,1507819520,7.6,8.16,8.88,25297891328,9720868864
2026-04-27T15:21:20.332085+02:00,-0.0015760824141606968,0.17570884437480266,0.2198954930732543,-2.6514892378210733,1.3711275635706421,-1.497517473786385,1.5683779883218665,0.2115692570377265,-0.7340216837075689,-0.01831511586483492,-1.228811264686191,0.39585969686428824,50.0,51.0,51.0,40.0,42.0,25.0,29.0,27.0,52.0,94.62,3975442432,1551454208,1507819520,7.6,8.16,8.88,25297891328,9720868864
2026-04-27T15:21:20.382994+02:00,-0.0015760824141606968,0.17570884437480266,0.2198954930732543,-2.6514892378210733,1.3711275635706421,-1.497517473786385,1.5592464256754321,0.19793474492114677,-0.7400814668704933,-0.019849096652720277,-1.1965976681405928,0.38205386977331734,50.0,51.0,51.0,40.0,42.0,25.0,29.0,27.0,52.0,94.62,3975442432,1551454208,1507819520,7.6,8.16,8.88,25297891328,9720868864
2026-04-27T15:21:20.433647+02:00,-0.0015760824141606968,0.17570884437480266,0.2198954930732543,-2.6514892378210733,1.3711275635706421,-1.497517473786385,1.5592464256754321,0.1949048533396846,-0.7415964126612242,-0.019849096652720277,-1.1919957257769362,0.3743839658338892,50.0,51.0,51.0,40.0,42.0,25.0,29.0,27.0,52.0,94.62,3975442432,1551454208,1507819520,7.6,8.16,8.88,25297891328,9720868864
2026-04-27T15:21:20.487979+02:00,0.0027420455645127675,0.17947387729137607,0.21019066971577488,-2.656907579792749,1.3865223257682604,-1.475838266459385,1.5516367901367372,0.18127034122310492,-0.7461412500334175,-0.022917058228491882,-1.1720539755344226,0.354442215591376,50.0,51.0,51.0,40.0,42.0,25.0,29.0,27.0,52.0,95.38,3975442432,1551605760,1507643392,7.6,8.16,8.88,25297891328,9720877056
2026-04-27T15:21:20.543444+02:00,0.0027420455645127675,0.17947387729137607,0.21019066971577488,-2.656907579792749,1.3865223257682604,-1.475838266459385,1.5455490817057806,0.16915077489725627,-0.7506860874056107,-0.025985019804263043,-1.150578244504024,0.33756842692463396,50.0,51.0,51.0,40.0,42.0,25.0,29.0,27.0,52.0,95.38,3975442432,1551605760,1507643392,7.6,8.16,8.88,25297891328,9720877056
2026-04-27T15:21:20.596787+02:00,0.0027420455645127675,0.17947387729137607,0.21019066971577488,-2.656907579792749,1.3865223257682604,-1.475838266459385,1.5379394461670857,0.1555162627806766,-0.7537159789870729,-0.027519000592148846,-1.1291025134736246,0.32683056140943423,50.0,51.0,51.0,40.0,42.0,25.0,29.0,27.0,52.0,95.38,3975442432,1551605760,1507643392,7.6,8.16,8.88,25297891328,9720877056
2026-04-27T15:21:20.648423+02:00,0.00710919679654688,0.1853979859445953,0.19944318131575126,-2.6711908721924025,1.4140484890003626,-1.447393098654752,1.5303298106283898,0.14188175066409692,-0.7582608163592661,-0.030586962167920007,-1.098422897715912,0.30228686880326405,50.0,51.0,51.0,40.0,42.0,25.0,29.0,27.0,52.0,95.38,3975442432,1551605760,1507643392,7.6,8.16,8.88,25297891328,9720877056
2026-04-27T15:21:20.703351+02:00,0.00710919679654688,0.1853979859445953,0.19944318131575126,-2.6711908721924025,1.4140484890003626,-1.447393098654752,1.5242421021974342,0.1267322927567861,-0.7612907079407283,-0.030586962167920007,-1.072345224321856,0.2884810417122936,50.0,51.0,51.0,40.0,42.0,25.0,29.0,27.0,52.0,95.38,3975442432,1551605760,1507643392,7.6,8.16,8.88,25297891328,9720877056
2026-04-27T15:21:20.755716+02:00,0.00710919679654688,0.1853979859445953,0.19944318131575126,-2.6711908721924025,1.4140484890003626,-1.447393098654752,1.5166324666587383,0.11006788905874426,-0.7643205995221904,-0.03212094295580581,-1.0539374548672282,0.2762091954092081,50.0,51.0,51.0,40.0,42.0,25.0,29.0,27.0,52.0,95.38,3975442432,1551605760,1507643392,7.6,8.16,8.88,25297891328,9720877056
2026-04-27T15:21:20.806525+02:00,0.00710919679654688,0.1853979859445953,0.19944318131575126,-2.6711908721924025,1.4140484890003626,-1.447393098654752,1.5090228311200433,0.09188853956997134,-0.7658355453129215,-0.03672288531946233,-1.0186558967458583,0.25626744516669486,50.0,51.0,51.0,40.0,42.0,25.0,29.0,27.0,52.0,95.38,3975442432,1551605760,1507643392,7.6,8.16,8.88,25297891328,9720877056
2026-04-27T15:21:20.857851+02:00,0.014436020858421437,0.19415276013827687,0.18253279283145243,-2.653978228182855,1.445352410793607,-1.380053143436039,1.5029351226890868,0.07673908166266052,-0.7673504911036526,-0.03672288531946233,-1.0109859928064302,0.24399559886360978,50.0,51.0,51.0,40.0,42.0,25.0,29.0,27.0,52.0,95.38,3975442432,1551605760,1507643392,7.6,8.16,8.88,25297891328,9720877056
2026-04-27T15:21:20.912315+02:00,0.014436020858421437,0.19415276013827687,0.18253279283145243,-2.653978228182855,1.445352410793607,-1.380053143436039,1.499891268473609,0.0706792984997362,-0.7673504911036526,-0.03672288531946233,-0.9910442425639174,0.23018977177263888,50.0,51.0,51.0,40.0,42.0,25.0,29.0,27.0,52.0,95.38,3975442432,1551605760,1507643392,7.6,8.16,8.88,25297891328,9720877056
2026-04-27T15:21:20.963759+02:00,0.014436020858421437,0.19415276013827687,0.18253279283145243,-2.653978228182855,1.445352410793607,-1.380053143436039,1.499891268473609,0.0706792984997362,-0.7673504911036526,-0.03672288531946233,-0.9910442425639174,0.23018977177263888,50.0,51.0,51.0,40.0,42.0,25.0,29.0,27.0,52.0,95.38,3975442432,1551605760,1507643392,7.6,8.16,8.88,25297891328,9720877056
2026-04-27T15:21:21.014039+02:00,0.014436020858421437,0.19415276013827687,0.18253279283145243,-2.653978228182855,1.445352410793607,-1.380053143436039,1.480106216073001,0.017656195824148457,-0.7688654368943837,-0.0443927892588909,-0.9128112223817495,0.18110238656029853,50.0,51.0,51.0,40.0,42.0,25.0,29.0,27.0,52.0,95.38,3975442432,1551605760,1507643392,7.6,8.16,8.88,25297891328,9720877056
2026-04-27T15:21:21.064228+02:00,0.021092882456486817,0.2024583601036803,0.16718110823851717,-2.626684222661733,1.4716401956367045,-1.2988919805457309,1.4770623618575232,0.00856652107976208,-0.7688654368943837,-0.0443927892588909,-0.9020733568665498,0.16116063631778532,50.0,51.0,51.0,40.0,42.0,25.0,29.0,27.0,52.0,95.38,3975442432,1551605760,1507643392,7.6,8.16,8.88,25297891328,9720877056
2026-04-27T15:21:21.117398+02:00,0.021092882456486817,0.2024583601036803,0.16718110823851717,-2.626684222661733,1.4716401956367045,-1.2988919805457309,1.472496580534306,-0.005067991036817654,-0.7688654368943837,-0.0443927892588909,-0.8759956834724938,0.1519567515904714,50.0,51.0,51.0,40.0,42.0,25.0,29.0,27.0,52.0,95.38,3975442432,1551605760,1507643392,7.6,8.16,8.88,25297891328,9720877056
2026-04-27T15:21:21.172435+02:00,0.021092882456486817,0.2024583601036803,0.16718110823851717,-2.626684222661733,1.4716401956367045,-1.2988919805457309,1.4587992365646545,-0.04445658159582566,-0.7658355453129215,-0.045926770046776255,-0.8376461637753527,0.11820917425698729,50.0,51.0,51.0,40.0,42.0,25.0,29.0,27.0,52.0,95.38,3975442432,1551605760,1507643392,7.6,8.16,8.88,25297891328,9720877056
2026-04-27T15:21:21.223560+02:00,0.021092882456486817,0.2024583601036803,0.16718110823851717,-2.626684222661733,1.4716401956367045,-1.2988919805457309,1.452711528133698,-0.06415087687532972,-0.7628056537314594,-0.04899473162254786,-0.8054325672297544,0.1028693663781306,50.0,51.0,51.0,40.0,42.0,25.0,29.0,27.0,52.0,95.38,3975442432,1551605760,1507643392,7.6,8.16,8.88,25297891328,9720877056
2026-04-27T15:21:21.274022+02:00,0.027232950266502375,0.2104323156947152,0.1525460386797637,-2.581611033506027,1.4952165004786317,-1.211899886504527,1.4435799654872636,-0.08839000952702691,-0.7597757621499972,-0.05052871241043322,-0.7854908169872412,0.08446159692350319,50.0,51.0,51.0,40.0,42.0,25.0,29.0,27.0,52.0,95.38,3975442432,1551605760,1507643392,7.6,8.16,8.88,25297891328,9720877056
2026-04-27T15:21:21.325212+02:00,0.027232950266502375,0.2104323156947152,0.1525460386797637,-2.581611033506027,1.4952165004786317,-1.211899886504527,1.4359703299485687,-0.1141440879694553,-0.756745870568535,-0.04899473162254786,-0.7640150859568422,0.06605382746887534,50.0,51.0,51.0,40.0,42.0,25.0,29.0,27.0,52.0,95.38,3975442432,1551605760,1507643392,7.6,8.16,8.88,25297891328,9720877056
2026-04-27T15:21:21.380361+02:00,0.027232950266502375,0.2104323156947152,0.1525460386797637,-2.581611033506027,1.4952165004786317,-1.211899886504527,1.4283606944098737,-0.14141311220261465,-0.7506860874056107,-0.05052871241043322,-0.7287335278354723,0.04457809643847632,50.0,51.0,51.0,40.0,42.0,25.0,29.0,27.0,52.0,95.38,3975442432,1551605760,1507643392,7.6,8.16,8.88,25297891328,9720877056
2026-04-27T15:21:21.431502+02:00,0.034652916281637115,0.22013035297810038,0.13539884607640978,-2.4272432943414484,1.5213260029119335,-0.9906000644081294,1.4222729859789172,-0.16413729906358088,-0.7461412500334175,-0.05052871241043322,-0.6949859505019882,0.02770430777173427,50.0,51.0,51.0,40.0,42.0,25.0,29.0,27.0,52.0,95.38,3975442432,1551605760,1507643392,7.6,8.16,8.88,25297891328,9720877056
2026-04-27T15:21:21.486527+02:00,0.034652916281637115,0.22013035297810038,0.13539884607640978,-2.4272432943414484,1.5213260029119335,-0.9906000644081294,1.4177072046557,-0.1853465401338159,-0.7431113584519553,-0.05052871241043322,-0.6811801234110177,0.009296538317106862,50.0,51.0,51.0,40.0,42.0,25.0,29.0,27.0,52.0,95.38,3975442432,1551605760,1507643392,7.6,8.16,8.88,25297891328,9720877056
2026-04-27T15:21:21.538438+02:00,0.034652916281637115,0.22013035297810038,0.13539884607640978,-2.4272432943414484,1.5213260029119335,-0.9906000644081294,1.4116194962247435,-0.20807072699478213,-0.7385665210797622,-0.05052871241043322,-0.6597043923806187,-0.009111231137520992,50.0,51.0,51.0,40.0,42.0,25.0,29.0,27.0,52.0,91.11,3975442432,1552666624,1506574336,7.6,8.16,8.88,25297891328,9720877056
2026-04-27T15:21:21.591702+02:00,0.034652916281637115,0.22013035297810038,0.13539884607640978,-2.4272432943414484,1.5213260029119335,-0.9906000644081294,1.4040098606860485,-0.23836964280940365,-0.7309917921261068,-0.05052871241043322,-0.6290247766229058,-0.025985019804263043,50.0,51.0,51.0,40.0,42.0,25.0,29.0,27.0,52.0,91.11,3975442432,1552666624,1506574336,7.6,8.16,8.88,25297891328,9720877056
2026-04-27T15:21:21.643063+02:00,0.03986125563092692,0.22599154401898153,0.12051066997500184,-2.487324493775364,1.524782303629675,-1.0193831122627393,1.4024879335783091,-0.24594437176305906,-0.7294768463353757,-0.05052871241043322,-0.6244228342592488,-0.03518890453157697,50.0,51.0,51.0,40.0,42.0,25.0,29.0,27.0,52.0,91.11,3975442432,1552666624,1506574336,7.6,8.16,8.88,25297891328,9720877056
2026-04-27T15:21:21.695074+02:00,0.03986125563092692,0.22599154401898153,0.12051066997500184,-2.487324493775364,1.524782303629675,-1.0193831122627393,1.3948782980396142,-0.2747283417869496,-0.7203871715909892,-0.05052871241043322,-0.606015064804621,-0.05819861634986134,50.0,51.0,51.0,40.0,42.0,25.0,29.0,27.0,52.0,91.11,3975442432,1552666624,1506574336,7.6,8.16,8.88,25297891328,9720877056
2026-04-27T15:21:21.746880+02:00,0.03986125563092692,0.22599154401898153,0.12051066997500184,-2.487324493775364,1.524782303629675,-1.0193831122627393,1.390312516716397,-0.29442263706645355,-0.715842334218796,-0.05052871241043322,-0.5983451608651928,-0.06740250107717527,50.0,51.0,51.0,40.0,42.0,25.0,29.0,27.0,52.0,91.11,3975442432,1552666624,1506574336,7.6,8.16,8.88,25297891328,9720877056
2026-04-27T15:21:21.800082+02:00,0.03986125563092692,0.22599154401898153,0.12051066997500184,-2.487324493775364,1.524782303629675,-1.0193831122627393,1.3887905896086576,-0.3065422033923022,-0.7128124426373338,-0.05052871241043322,-0.5768694298347938,-0.078140366592375,50.0,51.0,51.0,40.0,42.0,25.0,29.0,27.0,52.0,91.11,3975442432,1552666624,1506574336,7.6,8.16,8.88,25297891328,9720877056
2026-04-27T15:21:21.854310+02:00,0.04449988372432507,0.2311010478788062,0.1067929300693419,-2.571797798424471,1.5267597008625269,-1.0653517757879327,1.3872686625009192,-0.3322962818347305,-0.7128124426373338,-0.05052871241043322,-0.5538597180165095,-0.08274230895603196,50.0,51.0,51.0,40.0,42.0,25.0,29.0,27.0,52.0,91.11,3975442432,1552666624,1506574336,7.6,8.16,8.88,25297891328,9720877056
2026-04-27T15:21:21.905514+02:00,0.04449988372432507,0.2311010478788062,0.1067929300693419,-2.571797798424471,1.5267597008625269,-1.0653517757879327,1.3872686625009192,-0.3489606855327724,-0.715842334218796,-0.05206269319831902,-0.5354519485618816,-0.08274230895603196,50.0,51.0,51.0,40.0,42.0,25.0,29.0,27.0,52.0,91.11,3975442432,1552666624,1506574336,7.6,8.16,8.88,25297891328,9720877056
2026-04-27T15:21:21.957031+02:00,0.04449988372432507,0.2311010478788062,0.1067929300693419,-2.571797798424471,1.5267597008625269,-1.0653517757879327,1.3872686625009192,-0.3489606855327724,-0.715842334218796,-0.05206269319831902,-0.5354519485618816,-0.08274230895603196,50.0,51.0,51.0,40.0,42.0,25.0,29.0,27.0,52.0,91.11,3975442432,1552666624,1506574336,7.6,8.16,8.88,25297891328,9720877056
2026-04-27T15:21:22.007566+02:00,0.04449988372432507,0.2311010478788062,0.1067929300693419,-2.571797798424471,1.5267597008625269,-1.0653517757879327,1.3872686625009192,-0.3792596013473939,-0.7188722258002581,-0.05513065477409018,-0.5109082559557114,-0.07967434738026036,50.0,51.0,51.0,40.0,42.0,25.0,29.0,27.0,52.0,91.11,3975442432,1552666624,1506574336,7.6,8.16,8.88,25297891328,9720877056
2026-04-27T15:21:22.061158+02:00,0.04480139008576441,0.23164982863529449,0.08792752695629456,-2.484107733523046,1.532885139660939,-0.9669042492501587,1.3857467353931798,-0.40652862558055325,-0.7203871715909892,-0.056664635561975985,-0.4802286401979985,-0.07967434738026036,50.0,51.0,51.0,40.0,42.0,25.0,29.0,27.0,52.0,91.11,3975442432,1552666624,1506574336,7.6,8.16,8.88,25297891328,9720877056
2026-04-27T15:21:22.111866+02:00,0.04480139008576441,0.23164982863529449,0.08792752695629456,-2.484107733523046,1.532885139660939,-0.9669042492501587,1.3857467353931798,-0.4186481919064019,-0.7203871715909892,-0.059732597137747145,-0.46335485153125644,-0.0766063858044892,50.0,51.0,51.0,40.0,42.0,25.0,29.0,27.0,52.0,91.11,3975442432,1552666624,1506574336,7.6,8.16,8.88,25297891328,9720877056
2026-04-27T15:21:22.165782+02:00,0.04480139008576441,0.23164982863529449,0.08792752695629456,-2.484107733523046,1.532885139660939,-0.9669042492501587,1.3857467353931798,-0.43834248718590596,-0.7203871715909892,-0.0628005587135183,-0.4434131012887432,-0.0750724050166034,50.0,51.0,51.0,40.0,42.0,25.0,29.0,27.0,52.0,91.11,3975442432,1552666624,1506574336,7.6,8.16,8.88,25297891328,9720877056
2026-04-27T15:21:22.220605+02:00,0.04480139008576441,0.23164982863529449,0.08792752695629456,-2.484107733523046,1.532885139660939,-0.9669042492501587,1.3857467353931798,-0.4504620535117546,-0.7188722258002581,-0.0628005587135183,-0.4342092165614293,-0.07353842422871804,50.0,51.0,51.0,40.0,42.0,25.0,29.0,27.0,52.0,91.11,3975442432,1552666624,1506574336,7.6,8.16,8.88,25297891328,9720877056
2026-04-27T15:21:22.275682+02:00,0.04490183385166585,0.23062912696188104,0.07416729859026357,-2.600950260683644,1.5278660988130055,-1.0828586338146575,1.3842248082854405,-0.476216131954183,-0.7188722258002581,-0.06740250107717527,-0.41580144710680145,-0.07047046265294643,50.0,51.0,51.0,40.0,42.0,25.0,29.0,27.0,52.0,91.11,3975442432,1552666624,1506574336,7.6,8.16,8.88,25297891328,9720877056
2026-04-27T15:21:22.329023+02:00,0.04490183385166585,0.23062912696188104,0.07416729859026357,-2.600950260683644,1.5278660988130055,-1.0828586338146575,1.3842248082854405,-0.4837908609078384,-0.7188722258002581,-0.06893648186506107,-0.4096655239552591,-0.07047046265294643,50.0,51.0,51.0,40.0,42.0,25.0,29.0,27.0,52.0,91.11,3975442432,1552666624,1506574336,7.6,8.16,8.88,25297891328,9720877056
2026-04-27T15:21:22.380363+02:00,0.04490183385166585,0.23062912696188104,0.07416729859026357,-2.600950260683644,1.5278660988130055,-1.0828586338146575,1.3842248082854405,-0.5004552646058801,-0.7188722258002581,-0.06893648186506107,-0.4004616392279452,-0.06740250107717527,50.0,51.0,51.0,40.0,42.0,25.0,29.0,27.0,52.0,91.11,3975442432,1552666624,1506574336,7.6,8.16,8.88,25297891328,9720877056
2026-04-27T15:21:22.434351+02:00,0.04496723899533165,0.22932395667698555,0.06060937870540449,-2.7331730841998194,1.5182891258689315,-1.2158586703589502,1.382702881177702,-0.5125748309317287,-0.717357280009527,-0.07047046265294643,-0.3897237737127459,-0.06740250107717527,50.0,51.0,51.0,40.0,42.0,25.0,29.0,27.0,52.0,91.11,3975442432,1552666624,1506574336,7.6,8.16,8.88,25297891328,9720877056
2026-04-27T15:21:22.484940+02:00,0.04496723899533165,0.22932395667698555,0.06060937870540449,-2.7331730841998194,1.5182891258689315,-1.2158586703589502,1.382702881177702,-0.5186346140946531,-0.717357280009527,-0.07200444344083223,-0.38512183134908895,-0.06586852028928991,50.0,51.0,51.0,40.0,42.0,25.0,29.0,27.0,52.0,91.11,3975442432,1552666624,1506574336,7.6,8.16,8.88,25297891328,9720877056
2026-04-27T15:21:22.539507+02:00,0.04496723899533165,0.22932395667698555,0.06060937870540449,-2.7331730841998194,1.5182891258689315,-1.2158586703589502,1.382702881177702,-0.5262093430483085,-0.715842334218796,-0.0750724050166034,-0.3789859081975462,-0.06433453950140411,50.0,51.0,51.0,40.0,42.0,25.0,29.0,27.0,52.0,91.11,3975442432,1552666624,1506574336,7.6,8.16,8.88,25297891328,9720877056
2026-04-27T15:21:22.591003+02:00,0.04496723899533165,0.22932395667698555,0.06060937870540449,-2.7331730841998194,1.5182891258689315,-1.2158586703589502,1.382702881177702,-0.5383289093741571,-0.715842334218796,-0.0766063858044892,-0.37284998504600386,-0.06433453950140411,50.0,51.0,51.0,40.0,42.0,25.0,29.0,27.0,52.0,97.14,3975442432,1552732160,1506508800,7.71,8.17,8.88,25297891328,9720877056
2026-04-27T15:21:22.642957+02:00,0.04509936620892443,0.22810884956344513,0.05259010748495317,-2.8102144960134883,1.5089975241978644,-1.2925400191150376,1.382702881177702,-0.5474185841185436,-0.7143273884280649,-0.0766063858044892,-0.3651800811065753,-0.0628005587135183,50.0,51.0,51.0,41.0,42.0,25.0,29.0,27.0,52.0,97.14,3975442432,1552732160,1506508800,7.71,8.17,8.88,25297891328,9720877056
2026-04-27T15:21:22.697372+02:00,0.04509936620892443,0.22810884956344513,0.05259010748495317,-2.8102144960134883,1.5089975241978644,-1.2925400191150376,1.382702881177702,-0.554993313072199,-0.7143273884280649,-0.0766063858044892,-0.36211211953080413,-0.06126657792563295,50.0,51.0,51.0,41.0,42.0,25.0,29.0,27.0,52.0,97.14,3975442432,1552732160,1506508800,7.71,8.17,8.88,25297891328,9720877056
2026-04-27T15:21:22.747892+02:00,0.04509936620892443,0.22810884956344513,0.05259010748495317,-2.8102144960134883,1.5089975241978644,-1.2925400191150376,1.382702881177702,-0.5580232046536612,-0.7143273884280649,-0.078140366592375,-0.36057813874291833,-0.06126657792563295,50.0,51.0,51.0,41.0,42.0,25.0,29.0,27.0,52.0,97.14,3975442432,1552732160,1506508800,7.71,8.17,8.88,25297891328,9720877056
2026-04-27T15:21:22.800895+02:00,0.04509936620892443,0.22810884956344513,0.05259010748495317,-2.8102144960134883,1.5089975241978644,-1.2925400191150376,1.382702881177702,-0.5625680420258544,-0.7143273884280649,-0.078140366592375,-0.3559761963792618,-0.06126657792563295,50.0,51.0,51.0,41.0,42.0,25.0,29.0,27.0,52.0,97.14,3975442432,1552732160,1506508800,7.71,8.17,8.88,25297891328,9720877056
2026-04-27T15:21:22.854778+02:00,0.044815423608805686,0.22695972196933795,0.047736757366752175,-2.8575533656420395,1.5039390362691205,-1.3394931070238165,1.382702881177702,-0.5640829878165855,-0.7128124426373338,-0.078140366592375,-0.3559761963792618,-0.06126657792563295,50.0,51.0,51.0,41.0,42.0,25.0,29.0,27.0,52.0,97.14,3975442432,1552732160,1506508800,7.71,8.17,8.88,25297891328,9720877056
2026-04-27T15:21:22.906259+02:00,0.044815423608805686,0.22695972196933795,0.047736757366752175,-2.8575533656420395,1.5039390362691205,-1.3394931070238165,1.382702881177702,-0.5640829878165855,-0.7128124426373338,-0.078140366592375,-0.3559761963792618,-0.06126657792563295,50.0,51.0,51.0,41.0,42.0,25.0,29.0,27.0,52.0,97.14,3975442432,1552732160,1506508800,7.71,8.17,8.88,25297891328,9720877056
2026-04-27T15:21:22.959184+02:00,0.044815423608805686,0.22695972196933795,0.047736757366752175,-2.8575533656420395,1.5039390362691205,-1.3394931070238165,1.382702881177702,-0.5640829878165855,-0.7128124426373338,-0.078140366592375,-0.3559761963792618,-0.06126657792563295,50.0,51.0,51.0,41.0,42.0,25.0,29.0,27.0,52.0,97.14,3975442432,1552732160,1506508800,7.71,8.17,8.88,25297891328,9720877056
2026-04-27T15:21:23.008356+02:00,0.044815423608805686,0.22695972196933795,0.047736757366752175,-2.8575533656420395,1.5039390362691205,-1.3394931070238165,1.382702881177702,-0.5640829878165855,-0.7128124426373338,-0.078140366592375,-0.3559761963792618,-0.06126657792563295,50.0,51.0,51.0,41.0,42.0,25.0,29.0,27.0,52.0,97.14,3975442432,1552732160,1506508800,7.71,8.17,8.88,25297891328,9720877056
2026-04-27T15:21:23.059974+02:00,0.044815423608805686,0.22695972196933795,0.047736757366752175,-2.8575533656420395,1.5039390362691205,-1.3394931070238165,1.382702881177702,-0.5640829878165855,-0.7128124426373338,-0.078140366592375,-0.3559761963792618,-0.06126657792563295,50.0,51.0,51.0,41.0,42.0,25.0,29.0,27.0,52.0,97.14,3975442432,1552732160,1506508800,7.71,8.17,8.88,25297891328,9720877056
2026-04-27T15:21:23.112735+02:00,0.04486653870400946,0.22722826330887225,0.0475426019514671,-2.8575533656420418,1.5039390362691207,-1.3394931070238176,1.382702881177702,-0.5640829878165855,-0.7128124426373338,-0.078140366592375,-0.3559761963792618,-0.06126657792563295,50.0,51.0,51.0,41.0,42.0,25.0,29.0,27.0,52.0,97.14,3975442432,1552732160,1506508800,7.71,8.17,8.88,25297891328,9720877056
2026-04-27T15:21:23.162979+02:00,0.04486653870400946,0.22722826330887225,0.0475426019514671,-2.8575533656420418,1.5039390362691207,-1.3394931070238176,1.382702881177702,-0.5640829878165855,-0.7128124426373338,-0.078140366592375,-0.3559761963792618,-0.06126657792563295,50.0,51.0,51.0,41.0,42.0,25.0,29.0,27.0,52.0,97.14,3975442432,1552732160,1506508800,7.71,8.17,8.88,25297891328,9720877056
2026-04-27T15:21:23.218023+02:00,0.04486653870400946,0.22722826330887225,0.0475426019514671,-2.8575533656420418,1.5039390362691207,-1.3394931070238176,1.382702881177702,-0.5640829878165855,-0.7128124426373338,-0.078140366592375,-0.3559761963792618,-0.06126657792563295,50.0,51.0,51.0,41.0,42.0,25.0,29.0,27.0,52.0,97.14,3975442432,1552732160,1506508800,7.71,8.17,8.88,25297891328,9720877056
2026-04-27T15:21:23.268893+02:00,0.04486653870400946,0.22722826330887225,0.0475426019514671,-2.8575533656420418,1.5039390362691207,-1.3394931070238176,1.382702881177702,-0.5640829878165855,-0.7128124426373338,-0.078140366592375,-0.3559761963792618,-0.06126657792563295,50.0,51.0,51.0,41.0,42.0,25.0,29.0,27.0,52.0,97.14,3975442432,1552732160,1506508800,7.71,8.17,8.88,25297891328,9720877056
2026-04-27T15:21:23.323928+02:00,0.04486653870400946,0.22722826330887225,0.0475426019514671,-2.8575533656420418,1.5039390362691207,-1.3394931070238176,1.382702881177702,-0.5640829878165855,-0.7128124426373338,-0.078140366592375,-0.3559761963792618,-0.06126657792563295,50.0,51.0,51.0,41.0,42.0,25.0,29.0,27.0,52.0,97.14,3975442432,1552732160,1506508800,7.71,8.17,8.88,25297891328,9720877056
2026-04-27T15:21:23.374976+02:00,0.04486653870400946,0.22722826330887225,0.0475426019514671,-2.8575533656420418,1.5039390362691207,-1.3394931070238176,1.382702881177702,-0.5640829878165855,-0.7128124426373338,-0.078140366592375,-0.3559761963792618,-0.06126657792563295,50.0,51.0,51.0,41.0,42.0,25.0,29.0,27.0,52.0,97.14,3975442432,1552732160,1506508800,7.71,8.17,8.88,25297891328,9720877056
2026-04-27T15:21:23.426925+02:00,0.04486653870400946,0.22722826330887225,0.0475426019514671,-2.8575533656420418,1.5039390362691207,-1.3394931070238176,1.382702881177702,-0.5640829878165855,-0.7128124426373338,-0.078140366592375,-0.3559761963792618,-0.06126657792563295,50.0,51.0,51.0,41.0,42.0,25.0,29.0,27.0,52.0,97.14,3975442432,1552732160,1506508800,7.71,8.17,8.88,25297891328,9720877056
2026-04-27T15:21:23.477931+02:00,0.04486653870400946,0.22722826330887225,0.0475426019514671,-2.8575533656420418,1.5039390362691207,-1.3394931070238176,1.382702881177702,-0.5640829878165855,-0.7128124426373338,-0.078140366592375,-0.3559761963792618,-0.06126657792563295,50.0,51.0,51.0,41.0,42.0,25.0,29.0,27.0,52.0,97.14,3975442432,1552732160,1506508800,7.71,8.17,8.88,25297891328,9720877056
2026-04-27T15:21:23.529830+02:00,0.04486653870400946,0.22722826330887225,0.0475426019514671,-2.8575533656420418,1.5039390362691207,-1.3394931070238176,1.382702881177702,-0.5640829878165855,-0.7128124426373338,-0.078140366592375,-0.3559761963792618,-0.06126657792563295,50.0,51.0,51.0,41.0,42.0,25.0,29.0,27.0,52.0,95.78,3975442432,1552977920,1506275328,7.71,8.17,8.88,25297891328,9720885248
2026-04-27T15:21:23.580722+02:00,0.04486653870400946,0.22722826330887225,0.0475426019514671,-2.8575533656420418,1.5039390362691207,-1.3394931070238176,1.382702881177702,-0.5640829878165855,-0.7128124426373338,-0.078140366592375,-0.3559761963792618,-0.06126657792563295,50.0,51.0,51.0,41.0,42.0,25.0,29.0,27.0,52.0,95.78,3975442432,1552977920,1506275328,7.71,8.17,8.88,25297891328,9720885248
2026-04-27T15:21:23.633931+02:00,0.04486653870400946,0.22722826330887225,0.0475426019514671,-2.8575533656420418,1.5039390362691207,-1.3394931070238176,1.382702881177702,-0.5640829878165855,-0.7128124426373338,-0.078140366592375,-0.3559761963792618,-0.06126657792563295,50.0,51.0,51.0,41.0,42.0,25.0,29.0,27.0,52.0,95.78,3975442432,1552977920,1506275328,7.71,8.17,8.88,25297891328,9720885248
2026-04-27T15:21:23.686980+02:00,0.04486653870400946,0.22722826330887225,0.0475426019514671,-2.8575533656420418,1.5039390362691207,-1.3394931070238176,1.382702881177702,-0.5640829878165855,-0.7128124426373338,-0.078140366592375,-0.3559761963792618,-0.06126657792563295,50.0,51.0,51.0,41.0,42.0,25.0,29.0,27.0,52.0,95.78,3975442432,1552977920,1506275328,7.71,8.17,8.88,25297891328,9720885248
2026-04-27T15:21:23.739498+02:00,0.04486653870400946,0.22722826330887225,0.0475426019514671,-2.8575533656420418,1.5039390362691207,-1.3394931070238176,1.382702881177702,-0.5640829878165855,-0.7128124426373338,-0.078140366592375,-0.3559761963792618,-0.06126657792563295,50.0,51.0,51.0,41.0,42.0,25.0,29.0,27.0,52.0,95.78,3975442432,1552977920,1506275328,7.71,8.17,8.88,25297891328,9720885248
2026-04-27T15:21:23.793325+02:00,0.04486653870400946,0.22722826330887225,0.0475426019514671,-2.8575533656420418,1.5039390362691207,-1.3394931070238176,1.382702881177702,-0.5640829878165855,-0.7128124426373338,-0.078140366592375,-0.3559761963792618,-0.06126657792563295,50.0,51.0,51.0,41.0,42.0,25.0,29.0,27.0,52.0,95.78,3975442432,1552977920,1506275328,7.71,8.17,8.88,25297891328,9720885248
2026-04-27T15:21:23.843848+02:00,0.04486653870400946,0.22722826330887225,0.0475426019514671,-2.8575533656420418,1.5039390362691207,-1.3394931070238176,1.382702881177702,-0.5640829878165855,-0.7128124426373338,-0.078140366592375,-0.3559761963792618,-0.06126657792563295,50.0,51.0,51.0,41.0,42.0,25.0,29.0,27.0,52.0,95.78,3975442432,1552977920,1506275328,7.71,8.17,8.88,25297891328,9720885248
2026-04-27T15:21:23.900014+02:00,0.04486653870400946,0.22722826330887225,0.0475426019514671,-2.8575533656420418,1.5039390362691207,-1.3394931070238176,1.382702881177702,-0.5640829878165855,-0.7128124426373338,-0.078140366592375,-0.3559761963792618,-0.06126657792563295,50.0,51.0,51.0,41.0,42.0,25.0,29.0,27.0,52.0,95.78,3975442432,1552977920,1506275328,7.71,8.17,8.88,25297891328,9720885248
2026-04-27T15:21:23.950109+02:00,0.04486653870400946,0.22722826330887225,0.0475426019514671,-2.8575533656420418,1.5039390362691207,-1.3394931070238176,1.382702881177702,-0.5640829878165855,-0.7128124426373338,-0.078140366592375,-0.3559761963792618,-0.06126657792563295,50.0,51.0,51.0,41.0,42.0,25.0,29.0,27.0,52.0,95.78,3975442432,1552977920,1506275328,7.71,8.17,8.88,25297891328,9720885248
2026-04-27T15:21:24.002122+02:00,0.04486653870400946,0.22722826330887225,0.0475426019514671,-2.8575533656420418,1.5039390362691207,-1.3394931070238176,1.382702881177702,-0.5640829878165855,-0.7128124426373338,-0.078140366592375,-0.3559761963792618,-0.06126657792563295,50.0,51.0,51.0,41.0,42.0,25.0,29.0,27.0,52.0,95.78,3975442432,1552977920,1506275328,7.71,8.17,8.88,25297891328,9720885248
2026-04-27T15:21:24.054420+02:00,0.04486653870400946,0.22722826330887225,0.0475426019514671,-2.8575533656420418,1.5039390362691207,-1.3394931070238176,1.382702881177702,-0.5640829878165855,-0.7128124426373338,-0.078140366592375,-0.3559761963792618,-0.06126657792563295,50.0,51.0,51.0,41.0,42.0,25.0,29.0,27.0,52.0,95.78,3975442432,1552977920,1506275328,7.71,8.17,8.88,25297891328,9720885248
2026-04-27T15:21:24.109448+02:00,0.04486653870400946,0.22722826330887225,0.0475426019514671,-2.8575533656420418,1.5039390362691207,-1.3394931070238176,1.382702881177702,-0.5640829878165855,-0.7128124426373338,-0.078140366592375,-0.3559761963792618,-0.06126657792563295,50.0,51.0,51.0,41.0,42.0,25.0,29.0,27.0,52.0,95.78,3975442432,1552977920,1506275328,7.71,8.17,8.88,25297891328,9720885248
2026-04-27T15:21:24.160938+02:00,0.04486653870400946,0.22722826330887225,0.0475426019514671,-2.8575533656420418,1.5039390362691207,-1.3394931070238176,1.382702881177702,-0.5640829878165855,-0.7128124426373338,-0.078140366592375,-0.3559761963792618,-0.06126657792563295,50.0,51.0,51.0,41.0,42.0,25.0,29.0,27.0,52.0,95.78,3975442432,1552977920,1506275328,7.71,8.17,8.88,25297891328,9720885248
2026-04-27T15:21:24.210998+02:00,0.04486653870400946,0.22722826330887225,0.0475426019514671,-2.8575533656420418,1.5039390362691207,-1.3394931070238176,1.382702881177702,-0.5640829878165855,-0.7128124426373338,-0.078140366592375,-0.3559761963792618,-0.06126657792563295,50.0,51.0,51.0,41.0,42.0,25.0,29.0,27.0,52.0,95.78,3975442432,1552977920,1506275328,7.71,8.17,8.88,25297891328,9720885248
2026-04-27T15:21:24.262982+02:00,0.04486653870400946,0.22722826330887225,0.0475426019514671,-2.8575533656420418,1.5039390362691207,-1.3394931070238176,1.382702881177702,-0.5640829878165855,-0.7128124426373338,-0.078140366592375,-0.3559761963792618,-0.06126657792563295,50.0,51.0,51.0,41.0,42.0,25.0,29.0,27.0,52.0,95.78,3975442432,1552977920,1506275328,7.71,8.17,8.88,25297891328,9720885248
2026-04-27T15:21:24.315735+02:00,0.04486653870400946,0.22722826330887225,0.0475426019514671,-2.8575533656420418,1.5039390362691207,-1.3394931070238176,1.382702881177702,-0.5640829878165855,-0.7128124426373338,-0.078140366592375,-0.3559761963792618,-0.06126657792563295,50.0,51.0,51.0,41.0,42.0,25.0,29.0,27.0,52.0,95.78,3975442432,1552977920,1506275328,7.71,8.17,8.88,25297891328,9720885248
2026-04-27T15:21:24.365944+02:00,0.04486653870400946,0.22722826330887225,0.0475426019514671,-2.8575533656420418,1.5039390362691207,-1.3394931070238176,1.382702881177702,-0.5640829878165855,-0.7128124426373338,-0.078140366592375,-0.3559761963792618,-0.06126657792563295,50.0,51.0,51.0,41.0,42.0,25.0,29.0,27.0,52.0,95.78,3975442432,1552977920,1506275328,7.71,8.17,8.88,25297891328,9720885248
2026-04-27T15:21:24.416794+02:00,0.04486653870400946,0.22722826330887225,0.0475426019514671,-2.8575533656420418,1.5039390362691207,-1.3394931070238176,1.382702881177702,-0.5640829878165855,-0.7128124426373338,-0.078140366592375,-0.3559761963792618,-0.06126657792563295,50.0,51.0,51.0,41.0,42.0,25.0,29.0,27.0,52.0,99.23,3975442432,1573584896,1485660160,7.71,8.17,8.88,25297891328,9720885248
2026-04-27T15:21:24.470936+02:00,0.04486653870400946,0.22722826330887225,0.0475426019514671,-2.8575533656420418,1.5039390362691207,-1.3394931070238176,1.382702881177702,-0.5640829878165855,-0.7128124426373338,-0.078140366592375,-0.3559761963792618,-0.06126657792563295,50.0,51.0,51.0,41.0,42.0,25.0,29.0,27.0,52.0,99.23,3975442432,1573584896,1485660160,7.71,8.17,8.88,25297891328,9720885248
2026-04-27T15:21:24.522887+02:00,0.04486653870400946,0.22722826330887225,0.0475426019514671,-2.8575533656420418,1.5039390362691207,-1.3394931070238176,1.382702881177702,-0.5640829878165855,-0.7128124426373338,-0.078140366592375,-0.3559761963792618,-0.06126657792563295,50.0,51.0,51.0,41.0,42.0,25.0,29.0,27.0,52.0,99.23,3975442432,1573584896,1485660160,7.71,8.17,8.88,25297891328,9720885248
2026-04-27T15:21:24.573950+02:00,0.04486653870400946,0.22722826330887225,0.0475426019514671,-2.8575533656420418,1.5039390362691207,-1.3394931070238176,1.382702881177702,-0.5640829878165855,-0.7128124426373338,-0.078140366592375,-0.3559761963792618,-0.06126657792563295,50.0,51.0,51.0,41.0,42.0,25.0,29.0,27.0,52.0,99.23,3975442432,1573584896,1485660160,7.71,8.17,8.88,25297891328,9720885248
2026-04-27T15:21:24.627863+02:00,0.04486653870400946,0.22722826330887225,0.0475426019514671,-2.8575533656420418,1.5039390362691207,-1.3394931070238176,1.382702881177702,-0.5640829878165855,-0.7128124426373338,-0.078140366592375,-0.3559761963792618,-0.06126657792563295,50.0,51.0,51.0,41.0,42.0,25.0,29.0,27.0,52.0,99.23,3975442432,1573584896,1485660160,7.71,8.17,8.88,25297891328,9720885248
2026-04-27T15:21:24.682889+02:00,0.04486653870400946,0.22722826330887225,0.0475426019514671,-2.8575533656420418,1.5039390362691207,-1.3394931070238176,1.382702881177702,-0.5640829878165855,-0.7128124426373338,-0.078140366592375,-0.3559761963792618,-0.06126657792563295,50.0,51.0,51.0,41.0,42.0,25.0,29.0,27.0,52.0,99.23,3975442432,1573584896,1485660160,7.71,8.17,8.88,25297891328,9720885248
2026-04-27T15:21:24.737223+02:00,0.04486653870400946,0.22722826330887225,0.0475426019514671,-2.8575533656420418,1.5039390362691207,-1.3394931070238176,1.382702881177702,-0.5640829878165855,-0.7128124426373338,-0.078140366592375,-0.3559761963792618,-0.06126657792563295,50.0,51.0,51.0,41.0,42.0,25.0,29.0,27.0,52.0,99.23,3975442432,1573584896,1485660160,7.71,8.17,8.88,25297891328,9720885248
2026-04-27T15:21:24.787974+02:00,0.04486653870400946,0.22722826330887225,0.0475426019514671,-2.8575533656420418,1.5039390362691207,-1.3394931070238176,1.382702881177702,-0.5640829878165855,-0.7128124426373338,-0.078140366592375,-0.3559761963792618,-0.06126657792563295,50.0,51.0,51.0,41.0,42.0,25.0,29.0,27.0,52.0,99.23,3975442432,1573584896,1485660160,7.71,8.17,8.88,25297891328,9720885248
2026-04-27T15:21:24.839621+02:00,0.04486653870400946,0.22722826330887225,0.0475426019514671,-2.8575533656420418,1.5039390362691207,-1.3394931070238176,1.382702881177702,-0.5640829878165855,-0.7128124426373338,-0.078140366592375,-0.3559761963792618,-0.06126657792563295,50.0,51.0,51.0,41.0,42.0,25.0,29.0,27.0,52.0,99.23,3975442432,1573584896,1485660160,7.71,8.17,8.88,25297891328,9720885248
2026-04-27T15:21:24.892363+02:00,0.04486653870400946,0.22722826330887225,0.0475426019514671,-2.8575533656420418,1.5039390362691207,-1.3394931070238176,1.382702881177702,-0.5640829878165855,-0.7128124426373338,-0.078140366592375,-0.3559761963792618,-0.06126657792563295,50.0,51.0,51.0,41.0,42.0,25.0,29.0,27.0,52.0,99.23,3975442432,1573584896,1485660160,7.71,8.17,8.88,25297891328,9720885248
2026-04-27T15:21:24.947426+02:00,0.04486653870400946,0.22722826330887225,0.0475426019514671,-2.8575533656420418,1.5039390362691207,-1.3394931070238176,1.382702881177702,-0.5640829878165855,-0.7128124426373338,-0.078140366592375,-0.3559761963792618,-0.06126657792563295,50.0,51.0,51.0,41.0,42.0,25.0,29.0,27.0,52.0,99.23,3975442432,1573584896,1485660160,7.71,8.17,8.88,25297891328,9720885248
2026-04-27T15:21:24.997957+02:00,0.04486653870400946,0.22722826330887225,0.0475426019514671,-2.8575533656420418,1.5039390362691207,-1.3394931070238176,1.382702881177702,-0.5640829878165855,-0.7128124426373338,-0.078140366592375,-0.3559761963792618,-0.06126657792563295,50.0,51.0,51.0,41.0,42.0,25.0,29.0,27.0,52.0,99.23,3975442432,1573584896,1485660160,7.71,8.17,8.88,25297891328,9720885248
2026-04-27T15:21:25.048842+02:00,0.04486653870400946,0.22722826330887225,0.0475426019514671,-2.8575533656420418,1.5039390362691207,-1.3394931070238176,1.382702881177702,-0.5640829878165855,-0.7128124426373338,-0.078140366592375,-0.3559761963792618,-0.06126657792563295,50.0,51.0,51.0,41.0,42.0,25.0,29.0,27.0,52.0,99.23,3975442432,1573584896,1485660160,7.71,8.17,8.88,25297891328,9720885248
2026-04-27T15:21:25.103880+02:00,0.04486653870400946,0.22722826330887225,0.0475426019514671,-2.8575533656420418,1.5039390362691207,-1.3394931070238176,1.382702881177702,-0.5640829878165855,-0.7128124426373338,-0.078140366592375,-0.3559761963792618,-0.06126657792563295,50.0,51.0,51.0,41.0,42.0,25.0,29.0,27.0,52.0,99.23,3975442432,1573584896,1485660160,7.71,8.17,8.88,25297891328,9720885248
2026-04-27T15:21:25.157480+02:00,0.04486653870400946,0.22722826330887225,0.0475426019514671,-2.8575533656420418,1.5039390362691207,-1.3394931070238176,1.382702881177702,-0.5640829878165855,-0.7128124426373338,-0.078140366592375,-0.3559761963792618,-0.06126657792563295,50.0,51.0,51.0,41.0,42.0,25.0,29.0,27.0,52.0,99.23,3975442432,1573584896,1485660160,7.71,8.17,8.88,25297891328,9720885248
2026-04-27T15:21:25.210270+02:00,0.04486653870400946,0.22722826330887225,0.0475426019514671,-2.8575533656420418,1.5039390362691207,-1.3394931070238176,1.382702881177702,-0.5610530962351233,-0.7128124426373338,-0.078140366592375,-0.3559761963792618,-0.06126657792563295,50.0,51.0,51.0,41.0,42.0,25.0,29.0,27.0,52.0,99.23,3975442432,1573584896,1485660160,7.71,8.17,8.88,25297891328,9720885248
2026-04-27T15:21:25.263856+02:00,0.04490012989155303,0.22740473999278563,0.04789361462557236,-2.8481247944860733,1.5053197871072173,-1.3300851652204464,1.382702881177702,-0.5580232046536612,-0.7128124426373338,-0.078140366592375,-0.3559761963792618,-0.06126657792563295,50.0,51.0,51.0,41.0,42.0,25.0,29.0,27.0,52.0,99.23,3975442432,1573584896,1485660160,7.71,8.17,8.88,25297891328,9720885248
2026-04-27T15:21:25.318760+02:00,0.04490012989155303,0.22740473999278563,0.04789361462557236,-2.8481247944860733,1.5053197871072173,-1.3300851652204464,1.382702881177702,-0.5519634214907368,-0.7128124426373338,-0.078140366592375,-0.36211211953080413,-0.06126657792563295,50.0,51.0,51.0,41.0,42.0,25.0,29.0,27.0,52.0,99.23,3975442432,1573584896,1485660160,7.71,8.17,8.88,25297891328,9720885248
2026-04-27T15:21:25.373794+02:00,0.04490012989155303,0.22740473999278563,0.04789361462557236,-2.8481247944860733,1.5053197871072173,-1.3300851652204464,1.382702881177702,-0.5474185841185436,-0.7128124426373338,-0.078140366592375,-0.37131600425811806,-0.06126657792563295,50.0,51.0,51.0,41.0,42.0,25.0,29.0,27.0,52.0,99.23,3975442432,1573584896,1485660160,7.71,8.17,8.88,25297891328,9720885248
2026-04-27T15:21:25.428836+02:00,0.045079734431059934,0.22757057007049267,0.05201906695728786,-2.854078183327891,1.5002767992428772,-1.3365633315274434,1.382702881177702,-0.5443886925370814,-0.7128124426373338,-0.078140366592375,-0.3789859081975462,-0.06126657792563295,50.0,51.0,51.0,41.0,42.0,25.0,29.0,27.0,52.0,95.35,3975442432,1590525952,1468715008,7.71,8.17,8.88,25297891328,9720901632
2026-04-27T15:21:25.483860+02:00,0.045079734431059934,0.22757057007049267,0.05201906695728786,-2.854078183327891,1.5002767992428772,-1.3365633315274434,1.3842248082854405,-0.535299017792695,-0.7128124426373338,-0.078140366592375,-0.3927917352885171,-0.0628005587135183,50.0,51.0,51.0,41.0,42.0,25.0,29.0,27.0,52.0,95.35,3975442432,1590525952,1468715008,7.71,8.17,8.88,25297891328,9720901632
2026-04-27T15:21:25.534884+02:00,0.045079734431059934,0.22757057007049267,0.05201906695728786,-2.854078183327891,1.5002767992428772,-1.3365633315274434,1.3842248082854405,-0.5262093430483085,-0.7128124426373338,-0.0766063858044892,-0.3989276584400594,-0.0628005587135183,50.0,51.0,51.0,41.0,42.0,25.0,29.0,27.0,52.0,95.35,3975442432,1590525952,1468715008,7.71,8.17,8.88,25297891328,9720901632
2026-04-27T15:21:25.588408+02:00,0.045079734431059934,0.22757057007049267,0.05201906695728786,-2.854078183327891,1.5002767992428772,-1.3365633315274434,1.3842248082854405,-0.5216645056761152,-0.7128124426373338,-0.0750724050166034,-0.40659756237948796,-0.0628005587135183,50.0,51.0,51.0,41.0,42.0,25.0,29.0,27.0,52.0,95.35,3975442432,1590525952,1468715008,7.71,8.17,8.88,25297891328,9720901632
2026-04-27T15:21:25.639364+02:00,0.0449212603432077,0.2278546701441458,0.058577190323386756,-2.8709315135037095,1.4937905343956988,-1.3540929414606775,1.3842248082854405,-0.5080299935595355,-0.7128124426373338,-0.07200444344083223,-0.4219373702583442,-0.06433453950140411,50.0,51.0,51.0,41.0,42.0,25.0,29.0,27.0,52.0,95.35,3975442432,1590525952,1468715008,7.71,8.17,8.88,25297891328,9720901632
2026-04-27T15:21:25.691136+02:00,0.0449212603432077,0.2278546701441458,0.058577190323386756,-2.8709315135037095,1.4937905343956988,-1.3540929414606775,1.3842248082854405,-0.4974253730244179,-0.7128124426373338,-0.07200444344083223,-0.4326752357735435,-0.06586852028928991,50.0,51.0,51.0,41.0,42.0,25.0,29.0,27.0,52.0,95.35,3975442432,1590525952,1468715008,7.71,8.17,8.88,25297891328,9720901632
2026-04-27T15:21:25.745114+02:00,0.0449212603432077,0.2278546701441458,0.058577190323386756,-2.8709315135037095,1.4937905343956988,-1.3540929414606775,1.3857467353931798,-0.4853058066985695,-0.7128124426373338,-0.06893648186506107,-0.4449470820766286,-0.06740250107717527,50.0,51.0,51.0,41.0,42.0,25.0,29.0,27.0,52.0,95.35,3975442432,1590525952,1468715008,7.71,8.17,8.88,25297891328,9720901632
2026-04-27T15:21:25.799225+02:00,0.0449212603432077,0.2278546701441458,0.058577190323386756,-2.8709315135037095,1.4937905343956988,-1.3540929414606775,1.3857467353931798,-0.47015634879125867,-0.7128124426373338,-0.06586852028928991,-0.46182087074337064,-0.06893648186506107,50.0,51.0,51.0,41.0,42.0,25.0,29.0,27.0,52.0,95.35,3975442432,1590525952,1468715008,7.71,8.17,8.88,25297891328,9720901632
2026-04-27T15:21:25.854248+02:00,0.04468572086213527,0.22835477409183355,0.06725150107490169,-2.8932145047567177,1.490593253158754,-1.3768834565702788,1.3857467353931798,-0.4656115114190654,-0.7128124426373338,-0.06586852028928991,-0.4694907746827992,-0.06893648186506107,50.0,51.0,51.0,41.0,42.0,25.0,29.0,27.0,52.0,95.35,3975442432,1590525952,1468715008,7.71,8.17,8.88,25297891328,9720901632
2026-04-27T15:21:25.907225+02:00,0.04468572086213527,0.22835477409183355,0.06725150107490169,-2.8932145047567177,1.490593253158754,-1.3768834565702788,1.3872686625009192,-0.44743216193029245,-0.7128124426373338,-0.0628005587135183,-0.48636456334954126,-0.07353842422871804,50.0,51.0,51.0,41.0,42.0,25.0,29.0,27.0,52.0,95.35,3975442432,1590525952,1468715008,7.71,8.17,8.88,25297891328,9720901632
2026-04-27T15:21:25.958930+02:00,0.04468572086213527,0.22835477409183355,0.06725150107490169,-2.8932145047567177,1.490593253158754,-1.3768834565702788,1.3872686625009192,-0.43834248718590596,-0.7128124426373338,-0.06126657792563295,-0.49556844807685474,-0.07353842422871804,50.0,51.0,51.0,41.0,42.0,25.0,29.0,27.0,52.0,95.35,3975442432,1590525952,1468715008,7.71,8.17,8.88,25297891328,9720901632
2026-04-27T15:21:26.009868+02:00,0.04468572086213527,0.22835477409183355,0.06725150107490169,-2.8932145047567177,1.490593253158754,-1.3768834565702788,1.3872686625009192,-0.4337976498137127,-0.7128124426373338,-0.06126657792563295,-0.5001703904405117,-0.07353842422871804,50.0,51.0,51.0,41.0,42.0,25.0,29.0,27.0,52.0,95.35,3975442432,1590525952,1468715008,7.71,8.17,8.88,25297891328,9720901632
2026-04-27T15:21:26.060945+02:00,0.04442635222458554,0.22883180386951435,0.07839718025524062,-2.9018841903433747,1.490173024663655,-1.3876920478527288,1.3872686625009192,-0.41561830032493974,-0.7128124426373338,-0.056664635561975985,-0.5155101983193684,-0.0766063858044892,50.0,51.0,51.0,41.0,42.0,25.0,29.0,27.0,52.0,95.35,3975442432,1590525952,1468715008,7.71,8.17,8.88,25297891328,9720901632
2026-04-27T15:21:26.112028+02:00,0.04442635222458554,0.22883180386951435,0.07839718025524062,-2.9018841903433747,1.490173024663655,-1.3876920478527288,1.3872686625009192,-0.4125884087434776,-0.7128124426373338,-0.05513065477409018,-0.5185781598951396,-0.0766063858044892,50.0,51.0,51.0,41.0,42.0,25.0,29.0,27.0,52.0,95.35,3975442432,1590525952,1468715008,7.71,8.17,8.88,25297891328,9720901632
2026-04-27T15:21:26.162820+02:00,0.04442635222458554,0.22883180386951435,0.07839718025524062,-2.9018841903433747,1.490173024663655,-1.3876920478527288,1.3872686625009192,-0.4125884087434776,-0.7128124426373338,-0.05513065477409018,-0.5185781598951396,-0.0766063858044892,50.0,51.0,51.0,41.0,42.0,25.0,29.0,27.0,52.0,95.35,3975442432,1590525952,1468715008,7.71,8.17,8.88,25297891328,9720901632
2026-04-27T15:21:26.214833+02:00,0.04442635222458554,0.22883180386951435,0.07839718025524062,-2.9018841903433747,1.490173024663655,-1.3876920478527288,1.3872686625009192,-0.3853193845103182,-0.7128124426373338,-0.05359667398620438,-0.5369859293497674,-0.078140366592375,50.0,51.0,51.0,41.0,42.0,25.0,29.0,27.0,52.0,95.35,3975442432,1590525952,1468715008,7.71,8.17,8.88,25297891328,9720901632
2026-04-27T15:21:26.264864+02:00,0.04424792172675403,0.23017810878494283,0.08961196677507804,-2.832352959896809,1.5056161703836122,-1.3185464854412439,1.3887905896086576,-0.3777446555566628,-0.7128124426373338,-0.05359667398620438,-0.5415878717134244,-0.078140366592375,50.0,51.0,51.0,41.0,42.0,25.0,29.0,27.0,52.0,95.35,3975442432,1590525952,1468715008,7.71,8.17,8.88,25297891328,9720901632
2026-04-27T15:21:26.316794+02:00,0.04424792172675403,0.23017810878494283,0.08961196677507804,-2.832352959896809,1.5056161703836122,-1.3185464854412439,1.3887905896086576,-0.36865498081227643,-0.7128124426373338,-0.05206269319831902,-0.5492577756528525,-0.08120832816814616,50.0,51.0,51.0,41.0,42.0,25.0,29.0,27.0,52.0,95.35,3975442432,1590525952,1468715008,7.71,8.17,8.88,25297891328,9720901632
2026-04-27T15:21:26.367636+02:00,0.04424792172675403,0.23017810878494283,0.08961196677507804,-2.832352959896809,1.5056161703836122,-1.3185464854412439,1.3887905896086576,-0.35805036027715886,-0.7128124426373338,-0.05052871241043322,-0.5584616603801664,-0.08274230895603196,50.0,51.0,51.0,41.0,42.0,25.0,29.0,27.0,52.0,95.35,3975442432,1590525952,1468715008,7.71,8.17,8.88,25297891328,9720901632
2026-04-27T15:21:26.418964+02:00,0.04424792172675403,0.23017810878494283,0.08961196677507804,-2.832352959896809,1.5056161703836122,-1.3185464854412439,1.3887905896086576,-0.35805036027715886,-0.7128124426373338,-0.05052871241043322,-0.5584616603801664,-0.08274230895603196,50.0,51.0,51.0,41.0,42.0,25.0,29.0,27.0,52.0,95.35,3975442432,1590525952,1468715008,7.71,8.17,8.88,25297891328,9720901632
2026-04-27T15:21:26.470570+02:00,0.04425387432852427,0.2301017008519322,0.09414754536887467,-2.8263461175600377,1.5067442460820522,-1.3097703088715642,1.3887905896086576,-0.35047563132350346,-0.7128124426373338,-0.05052871241043322,-0.5599956411680518,-0.08274230895603196,50.0,51.0,51.0,41.0,42.0,25.0,29.0,27.0,52.0,97.14,3975442432,1590063104,1469181952,7.71,8.17,8.88,25297891328,9720905728
2026-04-27T15:21:26.522615+02:00,0.04425387432852427,0.2301017008519322,0.09414754536887467,-2.8263461175600377,1.5067442460820522,-1.3097703088715642,1.3887905896086576,-0.3474457397420413,-0.7128124426373338,-0.05052871241043322,-0.5645975835317087,-0.08274230895603196,50.0,51.0,51.0,41.0,42.0,25.0,29.0,27.0,52.0,97.14,3975442432,1590063104,1469181952,7.71,8.17,8.88,25297891328,9720905728
2026-04-27T15:21:26.574964+02:00,0.04425387432852427,0.2301017008519322,0.09414754536887467,-2.8263461175600377,1.5067442460820522,-1.3097703088715642,1.3887905896086576,-0.3474457397420413,-0.7128124426373338,-0.04899473162254786,-0.5630636027438229,-0.08427628974391732,50.0,51.0,51.0,41.0,42.0,25.0,29.0,27.0,52.0,97.14,3975442432,1590063104,1469181952,7.71,8.17,8.88,25297891328,9720905728
2026-04-27T15:21:26.629959+02:00,0.04428615212346835,0.23042041900318658,0.09730804355126761,-2.7902725627608267,1.5122722923434055,-1.273766490015121,1.3887905896086576,-0.3474457397420413,-0.7128124426373338,-0.05052871241043322,-0.5630636027438229,-0.08427628974391732,50.0,51.0,51.0,41.0,42.0,25.0,29.0,27.0,52.0,97.14,3975442432,1590063104,1469181952,7.71,8.17,8.88,25297891328,9720905728
2026-04-27T15:21:26.682054+02:00,0.04428615212346835,0.23042041900318658,0.09730804355126761,-2.7902725627608267,1.5122722923434055,-1.273766490015121,1.3887905896086576,-0.3474457397420413,-0.7128124426373338,-0.05052871241043322,-0.5630636027438229,-0.08427628974391732,50.0,51.0,51.0,41.0,42.0,25.0,29.0,27.0,52.0,97.14,3975442432,1590063104,1469181952,7.71,8.17,8.88,25297891328,9720905728
2026-04-27T15:21:26.734056+02:00,0.04428615212346835,0.23042041900318658,0.09730804355126761,-2.7902725627608267,1.5122722923434055,-1.273766490015121,1.3887905896086576,-0.3474457397420413,-0.7128124426373338,-0.05052871241043322,-0.5630636027438229,-0.08427628974391732,50.0,51.0,51.0,41.0,42.0,25.0,29.0,27.0,52.0,97.14,3975442432,1590063104,1469181952,7.71,8.17,8.88,25297891328,9720905728
2026-04-27T15:21:26.787667+02:00,0.04428615212346835,0.23042041900318658,0.09730804355126761,-2.7902725627608267,1.5122722923434055,-1.273766490015121,1.3887905896086576,-0.3474457397420413,-0.7097825510558716,-0.05052871241043322,-0.5645975835317087,-0.08274230895603196,50.0,51.0,51.0,41.0,42.0,25.0,29.0,27.0,52.0,97.14,3975442432,1590063104,1469181952,7.71,8.17,8.88,25297891328,9720905728
2026-04-27T15:21:26.840872+02:00,0.04519724283621455,0.23137433640040428,0.09797605602389226,-2.762809260701347,1.5148961443216526,-1.2509614331126273,1.3857467353931798,-0.3474457397420413,-0.7082676052651405,-0.05052871241043322,-0.5645975835317087,-0.08274230895603196,50.0,51.0,51.0,41.0,42.0,25.0,29.0,27.0,52.0,97.14,3975442432,1590063104,1469181952,7.71,8.17,8.88,25297891328,9720905728
2026-04-27T15:21:26.896427+02:00,0.04519724283621455,0.23137433640040428,0.09797605602389226,-2.762809260701347,1.5148961443216526,-1.2509614331126273,1.370527464315789,-0.35199057711423454,-0.697662984730023,-0.04899473162254786,-0.5738014682590227,-0.06740250107717527,50.0,51.0,51.0,41.0,42.0,25.0,29.0,27.0,52.0,97.14,3975442432,1590063104,1469181952,7.71,8.17,8.88,25297891328,9720905728
2026-04-27T15:21:26.948894+02:00,0.04519724283621455,0.23137433640040428,0.09797605602389226,-2.762809260701347,1.5148961443216526,-1.2509614331126273,1.370527464315789,-0.35199057711423454,-0.697662984730023,-0.04899473162254786,-0.5738014682590227,-0.06740250107717527,50.0,51.0,51.0,41.0,42.0,25.0,29.0,27.0,52.0,97.14,3975442432,1590063104,1469181952,7.71,8.17,8.88,25297891328,9720905728
2026-04-27T15:21:27.003497+02:00,0.04519724283621455,0.23137433640040428,0.09797605602389226,-2.762809260701347,1.5148961443216526,-1.2509614331126273,1.3674836101003112,-0.35199057711423454,-0.6961480389392919,-0.04899473162254786,-0.5784034106226796,-0.06126657792563295,50.0,51.0,51.0,41.0,42.0,25.0,29.0,27.0,52.0,97.14,3975442432,1590063104,1469181952,7.71,8.17,8.88,25297891328,9720905728
2026-04-27T15:21:27.058275+02:00,0.04977843377501704,0.23230019786609957,0.09864642605007976,-2.7926593108950053,1.5094537243193753,-1.3221349984659851,1.3674836101003112,-0.35199057711423454,-0.6961480389392919,-0.04899473162254786,-0.5784034106226796,-0.06126657792563295,50.0,51.0,51.0,41.0,42.0,25.0,29.0,27.0,52.0,97.14,3975442432,1590063104,1469181952,7.71,8.17,8.88,25297891328,9720905728
2026-04-27T15:21:27.112994+02:00,0.04977843377501704,0.23230019786609957,0.09864642605007976,-2.7926593108950053,1.5094537243193753,-1.3221349984659851,1.3674836101003112,-0.35199057711423454,-0.6961480389392919,-0.04899473162254786,-0.5784034106226796,-0.06126657792563295,50.0,51.0,51.0,41.0,42.0,25.0,29.0,27.0,52.0,97.14,3975442432,1590063104,1469181952,7.71,8.17,8.88,25297891328,9720905728
2026-04-27T15:21:27.166293+02:00,0.04977843377501704,0.23230019786609957,0.09864642605007976,-2.7926593108950053,1.5094537243193753,-1.3221349984659851,1.3674836101003112,-0.35199057711423454,-0.6961480389392919,-0.04899473162254786,-0.5784034106226796,-0.06126657792563295,50.0,51.0,51.0,41.0,42.0,25.0,29.0,27.0,52.0,97.14,3975442432,1590063104,1469181952,7.71,8.17,8.88,25297891328,9720905728
2026-04-27T15:21:27.220214+02:00,0.04977843377501704,0.23230019786609957,0.09864642605007976,-2.7926593108950053,1.5094537243193753,-1.3221349984659851,1.3674836101003112,-0.35199057711423454,-0.6961480389392919,-0.04899473162254786,-0.5784034106226796,-0.06126657792563295,50.0,51.0,51.0,41.0,42.0,25.0,29.0,27.0,52.0,97.14,3975442432,1590063104,1469181952,7.71,8.17,8.88,25297891328,9720905728
2026-04-27T15:21:27.273919+02:00,0.056278787938529765,0.23190581490976414,0.10021679418212062,-2.9580245386086306,1.4777239272973857,-1.5883642755948575,1.3294354324068345,-0.361080251858621,-0.6673640689154015,-0.025985019804263043,-0.6597043923806187,0.030772269347505876,50.0,51.0,51.0,41.0,42.0,25.0,29.0,27.0,52.0,97.14,3975442432,1590063104,1469181952,7.71,8.17,8.88,25297891328,9720905728
2026-04-27T15:21:27.324123+02:00,0.056278787938529765,0.23190581490976414,0.10021679418212062,-2.9580245386086306,1.4777239272973857,-1.5883642755948575,1.3096503800062274,-0.3701699266030075,-0.6476697736358974,-0.016781135076949116,-0.6903840081383312,0.0706557698325323,50.0,51.0,51.0,41.0,42.0,25.0,29.0,27.0,52.0,97.14,3975442432,1590063104,1469181952,7.71,8.17,8.88,25297891328,9720905728
2026-04-27T15:21:27.375499+02:00,0.056278787938529765,0.23190581490976414,0.10021679418212062,-2.9580245386086306,1.4777239272973857,-1.5883642755948575,1.2837776191746628,-0.3792596013473939,-0.6234306409842002,-0.013713173501177955,-0.7087917775929591,0.09673344322658828,50.0,51.0,51.0,41.0,42.0,25.0,29.0,27.0,52.0,97.14,3975442432,1590063104,1469181952,7.71,8.17,8.88,25297891328,9720905728
2026-04-27T15:21:27.428705+02:00,0.07359901084719572,0.23560681341613168,0.1038602256924013,-3.0034978502716028,1.4298515580000437,-1.8216399615478207,1.2594267854508385,-0.3853193845103182,-0.600706454123234,-0.0075772503496351895,-0.7271995470475869,0.11974315504487265,50.0,51.0,51.0,41.0,42.0,25.0,29.0,27.0,52.0,98.51,3975442432,1590341632,1468882944,7.66,8.15,8.87,25297891328,9720922112
2026-04-27T15:21:27.479827+02:00,0.07359901084719572,0.23560681341613168,0.1038602256924013,-3.0034978502716028,1.4298515580000437,-1.8216399615478207,1.218334753541884,-0.3944090592547048,-0.5673776467271503,9.265358979293481e-05,-0.7578791628052994,0.15502471316624256,50.0,51.0,51.0,41.0,42.0,25.0,29.0,27.0,52.0,98.51,3975442432,1590341632,1468882944,7.66,8.15,8.87,25297891328,9720922112
2026-04-27T15:21:27.534003+02:00,0.07359901084719572,0.23560681341613168,0.1038602256924013,-3.0034978502716028,1.4298515580000437,-1.8216399615478207,1.1894181384948417,-0.39895389662689784,-0.5476833514476463,0.004694595953449898,-0.7747529514720415,0.17650044419664157,50.0,51.0,51.0,41.0,42.0,25.0,29.0,27.0,52.0,98.51,3975442432,1590341632,1468882944,7.66,8.15,8.87,25297891328,9720922112
2026-04-27T15:21:27.584925+02:00,0.07359901084719572,0.23560681341613168,0.1038602256924013,-3.0034978502716028,1.4298515580000437,-1.8216399615478207,1.1376726168317135,-0.40804357137128433,-0.5082947608886382,0.015432461468649183,-0.8100345095934114,0.2194519062574396,50.0,51.0,51.0,41.0,42.0,25.0,29.0,27.0,52.0,98.51,3975442432,1590341632,1468882944,7.66,8.15,8.87,25297891328,9720922112
2026-04-27T15:21:27.637447+02:00,0.11337053782743584,0.23968501483986535,0.11484853941010825,-2.9756048032056857,1.4116680407675284,-2.094401633587558,1.1133217831078892,-0.4125884087434776,-0.49011541139986536,0.016966442256534986,-0.8269082982601534,0.2393936564999528,50.0,51.0,51.0,41.0,42.0,25.0,29.0,27.0,52.0,98.51,3975442432,1590341632,1468882944,7.66,8.15,8.87,25297891328,9720922112
2026-04-27T15:21:27.688869+02:00,0.11337053782743584,0.23968501483986535,0.11484853941010825,-2.9756048032056857,1.4116680407675284,-2.094401633587558,1.0676639698757175,-0.420163137697133,-0.4552716582130505,0.023102365408077308,-0.8468500485026667,0.2654713298940088,50.0,51.0,51.0,41.0,42.0,25.0,29.0,27.0,52.0,98.51,3975442432,1590341632,1468882944,7.66,8.15,8.87,25297891328,9720922112
2026-04-27T15:21:27.739687+02:00,0.11337053782743584,0.23968501483986535,0.11484853941010825,-2.9756048032056857,1.4116680407675284,-2.094401633587558,1.0235280837512848,-0.4277378666507884,-0.4219428508169668,0.032306250135391235,-0.8821316066240361,0.30535483037903566,50.0,51.0,51.0,41.0,42.0,25.0,29.0,27.0,52.0,98.51,3975442432,1590341632,1468882944,7.66,8.15,8.87,25297891328,9720922112
2026-04-27T15:21:27.791208+02:00,0.11337053782743584,0.23968501483986535,0.11484853941010825,-2.9756048032056857,1.4116680407675284,-2.094401633587558,1.000699177135199,-0.43228270402298163,-0.40376350132819394,0.035374211711162395,-0.8944034529271216,0.3222286190457777,50.0,51.0,51.0,41.0,42.0,25.0,29.0,27.0,52.0,98.51,3975442432,1590341632,1468882944,7.66,8.15,8.87,25297891328,9720922112
