timestamp,x_m,y_m,z_m,roll_rad,pitch_rad,yaw_rad,j1_rad,j2_rad,j3_rad,j4_rad,j5_rad,j6_rad,temp_m1_C,temp_m2_C,temp_m3_C,temp_m4_C,temp_m5_C,temp_m6_C,temp_m7_C,temp_m8_C,rpi_temp_C,cpu_percent,mem_total_B,mem_used_B,mem_free_B,load1,load5,load15,disk_total_B,disk_used_B
2026-04-27T15:22:25.783291+02:00,-0.001843519638070231,0.17570769991519572,0.2210215788206532,-2.6496335791505676,1.3771764936232114,-1.494175642412978,1.5866411136147351,0.24035322706161694,-0.7188722258002581,-0.012179192713292153,-1.2855685538379604,0.4357431973493151,50.0,51.0,51.0,41.0,42.0,25.0,29.0,27.0,53.0,,,,,,,,,
2026-04-27T15:22:25.834390+02:00,-0.001843519638070231,0.17570769991519572,0.2210215788206532,-2.6496335791505676,1.3771764936232114,-1.494175642412978,1.5866411136147351,0.24035322706161694,-0.7188722258002581,-0.012179192713292153,-1.2855685538379604,0.4357431973493151,50.0,51.0,51.0,41.0,42.0,25.0,29.0,27.0,53.0,,,,,,,,,
2026-04-27T15:22:25.888052+02:00,-0.001843519638070231,0.17570769991519572,0.2210215788206532,-2.6496335791505676,1.3771764936232114,-1.494175642412978,1.5866411136147351,0.24035322706161694,-0.7188722258002581,-0.012179192713292153,-1.2855685538379604,0.4357431973493151,50.0,51.0,51.0,41.0,42.0,25.0,29.0,27.0,53.0,,,,,,,,,
2026-04-27T15:22:25.941184+02:00,-0.001843519638070231,0.17570769991519572,0.2210215788206532,-2.6496335791505676,1.3771764936232114,-1.494175642412978,1.5866411136147351,0.24035322706161694,-0.7188722258002581,-0.012179192713292153,-1.2855685538379604,0.4357431973493151,50.0,51.0,51.0,41.0,42.0,25.0,29.0,27.0,53.0,,,,,,,,,
2026-04-27T15:22:25.994770+02:00,-0.001843519638070231,0.17570769991519572,0.2210215788206532,-2.6496335791505676,1.3771764936232114,-1.494175642412978,1.5866411136147351,0.24035322706161694,-0.7188722258002581,-0.012179192713292153,-1.2855685538379604,0.4357431973493151,50.0,51.0,51.0,41.0,42.0,25.0,29.0,27.0,53.0,,,,,,,,,
2026-04-27T15:22:26.046661+02:00,-0.001843519638070231,0.17570769991519572,0.2210215788206532,-2.6496335791505676,1.3771764936232114,-1.494175642412978,1.5866411136147351,0.24035322706161694,-0.7188722258002581,-0.012179192713292153,-1.2855685538379604,0.4357431973493151,50.0,51.0,51.0,41.0,42.0,25.0,29.0,27.0,53.0,,,,,,,,,
2026-04-27T15:22:26.099340+02:00,-0.001843519638070231,0.17570769991519572,0.2210215788206532,-2.6496335791505676,1.3771764936232114,-1.494175642412978,1.5866411136147351,0.24035322706161694,-0.7188722258002581,-0.012179192713292153,-1.2855685538379604,0.4357431973493151,50.0,51.0,51.0,41.0,42.0,25.0,29.0,27.0,53.0,,,,,,,,,
2026-04-27T15:22:26.149379+02:00,-0.001843519638070231,0.17570769991519572,0.2210215788206532,-2.6496335791505676,1.3771764936232114,-1.494175642412978,1.5866411136147351,0.24035322706161694,-0.7188722258002581,-0.012179192713292153,-1.2855685538379604,0.4357431973493151,50.0,51.0,51.0,41.0,42.0,25.0,29.0,27.0,53.0,,,,,,,,,
2026-04-27T15:22:26.199880+02:00,-0.001843519638070231,0.17570769991519572,0.2210215788206532,-2.6496335791505676,1.3771764936232114,-1.494175642412978,1.5866411136147351,0.24035322706161694,-0.7188722258002581,-0.012179192713292153,-1.2855685538379604,0.4357431973493151,50.0,51.0,51.0,41.0,42.0,25.0,29.0,27.0,53.0,,,,,,,,,
2026-04-27T15:22:26.250452+02:00,-0.001843519638070231,0.17570769991519572,0.2210215788206532,-2.6496335791505676,1.3771764936232114,-1.494175642412978,1.5866411136147351,0.24035322706161694,-0.7188722258002581,-0.012179192713292153,-1.2855685538379604,0.4357431973493151,50.0,51.0,51.0,41.0,42.0,25.0,29.0,27.0,53.0,,,,,,,,,
2026-04-27T15:22:26.300561+02:00,-0.001843519638070231,0.17570769991519572,0.2210215788206532,-2.6496335791505676,1.3771764936232114,-1.494175642412978,1.5866411136147351,0.24035322706161694,-0.7188722258002581,-0.012179192713292153,-1.2855685538379604,0.4357431973493151,50.0,51.0,51.0,41.0,42.0,25.0,29.0,27.0,53.0,,,,,,,,,
2026-04-27T15:22:26.353479+02:00,-0.001843519638070231,0.17570769991519572,0.2210215788206532,-2.6496335791505676,1.3771764936232114,-1.494175642412978,1.5866411136147351,0.24035322706161694,-0.7188722258002581,-0.012179192713292153,-1.2855685538379604,0.4357431973493151,50.0,51.0,51.0,41.0,42.0,25.0,29.0,27.0,53.0,,,,,,,,,
2026-04-27T15:22:26.404292+02:00,-0.001843519638070231,0.17570769991519572,0.2210215788206532,-2.6496335791505676,1.3771764936232114,-1.494175642412978,1.5866411136147351,0.24035322706161694,-0.7188722258002581,-0.012179192713292153,-1.2855685538379604,0.4357431973493151,50.0,51.0,51.0,41.0,42.0,25.0,29.0,27.0,53.0,98.51,3975442432,1538822144,1526075392,8.69,8.44,8.93,25297891328,9721151488
2026-04-27T15:22:26.458374+02:00,-0.001843519638070231,0.17570769991519572,0.2210215788206532,-2.6496335791505676,1.3771764936232114,-1.494175642412978,1.5866411136147351,0.24035322706161694,-0.7188722258002581,-0.012179192713292153,-1.2855685538379604,0.4357431973493151,50.0,51.0,51.0,41.0,42.0,25.0,29.0,27.0,53.0,98.51,3975442432,1538822144,1526075392,8.69,8.44,8.93,25297891328,9721151488
2026-04-27T15:22:26.513237+02:00,-0.001843519638070231,0.17570769991519572,0.2210215788206532,-2.6496335791505676,1.3771764936232114,-1.494175642412978,1.5866411136147351,0.24035322706161694,-0.7188722258002581,-0.012179192713292153,-1.2855685538379604,0.4357431973493151,50.0,51.0,51.0,41.0,42.0,25.0,29.0,27.0,53.0,98.51,3975442432,1538822144,1526075392,8.69,8.44,8.93,25297891328,9721151488
2026-04-27T15:22:26.565801+02:00,-0.001843519638070231,0.17570769991519572,0.2210215788206532,-2.6496335791505676,1.3771764936232114,-1.494175642412978,1.5866411136147351,0.24035322706161694,-0.7188722258002581,-0.012179192713292153,-1.2855685538379604,0.4357431973493151,50.0,51.0,51.0,41.0,42.0,25.0,29.0,27.0,53.0,98.51,3975442432,1538822144,1526075392,8.69,8.44,8.93,25297891328,9721151488
2026-04-27T15:22:26.619162+02:00,-0.001843519638070231,0.17570769991519572,0.2210215788206532,-2.6496335791505676,1.3771764936232114,-1.494175642412978,1.5866411136147351,0.24035322706161694,-0.7188722258002581,-0.012179192713292153,-1.2855685538379604,0.4357431973493151,50.0,51.0,51.0,41.0,42.0,25.0,29.0,27.0,53.0,98.51,3975442432,1538822144,1526075392,8.69,8.44,8.93,25297891328,9721151488
2026-04-27T15:22:26.673545+02:00,-0.001843519638070231,0.17570769991519572,0.2210215788206532,-2.6496335791505676,1.3771764936232114,-1.494175642412978,1.5866411136147351,0.24035322706161694,-0.7188722258002581,-0.012179192713292153,-1.2855685538379604,0.4357431973493151,50.0,51.0,51.0,41.0,42.0,25.0,29.0,27.0,53.0,98.51,3975442432,1538822144,1526075392,8.69,8.44,8.93,25297891328,9721151488
2026-04-27T15:22:26.724990+02:00,-0.001843519638070231,0.17570769991519572,0.2210215788206532,-2.6496335791505676,1.3771764936232114,-1.494175642412978,1.5866411136147351,0.24035322706161694,-0.7188722258002581,-0.012179192713292153,-1.2855685538379604,0.4357431973493151,50.0,51.0,51.0,41.0,42.0,25.0,29.0,27.0,53.0,98.51,3975442432,1538822144,1526075392,8.69,8.44,8.93,25297891328,9721151488
2026-04-27T15:22:26.778491+02:00,-0.001843519638070231,0.17570769991519572,0.2210215788206532,-2.6496335791505676,1.3771764936232114,-1.494175642412978,1.5866411136147351,0.24035322706161694,-0.7188722258002581,-0.012179192713292153,-1.2855685538379604,0.4357431973493151,50.0,51.0,51.0,41.0,42.0,25.0,29.0,27.0,53.0,98.51,3975442432,1538822144,1526075392,8.69,8.44,8.93,25297891328,9721151488
2026-04-27T15:22:26.830183+02:00,-0.001843519638070231,0.17570769991519572,0.2210215788206532,-2.6496335791505676,1.3771764936232114,-1.494175642412978,1.5866411136147351,0.24035322706161694,-0.7188722258002581,-0.012179192713292153,-1.2855685538379604,0.4357431973493151,50.0,51.0,51.0,41.0,42.0,25.0,29.0,27.0,53.0,98.51,3975442432,1538822144,1526075392,8.69,8.44,8.93,25297891328,9721151488
2026-04-27T15:22:26.880534+02:00,-0.001843519638070231,0.17570769991519572,0.2210215788206532,-2.6496335791505676,1.3771764936232114,-1.494175642412978,1.5866411136147351,0.24035322706161694,-0.7188722258002581,-0.012179192713292153,-1.2855685538379604,0.4357431973493151,50.0,51.0,51.0,41.0,42.0,25.0,29.0,27.0,53.0,98.51,3975442432,1538822144,1526075392,8.69,8.44,8.93,25297891328,9721151488
2026-04-27T15:22:26.931699+02:00,-0.001843519638070231,0.17570769991519572,0.2210215788206532,-2.6496335791505676,1.3771764936232114,-1.494175642412978,1.5866411136147351,0.24035322706161694,-0.7188722258002581,-0.012179192713292153,-1.2855685538379604,0.4357431973493151,50.0,51.0,51.0,41.0,42.0,25.0,29.0,27.0,53.0,98.51,3975442432,1538822144,1526075392,8.69,8.44,8.93,25297891328,9721151488
2026-04-27T15:22:26.986200+02:00,-0.001843519638070231,0.17570769991519572,0.2210215788206532,-2.6496335791505676,1.3771764936232114,-1.494175642412978,1.5866411136147351,0.24035322706161694,-0.7188722258002581,-0.012179192713292153,-1.2855685538379604,0.4357431973493151,50.0,51.0,51.0,41.0,42.0,25.0,29.0,27.0,53.0,98.51,3975442432,1538822144,1526075392,8.69,8.44,8.93,25297891328,9721151488
2026-04-27T15:22:27.039110+02:00,-0.001843519638070231,0.17570769991519572,0.2210215788206532,-2.6496335791505676,1.3771764936232114,-1.494175642412978,1.5866411136147351,0.24035322706161694,-0.7188722258002581,-0.012179192713292153,-1.2855685538379604,0.4357431973493151,50.0,51.0,51.0,41.0,42.0,25.0,29.0,27.0,53.0,98.51,3975442432,1538822144,1526075392,8.69,8.44,8.93,25297891328,9721151488
2026-04-27T15:22:27.090190+02:00,-0.001843519638070231,0.17570769991519572,0.2210215788206532,-2.6496335791505676,1.3771764936232114,-1.494175642412978,1.5866411136147351,0.24035322706161694,-0.7188722258002581,-0.012179192713292153,-1.2855685538379604,0.4357431973493151,50.0,51.0,51.0,41.0,42.0,25.0,29.0,27.0,53.0,98.51,3975442432,1538822144,1526075392,8.69,8.44,8.93,25297891328,9721151488
2026-04-27T15:22:27.140909+02:00,-0.001843519638070231,0.17570769991519572,0.2210215788206532,-2.6496335791505676,1.3771764936232114,-1.494175642412978,1.5866411136147351,0.24035322706161694,-0.7188722258002581,-0.012179192713292153,-1.2855685538379604,0.4357431973493151,50.0,51.0,51.0,41.0,42.0,25.0,29.0,27.0,53.0,98.51,3975442432,1538822144,1526075392,8.69,8.44,8.93,25297891328,9721151488
2026-04-27T15:22:27.191433+02:00,-0.001843519638070231,0.17570769991519572,0.2210215788206532,-2.6496335791505676,1.3771764936232114,-1.494175642412978,1.5866411136147351,0.24035322706161694,-0.7188722258002581,-0.012179192713292153,-1.2855685538379604,0.4357431973493151,50.0,51.0,51.0,41.0,42.0,25.0,29.0,27.0,53.0,98.51,3975442432,1538822144,1526075392,8.69,8.44,8.93,25297891328,9721151488
2026-04-27T15:22:27.241535+02:00,-0.001843519638070231,0.17570769991519572,0.2210215788206532,-2.6496335791505676,1.3771764936232114,-1.494175642412978,1.5866411136147351,0.24035322706161694,-0.7188722258002581,-0.012179192713292153,-1.2855685538379604,0.4357431973493151,50.0,51.0,51.0,41.0,42.0,25.0,29.0,27.0,53.0,98.51,3975442432,1538822144,1526075392,8.69,8.44,8.93,25297891328,9721151488
2026-04-27T15:22:27.295306+02:00,-0.001843519638070231,0.17570769991519572,0.2210215788206532,-2.6496335791505676,1.3771764936232114,-1.494175642412978,1.5866411136147351,0.24035322706161694,-0.7188722258002581,-0.012179192713292153,-1.2855685538379604,0.4357431973493151,50.0,51.0,51.0,41.0,42.0,25.0,29.0,27.0,53.0,98.51,3975442432,1538822144,1526075392,8.69,8.44,8.93,25297891328,9721151488
2026-04-27T15:22:27.346100+02:00,-0.001843519638070231,0.17570769991519572,0.2210215788206532,-2.6496335791505676,1.3771764936232114,-1.494175642412978,1.5866411136147351,0.24035322706161694,-0.7188722258002581,-0.012179192713292153,-1.2855685538379604,0.4357431973493151,50.0,51.0,51.0,41.0,42.0,25.0,29.0,27.0,53.0,99.23,3975442432,1547108352,1517772800,8.4,8.39,8.91,25297891328,9721155584
2026-04-27T15:22:27.397322+02:00,-0.001843519638070231,0.17570769991519572,0.2210215788206532,-2.6496335791505676,1.3771764936232114,-1.494175642412978,1.5866411136147351,0.24035322706161694,-0.7188722258002581,-0.012179192713292153,-1.2855685538379604,0.4357431973493151,50.0,51.0,51.0,41.0,42.0,25.0,29.0,27.0,53.0,99.23,3975442432,1547108352,1517772800,8.4,8.39,8.91,25297891328,9721155584
2026-04-27T15:22:27.447839+02:00,-0.001843519638070231,0.17570769991519572,0.2210215788206532,-2.6496335791505676,1.3771764936232114,-1.494175642412978,1.5866411136147351,0.24035322706161694,-0.7188722258002581,-0.012179192713292153,-1.2855685538379604,0.4357431973493151,50.0,51.0,51.0,41.0,42.0,25.0,29.0,27.0,52.0,99.23,3975442432,1547108352,1517772800,8.4,8.39,8.91,25297891328,9721155584
2026-04-27T15:22:27.500889+02:00,-0.001843519638070231,0.17570769991519572,0.2210215788206532,-2.6496335791505676,1.3771764936232114,-1.494175642412978,1.5866411136147351,0.24035322706161694,-0.7188722258002581,-0.012179192713292153,-1.2855685538379604,0.4357431973493151,50.0,51.0,51.0,41.0,42.0,25.0,29.0,27.0,52.0,99.23,3975442432,1547108352,1517772800,8.4,8.39,8.91,25297891328,9721155584
2026-04-27T15:22:27.551288+02:00,-0.001843519638070231,0.17570769991519572,0.2210215788206532,-2.6496335791505676,1.3771764936232114,-1.494175642412978,1.5866411136147351,0.24035322706161694,-0.7188722258002581,-0.012179192713292153,-1.2855685538379604,0.4357431973493151,50.0,51.0,51.0,41.0,42.0,25.0,29.0,27.0,52.0,99.23,3975442432,1547108352,1517772800,8.4,8.39,8.91,25297891328,9721155584
2026-04-27T15:22:27.601369+02:00,-0.001843519638070231,0.17570769991519572,0.2210215788206532,-2.6496335791505676,1.3771764936232114,-1.494175642412978,1.5866411136147351,0.24035322706161694,-0.7188722258002581,-0.012179192713292153,-1.2855685538379604,0.4357431973493151,50.0,51.0,51.0,41.0,42.0,25.0,29.0,27.0,52.0,99.23,3975442432,1547108352,1517772800,8.4,8.39,8.91,25297891328,9721155584
2026-04-27T15:22:27.651935+02:00,-0.001843519638070231,0.17570769991519572,0.2210215788206532,-2.6496335791505676,1.3771764936232114,-1.494175642412978,1.5866411136147351,0.24035322706161694,-0.7188722258002581,-0.012179192713292153,-1.2855685538379604,0.4357431973493151,50.0,51.0,51.0,41.0,42.0,25.0,29.0,27.0,52.0,99.23,3975442432,1547108352,1517772800,8.4,8.39,8.91,25297891328,9721155584
2026-04-27T15:22:27.704160+02:00,-0.001843519638070231,0.17570769991519572,0.2210215788206532,-2.6496335791505676,1.3771764936232114,-1.494175642412978,1.5866411136147351,0.24035322706161694,-0.7188722258002581,-0.012179192713292153,-1.2855685538379604,0.4357431973493151,50.0,51.0,51.0,41.0,42.0,25.0,29.0,27.0,52.0,99.23,3975442432,1547108352,1517772800,8.4,8.39,8.91,25297891328,9721155584
2026-04-27T15:22:27.754719+02:00,-0.001843519638070231,0.17570769991519572,0.2210215788206532,-2.6496335791505676,1.3771764936232114,-1.494175642412978,1.5866411136147351,0.24035322706161694,-0.7188722258002581,-0.012179192713292153,-1.2855685538379604,0.4357431973493151,50.0,51.0,51.0,41.0,42.0,25.0,29.0,27.0,52.0,99.23,3975442432,1547108352,1517772800,8.4,8.39,8.91,25297891328,9721155584
2026-04-27T15:22:27.804859+02:00,-0.001843519638070231,0.17570769991519572,0.2210215788206532,-2.6496335791505676,1.3771764936232114,-1.494175642412978,1.5866411136147351,0.24035322706161694,-0.7188722258002581,-0.012179192713292153,-1.2855685538379604,0.4357431973493151,50.0,51.0,51.0,41.0,42.0,25.0,29.0,27.0,52.0,99.23,3975442432,1547108352,1517772800,8.4,8.39,8.91,25297891328,9721155584
2026-04-27T15:22:27.857959+02:00,-0.001843519638070231,0.17570769991519572,0.2210215788206532,-2.6496335791505676,1.3771764936232114,-1.494175642412978,1.5866411136147351,0.24035322706161694,-0.7188722258002581,-0.012179192713292153,-1.2855685538379604,0.4357431973493151,50.0,51.0,51.0,41.0,42.0,25.0,29.0,27.0,52.0,99.23,3975442432,1547108352,1517772800,8.4,8.39,8.91,25297891328,9721155584
2026-04-27T15:22:27.911907+02:00,-0.001843519638070231,0.17570769991519572,0.2210215788206532,-2.6496335791505676,1.3771764936232114,-1.494175642412978,1.5866411136147351,0.24035322706161694,-0.7188722258002581,-0.012179192713292153,-1.2855685538379604,0.4357431973493151,50.0,51.0,51.0,41.0,42.0,25.0,29.0,27.0,52.0,99.23,3975442432,1547108352,1517772800,8.4,8.39,8.91,25297891328,9721155584
2026-04-27T15:22:27.963220+02:00,-0.001843519638070231,0.17570769991519572,0.2210215788206532,-2.6496335791505676,1.3771764936232114,-1.494175642412978,1.5866411136147351,0.24035322706161694,-0.7188722258002581,-0.012179192713292153,-1.2855685538379604,0.4342092165614293,50.0,51.0,51.0,41.0,42.0,25.0,29.0,27.0,52.0,99.23,3975442432,1547108352,1517772800,8.4,8.39,8.91,25297891328,9721155584
2026-04-27T15:22:28.018225+02:00,-0.001843519638070231,0.17570769991519572,0.2210215788206532,-2.6496335791505676,1.3771764936232114,-1.494175642412978,1.5866411136147351,0.24035322706161694,-0.7188722258002581,-0.012179192713292153,-1.2855685538379604,0.4357431973493151,50.0,51.0,51.0,41.0,42.0,25.0,29.0,27.0,52.0,99.23,3975442432,1547108352,1517772800,8.4,8.39,8.91,25297891328,9721155584
2026-04-27T15:22:28.072947+02:00,-0.001843519638070245,0.17570769991519572,0.22102157882065315,-2.6511675599384525,1.377176493623211,-1.494175642412976,1.5866411136147351,0.24035322706161694,-0.7188722258002581,-0.012179192713292153,-1.2855685538379604,0.4342092165614293,50.0,51.0,51.0,41.0,42.0,25.0,29.0,27.0,52.0,99.23,3975442432,1547108352,1517772800,8.4,8.39,8.91,25297891328,9721155584
2026-04-27T15:22:28.123271+02:00,-0.001843519638070245,0.17570769991519572,0.22102157882065315,-2.6511675599384525,1.377176493623211,-1.494175642412976,1.5866411136147351,0.24035322706161694,-0.7188722258002581,-0.012179192713292153,-1.2855685538379604,0.4357431973493151,50.0,51.0,51.0,41.0,42.0,25.0,29.0,27.0,52.0,99.23,3975442432,1547108352,1517772800,8.4,8.39,8.91,25297891328,9721155584
2026-04-27T15:22:28.174100+02:00,-0.001843519638070245,0.17570769991519572,0.22102157882065315,-2.6511675599384525,1.377176493623211,-1.494175642412976,1.5866411136147351,0.24035322706161694,-0.7188722258002581,-0.012179192713292153,-1.2855685538379604,0.4357431973493151,50.0,51.0,51.0,41.0,42.0,25.0,29.0,27.0,52.0,99.23,3975442432,1547108352,1517772800,8.4,8.39,8.91,25297891328,9721155584
2026-04-27T15:22:28.225650+02:00,-0.001843519638070245,0.17570769991519572,0.22102157882065315,-2.6511675599384525,1.377176493623211,-1.494175642412976,1.5866411136147351,0.24035322706161694,-0.7188722258002581,-0.012179192713292153,-1.2855685538379604,0.4357431973493151,50.0,51.0,51.0,41.0,42.0,25.0,29.0,27.0,52.0,99.23,3975442432,1547108352,1517772800,8.4,8.39,8.91,25297891328,9721155584
2026-04-27T15:22:28.276400+02:00,-0.001843519638070231,0.17570769991519572,0.2210215788206532,-2.6496335791505676,1.3771764936232114,-1.494175642412978,1.5866411136147351,0.24035322706161694,-0.7188722258002581,-0.012179192713292153,-1.2855685538379604,0.4357431973493151,50.0,51.0,51.0,41.0,42.0,25.0,29.0,27.0,52.0,99.23,3975442432,1547108352,1517772800,8.4,8.39,8.91,25297891328,9721155584
2026-04-27T15:22:28.328299+02:00,-0.001843519638070231,0.17570769991519572,0.2210215788206532,-2.6496335791505676,1.3771764936232114,-1.494175642412978,1.5866411136147351,0.24035322706161694,-0.7188722258002581,-0.012179192713292153,-1.2855685538379604,0.4357431973493151,50.0,51.0,51.0,41.0,42.0,25.0,29.0,27.0,52.0,99.23,3975442432,1547108352,1517772800,8.4,8.39,8.91,25297891328,9721155584
2026-04-27T15:22:28.383144+02:00,-0.001843519638070231,0.17570769991519572,0.2210215788206532,-2.6496335791505676,1.3771764936232114,-1.494175642412978,1.5866411136147351,0.24035322706161694,-0.7188722258002581,-0.012179192713292153,-1.2855685538379604,0.4357431973493151,50.0,51.0,51.0,41.0,42.0,25.0,29.0,27.0,52.0,99.28,3975442432,1577066496,1487810560,8.4,8.39,8.91,25297891328,9721163776
2026-04-27T15:22:28.433661+02:00,-0.001843519638070231,0.17570769991519572,0.2210215788206532,-2.6496335791505676,1.3771764936232114,-1.494175642412978,1.5866411136147351,0.24035322706161694,-0.7188722258002581,-0.012179192713292153,-1.2855685538379604,0.4357431973493151,50.0,51.0,51.0,41.0,42.0,25.0,29.0,27.0,52.0,99.28,3975442432,1577066496,1487810560,8.4,8.39,8.91,25297891328,9721163776
2026-04-27T15:22:28.484385+02:00,-0.001843519638070231,0.17570769991519572,0.2210215788206532,-2.6496335791505676,1.3771764936232114,-1.494175642412978,1.5866411136147351,0.24035322706161694,-0.7188722258002581,-0.012179192713292153,-1.2855685538379604,0.4357431973493151,50.0,51.0,51.0,41.0,42.0,25.0,29.0,27.0,52.0,99.28,3975442432,1577066496,1487810560,8.4,8.39,8.91,25297891328,9721163776
2026-04-27T15:22:28.536295+02:00,-0.001843519638070231,0.17570769991519572,0.2210215788206532,-2.6496335791505676,1.3771764936232114,-1.494175642412978,1.5866411136147351,0.24035322706161694,-0.7188722258002581,-0.012179192713292153,-1.2855685538379604,0.4357431973493151,50.0,51.0,51.0,41.0,42.0,25.0,29.0,27.0,52.0,99.28,3975442432,1577066496,1487810560,8.4,8.39,8.91,25297891328,9721163776
2026-04-27T15:22:28.586642+02:00,-0.001843519638070231,0.17570769991519572,0.2210215788206532,-2.6496335791505676,1.3771764936232114,-1.494175642412978,1.5866411136147351,0.24035322706161694,-0.7188722258002581,-0.012179192713292153,-1.2855685538379604,0.4357431973493151,50.0,51.0,51.0,41.0,42.0,25.0,29.0,27.0,52.0,99.28,3975442432,1577066496,1487810560,8.4,8.39,8.91,25297891328,9721163776
2026-04-27T15:22:28.638648+02:00,-0.001843519638070231,0.17570769991519572,0.2210215788206532,-2.6496335791505676,1.3771764936232114,-1.494175642412978,1.5866411136147351,0.24035322706161694,-0.7188722258002581,-0.012179192713292153,-1.2855685538379604,0.4357431973493151,50.0,51.0,51.0,41.0,42.0,25.0,29.0,27.0,52.0,99.28,3975442432,1577066496,1487810560,8.4,8.39,8.91,25297891328,9721163776
2026-04-27T15:22:28.690034+02:00,-0.001843519638070231,0.17570769991519572,0.2210215788206532,-2.6496335791505676,1.3771764936232114,-1.494175642412978,1.5866411136147351,0.24035322706161694,-0.7188722258002581,-0.012179192713292153,-1.2855685538379604,0.4357431973493151,50.0,51.0,51.0,41.0,42.0,25.0,29.0,27.0,52.0,99.28,3975442432,1577066496,1487810560,8.4,8.39,8.91,25297891328,9721163776
2026-04-27T15:22:28.740229+02:00,-0.001843519638070231,0.17570769991519572,0.2210215788206532,-2.6496335791505676,1.3771764936232114,-1.494175642412978,1.5866411136147351,0.24035322706161694,-0.7188722258002581,-0.012179192713292153,-1.2855685538379604,0.4357431973493151,50.0,51.0,51.0,41.0,42.0,25.0,29.0,27.0,52.0,99.28,3975442432,1577066496,1487810560,8.4,8.39,8.91,25297891328,9721163776
2026-04-27T15:22:28.794370+02:00,-0.001843519638070231,0.17570769991519572,0.2210215788206532,-2.6496335791505676,1.3771764936232114,-1.494175642412978,1.5866411136147351,0.24035322706161694,-0.7188722258002581,-0.012179192713292153,-1.2855685538379604,0.4357431973493151,50.0,51.0,51.0,41.0,42.0,25.0,29.0,27.0,52.0,99.28,3975442432,1577066496,1487810560,8.4,8.39,8.91,25297891328,9721163776
2026-04-27T15:22:28.848516+02:00,-0.001843519638070231,0.17570769991519572,0.2210215788206532,-2.6496335791505676,1.3771764936232114,-1.494175642412978,1.5866411136147351,0.24035322706161694,-0.7188722258002581,-0.012179192713292153,-1.2855685538379604,0.4357431973493151,50.0,51.0,51.0,41.0,42.0,25.0,29.0,27.0,52.0,99.28,3975442432,1577066496,1487810560,8.4,8.39,8.91,25297891328,9721163776
2026-04-27T15:22:28.899381+02:00,-0.001843519638070231,0.17570769991519572,0.2210215788206532,-2.6496335791505676,1.3771764936232114,-1.494175642412978,1.5866411136147351,0.24035322706161694,-0.7188722258002581,-0.012179192713292153,-1.2855685538379604,0.4357431973493151,50.0,51.0,51.0,41.0,42.0,25.0,29.0,27.0,52.0,99.28,3975442432,1577066496,1487810560,8.4,8.39,8.91,25297891328,9721163776
2026-04-27T15:22:28.949540+02:00,-0.001843519638070231,0.17570769991519572,0.2210215788206532,-2.6496335791505676,1.3771764936232114,-1.494175642412978,1.5866411136147351,0.24035322706161694,-0.7188722258002581,-0.012179192713292153,-1.2855685538379604,0.4357431973493151,50.0,51.0,51.0,41.0,42.0,25.0,29.0,27.0,52.0,99.28,3975442432,1577066496,1487810560,8.4,8.39,8.91,25297891328,9721163776
2026-04-27T15:22:29.000176+02:00,-0.001843519638070231,0.17570769991519572,0.2210215788206532,-2.6496335791505676,1.3771764936232114,-1.494175642412978,1.5866411136147351,0.24035322706161694,-0.7188722258002581,-0.012179192713292153,-1.2855685538379604,0.4357431973493151,50.0,51.0,51.0,41.0,42.0,25.0,29.0,27.0,52.0,99.28,3975442432,1577066496,1487810560,8.4,8.39,8.91,25297891328,9721163776
2026-04-27T15:22:29.050268+02:00,-0.001843519638070231,0.17570769991519572,0.2210215788206532,-2.6496335791505676,1.3771764936232114,-1.494175642412978,1.5866411136147351,0.24035322706161694,-0.7188722258002581,-0.012179192713292153,-1.2855685538379604,0.4357431973493151,50.0,51.0,51.0,41.0,42.0,25.0,29.0,27.0,52.0,99.28,3975442432,1577066496,1487810560,8.4,8.39,8.91,25297891328,9721163776
2026-04-27T15:22:29.102695+02:00,-0.001843519638070231,0.17570769991519572,0.2210215788206532,-2.6496335791505676,1.3771764936232114,-1.494175642412978,1.5866411136147351,0.24035322706161694,-0.7188722258002581,-0.012179192713292153,-1.2855685538379604,0.4357431973493151,50.0,51.0,51.0,41.0,42.0,25.0,29.0,27.0,52.0,99.28,3975442432,1577066496,1487810560,8.4,8.39,8.91,25297891328,9721163776
2026-04-27T15:22:29.153891+02:00,-0.001843519638070231,0.17570769991519572,0.2210215788206532,-2.6496335791505676,1.3771764936232114,-1.494175642412978,1.5866411136147351,0.24035322706161694,-0.7188722258002581,-0.012179192713292153,-1.2855685538379604,0.4357431973493151,50.0,51.0,51.0,41.0,42.0,25.0,29.0,27.0,52.0,99.28,3975442432,1577066496,1487810560,8.4,8.39,8.91,25297891328,9721163776
2026-04-27T15:22:29.204295+02:00,-0.001843519638070231,0.17570769991519572,0.2210215788206532,-2.6496335791505676,1.3771764936232114,-1.494175642412978,1.5866411136147351,0.24035322706161694,-0.7188722258002581,-0.012179192713292153,-1.2855685538379604,0.4357431973493151,50.0,51.0,51.0,41.0,42.0,25.0,29.0,27.0,52.0,99.28,3975442432,1577066496,1487810560,8.4,8.39,8.91,25297891328,9721163776
2026-04-27T15:22:29.255804+02:00,-0.001843519638070231,0.17570769991519572,0.2210215788206532,-2.6496335791505676,1.3771764936232114,-1.494175642412978,1.5866411136147351,0.24035322706161694,-0.7188722258002581,-0.012179192713292153,-1.2855685538379604,0.4357431973493151,50.0,51.0,51.0,41.0,42.0,25.0,29.0,27.0,52.0,99.28,3975442432,1577066496,1487810560,8.4,8.39,8.91,25297891328,9721163776
2026-04-27T15:22:29.307356+02:00,-0.001843519638070231,0.17570769991519572,0.2210215788206532,-2.6496335791505676,1.3771764936232114,-1.494175642412978,1.5866411136147351,0.24035322706161694,-0.7188722258002581,-0.012179192713292153,-1.2855685538379604,0.4357431973493151,50.0,51.0,51.0,41.0,42.0,25.0,29.0,27.0,52.0,99.28,3975442432,1577066496,1487810560,8.4,8.39,8.91,25297891328,9721163776
2026-04-27T15:22:29.357532+02:00,-0.001843519638070231,0.17570769991519572,0.2210215788206532,-2.6496335791505676,1.3771764936232114,-1.494175642412978,1.5866411136147351,0.24035322706161694,-0.7188722258002581,-0.012179192713292153,-1.2855685538379604,0.4357431973493151,50.0,51.0,51.0,41.0,42.0,25.0,29.0,27.0,52.0,99.28,3975442432,1577066496,1487810560,8.4,8.39,8.91,25297891328,9721163776
2026-04-27T15:22:29.412606+02:00,-0.001843519638070231,0.17570769991519572,0.2210215788206532,-2.6496335791505676,1.3771764936232114,-1.494175642412978,1.5866411136147351,0.24035322706161694,-0.7188722258002581,-0.012179192713292153,-1.2855685538379604,0.4357431973493151,50.0,51.0,51.0,41.0,42.0,25.0,29.0,27.0,52.0,94.66,3975442432,1582149632,1482686464,8.4,8.39,8.91,25297891328,9721176064
2026-04-27T15:22:29.467565+02:00,-0.001843519638070231,0.17570769991519572,0.2210215788206532,-2.6496335791505676,1.3771764936232114,-1.494175642412978,1.5866411136147351,0.24035322706161694,-0.7188722258002581,-0.012179192713292153,-1.2855685538379604,0.4357431973493151,51.0,51.0,51.0,41.0,42.0,25.0,29.0,0.0,52.0,94.66,3975442432,1582149632,1482686464,8.4,8.39,8.91,25297891328,9721176064
2026-04-27T15:22:29.518485+02:00,-0.001843519638070231,0.17570769991519572,0.2210215788206532,-2.6496335791505676,1.3771764936232114,-1.494175642412978,1.5866411136147351,0.24035322706161694,-0.7188722258002581,-0.012179192713292153,-1.2855685538379604,0.4357431973493151,51.0,51.0,51.0,41.0,42.0,25.0,29.0,0.0,52.0,94.66,3975442432,1582149632,1482686464,8.4,8.39,8.91,25297891328,9721176064
2026-04-27T15:22:29.569352+02:00,-0.001843519638070231,0.17570769991519572,0.2210215788206532,-2.6496335791505676,1.3771764936232114,-1.494175642412978,1.5866411136147351,0.24035322706161694,-0.7188722258002581,-0.012179192713292153,-1.2855685538379604,0.4357431973493151,51.0,51.0,51.0,41.0,42.0,25.0,29.0,0.0,52.0,94.66,3975442432,1582149632,1482686464,8.4,8.39,8.91,25297891328,9721176064
2026-04-27T15:22:29.619455+02:00,-0.001843519638070231,0.17570769991519572,0.2210215788206532,-2.6496335791505676,1.3771764936232114,-1.494175642412978,1.5866411136147351,0.23883828127088585,-0.7188722258002581,-0.012179192713292153,-1.2855685538379604,0.4357431973493151,51.0,51.0,51.0,41.0,42.0,25.0,29.0,0.0,52.0,94.66,3975442432,1582149632,1482686464,8.4,8.39,8.91,25297891328,9721176064
2026-04-27T15:22:29.672339+02:00,-0.0018448299242277942,0.17579038809007,0.22075531765092032,-2.650108140106153,1.375664323432979,-1.4946412667620927,1.5866411136147351,0.23883828127088585,-0.7188722258002581,-0.012179192713292153,-1.2855685538379604,0.4357431973493151,51.0,51.0,51.0,41.0,42.0,25.0,29.0,0.0,52.0,94.66,3975442432,1582149632,1482686464,8.4,8.39,8.91,25297891328,9721176064
2026-04-27T15:22:29.723321+02:00,-0.0018448299242277942,0.17579038809007,0.22075531765092032,-2.650108140106153,1.375664323432979,-1.4946412667620927,1.5866411136147351,0.23883828127088585,-0.7188722258002581,-0.012179192713292153,-1.2855685538379604,0.4342092165614293,51.0,51.0,51.0,41.0,42.0,25.0,29.0,0.0,52.0,94.66,3975442432,1582149632,1482686464,8.4,8.39,8.91,25297891328,9721176064
2026-04-27T15:22:29.775859+02:00,-0.0018448299242277942,0.17579038809007,0.22075531765092032,-2.650108140106153,1.375664323432979,-1.4946412667620927,1.5866411136147351,0.23883828127088585,-0.7188722258002581,-0.012179192713292153,-1.2855685538379604,0.4342092165614293,51.0,51.0,51.0,41.0,42.0,25.0,29.0,0.0,52.0,94.66,3975442432,1582149632,1482686464,8.4,8.39,8.91,25297891328,9721176064
2026-04-27T15:22:29.827292+02:00,-0.001844829924227808,0.17579038809006997,0.2207553176509203,-2.651642120894039,1.375664323432979,-1.4946412667620943,1.5866411136147351,0.23883828127088585,-0.7188722258002581,-0.012179192713292153,-1.2855685538379604,0.4342092165614293,51.0,51.0,51.0,41.0,42.0,25.0,29.0,0.0,52.0,94.66,3975442432,1582149632,1482686464,8.4,8.39,8.91,25297891328,9721176064
2026-04-27T15:22:29.882346+02:00,-0.001844829924227808,0.17579038809006997,0.2207553176509203,-2.651642120894039,1.375664323432979,-1.4946412667620943,1.5866411136147351,0.23883828127088585,-0.7188722258002581,-0.012179192713292153,-1.2855685538379604,0.4342092165614293,51.0,51.0,51.0,41.0,42.0,25.0,29.0,0.0,52.0,94.66,3975442432,1582149632,1482686464,8.4,8.39,8.91,25297891328,9721176064
2026-04-27T15:22:29.933364+02:00,-0.001844829924227808,0.17579038809006997,0.2207553176509203,-2.651642120894039,1.375664323432979,-1.4946412667620943,1.5866411136147351,0.23883828127088585,-0.7188722258002581,-0.012179192713292153,-1.2855685538379604,0.4342092165614293,51.0,51.0,51.0,41.0,42.0,25.0,29.0,0.0,52.0,94.66,3975442432,1582149632,1482686464,8.4,8.39,8.91,25297891328,9721176064
2026-04-27T15:22:29.985333+02:00,-0.001844829924227808,0.17579038809006997,0.2207553176509203,-2.651642120894039,1.375664323432979,-1.4946412667620943,1.5866411136147351,0.23883828127088585,-0.7188722258002581,-0.012179192713292153,-1.2855685538379604,0.4342092165614293,51.0,51.0,51.0,41.0,42.0,25.0,29.0,0.0,52.0,94.66,3975442432,1582149632,1482686464,8.4,8.39,8.91,25297891328,9721176064
2026-04-27T15:22:30.037263+02:00,-0.001844829924227808,0.17579038809006997,0.2207553176509203,-2.651642120894039,1.375664323432979,-1.4946412667620943,1.5866411136147351,0.23883828127088585,-0.7188722258002581,-0.012179192713292153,-1.2855685538379604,0.4342092165614293,51.0,51.0,51.0,41.0,42.0,25.0,29.0,0.0,52.0,94.66,3975442432,1582149632,1482686464,8.4,8.39,8.91,25297891328,9721176064
2026-04-27T15:22:30.089342+02:00,-0.001844829924227808,0.17579038809006997,0.2207553176509203,-2.651642120894039,1.375664323432979,-1.4946412667620943,1.5866411136147351,0.23883828127088585,-0.7188722258002581,-0.012179192713292153,-1.2855685538379604,0.4342092165614293,51.0,51.0,51.0,41.0,42.0,25.0,29.0,0.0,52.0,94.66,3975442432,1582149632,1482686464,8.4,8.39,8.91,25297891328,9721176064
2026-04-27T15:22:30.144355+02:00,-0.001844829924227808,0.17579038809006997,0.2207553176509203,-2.651642120894039,1.375664323432979,-1.4946412667620943,1.5866411136147351,0.23883828127088585,-0.7188722258002581,-0.012179192713292153,-1.2855685538379604,0.4342092165614293,51.0,51.0,51.0,41.0,42.0,25.0,29.0,0.0,52.0,94.66,3975442432,1582149632,1482686464,8.4,8.39,8.91,25297891328,9721176064
2026-04-27T15:22:30.194399+02:00,-0.001844829924227808,0.17579038809006997,0.2207553176509203,-2.651642120894039,1.375664323432979,-1.4946412667620943,1.5866411136147351,0.23883828127088585,-0.7188722258002581,-0.012179192713292153,-1.2855685538379604,0.4342092165614293,51.0,51.0,51.0,41.0,42.0,25.0,29.0,0.0,52.0,94.66,3975442432,1582149632,1482686464,8.4,8.39,8.91,25297891328,9721176064
2026-04-27T15:22:30.248295+02:00,-0.001844829924227808,0.17579038809006997,0.2207553176509203,-2.651642120894039,1.375664323432979,-1.4946412667620943,1.5866411136147351,0.23883828127088585,-0.7188722258002581,-0.012179192713292153,-1.2871025346258453,0.4342092165614293,51.0,51.0,51.0,41.0,42.0,25.0,29.0,0.0,52.0,94.66,3975442432,1582149632,1482686464,8.4,8.39,8.91,25297891328,9721176064
2026-04-27T15:22:30.300292+02:00,-0.001844829924227808,0.17579038809006997,0.2207553176509203,-2.651642120894039,1.375664323432979,-1.4946412667620943,1.5866411136147351,0.23883828127088585,-0.7188722258002581,-0.012179192713292153,-1.2871025346258453,0.4342092165614293,51.0,51.0,51.0,41.0,42.0,25.0,29.0,0.0,52.0,94.66,3975442432,1582149632,1482686464,8.4,8.39,8.91,25297891328,9721176064
2026-04-27T15:22:30.350376+02:00,-0.001844829924227808,0.17579038809006997,0.2207553176509203,-2.651642120894039,1.375664323432979,-1.4946412667620943,1.5866411136147351,0.23883828127088585,-0.7188722258002581,-0.012179192713292153,-1.2871025346258453,0.4342092165614293,51.0,51.0,51.0,41.0,42.0,25.0,29.0,0.0,52.0,94.66,3975442432,1582149632,1482686464,8.4,8.39,8.91,25297891328,9721176064
2026-04-27T15:22:30.405244+02:00,-0.001844829924227808,0.17579038809006997,0.2207553176509203,-2.651642120894039,1.375664323432979,-1.4946412667620943,1.5866411136147351,0.23883828127088585,-0.7188722258002581,-0.012179192713292153,-1.2871025346258453,0.4342092165614293,51.0,51.0,51.0,41.0,42.0,25.0,29.0,0.0,52.0,99.22,3975442432,1584025600,1480744960,8.4,8.39,8.91,25297891328,9721192448
2026-04-27T15:22:30.455951+02:00,-0.001842200665987162,0.1756624638284299,0.220766203719742,-2.6520711277156646,1.374132706806831,-1.4950786389404667,1.5866411136147351,0.23883828127088585,-0.7188722258002581,-0.012179192713292153,-1.2871025346258453,0.4342092165614293,51.0,51.0,51.0,41.0,42.0,25.0,29.0,0.0,52.0,99.22,3975442432,1584025600,1480744960,8.4,8.39,8.91,25297891328,9721192448
2026-04-27T15:22:30.506303+02:00,-0.001842200665987162,0.1756624638284299,0.220766203719742,-2.6520711277156646,1.374132706806831,-1.4950786389404667,1.5866411136147351,0.23883828127088585,-0.7188722258002581,-0.012179192713292153,-1.2871025346258453,0.4342092165614293,51.0,51.0,51.0,41.0,42.0,25.0,29.0,0.0,52.0,99.22,3975442432,1584025600,1480744960,8.4,8.39,8.91,25297891328,9721192448
2026-04-27T15:22:30.556443+02:00,-0.001842200665987162,0.1756624638284299,0.220766203719742,-2.6520711277156646,1.374132706806831,-1.4950786389404667,1.5866411136147351,0.23883828127088585,-0.7188722258002581,-0.012179192713292153,-1.2871025346258453,0.4342092165614293,51.0,51.0,51.0,41.0,42.0,25.0,29.0,0.0,52.0,99.22,3975442432,1584025600,1480744960,8.4,8.39,8.91,25297891328,9721192448
2026-04-27T15:22:30.607192+02:00,-0.001842200665987162,0.1756624638284299,0.220766203719742,-2.6520711277156646,1.374132706806831,-1.4950786389404667,1.5866411136147351,0.23883828127088585,-0.7188722258002581,-0.012179192713292153,-1.2871025346258453,0.4342092165614293,51.0,51.0,51.0,41.0,42.0,25.0,29.0,0.0,52.0,99.22,3975442432,1584025600,1480744960,8.4,8.39,8.91,25297891328,9721192448
2026-04-27T15:22:30.661904+02:00,-0.001842200665987162,0.1756624638284299,0.220766203719742,-2.6520711277156646,1.374132706806831,-1.4950786389404667,1.5866411136147351,0.23883828127088585,-0.7188722258002581,-0.012179192713292153,-1.2871025346258453,0.4342092165614293,51.0,51.0,51.0,41.0,42.0,25.0,29.0,0.0,52.0,99.22,3975442432,1584025600,1480744960,8.4,8.39,8.91,25297891328,9721192448
2026-04-27T15:22:30.714165+02:00,-0.001842200665987162,0.1756624638284299,0.220766203719742,-2.6520711277156646,1.374132706806831,-1.4950786389404667,1.5866411136147351,0.23883828127088585,-0.7188722258002581,-0.012179192713292153,-1.2871025346258453,0.4342092165614293,51.0,51.0,51.0,41.0,42.0,25.0,29.0,0.0,52.0,99.22,3975442432,1584025600,1480744960,8.4,8.39,8.91,25297891328,9721192448
2026-04-27T15:22:30.764851+02:00,-0.001842200665987162,0.1756624638284299,0.220766203719742,-2.6520711277156646,1.374132706806831,-1.4950786389404667,1.5866411136147351,0.23883828127088585,-0.7188722258002581,-0.012179192713292153,-1.2871025346258453,0.4342092165614293,51.0,51.0,51.0,41.0,42.0,25.0,29.0,0.0,52.0,99.22,3975442432,1584025600,1480744960,8.4,8.39,8.91,25297891328,9721192448
2026-04-27T15:22:30.816270+02:00,-0.001842200665987162,0.1756624638284299,0.220766203719742,-2.6520711277156646,1.374132706806831,-1.4950786389404667,1.5866411136147351,0.23883828127088585,-0.7188722258002581,-0.012179192713292153,-1.2871025346258453,0.4342092165614293,51.0,51.0,51.0,41.0,42.0,25.0,29.0,0.0,52.0,99.22,3975442432,1584025600,1480744960,8.4,8.39,8.91,25297891328,9721192448
2026-04-27T15:22:30.867210+02:00,-0.001842200665987162,0.1756624638284299,0.220766203719742,-2.6520711277156646,1.374132706806831,-1.4950786389404667,1.5866411136147351,0.23883828127088585,-0.7188722258002581,-0.012179192713292153,-1.2871025346258453,0.4342092165614293,51.0,51.0,51.0,41.0,42.0,25.0,29.0,0.0,52.0,99.22,3975442432,1584025600,1480744960,8.4,8.39,8.91,25297891328,9721192448
2026-04-27T15:22:30.920020+02:00,-0.001842200665987162,0.1756624638284299,0.220766203719742,-2.6520711277156646,1.374132706806831,-1.4950786389404667,1.5835972593992573,0.23580838968942375,-0.7143273884280649,-0.012179192713292153,-1.2871025346258453,0.4342092165614293,51.0,51.0,51.0,41.0,42.0,25.0,29.0,0.0,52.0,99.22,3975442432,1584025600,1480744960,8.4,8.39,8.91,25297891328,9721192448
2026-04-27T15:22:30.971025+02:00,-0.001842200665987162,0.1756624638284299,0.220766203719742,-2.6520711277156646,1.374132706806831,-1.4950786389404667,1.5790314780760402,0.23277849810796158,-0.7112974968466027,-0.010645211925406795,-1.2871025346258453,0.4342092165614293,51.0,51.0,51.0,41.0,42.0,25.0,29.0,0.0,52.0,99.22,3975442432,1584025600,1480744960,8.4,8.39,8.91,25297891328,9721192448
2026-04-27T15:22:31.023658+02:00,-0.0001020898263346465,0.1781432807457481,0.22178135563864948,-2.658200638090032,1.3772346869751495,-1.5124516901227896,1.5729437696450836,0.22671871494503726,-0.7037227678929473,-0.009111231137520992,-1.2871025346258453,0.4342092165614293,51.0,51.0,51.0,41.0,42.0,25.0,29.0,0.0,52.0,99.22,3975442432,1584025600,1480744960,8.4,8.39,8.91,25297891328,9721192448
2026-04-27T15:22:31.075337+02:00,-0.0001020898263346465,0.1781432807457481,0.22178135563864948,-2.658200638090032,1.3772346869751495,-1.5124516901227896,1.5683779883218665,0.2236888233635751,-0.697662984730023,-0.006043269561749831,-1.2825005922621888,0.4342092165614293,51.0,51.0,51.0,41.0,42.0,25.0,29.0,0.0,52.0,99.22,3975442432,1584025600,1480744960,8.4,8.39,8.91,25297891328,9721192448
2026-04-27T15:22:31.126418+02:00,-0.0001020898263346465,0.1781432807457481,0.22178135563864948,-2.658200638090032,1.3772346869751495,-1.5124516901227896,1.56229027989091,0.21762904020065077,-0.6916032015670988,-0.004509288773864029,-1.280966611474303,0.4342092165614293,51.0,51.0,51.0,41.0,42.0,25.0,29.0,0.0,52.0,99.22,3975442432,1584025600,1480744960,8.4,8.39,8.91,25297891328,9721192448
2026-04-27T15:22:31.180389+02:00,-0.0001020898263346465,0.1781432807457481,0.22178135563864948,-2.658200638090032,1.3772346869751495,-1.5124516901227896,1.56229027989091,0.21762904020065077,-0.6916032015670988,-0.004509288773864029,-1.280966611474303,0.4342092165614293,51.0,51.0,51.0,41.0,42.0,25.0,29.0,0.0,52.0,99.22,3975442432,1584025600,1480744960,8.4,8.39,8.91,25297891328,9721192448
2026-04-27T15:22:31.233063+02:00,0.0026200576623468933,0.18288916358899734,0.22300046731731046,-2.6928066396405863,1.3881650898249935,-1.5681757367775917,1.5516367901367372,0.20853936545626434,-0.6794836352412501,-0.0014413271980928677,-1.2763646691106465,0.4342092165614293,51.0,51.0,51.0,41.0,42.0,25.0,29.0,0.0,52.0,99.22,3975442432,1584025600,1480744960,8.4,8.39,8.91,25297891328,9721192448
2026-04-27T15:22:31.286667+02:00,0.0026200576623468933,0.18288916358899734,0.22300046731731046,-2.6928066396405863,1.3881650898249935,-1.5681757367775917,1.5394613732748241,0.19793474492114677,-0.6673640689154015,0.006228576741335257,-1.2686947651712184,0.4342092165614293,51.0,51.0,51.0,41.0,42.0,25.0,29.0,0.0,52.0,99.22,3975442432,1584025600,1480744960,8.4,8.39,8.91,25297891328,9721192448
2026-04-27T15:22:31.341109+02:00,0.0026200576623468933,0.18288916358899734,0.22300046731731046,-2.6928066396405863,1.3881650898249935,-1.5681757367775917,1.5303298106283898,0.19187496175822244,-0.658274394171015,0.009296538317106862,-1.264092822807561,0.4342092165614293,51.0,51.0,51.0,41.0,42.0,25.0,29.0,0.0,52.0,99.22,3975442432,1584025600,1480744960,8.4,8.39,8.91,25297891328,9721192448
2026-04-27T15:22:31.391416+02:00,0.0026200576623468933,0.18288916358899734,0.22300046731731046,-2.6928066396405863,1.3881650898249935,-1.5681757367775917,1.5151105395509998,0.17824044964164276,-0.6416099904729732,0.018500423044420344,-1.2579568996560186,0.4342092165614293,51.0,51.0,51.0,41.0,42.0,25.0,29.0,0.0,52.0,97.67,3975442432,1552637952,1511972864,8.4,8.39,8.91,25297891328,9721225216
2026-04-27T15:22:31.444112+02:00,0.010028008943196092,0.19458809231237734,0.2264047849991796,-2.8183695145858945,1.4208226781698368,-1.7475460587908977,1.5090228311200433,0.17218066647871844,-0.6340352615193178,0.020034403832306147,-1.2564229188681328,0.4342092165614293,51.0,51.0,51.0,41.0,42.0,25.0,29.0,0.0,52.0,97.67,3975442432,1552637952,1511972864,8.4,8.39,8.91,25297891328,9721225216
2026-04-27T15:22:31.496535+02:00,0.010028008943196092,0.19458809231237734,0.2264047849991796,-2.8183695145858945,1.4208226781698368,-1.7475460587908977,1.4938035600426525,0.16006110015286984,-0.6173708578212759,0.026170326983848913,-1.2441510725650482,0.4342092165614293,50.0,51.0,51.0,41.0,42.0,25.0,29.0,27.0,53.0,97.67,3975442432,1552637952,1511972864,8.4,8.39,8.91,25297891328,9721225216
2026-04-27T15:22:31.549456+02:00,0.010028008943196092,0.19458809231237734,0.2264047849991796,-2.8183695145858945,1.4208226781698368,-1.7475460587908977,1.4755404347497838,0.14339669645482794,-0.5976765625417718,0.0369081924990482,-1.2364811686256192,0.4342092165614293,50.0,51.0,51.0,41.0,42.0,25.0,29.0,27.0,53.0,97.67,3975442432,1552637952,1511972864,8.4,8.39,8.91,25297891328,9721225216
2026-04-27T15:22:31.600238+02:00,0.010028008943196092,0.19458809231237734,0.2264047849991796,-2.8183695145858945,1.4208226781698368,-1.7475460587908977,1.4603211636723938,0.12976218433824827,-0.579497213052999,0.04151013486270516,-1.2334132070498485,0.4342092165614293,50.0,51.0,51.0,41.0,42.0,25.0,29.0,27.0,53.0,97.67,3975442432,1552637952,1511972864,8.4,8.39,8.91,25297891328,9721225216
2026-04-27T15:22:31.650784+02:00,0.019925529496090822,0.20802612429156284,0.23044823541944995,-3.028446934962354,1.4520938616866192,-2.0182803056772096,1.4435799654872636,0.11612767222166859,-0.562832809354957,0.05224800037790445,-1.2180733991709922,0.4342092165614293,50.0,51.0,51.0,41.0,42.0,25.0,29.0,27.0,53.0,97.67,3975442432,1552637952,1511972864,8.4,8.39,8.91,25297891328,9721225216
2026-04-27T15:22:31.705825+02:00,0.019925529496090822,0.20802612429156284,0.23044823541944995,-3.028446934962354,1.4520938616866192,-2.0182803056772096,1.4268387673021343,0.10097821431435783,-0.5446534598661842,0.05838392352944721,-1.211937476019449,0.4342092165614293,50.0,51.0,51.0,41.0,42.0,25.0,29.0,27.0,53.0,97.67,3975442432,1552637952,1511972864,8.4,8.39,8.91,25297891328,9721225216
2026-04-27T15:22:31.756919+02:00,0.019925529496090822,0.20802612429156284,0.23044823541944995,-3.028446934962354,1.4520938616866192,-2.0182803056772096,1.4146633504402222,0.08885864798850918,-0.5310189477496045,0.06451984668098998,-1.2058015528679067,0.4342092165614293,50.0,51.0,51.0,41.0,42.0,25.0,29.0,27.0,53.0,97.67,3975442432,1552637952,1511972864,8.4,8.39,8.91,25297891328,9721225216
2026-04-27T15:22:31.809233+02:00,0.019925529496090822,0.20802612429156284,0.23044823541944995,-3.028446934962354,1.4520938616866192,-2.0182803056772096,1.3918344438241363,0.06764940691827404,-0.5067798150979071,0.07372373140830346,-1.193529706564822,0.4342092165614293,50.0,51.0,51.0,41.0,42.0,25.0,29.0,27.0,53.0,97.67,3975442432,1552637952,1511972864,8.4,8.39,8.91,25297891328,9721225216
2026-04-27T15:22:31.860634+02:00,0.02970683748928451,0.2195735851969359,0.23278704232310823,2.932676917420121,1.4734698641681137,-2.395418218526737,1.3796590269622233,0.055529840592425495,-0.49163035719059645,0.07832567377196042,-1.185859802625393,0.4342092165614293,50.0,51.0,51.0,41.0,42.0,25.0,29.0,27.0,53.0,97.67,3975442432,1552637952,1511972864,8.4,8.39,8.91,25297891328,9721225216
2026-04-27T15:22:31.912871+02:00,0.02970683748928451,0.2195735851969359,0.23278704232310823,2.932676917420121,1.4734698641681137,-2.395418218526737,1.3583520474538768,0.03735049110365252,-0.4704211161203613,0.08599557771138855,-1.1827918410496223,0.4342092165614293,50.0,51.0,51.0,41.0,42.0,25.0,29.0,27.0,53.0,97.67,3975442432,1552637952,1511972864,8.4,8.39,8.91,25297891328,9721225216
2026-04-27T15:22:31.963160+02:00,0.02970683748928451,0.2195735851969359,0.23278704232310823,2.932676917420121,1.4734698641681137,-2.395418218526737,1.3340012137300516,0.014626304242686294,-0.44315209188720195,0.09366548165081712,-1.1751219371101942,0.4342092165614293,50.0,51.0,51.0,41.0,42.0,25.0,29.0,27.0,53.0,97.67,3975442432,1552637952,1511972864,8.4,8.39,8.91,25297891328,9721225216
2026-04-27T15:22:32.014153+02:00,0.02970683748928451,0.2195735851969359,0.23278704232310823,2.932676917420121,1.4734698641681137,-2.395418218526737,1.327913505299096,0.00856652107976208,-0.43557736293354654,0.10133538559024524,-1.1643840715949945,0.4342092165614293,50.0,51.0,51.0,41.0,42.0,25.0,29.0,27.0,53.0,97.67,3975442432,1552637952,1511972864,8.4,8.39,8.91,25297891328,9721225216
2026-04-27T15:22:32.064315+02:00,0.051814886279839684,0.2397288865705391,0.23661764563980003,2.2440818966415748,1.475879744373211,3.0967385720320193,1.2974749631443143,-0.018702503153397387,-0.40376350132819394,0.11053927031755917,-1.1536462060797947,0.4342092165614293,50.0,51.0,51.0,41.0,42.0,25.0,29.0,27.0,53.0,97.67,3975442432,1552637952,1511972864,8.4,8.39,8.91,25297891328,9721225216
2026-04-27T15:22:32.115077+02:00,0.051814886279839684,0.2397288865705391,0.23661764563980003,2.2440818966415748,1.475879744373211,3.0967385720320193,1.2913872547133587,-0.026277232107052795,-0.39618877237453853,0.11053927031755917,-1.152112225291909,0.4342092165614293,50.0,51.0,51.0,41.0,42.0,25.0,29.0,27.0,53.0,97.67,3975442432,1552637952,1511972864,8.4,8.39,8.91,25297891328,9721225216
2026-04-27T15:22:32.166018+02:00,0.051814886279839684,0.2397288865705391,0.23661764563980003,2.2440818966415748,1.475879744373211,3.0967385720320193,1.2746460565282285,-0.04294163580509458,-0.3764944770950345,0.11974315504487265,-1.142908340564596,0.4342092165614293,50.0,51.0,51.0,41.0,42.0,25.0,29.0,27.0,53.0,97.67,3975442432,1552637952,1511972864,8.4,8.39,8.91,25297891328,9721225216
2026-04-27T15:22:32.216523+02:00,0.051814886279839684,0.2397288865705391,0.23661764563980003,2.2440818966415748,1.475879744373211,3.0967385720320193,1.2746460565282285,-0.04294163580509458,-0.3764944770950345,0.11974315504487265,-1.142908340564596,0.4342092165614293,50.0,51.0,51.0,41.0,42.0,25.0,29.0,27.0,53.0,97.67,3975442432,1552637952,1511972864,8.4,8.39,8.91,25297891328,9721225216
2026-04-27T15:22:32.269515+02:00,0.06925288110986498,0.2516613593991532,0.23821278068332058,1.9280353159863701,1.4582671224253476,2.711841921151384,1.2502952228044042,-0.06415087687532972,-0.3492254528618751,0.12741305898430122,-1.1367724174130527,0.4342092165614293,50.0,51.0,51.0,41.0,42.0,25.0,29.0,27.0,53.0,97.67,3975442432,1552637952,1511972864,8.4,8.39,8.91,25297891328,9721225216
2026-04-27T15:22:32.324553+02:00,0.06925288110986498,0.2516613593991532,0.23821278068332058,1.9280353159863701,1.4582671224253476,2.711841921151384,1.2350759517270133,-0.07930033478264054,-0.33256104916383333,0.13201500134795818,-1.1291025134736246,0.4326752357735435,50.0,51.0,51.0,41.0,42.0,25.0,29.0,27.0,53.0,97.67,3975442432,1552637952,1511972864,8.4,8.39,8.91,25297891328,9721225216
2026-04-27T15:22:32.376890+02:00,0.06925288110986498,0.2516613593991532,0.23821278068332058,1.9280353159863701,1.4582671224253476,2.711841921151384,1.2198566806496225,-0.09444979268995124,-0.31589664546579144,0.14121888607527167,-1.1229665903220822,0.4342092165614293,50.0,51.0,51.0,41.0,42.0,25.0,29.0,27.0,53.0,97.67,3975442432,1552637952,1511972864,8.4,8.39,8.91,25297891328,9721225216
2026-04-27T15:22:32.427951+02:00,0.08477452949881117,0.26062980397962,0.23909046775521117,1.7508925651567258,1.437050424000953,2.4776958911525035,1.2107251180031882,-0.10505441322506881,-0.3037770791399428,0.14275286686315747,-1.1198986287463106,0.4326752357735435,50.0,51.0,51.0,41.0,42.0,25.0,29.0,27.0,53.0,93.21,3975442432,1550852096,1513750528,8.53,8.41,8.91,25297891328,9721225216
2026-04-27T15:22:32.482367+02:00,0.08477452949881117,0.26062980397962,0.23909046775521117,1.7508925651567258,1.437050424000953,2.4776958911525035,1.2015935553567538,-0.1141440879694553,-0.2946874043955563,0.14428684765104327,-1.11683066717054,0.4326752357735435,50.0,51.0,51.0,41.0,42.0,25.0,29.0,27.0,53.0,93.21,3975442432,1550852096,1513750528,8.53,8.41,8.91,25297891328,9721225216
2026-04-27T15:22:32.533828+02:00,0.08477452949881117,0.26062980397962,0.23909046775521117,1.7508925651567258,1.437050424000953,2.4776958911525035,1.1955058469257982,-0.12323376271384179,-0.2871126754419009,0.14888879001470023,-1.1152966863826541,0.4342092165614293,50.0,51.0,51.0,41.0,42.0,25.0,29.0,27.0,53.0,93.21,3975442432,1550852096,1513750528,8.53,8.41,8.91,25297891328,9721225216
2026-04-27T15:22:32.588733+02:00,0.08477452949881117,0.26062980397962,0.23909046775521117,1.7508925651567258,1.437050424000953,2.4776958911525035,1.1924619927103195,-0.12777860008603503,-0.28256783806970764,0.1504227708025856,-1.1137627055947683,0.4326752357735435,50.0,51.0,51.0,41.0,42.0,25.0,29.0,27.0,53.0,93.21,3975442432,1550852096,1513750528,8.53,8.41,8.91,25297891328,9721225216
2026-04-27T15:22:32.639195+02:00,0.09484709285430837,0.26609045778159646,0.23801542915900203,1.7061755879322187,1.4265767111229486,2.4011139025145054,1.1863742842793639,-0.13383838324895925,-0.2780230006975144,0.1504227708025856,-1.1122287248068825,0.4326752357735435,50.0,51.0,51.0,41.0,42.0,25.0,29.0,27.0,53.0,93.21,3975442432,1550852096,1513750528,8.53,8.41,8.91,25297891328,9721225216
2026-04-27T15:22:32.690363+02:00,0.09484709285430837,0.26609045778159646,0.23801542915900203,1.7061755879322187,1.4265767111229486,2.4011139025145054,1.1833304300638852,-0.1383832206211525,-0.27347816332532116,0.15502471316624256,-1.1106947440189967,0.4326752357735435,50.0,51.0,51.0,41.0,42.0,25.0,29.0,27.0,53.0,93.21,3975442432,1550852096,1513750528,8.53,8.41,8.91,25297891328,9721225216
2026-04-27T15:22:32.745410+02:00,0.09484709285430837,0.26609045778159646,0.23801542915900203,1.7061755879322187,1.4265767111229486,2.4011139025145054,1.1833304300638852,-0.13989816641188357,-0.27347816332532116,0.1534907323783572,-1.1106947440189967,0.4326752357735435,50.0,51.0,51.0,41.0,42.0,25.0,29.0,27.0,53.0,93.21,3975442432,1550852096,1513750528,8.53,8.41,8.91,25297891328,9721225216
2026-04-27T15:22:32.798688+02:00,0.09484709285430837,0.26609045778159646,0.23801542915900203,1.7061755879322187,1.4265767111229486,2.4011139025145054,1.1833304300638852,-0.14141311220261465,-0.2719632175345901,0.1534907323783572,-1.1091607632311118,0.4326752357735435,50.0,51.0,51.0,41.0,42.0,25.0,29.0,27.0,53.0,93.21,3975442432,1550852096,1513750528,8.53,8.41,8.91,25297891328,9721225216
2026-04-27T15:22:32.849247+02:00,0.09767672538002557,0.2678221725414608,0.23686554076135014,1.7025944470350176,1.4236696513132951,2.3880945450333284,1.1833304300638852,-0.14141311220261465,-0.2719632175345901,0.1534907323783572,-1.1091607632311118,0.4326752357735435,50.0,51.0,51.0,41.0,42.0,25.0,29.0,27.0,53.0,93.21,3975442432,1550852096,1513750528,8.53,8.41,8.91,25297891328,9721225216
2026-04-27T15:22:32.900587+02:00,0.09767672538002557,0.2678221725414608,0.23686554076135014,1.7025944470350176,1.4236696513132951,2.3880945450333284,1.1833304300638852,-0.14141311220261465,-0.2719632175345901,0.1534907323783572,-1.1091607632311118,0.4326752357735435,50.0,51.0,51.0,41.0,42.0,25.0,29.0,27.0,53.0,93.21,3975442432,1550852096,1513750528,8.53,8.41,8.91,25297891328,9721225216
2026-04-27T15:22:32.950690+02:00,0.09767672538002557,0.2678221725414608,0.23686554076135014,1.7025944470350176,1.4236696513132951,2.3880945450333284,1.1833304300638852,-0.14141311220261465,-0.2719632175345901,0.1534907323783572,-1.1091607632311118,0.4326752357735435,50.0,51.0,51.0,41.0,42.0,25.0,29.0,27.0,53.0,93.21,3975442432,1550852096,1513750528,8.53,8.41,8.91,25297891328,9721225216
2026-04-27T15:22:33.004429+02:00,0.09767672538002557,0.2678221725414608,0.23686554076135014,1.7025944470350176,1.4236696513132951,2.3880945450333284,1.1833304300638852,-0.14141311220261465,-0.2719632175345901,0.1534907323783572,-1.1091607632311118,0.4326752357735435,50.0,51.0,51.0,41.0,42.0,25.0,29.0,27.0,53.0,93.21,3975442432,1550852096,1513750528,8.53,8.41,8.91,25297891328,9721225216
2026-04-27T15:22:33.059546+02:00,0.09767672538002557,0.2678221725414608,0.23686554076135014,1.7025944470350176,1.4236696513132951,2.3880945450333284,1.1833304300638852,-0.14141311220261465,-0.2719632175345901,0.1534907323783572,-1.1091607632311118,0.4326752357735435,50.0,51.0,51.0,41.0,42.0,25.0,29.0,27.0,53.0,93.21,3975442432,1550852096,1513750528,8.53,8.41,8.91,25297891328,9721225216
2026-04-27T15:22:33.111982+02:00,0.09767672538002557,0.2678221725414608,0.23686554076135014,1.7025944470350176,1.4236696513132951,2.3880945450333284,1.1833304300638852,-0.14141311220261465,-0.2719632175345901,0.1534907323783572,-1.1091607632311118,0.4326752357735435,50.0,51.0,51.0,41.0,42.0,25.0,29.0,27.0,53.0,93.21,3975442432,1550852096,1513750528,8.53,8.41,8.91,25297891328,9721225216
2026-04-27T15:22:33.165371+02:00,0.09767672538002557,0.2678221725414608,0.23686554076135014,1.7025944470350176,1.4236696513132951,2.3880945450333284,1.1833304300638852,-0.14141311220261465,-0.2719632175345901,0.1534907323783572,-1.1091607632311118,0.4326752357735435,50.0,51.0,51.0,41.0,42.0,25.0,29.0,27.0,53.0,93.21,3975442432,1550852096,1513750528,8.53,8.41,8.91,25297891328,9721225216
2026-04-27T15:22:33.217224+02:00,0.09767672538002557,0.2678221725414608,0.23686554076135014,1.7025944470350176,1.4236696513132951,2.3880945450333284,1.1833304300638852,-0.14141311220261465,-0.2719632175345901,0.1534907323783572,-1.1091607632311118,0.4326752357735435,50.0,51.0,51.0,41.0,42.0,25.0,29.0,27.0,53.0,93.21,3975442432,1550852096,1513750528,8.53,8.41,8.91,25297891328,9721225216
2026-04-27T15:22:33.271310+02:00,0.09767672538002557,0.2678221725414608,0.23686554076135014,1.7025944470350176,1.4236696513132951,2.3880945450333284,1.1833304300638852,-0.14141311220261465,-0.2719632175345901,0.1534907323783572,-1.1091607632311118,0.4326752357735435,50.0,51.0,51.0,41.0,42.0,25.0,29.0,27.0,53.0,93.21,3975442432,1550852096,1513750528,8.53,8.41,8.91,25297891328,9721225216
2026-04-27T15:22:33.324652+02:00,0.09767672538002557,0.26782217254146085,0.2368655407613502,1.7041284278229036,1.4236696513132951,2.3880945450333297,1.1833304300638852,-0.14141311220261465,-0.2719632175345901,0.1534907323783572,-1.1091607632311118,0.4326752357735435,50.0,51.0,51.0,41.0,42.0,25.0,29.0,27.0,53.0,93.21,3975442432,1550852096,1513750528,8.53,8.41,8.91,25297891328,9721225216
2026-04-27T15:22:33.377014+02:00,0.09767672538002557,0.26782217254146085,0.2368655407613502,1.7041284278229036,1.4236696513132951,2.3880945450333297,1.1833304300638852,-0.14141311220261465,-0.2719632175345901,0.1534907323783572,-1.1091607632311118,0.4326752357735435,50.0,51.0,51.0,41.0,42.0,25.0,29.0,27.0,53.0,93.21,3975442432,1550852096,1513750528,8.53,8.41,8.91,25297891328,9721225216
2026-04-27T15:22:33.427395+02:00,0.09767672538002557,0.2678221725414608,0.23686554076135014,1.7025944470350176,1.4236696513132951,2.3880945450333284,1.1833304300638852,-0.14141311220261465,-0.2719632175345901,0.1534907323783572,-1.1091607632311118,0.4326752357735435,50.0,51.0,51.0,41.0,42.0,25.0,29.0,27.0,53.0,92.06,3975442432,1551331328,1513287680,8.53,8.41,8.91,25297891328,9721237504
2026-04-27T15:22:33.477592+02:00,0.09767672538002557,0.2678221725414608,0.23686554076135014,1.7025944470350176,1.4236696513132951,2.3880945450333284,1.1833304300638852,-0.14141311220261465,-0.2719632175345901,0.1534907323783572,-1.1091607632311118,0.4326752357735435,50.0,51.0,51.0,41.0,42.0,25.0,29.0,27.0,53.0,92.06,3975442432,1551331328,1513287680,8.53,8.41,8.91,25297891328,9721237504
2026-04-27T15:22:33.528706+02:00,0.09767672538002557,0.2678221725414608,0.23686554076135014,1.7025944470350176,1.4236696513132951,2.3880945450333284,1.1833304300638852,-0.14141311220261465,-0.2719632175345901,0.1534907323783572,-1.1091607632311118,0.4326752357735435,50.0,51.0,51.0,41.0,42.0,25.0,29.0,27.0,53.0,92.06,3975442432,1551331328,1513287680,8.53,8.41,8.91,25297891328,9721237504
2026-04-27T15:22:33.580494+02:00,0.09767672538002557,0.2678221725414608,0.23686554076135014,1.7025944470350176,1.4236696513132951,2.3880945450333284,1.1833304300638852,-0.14141311220261465,-0.2719632175345901,0.1534907323783572,-1.1091607632311118,0.4326752357735435,50.0,51.0,51.0,41.0,42.0,25.0,29.0,27.0,53.0,92.06,3975442432,1551331328,1513287680,8.53,8.41,8.91,25297891328,9721237504
2026-04-27T15:22:33.632578+02:00,0.09767672538002557,0.2678221725414608,0.23686554076135014,1.7025944470350176,1.4236696513132951,2.3880945450333284,1.1833304300638852,-0.14141311220261465,-0.2719632175345901,0.1534907323783572,-1.1091607632311118,0.4326752357735435,50.0,51.0,51.0,41.0,42.0,25.0,29.0,27.0,53.0,92.06,3975442432,1551331328,1513287680,8.53,8.41,8.91,25297891328,9721237504
2026-04-27T15:22:33.683205+02:00,0.09767672538002557,0.2678221725414608,0.23686554076135014,1.7025944470350176,1.4236696513132951,2.3880945450333284,1.1833304300638852,-0.14141311220261465,-0.2719632175345901,0.1534907323783572,-1.1091607632311118,0.4342092165614293,50.0,51.0,51.0,41.0,42.0,25.0,29.0,27.0,53.0,92.06,3975442432,1551331328,1513287680,8.53,8.41,8.91,25297891328,9721237504
2026-04-27T15:22:33.734265+02:00,0.09767672538002557,0.2678221725414608,0.23686554076135014,1.7025944470350176,1.4236696513132951,2.3880945450333284,1.1833304300638852,-0.14141311220261465,-0.2719632175345901,0.1534907323783572,-1.1091607632311118,0.4326752357735435,50.0,51.0,51.0,41.0,42.0,25.0,29.0,27.0,53.0,92.06,3975442432,1551331328,1513287680,8.53,8.41,8.91,25297891328,9721237504
2026-04-27T15:22:33.784358+02:00,0.09767672538002557,0.2678221725414608,0.23686554076135014,1.7025944470350176,1.4236696513132951,2.3880945450333284,1.1833304300638852,-0.14141311220261465,-0.2719632175345901,0.1534907323783572,-1.1091607632311118,0.4326752357735435,50.0,51.0,51.0,41.0,42.0,25.0,29.0,27.0,53.0,92.06,3975442432,1551331328,1513287680,8.53,8.41,8.91,25297891328,9721237504
2026-04-27T15:22:33.835205+02:00,0.09767672538002557,0.2678221725414608,0.23686554076135014,1.7025944470350176,1.4236696513132951,2.3880945450333284,1.1833304300638852,-0.14141311220261465,-0.2719632175345901,0.1534907323783572,-1.1091607632311118,0.4326752357735435,50.0,51.0,51.0,41.0,42.0,25.0,29.0,27.0,53.0,92.06,3975442432,1551331328,1513287680,8.53,8.41,8.91,25297891328,9721237504
2026-04-27T15:22:33.885363+02:00,0.09767672538002557,0.2678221725414608,0.23686554076135014,1.7025944470350176,1.4236696513132951,2.3880945450333284,1.1833304300638852,-0.14141311220261465,-0.2719632175345901,0.1534907323783572,-1.1091607632311118,0.4342092165614293,50.0,51.0,51.0,41.0,42.0,25.0,29.0,27.0,53.0,92.06,3975442432,1551331328,1513287680,8.53,8.41,8.91,25297891328,9721237504
2026-04-27T15:22:33.939726+02:00,0.09767672538002557,0.2678221725414608,0.23686554076135014,1.7025944470350176,1.4236696513132951,2.3880945450333284,1.1833304300638852,-0.14141311220261465,-0.2719632175345901,0.1534907323783572,-1.1091607632311118,0.4326752357735435,50.0,51.0,51.0,41.0,42.0,25.0,29.0,27.0,53.0,92.06,3975442432,1551331328,1513287680,8.53,8.41,8.91,25297891328,9721237504
2026-04-27T15:22:33.990817+02:00,0.09767672538002557,0.2678221725414608,0.23686554076135014,1.7025944470350176,1.4236696513132951,2.3880945450333284,1.1833304300638852,-0.14141311220261465,-0.2719632175345901,0.1534907323783572,-1.1091607632311118,0.4326752357735435,50.0,51.0,51.0,41.0,42.0,25.0,29.0,27.0,53.0,92.06,3975442432,1551331328,1513287680,8.53,8.41,8.91,25297891328,9721237504
2026-04-27T15:22:34.041786+02:00,0.09767672538002557,0.2678221725414608,0.23686554076135014,1.7025944470350176,1.4236696513132951,2.3880945450333284,1.1833304300638852,-0.14141311220261465,-0.2719632175345901,0.1534907323783572,-1.1091607632311118,0.4326752357735435,50.0,51.0,51.0,41.0,42.0,25.0,29.0,27.0,53.0,92.06,3975442432,1551331328,1513287680,8.53,8.41,8.91,25297891328,9721237504
2026-04-27T15:22:34.096111+02:00,0.09767672538002557,0.2678221725414608,0.23686554076135014,1.7025944470350176,1.4236696513132951,2.3880945450333284,1.1833304300638852,-0.13989816641188357,-0.2719632175345901,0.1534907323783572,-1.1091607632311118,0.4326752357735435,50.0,51.0,51.0,41.0,42.0,25.0,29.0,27.0,53.0,92.06,3975442432,1551331328,1513287680,8.53,8.41,8.91,25297891328,9721237504
2026-04-27T15:22:34.146214+02:00,0.09767672538002557,0.2678221725414608,0.23686554076135014,1.7025944470350176,1.4236696513132951,2.3880945450333284,1.1848523571716245,-0.13989816641188357,-0.27347816332532116,0.1534907323783572,-1.1091607632311118,0.4326752357735435,50.0,51.0,51.0,41.0,42.0,25.0,29.0,27.0,53.0,92.06,3975442432,1551331328,1513287680,8.53,8.41,8.91,25297891328,9721237504
2026-04-27T15:22:34.201286+02:00,0.09767672538002557,0.2678221725414608,0.23686554076135014,1.7025944470350176,1.4236696513132951,2.3880945450333284,1.1863742842793639,-0.1383832206211525,-0.27499310911605224,0.1534907323783572,-1.1091607632311118,0.4326752357735435,50.0,51.0,51.0,41.0,42.0,25.0,29.0,27.0,53.0,92.06,3975442432,1551331328,1513287680,8.53,8.41,8.91,25297891328,9721237504
2026-04-27T15:22:34.256067+02:00,0.09661429936326421,0.26750827463773325,0.23699491558429125,1.7025944470350132,1.4236696513132951,2.3911383992488036,1.1894181384948417,-0.13535332903969033,-0.2780230006975144,0.1519567515904714,-1.1091607632311118,0.4342092165614293,50.0,51.0,51.0,41.0,42.0,25.0,29.0,27.0,53.0,92.06,3975442432,1551331328,1513287680,8.53,8.41,8.91,25297891328,9721237504
2026-04-27T15:22:34.308306+02:00,0.09661429936326421,0.26750827463773325,0.23699491558429125,1.7025944470350132,1.4236696513132951,2.3911383992488036,1.1894181384948417,-0.13535332903969033,-0.2780230006975144,0.1519567515904714,-1.1091607632311118,0.4342092165614293,50.0,51.0,51.0,41.0,42.0,25.0,29.0,27.0,53.0,92.06,3975442432,1551331328,1513287680,8.53,8.41,8.91,25297891328,9721237504
2026-04-27T15:22:34.361406+02:00,0.09661429936326421,0.26750827463773325,0.23699491558429125,1.7025944470350132,1.4236696513132951,2.3911383992488036,1.1894181384948417,-0.13535332903969033,-0.2780230006975144,0.1519567515904714,-1.1091607632311118,0.4342092165614293,50.0,51.0,51.0,41.0,42.0,25.0,29.0,27.0,53.0,92.06,3975442432,1551331328,1513287680,8.53,8.41,8.91,25297891328,9721237504
2026-04-27T15:22:34.413176+02:00,0.09023061205385578,0.26461136478907155,0.23601259093566002,1.7864446787398671,1.4315642765931598,2.4937949490367792,1.2122470451109275,-0.11717397955091746,-0.3022621333492117,0.14582082843892863,-1.1183646479584248,0.4342092165614293,50.0,51.0,51.0,41.0,42.0,25.0,29.0,27.0,53.0,92.06,3975442432,1551331328,1513287680,8.53,8.41,8.91,25297891328,9721237504
2026-04-27T15:22:34.465055+02:00,0.09023061205385578,0.26461136478907155,0.23601259093566002,1.7864446787398671,1.4315642765931598,2.4937949490367792,1.2122470451109275,-0.11717397955091746,-0.3022621333492117,0.14582082843892863,-1.1183646479584248,0.4342092165614293,50.0,51.0,51.0,41.0,42.0,25.0,29.0,27.0,53.0,92.06,3975442432,1551331328,1513287680,8.53,8.41,8.91,25297891328,9721237504
2026-04-27T15:22:34.515440+02:00,0.09023061205385578,0.26461136478907155,0.23601259093566002,1.7864446787398671,1.4315642765931598,2.4937949490367792,1.2198566806496225,-0.10959925059726205,-0.3113518080935982,0.14121888607527167,-1.1229665903220822,0.4342092165614293,50.0,51.0,51.0,41.0,42.0,25.0,29.0,27.0,53.0,92.55,3975442432,1551667200,1512935424,8.53,8.41,8.91,25297891328,9721249792
2026-04-27T15:22:34.566164+02:00,0.09023061205385578,0.26461136478907155,0.23601259093566002,1.7864446787398671,1.4315642765931598,2.4937949490367792,1.2305101704037962,-0.10050957585287557,-0.3249863202101779,0.13508296292372934,-1.1291025134736246,0.4342092165614293,50.0,51.0,51.0,41.0,42.0,25.0,29.0,27.0,53.0,92.55,3975442432,1551667200,1512935424,8.53,8.41,8.91,25297891328,9721249792
2026-04-27T15:22:34.617604+02:00,0.08188215512501924,0.2600212603799112,0.2351331649198059,1.9022398904010893,1.4471667285675693,2.6417146439762194,1.2426855872657083,-0.089904955317758,-0.33710588653602636,0.13048102056007238,-1.1367724174130527,0.4342092165614293,50.0,51.0,51.0,41.0,42.0,25.0,29.0,27.0,53.0,92.55,3975442432,1551667200,1512935424,8.53,8.41,8.91,25297891328,9721249792
2026-04-27T15:22:34.669209+02:00,0.08188215512501924,0.2600212603799112,0.2351331649198059,1.9022398904010893,1.4471667285675693,2.6417146439762194,1.2548610041276214,-0.08081528057337162,-0.3492254528618751,0.12434509740852961,-1.14137435977671,0.4342092165614293,50.0,51.0,51.0,41.0,42.0,25.0,29.0,27.0,53.0,92.55,3975442432,1551667200,1512935424,8.53,8.41,8.91,25297891328,9721249792
2026-04-27T15:22:34.721097+02:00,0.08188215512501924,0.2600212603799112,0.2351331649198059,1.9022398904010893,1.4471667285675693,2.6417146439762194,1.2685583480972729,-0.06869571424752297,-0.3643749107691858,0.11974315504487265,-1.1444423213524808,0.4342092165614293,50.0,51.0,51.0,41.0,42.0,25.0,29.0,27.0,53.0,92.55,3975442432,1551667200,1512935424,8.53,8.41,8.91,25297891328,9721249792
2026-04-27T15:22:34.771825+02:00,0.08188215512501924,0.2600212603799112,0.2351331649198059,1.9022398904010893,1.4471667285675693,2.6417146439762194,1.2746460565282285,-0.06415087687532972,-0.37043469393211015,0.11974315504487265,-1.1444423213524808,0.4342092165614293,50.0,51.0,51.0,41.0,42.0,25.0,29.0,27.0,53.0,92.55,3975442432,1551667200,1512935424,8.53,8.41,8.91,25297891328,9721249792
2026-04-27T15:22:34.822232+02:00,0.08188215512501924,0.2600212603799112,0.2351331649198059,1.9022398904010893,1.4471667285675693,2.6417146439762194,1.2746460565282285,-0.06415087687532972,-0.37043469393211015,0.11974315504487265,-1.1444423213524808,0.4342092165614293,50.0,51.0,51.0,41.0,42.0,25.0,29.0,27.0,53.0,92.55,3975442432,1551667200,1512935424,8.53,8.41,8.91,25297891328,9721249792
2026-04-27T15:22:34.874740+02:00,0.06817508577137232,0.25287591531232345,0.23380580610150628,2.1054254028030672,1.4616782723260109,2.895843905690406,1.3035626715752708,-0.038396798432901336,-0.40376350132819394,0.10133538559024524,-1.1659180523828803,0.4342092165614293,50.0,51.0,51.0,41.0,42.0,25.0,29.0,27.0,53.0,92.55,3975442432,1551667200,1512935424,8.53,8.41,8.91,25297891328,9721249792
2026-04-27T15:22:34.925121+02:00,0.06817508577137232,0.25287591531232345,0.23380580610150628,2.1054254028030672,1.4616782723260109,2.895843905690406,1.3248696510836173,-0.02021744894412847,-0.42648768818916005,0.09366548165081712,-1.1751219371101942,0.4342092165614293,50.0,51.0,51.0,41.0,42.0,25.0,29.0,27.0,53.0,92.55,3975442432,1551667200,1512935424,8.53,8.41,8.91,25297891328,9721249792
2026-04-27T15:22:34.978649+02:00,0.06817508577137232,0.25287591531232345,0.23380580610150628,2.1054254028030672,1.4616782723260109,2.895843905690406,1.3309573595145738,-0.014157665781204143,-0.4325474713520844,0.08906353928716015,-1.1797238794738507,0.4342092165614293,50.0,51.0,51.0,41.0,42.0,25.0,29.0,27.0,53.0,92.55,3975442432,1551667200,1512935424,8.53,8.41,8.91,25297891328,9721249792
2026-04-27T15:22:35.033650+02:00,0.04875640831669706,0.23749466129153304,0.23096134835731696,2.741610639125313,1.4700630685196747,-2.6677742387660346,1.355308193238399,0.007051575289030998,-0.45981649558524373,0.07985965455984623,-1.1904617449890504,0.4357431973493151,50.0,51.0,51.0,41.0,42.0,25.0,29.0,27.0,53.0,92.55,3975442432,1551667200,1512935424,8.53,8.41,8.91,25297891328,9721249792
2026-04-27T15:22:35.083715+02:00,0.04875640831669706,0.23749466129153304,0.23096134835731696,2.741610639125313,1.4700630685196747,-2.6677742387660346,1.3735713185312677,0.026745870568534946,-0.4810257366554789,0.0691217890446465,-1.2011996105042502,0.4357431973493151,50.0,51.0,51.0,41.0,42.0,25.0,29.0,27.0,53.0,92.55,3975442432,1551667200,1512935424,8.53,8.41,8.91,25297891328,9721249792
2026-04-27T15:22:35.135231+02:00,0.04875640831669706,0.23749466129153304,0.23096134835731696,2.741610639125313,1.4700630685196747,-2.6677742387660346,1.3933563709318748,0.044925220057307924,-0.5007200319349828,0.06298586589310418,-1.2088695144436783,0.4357431973493151,50.0,51.0,51.0,41.0,42.0,25.0,29.0,27.0,53.0,92.55,3975442432,1551667200,1512935424,8.53,8.41,8.91,25297891328,9721249792
2026-04-27T15:22:35.186542+02:00,0.04875640831669706,0.23749466129153304,0.23096134835731696,2.741610639125313,1.4700630685196747,-2.6677742387660346,1.4070537149015263,0.057044786383156576,-0.5173844356330247,0.05531596195367605,-1.2150054375952206,0.4342092165614293,50.0,51.0,51.0,41.0,42.0,25.0,29.0,27.0,53.0,92.55,3975442432,1551667200,1512935424,8.53,8.41,8.91,25297891328,9721249792
2026-04-27T15:22:35.238098+02:00,0.03258673475190639,0.22258848588681726,0.22873360076532387,3.1344146911799844,1.4545867297148298,-2.197912130549183,1.4314045486253515,0.08128391903485377,-0.5446534598661842,0.04457809643847632,-1.2257433031104203,0.4342092165614293,50.0,51.0,51.0,41.0,42.0,25.0,29.0,27.0,53.0,92.55,3975442432,1551667200,1512935424,8.53,8.41,8.91,25297891328,9721249792
2026-04-27T15:22:35.288310+02:00,0.03258673475190639,0.22258848588681726,0.22873360076532387,3.1344146911799844,1.4545867297148298,-2.197912130549183,1.4390141841640465,0.0873437021977781,-0.5507132430291084,0.04151013486270516,-1.228811264686191,0.4342092165614293,50.0,51.0,51.0,41.0,42.0,25.0,29.0,27.0,53.0,92.55,3975442432,1551667200,1512935424,8.53,8.41,8.91,25297891328,9721249792
2026-04-27T15:22:35.339914+02:00,0.03258673475190639,0.22258848588681726,0.22873360076532387,3.1344146911799844,1.4545867297148298,-2.197912130549183,1.4618430907801323,0.11006788905874426,-0.5779822672622679,0.03384023092327704,-1.2410831109892766,0.4342092165614293,50.0,51.0,51.0,41.0,42.0,25.0,29.0,27.0,53.0,92.55,3975442432,1551667200,1512935424,8.53,8.41,8.91,25297891328,9721249792
2026-04-27T15:22:35.390091+02:00,0.03258673475190639,0.22258848588681726,0.22873360076532387,3.1344146911799844,1.4545867297148298,-2.197912130549183,1.4618430907801323,0.11006788905874426,-0.5779822672622679,0.03384023092327704,-1.2410831109892766,0.4342092165614293,50.0,51.0,51.0,41.0,42.0,25.0,29.0,27.0,53.0,92.55,3975442432,1551667200,1512935424,8.53,8.41,8.91,25297891328,9721249792
2026-04-27T15:22:35.444167+02:00,0.01767206315078167,0.20618029071505525,0.22617551649026002,-2.897695834985047,1.4252289842410817,-1.8698454399849196,1.4968474142581312,0.14188175066409692,-0.6173708578212759,0.023102365408077308,-1.2502869957165905,0.4342092165614293,50.0,51.0,51.0,41.0,42.0,25.0,29.0,27.0,53.0,92.55,3975442432,1551667200,1512935424,8.53,8.41,8.91,25297891328,9721249792
2026-04-27T15:22:35.495569+02:00,0.01767206315078167,0.20618029071505525,0.22617551649026002,-2.897695834985047,1.4252289842410817,-1.8698454399849196,1.4968474142581312,0.14188175066409692,-0.6173708578212759,0.023102365408077308,-1.2502869957165905,0.4342092165614293,50.0,51.0,51.0,41.0,42.0,25.0,29.0,27.0,53.0,97.2,3975442432,1552076800,1512505344,8.53,8.41,8.91,25297891328,9721249792
2026-04-27T15:22:35.547198+02:00,0.01767206315078167,0.20618029071505525,0.22617551649026002,-2.897695834985047,1.4252289842410817,-1.8698454399849196,1.527285956412912,0.17066572068798735,-0.6506996652173596,0.012364499892878023,-1.2625588420196752,0.4342092165614293,50.0,51.0,50.0,41.0,42.0,25.0,29.0,27.0,52.0,97.2,3975442432,1552076800,1512505344,8.53,8.41,8.91,25297891328,9721249792
2026-04-27T15:22:35.602231+02:00,0.01767206315078167,0.20618029071505525,0.22617551649026002,-2.897695834985047,1.4252289842410817,-1.8698454399849196,1.5318517377361291,0.1752105580601806,-0.6552445025895528,0.01083051910499222,-1.2656268035954468,0.4342092165614293,50.0,51.0,50.0,41.0,42.0,25.0,29.0,27.0,52.0,97.2,3975442432,1552076800,1512505344,8.53,8.41,8.91,25297891328,9721249792
2026-04-27T15:22:35.653461+02:00,0.006628078751173482,0.19139302127266325,0.222765259632362,-2.763021013087618,1.39717856442478,-1.6695455255001441,1.5485929359212585,0.19187496175822244,-0.6749387978690569,0.0031606151655640957,-1.273296707534875,0.4342092165614293,50.0,51.0,50.0,41.0,42.0,25.0,29.0,27.0,52.0,97.2,3975442432,1552076800,1512505344,8.53,8.41,8.91,25297891328,9721249792
2026-04-27T15:22:35.707893+02:00,0.006628078751173482,0.19139302127266325,0.222765259632362,-2.763021013087618,1.39717856442478,-1.6695455255001441,1.554680644352215,0.19793474492114677,-0.6825135268227123,0.0016266343776782932,-1.2748306883227607,0.4342092165614293,50.0,51.0,50.0,41.0,42.0,25.0,29.0,27.0,52.0,97.2,3975442432,1552076800,1512505344,8.53,8.41,8.91,25297891328,9721249792
2026-04-27T15:22:35.758386+02:00,0.006628078751173482,0.19139302127266325,0.222765259632362,-2.763021013087618,1.39717856442478,-1.6695455255001441,1.5653341341063887,0.2115692570377265,-0.6946330931485608,0.0016266343776782932,-1.2794326306864172,0.4342092165614293,50.0,51.0,50.0,41.0,42.0,25.0,29.0,27.0,52.0,97.2,3975442432,1552076800,1512505344,8.53,8.41,8.91,25297891328,9721249792
2026-04-27T15:22:35.812022+02:00,0.006628078751173482,0.19139302127266325,0.222765259632362,-2.763021013087618,1.39717856442478,-1.6695455255001441,1.5668560612141271,0.21308420282845758,-0.6961480389392919,9.265358979293481e-05,-1.2794326306864172,0.4342092165614293,50.0,51.0,50.0,41.0,42.0,25.0,29.0,27.0,52.0,97.2,3975442432,1552076800,1512505344,8.53,8.41,8.91,25297891328,9721249792
2026-04-27T15:22:35.862092+02:00,0.0007077333820172411,0.1814262024571424,0.22102609997983502,-2.7078140913864726,1.379096167682582,-1.5752023949835978,1.5759876238605615,0.22671871494503726,-0.7082676052651405,-0.006043269561749831,-1.2794326306864172,0.4342092165614293,50.0,51.0,50.0,41.0,42.0,25.0,29.0,27.0,52.0,97.2,3975442432,1552076800,1512505344,8.53,8.41,8.91,25297891328,9721249792
2026-04-27T15:22:35.912299+02:00,0.0007077333820172411,0.1814262024571424,0.22102609997983502,-2.7078140913864726,1.379096167682582,-1.5752023949835978,1.5790314780760402,0.22974860652649942,-0.7112974968466027,-0.0075772503496351895,-1.280966611474303,0.4342092165614293,50.0,51.0,50.0,41.0,42.0,25.0,29.0,27.0,52.0,97.2,3975442432,1552076800,1512505344,8.53,8.41,8.91,25297891328,9721249792
2026-04-27T15:22:35.962703+02:00,0.0007077333820172411,0.1814262024571424,0.22102609997983502,-2.7078140913864726,1.379096167682582,-1.5752023949835978,1.5835972593992573,0.23429344389869267,-0.7143273884280649,-0.0075772503496351895,-1.2855685538379604,0.4342092165614293,50.0,51.0,50.0,41.0,42.0,25.0,29.0,27.0,52.0,97.2,3975442432,1552076800,1512505344,8.53,8.41,8.91,25297891328,9721249792
2026-04-27T15:22:36.014143+02:00,0.0007077333820172411,0.1814262024571424,0.22102609997983502,-2.7078140913864726,1.379096167682582,-1.5752023949835978,1.5866411136147351,0.23883828127088585,-0.7188722258002581,-0.0075772503496351895,-1.2855685538379604,0.4342092165614293,50.0,51.0,50.0,41.0,42.0,25.0,29.0,27.0,52.0,97.2,3975442432,1552076800,1512505344,8.53,8.41,8.91,25297891328,9721249792
2026-04-27T15:22:36.064833+02:00,-0.0020792470169164056,0.17565754180418128,0.22076396496868939,-2.6659836478941927,1.3742750797765906,-1.5101399967276752,1.5866411136147351,0.23883828127088585,-0.7188722258002581,-0.009111231137520992,-1.2871025346258453,0.4342092165614293,50.0,51.0,50.0,41.0,42.0,25.0,29.0,27.0,52.0,97.2,3975442432,1552076800,1512505344,8.53,8.41,8.91,25297891328,9721249792
2026-04-27T15:22:36.119520+02:00,-0.0020792470169164056,0.17565754180418128,0.22076396496868939,-2.6659836478941927,1.3742750797765906,-1.5101399967276752,1.5866411136147351,0.23883828127088585,-0.7188722258002581,-0.009111231137520992,-1.2871025346258453,0.4342092165614293,50.0,51.0,50.0,41.0,42.0,25.0,29.0,27.0,52.0,97.2,3975442432,1552076800,1512505344,8.53,8.41,8.91,25297891328,9721249792
2026-04-27T15:22:36.169887+02:00,-0.0020792470169164056,0.17565754180418128,0.22076396496868939,-2.6659836478941927,1.3742750797765906,-1.5101399967276752,1.5866411136147351,0.23883828127088585,-0.7188722258002581,-0.009111231137520992,-1.2871025346258453,0.4342092165614293,50.0,51.0,50.0,41.0,42.0,25.0,29.0,27.0,52.0,97.2,3975442432,1552076800,1512505344,8.53,8.41,8.91,25297891328,9721249792
2026-04-27T15:22:36.224910+02:00,-0.0020792470169164056,0.17565754180418128,0.22076396496868939,-2.6659836478941927,1.3742750797765906,-1.5101399967276752,1.5866411136147351,0.23883828127088585,-0.7188722258002581,-0.009111231137520992,-1.2871025346258453,0.4342092165614293,50.0,51.0,50.0,41.0,42.0,25.0,29.0,27.0,52.0,97.2,3975442432,1552076800,1512505344,8.53,8.41,8.91,25297891328,9721249792
2026-04-27T15:22:36.279389+02:00,-0.0020792470169164056,0.17565754180418128,0.22076396496868939,-2.6659836478941927,1.3742750797765906,-1.5101399967276752,1.5866411136147351,0.23883828127088585,-0.7188722258002581,-0.010645211925406795,-1.2871025346258453,0.4342092165614293,50.0,51.0,50.0,41.0,42.0,25.0,29.0,27.0,52.0,97.2,3975442432,1552076800,1512505344,8.53,8.41,8.91,25297891328,9721249792
2026-04-27T15:22:36.330123+02:00,-0.0020792470169164056,0.17565754180418128,0.22076396496868939,-2.6659836478941927,1.3742750797765906,-1.5101399967276752,1.5866411136147351,0.23883828127088585,-0.7188722258002581,-0.010645211925406795,-1.2871025346258453,0.4342092165614293,50.0,51.0,50.0,41.0,42.0,25.0,29.0,27.0,52.0,97.2,3975442432,1552076800,1512505344,8.53,8.41,8.91,25297891328,9721249792
2026-04-27T15:22:36.380274+02:00,-0.0020792470169164056,0.17565754180418128,0.22076396496868939,-2.6659836478941927,1.3742750797765906,-1.5101399967276752,1.5866411136147351,0.23883828127088585,-0.7188722258002581,-0.010645211925406795,-1.2871025346258453,0.4342092165614293,50.0,51.0,50.0,41.0,42.0,25.0,29.0,27.0,52.0,97.2,3975442432,1552076800,1512505344,8.53,8.41,8.91,25297891328,9721249792
2026-04-27T15:22:36.431324+02:00,-0.0020792470169164056,0.17565754180418128,0.22076396496868939,-2.6659836478941927,1.3742750797765906,-1.5101399967276752,1.5866411136147351,0.23883828127088585,-0.7188722258002581,-0.010645211925406795,-1.2871025346258453,0.4342092165614293,50.0,51.0,50.0,41.0,42.0,25.0,29.0,27.0,52.0,97.2,3975442432,1552076800,1512505344,8.53,8.41,8.91,25297891328,9721249792
2026-04-27T15:22:36.483520+02:00,-0.001960722208332226,0.1756599608470649,0.22076500369593738,-2.6590247723303353,1.374209009448231,-1.502606704375683,1.5866411136147351,0.23883828127088585,-0.7188722258002581,-0.010645211925406795,-1.2871025346258453,0.4342092165614293,50.0,51.0,50.0,41.0,42.0,25.0,29.0,27.0,52.0,97.2,3975442432,1552076800,1512505344,8.53,8.41,8.91,25297891328,9721249792
2026-04-27T15:22:36.534454+02:00,-0.001960722208332226,0.1756599608470649,0.22076500369593738,-2.6590247723303353,1.374209009448231,-1.502606704375683,1.5866411136147351,0.23883828127088585,-0.7188722258002581,-0.010645211925406795,-1.2871025346258453,0.4342092165614293,50.0,51.0,50.0,41.0,42.0,25.0,29.0,27.0,52.0,98.62,3975442432,1552064512,1512517632,8.53,8.41,8.91,25297891328,9721262080
2026-04-27T15:22:36.585864+02:00,-0.001960722208332226,0.1756599608470649,0.22076500369593738,-2.6590247723303353,1.374209009448231,-1.502606704375683,1.5866411136147351,0.23883828127088585,-0.7188722258002581,-0.010645211925406795,-1.2871025346258453,0.4342092165614293,50.0,51.0,50.0,41.0,42.0,25.0,29.0,27.0,52.0,98.62,3975442432,1552064512,1512517632,8.53,8.41,8.91,25297891328,9721262080
2026-04-27T15:22:36.637940+02:00,-0.001960722208332226,0.1756599608470649,0.22076500369593738,-2.6590247723303353,1.374209009448231,-1.502606704375683,1.5866411136147351,0.23883828127088585,-0.7188722258002581,-0.010645211925406795,-1.2871025346258453,0.4342092165614293,50.0,51.0,50.0,41.0,42.0,25.0,29.0,27.0,52.0,98.62,3975442432,1552064512,1512517632,8.53,8.41,8.91,25297891328,9721262080
2026-04-27T15:22:36.690552+02:00,-0.001960722208332226,0.1756599608470649,0.22076500369593738,-2.6590247723303353,1.374209009448231,-1.502606704375683,1.5866411136147351,0.23883828127088585,-0.7188722258002581,-0.010645211925406795,-1.2871025346258453,0.4342092165614293,50.0,51.0,50.0,41.0,42.0,25.0,29.0,27.0,52.0,98.62,3975442432,1552064512,1512517632,8.53,8.41,8.91,25297891328,9721262080
2026-04-27T15:22:36.744769+02:00,-0.001960722208332226,0.1756599608470649,0.22076500369593738,-2.6590247723303353,1.374209009448231,-1.502606704375683,1.5866411136147351,0.23883828127088585,-0.7188722258002581,-0.010645211925406795,-1.2871025346258453,0.4342092165614293,50.0,51.0,50.0,41.0,42.0,25.0,29.0,27.0,52.0,98.62,3975442432,1552064512,1512517632,8.53,8.41,8.91,25297891328,9721262080
2026-04-27T15:22:36.799137+02:00,-0.001960722208332226,0.1756599608470649,0.22076500369593738,-2.6590247723303353,1.374209009448231,-1.502606704375683,1.5866411136147351,0.23883828127088585,-0.7188722258002581,-0.010645211925406795,-1.2871025346258453,0.4342092165614293,50.0,51.0,50.0,41.0,42.0,25.0,29.0,27.0,52.0,98.62,3975442432,1552064512,1512517632,8.53,8.41,8.91,25297891328,9721262080
2026-04-27T15:22:36.853309+02:00,-0.001960722208332226,0.1756599608470649,0.22076500369593738,-2.6590247723303353,1.374209009448231,-1.502606704375683,1.5866411136147351,0.23883828127088585,-0.7188722258002581,-0.010645211925406795,-1.2871025346258453,0.4342092165614293,50.0,51.0,50.0,41.0,42.0,25.0,29.0,27.0,52.0,98.62,3975442432,1552064512,1512517632,8.53,8.41,8.91,25297891328,9721262080
2026-04-27T15:22:36.903280+02:00,-0.001960722208332226,0.1756599608470649,0.22076500369593738,-2.6590247723303353,1.374209009448231,-1.502606704375683,1.5866411136147351,0.23883828127088585,-0.7188722258002581,-0.010645211925406795,-1.2871025346258453,0.4342092165614293,50.0,51.0,50.0,41.0,42.0,25.0,29.0,27.0,52.0,98.62,3975442432,1552064512,1512517632,8.53,8.41,8.91,25297891328,9721262080
2026-04-27T15:22:36.956266+02:00,-0.001960722208332226,0.1756599608470649,0.22076500369593738,-2.6590247723303353,1.374209009448231,-1.502606704375683,1.5866411136147351,0.23883828127088585,-0.7188722258002581,-0.010645211925406795,-1.2871025346258453,0.4342092165614293,50.0,51.0,50.0,41.0,42.0,25.0,29.0,27.0,52.0,98.62,3975442432,1552064512,1512517632,8.53,8.41,8.91,25297891328,9721262080
2026-04-27T15:22:37.006635+02:00,-0.001960722208332226,0.1756599608470649,0.22076500369593738,-2.6590247723303353,1.374209009448231,-1.502606704375683,1.5851191865069958,0.23883828127088585,-0.717357280009527,-0.010645211925406795,-1.2871025346258453,0.4342092165614293,50.0,51.0,50.0,41.0,42.0,25.0,29.0,27.0,52.0,98.62,3975442432,1552064512,1512517632,8.53,8.41,8.91,25297891328,9721262080
2026-04-27T15:22:37.057514+02:00,-0.0016969137192638722,0.1759095562254033,0.2210928621142515,-2.658615860230605,1.3757218643555245,-1.5037275350787382,1.5790314780760402,0.23429344389869267,-0.7097825510558716,-0.010645211925406795,-1.2871025346258453,0.4342092165614293,50.0,51.0,50.0,41.0,42.0,25.0,29.0,27.0,52.0,98.62,3975442432,1552064512,1512517632,8.53,8.41,8.91,25297891328,9721262080
2026-04-27T15:22:37.110397+02:00,-0.0016969137192638722,0.1759095562254033,0.2210928621142515,-2.658615860230605,1.3757218643555245,-1.5037275350787382,1.5759876238605615,0.2312635523172305,-0.7067526594744095,-0.010645211925406795,-1.2871025346258453,0.4342092165614293,50.0,51.0,50.0,41.0,42.0,25.0,29.0,27.0,52.0,98.62,3975442432,1552064512,1512517632,8.53,8.41,8.91,25297891328,9721262080
2026-04-27T15:22:37.161237+02:00,-0.0016969137192638722,0.1759095562254033,0.2210928621142515,-2.658615860230605,1.3757218643555245,-1.5037275350787382,1.5668560612141271,0.2236888233635751,-0.697662984730023,-0.006043269561749831,-1.2825005922621888,0.4342092165614293,50.0,51.0,50.0,41.0,42.0,25.0,29.0,27.0,52.0,98.62,3975442432,1552064512,1512517632,8.53,8.41,8.91,25297891328,9721262080
2026-04-27T15:22:37.213921+02:00,-0.0016969137192638722,0.1759095562254033,0.2210928621142515,-2.658615860230605,1.3757218643555245,-1.5037275350787382,1.5638122069986493,0.21914398599138185,-0.6931181473578297,-0.002975307985978226,-1.280966611474303,0.4342092165614293,50.0,51.0,50.0,41.0,42.0,25.0,29.0,27.0,52.0,98.62,3975442432,1552064512,1512517632,8.53,8.41,8.91,25297891328,9721262080
2026-04-27T15:22:37.266411+02:00,0.0014966503909256096,0.18145003375504212,0.22279364035245933,-2.6929266923897197,1.3866312706644215,-1.5622101287272092,1.5592464256754321,0.2161140944099197,-0.6885733099856366,-0.002975307985978226,-1.2778986498985323,0.4342092165614293,50.0,51.0,50.0,41.0,42.0,25.0,29.0,27.0,52.0,98.62,3975442432,1552064512,1512517632,8.53,8.41,8.91,25297891328,9721262080
2026-04-27T15:22:37.316611+02:00,0.0014966503909256096,0.18145003375504212,0.22279364035245933,-2.6929266923897197,1.3866312706644215,-1.5622101287272092,1.5577244985676928,0.21308420282845758,-0.6855434184041744,-0.0014413271980928677,-1.2763646691106465,0.4342092165614293,50.0,51.0,50.0,41.0,42.0,25.0,29.0,27.0,52.0,98.62,3975442432,1552064512,1512517632,8.53,8.41,8.91,25297891328,9721262080
2026-04-27T15:22:37.369074+02:00,0.0014966503909256096,0.18145003375504212,0.22279364035245933,-2.6929266923897197,1.3866312706644215,-1.5622101287272092,1.5501148630289978,0.20853936545626434,-0.6794836352412501,0.0031606151655640957,-1.271762726746989,0.4342092165614293,50.0,51.0,50.0,41.0,42.0,25.0,29.0,27.0,52.0,98.62,3975442432,1552064512,1512517632,8.53,8.41,8.91,25297891328,9721262080
2026-04-27T15:22:37.419148+02:00,0.0014966503909256096,0.18145003375504212,0.22279364035245933,-2.6929266923897197,1.3866312706644215,-1.5622101287272092,1.5394613732748241,0.19944969071187785,-0.6688790147061325,0.006228576741335257,-1.2686947651712184,0.4342092165614293,50.0,51.0,50.0,41.0,42.0,25.0,29.0,27.0,52.0,98.48,3975442432,1584332800,1480237056,9.37,8.59,8.97,25297891328,9721274368
2026-04-27T15:22:37.472643+02:00,0.0014966503909256096,0.18145003375504212,0.22279364035245933,-2.6929266923897197,1.3866312706644215,-1.5622101287272092,1.5394613732748241,0.19944969071187785,-0.6688790147061325,0.006228576741335257,-1.2686947651712184,0.4342092165614293,50.0,51.0,50.0,41.0,42.0,25.0,29.0,27.0,52.0,98.48,3975442432,1584332800,1480237056,9.37,8.59,8.97,25297891328,9721274368
2026-04-27T15:22:37.527675+02:00,0.004925874189175876,0.1867933191123895,0.22429624804509218,-2.7325160973223,1.403412238653956,-1.6259927177382505,1.5059789769045655,0.17066572068798735,-0.6310053699378556,0.020034403832306147,-1.2564229188681328,0.4342092165614293,50.0,51.0,51.0,41.0,42.0,25.0,29.0,27.0,52.0,98.48,3975442432,1584332800,1480237056,9.37,8.59,8.97,25297891328,9721274368
2026-04-27T15:22:37.579827+02:00,0.004925874189175876,0.1867933191123895,0.22429624804509218,-2.7325160973223,1.403412238653956,-1.6259927177382505,1.5014131955813483,0.16612088331579417,-0.6264605325656624,0.02463634619596311,-1.247219034140819,0.4342092165614293,50.0,51.0,51.0,41.0,42.0,25.0,29.0,27.0,52.0,98.48,3975442432,1584332800,1480237056,9.37,8.59,8.97,25297891328,9721274368
2026-04-27T15:22:37.630676+02:00,0.004925874189175876,0.1867933191123895,0.22429624804509218,-2.7325160973223,1.403412238653956,-1.6259927177382505,1.4877158516116968,0.1555162627806766,-0.6113110746583515,0.030772269347505876,-1.2410831109892766,0.4342092165614293,50.0,51.0,51.0,41.0,42.0,25.0,29.0,27.0,52.0,98.48,3975442432,1584332800,1480237056,9.37,8.59,8.97,25297891328,9721274368
2026-04-27T15:22:37.685127+02:00,0.01186730745570404,0.19774954423695368,0.22729581668464344,-2.8677667807439344,1.4321561566259864,-1.8099963167440618,1.4740185076420453,0.14339669645482794,-0.5961616167510408,0.03997615407481936,-1.2318792262619627,0.4342092165614293,50.0,51.0,51.0,41.0,42.0,25.0,29.0,27.0,52.0,98.48,3975442432,1584332800,1480237056,9.37,8.59,8.97,25297891328,9721274368
2026-04-27T15:22:37.737573+02:00,0.01186730745570404,0.19774954423695368,0.22729581668464344,-2.8677667807439344,1.4321561566259864,-1.8099963167440618,1.4633650178878717,0.1343070217104415,-0.5855569962159233,0.04151013486270516,-1.2303452454740769,0.4342092165614293,50.0,51.0,51.0,41.0,42.0,25.0,29.0,27.0,52.0,98.48,3975442432,1584332800,1480237056,9.37,8.59,8.97,25297891328,9721274368
2026-04-27T15:22:37.789785+02:00,0.01186730745570404,0.19774954423695368,0.22729581668464344,-2.8677667807439344,1.4321561566259864,-1.8099963167440618,1.4390141841640465,0.11309778064020642,-0.5582879719827638,0.05071401959001909,-1.2150054375952206,0.4342092165614293,50.0,51.0,51.0,41.0,42.0,25.0,29.0,27.0,52.0,98.48,3975442432,1584332800,1480237056,9.37,8.59,8.97,25297891328,9721274368
2026-04-27T15:22:37.841186+02:00,0.01186730745570404,0.19774954423695368,0.22729581668464344,-2.8677667807439344,1.4321561566259864,-1.8099963167440618,1.4344484028408293,0.10855294326801312,-0.5537431346105706,0.05378198116579025,-1.2134714568073348,0.4342092165614293,50.0,51.0,51.0,41.0,42.0,25.0,29.0,27.0,52.0,98.48,3975442432,1584332800,1480237056,9.37,8.59,8.97,25297891328,9721274368
2026-04-27T15:22:37.893162+02:00,0.023165401983246774,0.21179873536879204,0.23100234409556133,-3.1231113315182712,1.464311434138471,-2.1307847577674672,1.4070537149015263,0.08128391903485377,-0.521929273005218,0.06758780825676114,-1.2011996105042502,0.4342092165614293,50.0,51.0,51.0,41.0,42.0,25.0,29.0,27.0,52.0,98.48,3975442432,1584332800,1480237056,9.37,8.59,8.97,25297891328,9721274368
2026-04-27T15:22:37.947612+02:00,0.023165401983246774,0.21179873536879204,0.23100234409556133,-3.1231113315182712,1.464311434138471,-2.1307847577674672,1.3842248082854405,0.06007467796461863,-0.49769014035352077,0.07525771219618926,-1.1919957257769362,0.4342092165614293,50.0,51.0,51.0,41.0,42.0,25.0,29.0,27.0,52.0,98.48,3975442432,1584332800,1480237056,9.37,8.59,8.97,25297891328,9721274368
2026-04-27T15:22:37.998240+02:00,0.023165401983246774,0.21179873536879204,0.23100234409556133,-3.1231113315182712,1.464311434138471,-2.1307847577674672,1.370527464315789,0.04795511163877009,-0.48405562823694104,0.08446159692350319,-1.1812578602617365,0.4342092165614293,50.0,51.0,51.0,41.0,42.0,25.0,29.0,27.0,52.0,98.48,3975442432,1584332800,1480237056,9.37,8.59,8.97,25297891328,9721274368
2026-04-27T15:22:38.072592+02:00,0.042053778076774954,0.2316302313098946,0.23523200194735666,2.496535154125361,1.4822512708391113,-2.8909468997698484,1.3507424119151819,0.02977576214999711,-0.4613314413759748,0.09213150086293131,-1.1720539755344226,0.4342092165614293,50.0,51.0,51.0,41.0,42.0,25.0,29.0,27.0,52.0,98.48,3975442432,1584332800,1480237056,9.37,8.59,8.97,25297891328,9721274368
2026-04-27T15:22:38.108159+02:00,0.042053778076774954,0.2316302313098946,0.23523200194735666,2.496535154125361,1.4822512708391113,-2.8909468997698484,1.3248696510836173,0.0055366294982999165,-0.43406241714281546,0.1028693663781306,-1.1628500908071087,0.4342092165614293,50.0,51.0,51.0,41.0,42.0,25.0,29.0,27.0,52.0,98.48,3975442432,1584332800,1480237056,9.37,8.59,8.97,25297891328,9721274368
2026-04-27T15:22:38.158297+02:00,0.042053778076774954,0.2316302313098946,0.23523200194735666,2.496535154125361,1.4822512708391113,-2.8909468997698484,1.300518817359793,-0.017187557362666306,-0.406793392909656,0.11053927031755917,-1.1551801868676805,0.4342092165614293,50.0,51.0,51.0,41.0,42.0,25.0,29.0,27.0,52.0,98.48,3975442432,1584332800,1480237056,9.37,8.59,8.97,25297891328,9721274368
2026-04-27T15:22:38.210833+02:00,0.06132356026043135,0.24658205420162224,0.23712144182571793,2.0498539184154976,1.4657833300115646,2.862781119486588,1.2868214733901415,-0.029307123688514958,-0.3916439350023453,0.11514121268121613,-1.1459763021403666,0.4342092165614293,50.0,51.0,51.0,41.0,42.0,25.0,29.0,27.0,52.0,98.48,3975442432,1584332800,1480237056,9.37,8.59,8.97,25297891328,9721274368
2026-04-27T15:22:38.262339+02:00,0.06132356026043135,0.24658205420162224,0.23712144182571793,2.0498539184154976,1.4657833300115646,2.862781119486588,1.280733764959185,-0.035366906851439284,-0.38558415183942096,0.11667519346910149,-1.142908340564596,0.4342092165614293,50.0,51.0,51.0,41.0,42.0,25.0,29.0,27.0,52.0,98.48,3975442432,1584332800,1480237056,9.37,8.59,8.97,25297891328,9721274368
2026-04-27T15:22:38.313229+02:00,0.06132356026043135,0.24658205420162224,0.23712144182571793,2.0498539184154976,1.4657833300115646,2.862781119486588,1.2670364209895335,-0.049001418968018906,-0.36891974814137907,0.12434509740852961,-1.14137435977671,0.4342092165614293,50.0,51.0,51.0,41.0,42.0,25.0,29.0,27.0,52.0,91.85,3975442432,1589850112,1474625536,9.37,8.59,8.97,25297891328,9721274368
2026-04-27T15:22:38.364193+02:00,0.06132356026043135,0.24658205420162224,0.23712144182571793,2.0498539184154976,1.4657833300115646,2.862781119486588,1.2472513685889255,-0.0656658226660608,-0.34771050707114404,0.12741305898430122,-1.1306364942615104,0.4342092165614293,50.0,51.0,51.0,41.0,42.0,25.0,29.0,27.0,52.0,91.85,3975442432,1589850112,1474625536,9.37,8.59,8.97,25297891328,9721274368
2026-04-27T15:22:38.416709+02:00,0.07896920435799941,0.2572489305858243,0.2391932936986193,1.7773782688234492,1.446659340081859,2.526477813497052,1.233554024619274,-0.07930033478264054,-0.33104610337310225,0.13508296292372934,-1.1275685326857388,0.4342092165614293,50.0,51.0,51.0,41.0,42.0,25.0,29.0,27.0,52.0,91.85,3975442432,1589850112,1474625536,9.37,8.59,8.97,25297891328,9721274368
2026-04-27T15:22:38.469585+02:00,0.07896920435799941,0.2572489305858243,0.2391932936986193,1.7773782688234492,1.446659340081859,2.526477813497052,1.2229005348651012,-0.089904955317758,-0.3189265370472536,0.1396849052873863,-1.1229665903220822,0.4342092165614293,50.0,51.0,51.0,41.0,42.0,25.0,29.0,27.0,52.0,91.85,3975442432,1589850112,1474625536,9.37,8.59,8.97,25297891328,9721274368
2026-04-27T15:22:38.521115+02:00,0.07896920435799941,0.2572489305858243,0.2391932936986193,1.7773782688234492,1.446659340081859,2.526477813497052,1.2229005348651012,-0.089904955317758,-0.3189265370472536,0.1396849052873863,-1.1229665903220822,0.4342092165614293,50.0,51.0,51.0,41.0,42.0,25.0,29.0,27.0,52.0,91.85,3975442432,1589850112,1474625536,9.37,8.59,8.97,25297891328,9721274368
2026-04-27T15:22:38.572043+02:00,0.07896920435799941,0.2572489305858243,0.2391932936986193,1.7773782688234492,1.446659340081859,2.526477813497052,1.198549701141276,-0.11717397955091746,-0.2931724586048252,0.14582082843892863,-1.1152966863826541,0.4342092165614293,50.0,51.0,51.0,41.0,42.0,25.0,29.0,27.0,52.0,91.85,3975442432,1589850112,1474625536,9.37,8.59,8.97,25297891328,9721274368
2026-04-27T15:22:38.622876+02:00,0.09085799110168596,0.263848125959972,0.23856824929334425,1.7129081030949054,1.428339143493795,2.4192525386263846,1.1955058469257982,-0.1217188169231107,-0.28862762123263197,0.14888879001470023,-1.1137627055947683,0.4342092165614293,50.0,51.0,51.0,41.0,42.0,25.0,29.0,27.0,52.0,91.85,3975442432,1589850112,1474625536,9.37,8.59,8.97,25297891328,9721274368
2026-04-27T15:22:38.674201+02:00,0.09085799110168596,0.263848125959972,0.23856824929334425,1.7129081030949054,1.428339143493795,2.4192525386263846,1.190940065602581,-0.12929354587676611,-0.28256783806970764,0.1504227708025856,-1.1106947440189967,0.4342092165614293,50.0,51.0,51.0,41.0,42.0,25.0,29.0,27.0,52.0,91.85,3975442432,1589850112,1474625536,9.37,8.59,8.97,25297891328,9721274368
2026-04-27T15:22:38.724337+02:00,0.09085799110168596,0.263848125959972,0.23856824929334425,1.7129081030949054,1.428339143493795,2.4192525386263846,1.1878962113871023,-0.13232343745822828,-0.2795379464882455,0.1519567515904714,-1.1091607632311118,0.4342092165614293,50.0,51.0,51.0,41.0,42.0,25.0,29.0,27.0,52.0,91.85,3975442432,1589850112,1474625536,9.37,8.59,8.97,25297891328,9721274368
2026-04-27T15:22:38.777786+02:00,0.09085799110168596,0.263848125959972,0.23856824929334425,1.7129081030949054,1.428339143493795,2.4192525386263846,1.1833304300638852,-0.1383832206211525,-0.27347816332532116,0.1534907323783572,-1.1091607632311118,0.4326752357735435,50.0,51.0,51.0,41.0,42.0,25.0,29.0,27.0,52.0,91.85,3975442432,1589850112,1474625536,9.37,8.59,8.97,25297891328,9721274368
2026-04-27T15:22:38.831962+02:00,0.09795946373400753,0.26736883218563134,0.23693047737915265,1.7041284278229054,1.4236696513132954,2.386572617925592,1.1818085029561467,-0.13989816641188357,-0.27347816332532116,0.1534907323783572,-1.1091607632311118,0.4342092165614293,50.0,51.0,51.0,41.0,42.0,25.0,29.0,27.0,52.0,91.85,3975442432,1589850112,1474625536,9.37,8.59,8.97,25297891328,9721274368
2026-04-27T15:22:38.884241+02:00,0.09795946373400753,0.26736883218563134,0.23693047737915265,1.7041284278229054,1.4236696513132954,2.386572617925592,1.1818085029561467,-0.13989816641188357,-0.27347816332532116,0.1534907323783572,-1.107626782443226,0.4326752357735435,50.0,51.0,51.0,41.0,42.0,25.0,29.0,27.0,52.0,91.85,3975442432,1589850112,1474625536,9.37,8.59,8.97,25297891328,9721274368
2026-04-27T15:22:38.935040+02:00,0.09795946373400753,0.26736883218563134,0.23693047737915265,1.7041284278229054,1.4236696513132954,2.386572617925592,1.1818085029561467,-0.13989816641188357,-0.27347816332532116,0.1534907323783572,-1.107626782443226,0.4326752357735435,50.0,51.0,51.0,41.0,42.0,25.0,29.0,27.0,52.0,91.85,3975442432,1589850112,1474625536,9.37,8.59,8.97,25297891328,9721274368
2026-04-27T15:22:38.987324+02:00,0.09795946373400753,0.26736883218563134,0.23693047737915265,1.7041284278229054,1.4236696513132954,2.386572617925592,1.1818085029561467,-0.13989816641188357,-0.27347816332532116,0.1534907323783572,-1.107626782443226,0.4326752357735435,50.0,51.0,51.0,41.0,42.0,25.0,29.0,27.0,52.0,91.85,3975442432,1589850112,1474625536,9.37,8.59,8.97,25297891328,9721274368
2026-04-27T15:22:39.037669+02:00,0.09801727086874581,0.2674817975844076,0.2369501545248338,1.6927394091536185,1.4232078244846145,2.3766096079686956,1.1818085029561467,-0.13989816641188357,-0.27347816332532116,0.1534907323783572,-1.107626782443226,0.4326752357735435,50.0,51.0,51.0,41.0,42.0,25.0,29.0,27.0,52.0,91.85,3975442432,1589850112,1474625536,9.37,8.59,8.97,25297891328,9721274368
2026-04-27T15:22:39.089176+02:00,0.09801727086874581,0.2674817975844076,0.2369501545248338,1.6927394091536185,1.4232078244846145,2.3766096079686956,1.1818085029561467,-0.13989816641188357,-0.27347816332532116,0.1534907323783572,-1.107626782443226,0.4342092165614293,50.0,51.0,51.0,41.0,42.0,25.0,29.0,27.0,52.0,91.85,3975442432,1589850112,1474625536,9.37,8.59,8.97,25297891328,9721274368
2026-04-27T15:22:39.144249+02:00,0.09801727086874581,0.2674817975844076,0.2369501545248338,1.6927394091536185,1.4232078244846145,2.3766096079686956,1.1818085029561467,-0.13989816641188357,-0.27347816332532116,0.1534907323783572,-1.1060928016553402,0.4326752357735435,50.0,51.0,51.0,41.0,42.0,25.0,29.0,27.0,52.0,91.85,3975442432,1589850112,1474625536,9.37,8.59,8.97,25297891328,9721274368
2026-04-27T15:22:39.194680+02:00,0.09801727086874581,0.2674817975844076,0.2369501545248338,1.6927394091536185,1.4232078244846145,2.3766096079686956,1.1818085029561467,-0.13989816641188357,-0.27347816332532116,0.1534907323783572,-1.1060928016553402,0.4326752357735435,50.0,51.0,51.0,41.0,42.0,25.0,29.0,27.0,52.0,91.85,3975442432,1589850112,1474625536,9.37,8.59,8.97,25297891328,9721274368
2026-04-27T15:22:39.245535+02:00,0.09807508916929121,0.26759472353683916,0.2369700243411115,1.6829470359896241,1.4227316498359033,2.366709258985294,1.1818085029561467,-0.13989816641188357,-0.27347816332532116,0.1534907323783572,-1.1060928016553402,0.4326752357735435,50.0,51.0,51.0,41.0,42.0,25.0,29.0,27.0,52.0,91.85,3975442432,1589850112,1474625536,9.37,8.59,8.97,25297891328,9721274368
2026-04-27T15:22:39.296569+02:00,0.09807508916929121,0.26759472353683916,0.2369700243411115,1.6829470359896241,1.4227316498359033,2.366709258985294,1.1818085029561467,-0.13989816641188357,-0.27347816332532116,0.1534907323783572,-1.107626782443226,0.4326752357735435,50.0,51.0,51.0,41.0,42.0,25.0,29.0,27.0,52.0,91.85,3975442432,1589850112,1474625536,9.37,8.59,8.97,25297891328,9721274368
2026-04-27T15:22:39.351593+02:00,0.09807508916929121,0.26759472353683916,0.2369700243411115,1.6829470359896241,1.4227316498359033,2.366709258985294,1.1818085029561467,-0.13989816641188357,-0.27347816332532116,0.1534907323783572,-1.1060928016553402,0.4342092165614293,50.0,51.0,51.0,41.0,42.0,25.0,29.0,27.0,52.0,91.85,3975442432,1589850112,1474625536,9.37,8.59,8.97,25297891328,9721274368
2026-04-27T15:22:39.404149+02:00,0.09807508916929121,0.26759472353683916,0.2369700243411115,1.6829470359896241,1.4227316498359033,2.366709258985294,1.1818085029561467,-0.13989816641188357,-0.27347816332532116,0.1534907323783572,-1.107626782443226,0.4342092165614293,50.0,51.0,51.0,41.0,42.0,25.0,29.0,27.0,52.0,93.8,3975442432,1590071296,1474420736,9.37,8.59,8.97,25297891328,9721282560
2026-04-27T15:22:39.457057+02:00,0.09801727086874581,0.2674817975844076,0.2369501545248338,1.6942733899415092,1.4232078244846142,2.376609607968701,1.1818085029561467,-0.13989816641188357,-0.27347816332532116,0.1534907323783572,-1.1060928016553402,0.4342092165614293,50.0,51.0,51.0,41.0,42.0,25.0,29.0,27.0,52.0,93.8,3975442432,1590071296,1474420736,9.37,8.59,8.97,25297891328,9721282560
2026-04-27T15:22:39.511676+02:00,0.09801727086874581,0.2674817975844076,0.2369501545248338,1.6942733899415092,1.4232078244846142,2.376609607968701,1.1818085029561467,-0.13989816641188357,-0.27347816332532116,0.1534907323783572,-1.1060928016553402,0.4342092165614293,50.0,51.0,50.0,41.0,42.0,25.0,29.0,27.0,53.0,93.8,3975442432,1590071296,1474420736,9.37,8.59,8.97,25297891328,9721282560
2026-04-27T15:22:39.562513+02:00,0.09801727086874581,0.2674817975844076,0.2369501545248338,1.6942733899415092,1.4232078244846142,2.376609607968701,1.1818085029561467,-0.13989816641188357,-0.27347816332532116,0.1534907323783572,-1.107626782443226,0.4342092165614293,50.0,51.0,50.0,41.0,42.0,25.0,29.0,27.0,53.0,93.8,3975442432,1590071296,1474420736,9.37,8.59,8.97,25297891328,9721282560
2026-04-27T15:22:39.616921+02:00,0.09801727086874581,0.2674817975844076,0.2369501545248338,1.6942733899415092,1.4232078244846142,2.376609607968701,1.1818085029561467,-0.13989816641188357,-0.27347816332532116,0.1534907323783572,-1.107626782443226,0.4342092165614293,50.0,51.0,50.0,41.0,42.0,25.0,29.0,27.0,53.0,93.8,3975442432,1590071296,1474420736,9.37,8.59,8.97,25297891328,9721282560
2026-04-27T15:22:39.668646+02:00,0.09801727086874581,0.2674817975844076,0.2369501545248338,1.6942733899415092,1.4232078244846142,2.376609607968701,1.1818085029561467,-0.13989816641188357,-0.27347816332532116,0.1534907323783572,-1.1060928016553402,0.4342092165614293,50.0,51.0,50.0,41.0,42.0,25.0,29.0,27.0,53.0,93.8,3975442432,1590071296,1474420736,9.37,8.59,8.97,25297891328,9721282560
2026-04-27T15:22:39.721485+02:00,0.09801727086874581,0.2674817975844076,0.2369501545248338,1.6942733899415092,1.4232078244846142,2.376609607968701,1.1818085029561467,-0.13989816641188357,-0.27347816332532116,0.1534907323783572,-1.1060928016553402,0.4326752357735435,50.0,51.0,50.0,41.0,42.0,25.0,29.0,27.0,53.0,93.8,3975442432,1590071296,1474420736,9.37,8.59,8.97,25297891328,9721282560
2026-04-27T15:22:39.773983+02:00,0.09801727086874581,0.2674817975844076,0.2369501545248338,1.6942733899415092,1.4232078244846142,2.376609607968701,1.1818085029561467,-0.13989816641188357,-0.27347816332532116,0.1534907323783572,-1.107626782443226,0.4326752357735435,50.0,51.0,50.0,41.0,42.0,25.0,29.0,27.0,53.0,93.8,3975442432,1590071296,1474420736,9.37,8.59,8.97,25297891328,9721282560
2026-04-27T15:22:39.824998+02:00,0.09801727086874581,0.2674817975844076,0.2369501545248338,1.6942733899415092,1.4232078244846142,2.376609607968701,1.1818085029561467,-0.13989816641188357,-0.27347816332532116,0.1534907323783572,-1.107626782443226,0.4342092165614293,50.0,51.0,50.0,41.0,42.0,25.0,29.0,27.0,53.0,93.8,3975442432,1590071296,1474420736,9.37,8.59,8.97,25297891328,9721282560
2026-04-27T15:22:39.877325+02:00,0.09801727086874581,0.2674817975844076,0.2369501545248338,1.6927394091536185,1.4232078244846145,2.3766096079686956,1.1818085029561467,-0.13989816641188357,-0.27347816332532116,0.1534907323783572,-1.107626782443226,0.4342092165614293,50.0,51.0,50.0,41.0,42.0,25.0,29.0,27.0,53.0,93.8,3975442432,1590071296,1474420736,9.37,8.59,8.97,25297891328,9721282560
2026-04-27T15:22:39.932209+02:00,0.09801727086874581,0.2674817975844076,0.2369501545248338,1.6927394091536185,1.4232078244846145,2.3766096079686956,1.1818085029561467,-0.13989816641188357,-0.27347816332532116,0.1534907323783572,-1.107626782443226,0.4342092165614293,50.0,51.0,50.0,41.0,42.0,25.0,29.0,27.0,53.0,93.8,3975442432,1590071296,1474420736,9.37,8.59,8.97,25297891328,9721282560
2026-04-27T15:22:39.982739+02:00,0.09801727086874581,0.2674817975844076,0.2369501545248338,1.6927394091536185,1.4232078244846145,2.3766096079686956,1.1818085029561467,-0.13989816641188357,-0.27347816332532116,0.1534907323783572,-1.1060928016553402,0.4342092165614293,50.0,51.0,50.0,41.0,42.0,25.0,29.0,27.0,53.0,93.8,3975442432,1590071296,1474420736,9.37,8.59,8.97,25297891328,9721282560
2026-04-27T15:22:40.037749+02:00,0.09801727086874581,0.2674817975844076,0.2369501545248338,1.6927394091536185,1.4232078244846145,2.3766096079686956,1.1818085029561467,-0.13989816641188357,-0.27347816332532116,0.1534907323783572,-1.1060928016553402,0.4326752357735435,50.0,51.0,50.0,41.0,42.0,25.0,29.0,27.0,53.0,93.8,3975442432,1590071296,1474420736,9.37,8.59,8.97,25297891328,9721282560
2026-04-27T15:22:40.088094+02:00,0.09807508916929121,0.26759472353683916,0.2369700243411115,1.6829470359896241,1.4227316498359033,2.366709258985294,1.1818085029561467,-0.13989816641188357,-0.27347816332532116,0.1534907323783572,-1.1060928016553402,0.4326752357735435,50.0,51.0,50.0,41.0,42.0,25.0,29.0,27.0,53.0,93.8,3975442432,1590071296,1474420736,9.37,8.59,8.97,25297891328,9721282560
2026-04-27T15:22:40.139404+02:00,0.09807508916929121,0.26759472353683916,0.2369700243411115,1.6829470359896241,1.4227316498359033,2.366709258985294,1.1818085029561467,-0.13989816641188357,-0.27347816332532116,0.1534907323783572,-1.107626782443226,0.4342092165614293,50.0,51.0,50.0,41.0,42.0,25.0,29.0,27.0,53.0,93.8,3975442432,1590071296,1474420736,9.37,8.59,8.97,25297891328,9721282560
2026-04-27T15:22:40.190500+02:00,0.09807508916929121,0.26759472353683916,0.2369700243411115,1.6829470359896241,1.4227316498359033,2.366709258985294,1.1818085029561467,-0.13989816641188357,-0.27347816332532116,0.1534907323783572,-1.1060928016553402,0.4342092165614293,50.0,51.0,50.0,41.0,42.0,25.0,29.0,27.0,53.0,93.8,3975442432,1590071296,1474420736,9.37,8.59,8.97,25297891328,9721282560
2026-04-27T15:22:40.244028+02:00,0.09807508916929121,0.26759472353683916,0.2369700243411115,1.6844810167775075,1.4227316498359033,2.366709258985292,1.1833304300638852,-0.13989816641188357,-0.27499310911605224,0.1534907323783572,-1.107626782443226,0.4326752357735435,50.0,51.0,50.0,41.0,42.0,25.0,29.0,27.0,53.0,93.8,3975442432,1590071296,1474420736,9.37,8.59,8.97,25297891328,9721282560
2026-04-27T15:22:40.295725+02:00,0.09807508916929121,0.26759472353683916,0.2369700243411115,1.6844810167775075,1.4227316498359033,2.366709258985292,1.1848523571716245,-0.1383832206211525,-0.27499310911605224,0.1534907323783572,-1.107626782443226,0.4342092165614293,50.0,51.0,50.0,41.0,42.0,25.0,29.0,27.0,53.0,93.8,3975442432,1590071296,1474420736,9.37,8.59,8.97,25297891328,9721282560
2026-04-27T15:22:40.346152+02:00,0.09807508916929121,0.26759472353683916,0.2369700243411115,1.6844810167775075,1.4227316498359033,2.366709258985292,1.1878962113871023,-0.13535332903969033,-0.2795379464882455,0.1504227708025856,-1.107626782443226,0.4342092165614293,50.0,51.0,50.0,41.0,42.0,25.0,29.0,27.0,53.0,98.44,3975442432,1575452672,1488986112,9.37,8.59,8.97,25297891328,9721303040
2026-04-27T15:22:40.400942+02:00,0.09807508916929121,0.26759472353683916,0.2369700243411115,1.6844810167775075,1.4227316498359033,2.366709258985292,1.1939839198180588,-0.1308084916674972,-0.2871126754419009,0.14582082843892863,-1.107626782443226,0.4342092165614293,50.0,51.0,50.0,41.0,42.0,25.0,29.0,27.0,53.0,98.44,3975442432,1575452672,1488986112,9.37,8.59,8.97,25297891328,9721303040
2026-04-27T15:22:40.451168+02:00,0.09426422391079207,0.2659702084414782,0.23615761711790384,1.7062446463394254,1.4313909253023693,2.4037303438864135,1.2015935553567538,-0.12323376271384179,-0.2946874043955563,0.14582082843892863,-1.1137627055947683,0.4342092165614293,50.0,51.0,50.0,41.0,42.0,25.0,29.0,27.0,53.0,98.44,3975442432,1575452672,1488986112,9.37,8.59,8.97,25297891328,9721303040
2026-04-27T15:22:40.501497+02:00,0.09426422391079207,0.2659702084414782,0.23615761711790384,1.7062446463394254,1.4313909253023693,2.4037303438864135,1.206159336679971,-0.12020387113237962,-0.29923224176774954,0.14582082843892863,-1.11683066717054,0.4342092165614293,50.0,51.0,50.0,41.0,42.0,25.0,29.0,27.0,53.0,98.44,3975442432,1575452672,1488986112,9.37,8.59,8.97,25297891328,9721303040
2026-04-27T15:22:40.552395+02:00,0.09426422391079207,0.2659702084414782,0.23615761711790384,1.7062446463394254,1.4313909253023693,2.4037303438864135,1.2092031908954497,-0.11717397955091746,-0.3022621333492117,0.14582082843892863,-1.11683066717054,0.4342092165614293,50.0,51.0,50.0,41.0,42.0,25.0,29.0,27.0,53.0,98.44,3975442432,1575452672,1488986112,9.37,8.59,8.97,25297891328,9721303040
2026-04-27T15:22:40.607028+02:00,0.09426422391079207,0.2659702084414782,0.23615761711790384,1.7062446463394254,1.4313909253023693,2.4037303438864135,1.2092031908954497,-0.11717397955091746,-0.3022621333492117,0.14582082843892863,-1.11683066717054,0.4342092165614293,50.0,51.0,50.0,41.0,42.0,25.0,29.0,27.0,53.0,98.44,3975442432,1575452672,1488986112,9.37,8.59,8.97,25297891328,9721303040
2026-04-27T15:22:40.659407+02:00,0.09426422391079207,0.2659702084414782,0.23615761711790384,1.7062446463394254,1.4313909253023693,2.4037303438864135,1.2213786077573618,-0.10656935901579989,-0.31589664546579144,0.1396849052873863,-1.1229665903220822,0.4342092165614293,50.0,51.0,50.0,41.0,42.0,25.0,29.0,27.0,53.0,98.44,3975442432,1575452672,1488986112,9.37,8.59,8.97,25297891328,9721303040
2026-04-27T15:22:40.710784+02:00,0.08477206609244513,0.2615256966383257,0.23575189195334278,1.8371820757299702,1.441637992520968,2.565384481957541,1.245729441481187,-0.08687506373629583,-0.3416507239082197,0.12894703977218658,-1.133704455837282,0.4342092165614293,50.0,51.0,50.0,41.0,42.0,25.0,29.0,27.0,53.0,98.44,3975442432,1575452672,1488986112,9.37,8.59,8.97,25297891328,9721303040
2026-04-27T15:22:40.762270+02:00,0.08477206609244513,0.2615256966383257,0.23575189195334278,1.8371820757299702,1.441637992520968,2.565384481957541,1.2563829312353598,-0.07627044320117837,-0.35377029023406836,0.12281111662064426,-1.1398403789888243,0.4342092165614293,50.0,51.0,50.0,41.0,42.0,25.0,29.0,27.0,53.0,98.44,3975442432,1575452672,1488986112,9.37,8.59,8.97,25297891328,9721303040
2026-04-27T15:22:40.814968+02:00,0.08477206609244513,0.2615256966383257,0.23575189195334278,1.8371820757299702,1.441637992520968,2.565384481957541,1.2670364209895335,-0.06869571424752297,-0.3643749107691858,0.11820917425698729,-1.1444423213524808,0.4342092165614293,50.0,51.0,50.0,41.0,42.0,25.0,29.0,27.0,53.0,98.44,3975442432,1575452672,1488986112,9.37,8.59,8.97,25297891328,9721303040
2026-04-27T15:22:40.865932+02:00,0.07463001368126783,0.2559317071053068,0.2345747828200301,1.9966037754802408,1.4564274289735197,2.7629683264345495,1.28834340049788,-0.05051636475874999,-0.3886140434208831,0.11053927031755917,-1.1536462060797947,0.4342092165614293,50.0,51.0,50.0,41.0,42.0,25.0,29.0,27.0,53.0,98.44,3975442432,1575452672,1488986112,9.37,8.59,8.97,25297891328,9721303040
2026-04-27T15:22:40.919414+02:00,0.07463001368126783,0.2559317071053068,0.2345747828200301,1.9966037754802408,1.4564274289735197,2.7629683264345495,1.2929091818210972,-0.04597152738655674,-0.39315888079307637,0.1059373279539022,-1.159782129231338,0.4342092165614293,50.0,51.0,50.0,41.0,42.0,25.0,29.0,27.0,53.0,98.44,3975442432,1575452672,1488986112,9.37,8.59,8.97,25297891328,9721303040
2026-04-27T15:22:40.972545+02:00,0.07463001368126783,0.2559317071053068,0.2345747828200301,1.9966037754802408,1.4564274289735197,2.7629683264345495,1.3142161613294445,-0.027792177897783876,-0.41739801344477356,0.09673344322658828,-1.1705199947465368,0.4357431973493151,50.0,51.0,50.0,41.0,42.0,25.0,29.0,27.0,53.0,98.44,3975442432,1575452672,1488986112,9.37,8.59,8.97,25297891328,9721303040
2026-04-27T15:22:41.023047+02:00,0.07463001368126783,0.2559317071053068,0.2345747828200301,1.9966037754802408,1.4564274289735197,2.7629683264345495,1.3187819426526617,-0.023247340525590632,-0.4219428508169668,0.09366548165081712,-1.1735879563223084,0.4342092165614293,50.0,51.0,50.0,41.0,42.0,25.0,29.0,27.0,53.0,98.44,3975442432,1575452672,1488986112,9.37,8.59,8.97,25297891328,9721303040
2026-04-27T15:22:41.074020+02:00,0.0553673677679614,0.24246331451863212,0.2318370472509126,2.535316482768283,1.472787230546894,-2.9016260790256236,1.3492204848074425,0.004021683707568835,-0.4537567124223194,0.08139363534773203,-1.1873937834132788,0.4342092165614293,50.0,51.0,50.0,41.0,42.0,25.0,29.0,27.0,53.0,98.44,3975442432,1575452672,1488986112,9.37,8.59,8.97,25297891328,9721303040
2026-04-27T15:22:41.128084+02:00,0.0553673677679614,0.24246331451863212,0.2318370472509126,2.535316482768283,1.472787230546894,-2.9016260790256236,1.3613959016693546,0.014626304242686294,-0.46739122453889914,0.07525771219618926,-1.1919957257769362,0.4342092165614293,50.0,51.0,50.0,41.0,42.0,25.0,29.0,27.0,53.0,98.44,3975442432,1575452672,1488986112,9.37,8.59,8.97,25297891328,9721303040
2026-04-27T15:22:41.180580+02:00,0.0553673677679614,0.24246331451863212,0.2318370472509126,2.535316482768283,1.472787230546894,-2.9016260790256236,1.3796590269622233,0.03280565373145927,-0.4870855198184032,0.06605382746887534,-1.2042675720800209,0.4342092165614293,50.0,51.0,50.0,41.0,42.0,25.0,29.0,27.0,53.0,98.44,3975442432,1575452672,1488986112,9.37,8.59,8.97,25297891328,9721303040
2026-04-27T15:22:41.231388+02:00,0.039287156644994395,0.22887039125984437,0.2301120254012367,2.984534973407276,1.4641899537532672,-2.3795881372748164,1.4040098606860485,0.055529840592425495,-0.5143545440515626,0.05531596195367605,-1.2150054375952206,0.4342092165614293,50.0,51.0,50.0,41.0,42.0,25.0,29.0,27.0,53.0,98.44,3975442432,1575452672,1488986112,9.37,8.59,8.97,25297891328,9721303040
2026-04-27T15:22:41.283131+02:00,0.039287156644994395,0.22887039125984437,0.2301120254012367,2.984534973407276,1.4641899537532672,-2.3795881372748164,1.4161852775479606,0.06764940691827404,-0.5279890561681423,0.049180038802133286,-1.2196073799588771,0.4342092165614293,50.0,51.0,50.0,41.0,42.0,25.0,29.0,27.0,53.0,98.44,3975442432,1575452672,1488986112,9.37,8.59,8.97,25297891328,9721303040
2026-04-27T15:22:41.333548+02:00,0.039287156644994395,0.22887039125984437,0.2301120254012367,2.984534973407276,1.4641899537532672,-2.3795881372748164,1.4359703299485687,0.08582875640704701,-0.5491982972383773,0.043044115650590964,-1.2242093223225345,0.4342092165614293,50.0,51.0,50.0,41.0,42.0,25.0,29.0,27.0,53.0,91.73,3975442432,1551679488,1512771584,9.37,8.59,8.97,25297891328,9721303040
2026-04-27T15:22:41.384861+02:00,0.039287156644994395,0.22887039125984437,0.2301120254012367,2.984534973407276,1.4641899537532672,-2.3795881372748164,1.4481457468104808,0.09643337694216458,-0.562832809354957,0.038442173286934,-1.2318792262619627,0.4342092165614293,50.0,51.0,50.0,41.0,42.0,25.0,29.0,27.0,53.0,91.73,3975442432,1551679488,1512771584,9.37,8.59,8.97,25297891328,9721303040
2026-04-27T15:22:41.439225+02:00,0.039287156644994395,0.22887039125984437,0.2301120254012367,2.984534973407276,1.4641899537532672,-2.3795881372748164,1.4603211636723938,0.10855294326801312,-0.5764673214715368,0.03384023092327704,-1.2395491302013908,0.4357431973493151,50.0,51.0,50.0,41.0,42.0,25.0,29.0,27.0,53.0,91.73,3975442432,1551679488,1512771584,9.37,8.59,8.97,25297891328,9721303040
2026-04-27T15:22:41.492129+02:00,0.023281546417825046,0.21255079038812522,0.22713308336837343,-2.970667234008248,1.4385088546780496,-1.9718270876880306,1.4831500702884797,0.12976218433824827,-0.6022213999139651,0.02463634619596311,-1.247219034140819,0.4357431973493151,50.0,51.0,50.0,41.0,42.0,25.0,29.0,27.0,53.0,91.73,3975442432,1551679488,1512771584,9.37,8.59,8.97,25297891328,9721303040
2026-04-27T15:22:41.542936+02:00,0.023281546417825046,0.21255079038812522,0.22713308336837343,-2.970667234008248,1.4385088546780496,-1.9718270876880306,1.4938035600426525,0.13885185908263475,-0.6128260204490826,0.023102365408077308,-1.247219034140819,0.4357431973493151,50.0,51.0,50.0,41.0,42.0,25.0,29.0,27.0,53.0,91.73,3975442432,1551679488,1512771584,9.37,8.59,8.97,25297891328,9721303040
2026-04-27T15:22:41.594014+02:00,0.023281546417825046,0.21255079038812522,0.22713308336837343,-2.970667234008248,1.4385088546780496,-1.9718270876880306,1.5166324666587383,0.16006110015286984,-0.638580098891511,0.015432461468649183,-1.2579568996560186,0.4357431973493151,50.0,51.0,50.0,41.0,42.0,25.0,29.0,27.0,53.0,91.73,3975442432,1551679488,1512771584,9.37,8.59,8.97,25297891328,9721303040
2026-04-27T15:22:41.644555+02:00,0.023281546417825046,0.21255079038812522,0.22713308336837343,-2.970667234008248,1.4385088546780496,-1.9718270876880306,1.5166324666587383,0.16006110015286984,-0.638580098891511,0.015432461468649183,-1.2579568996560186,0.4357431973493151,50.0,51.0,50.0,41.0,42.0,25.0,29.0,27.0,53.0,91.73,3975442432,1551679488,1512771584,9.37,8.59,8.97,25297891328,9721303040
2026-04-27T15:22:41.697927+02:00,0.023281546417825046,0.21255079038812522,0.22713308336837343,-2.970667234008248,1.4385088546780496,-1.9718270876880306,1.5166324666587383,0.16006110015286984,-0.638580098891511,0.015432461468649183,-1.2579568996560186,0.4357431973493151,50.0,51.0,50.0,41.0,42.0,25.0,29.0,27.0,53.0,91.73,3975442432,1551679488,1512771584,9.37,8.59,8.97,25297891328,9721303040
2026-04-27T15:22:41.748896+02:00,0.008567177559363575,0.19402777065401153,0.22336172181666109,-2.780045899351094,1.4000334058387536,-1.69840374675185,1.5516367901367372,0.19338990754895352,-0.6764537436597879,0.0031606151655640957,-1.271762726746989,0.4357431973493151,50.0,51.0,50.0,41.0,42.0,25.0,29.0,27.0,53.0,91.73,3975442432,1551679488,1512771584,9.37,8.59,8.97,25297891328,9721303040
2026-04-27T15:22:41.799509+02:00,0.008567177559363575,0.19402777065401153,0.22336172181666109,-2.780045899351094,1.4000334058387536,-1.69840374675185,1.5592464256754321,0.20247958229334,-0.6870583641949055,9.265358979293481e-05,-1.273296707534875,0.4357431973493151,50.0,51.0,50.0,41.0,42.0,25.0,29.0,27.0,53.0,91.73,3975442432,1551679488,1512771584,9.37,8.59,8.97,25297891328,9721303040
2026-04-27T15:22:41.851383+02:00,0.0022889894869095795,0.18465994345553075,0.22111471872150557,-2.7135882129854316,1.3837111465355962,-1.59222962483741,1.5653341341063887,0.21005431124699542,-0.6931181473578297,-0.0014413271980928677,-1.2778986498985323,0.4357431973493151,50.0,51.0,50.0,41.0,42.0,25.0,29.0,27.0,53.0,91.73,3975442432,1551679488,1512771584,9.37,8.59,8.97,25297891328,9721303040
2026-04-27T15:22:41.902659+02:00,0.0022889894869095795,0.18465994345553075,0.22111471872150557,-2.7135882129854316,1.3837111465355962,-1.59222962483741,1.5729437696450836,0.21914398599138185,-0.7006928763114851,-0.004509288773864029,-1.280966611474303,0.4342092165614293,50.0,51.0,50.0,41.0,42.0,25.0,29.0,27.0,53.0,91.73,3975442432,1551679488,1512771584,9.37,8.59,8.97,25297891328,9721303040
2026-04-27T15:22:41.957754+02:00,0.0022889894869095795,0.18465994345553075,0.22111471872150557,-2.7135882129854316,1.3837111465355962,-1.59222962483741,1.5790314780760402,0.22671871494503726,-0.7082676052651405,-0.006043269561749831,-1.2825005922621888,0.4342092165614293,50.0,51.0,50.0,41.0,42.0,25.0,29.0,27.0,53.0,91.73,3975442432,1551679488,1512771584,9.37,8.59,8.97,25297891328,9721303040
2026-04-27T15:22:42.012084+02:00,0.0022889894869095795,0.18465994345553075,0.22111471872150557,-2.7135882129854316,1.3837111465355962,-1.59222962483741,1.5835972593992573,0.23277849810796158,-0.7143273884280649,-0.0075772503496351895,-1.2825005922621888,0.4342092165614293,50.0,51.0,50.0,41.0,42.0,25.0,29.0,27.0,53.0,91.73,3975442432,1551679488,1512771584,9.37,8.59,8.97,25297891328,9721303040
2026-04-27T15:22:42.066010+02:00,-0.0012717095210888498,0.17810962981741607,0.22082080125406484,-2.6795031866764787,1.3774623973901432,-1.5308791874876448,1.5866411136147351,0.23732333548015483,-0.717357280009527,-0.009111231137520992,-1.2825005922621888,0.4342092165614293,50.0,51.0,50.0,41.0,42.0,25.0,29.0,27.0,53.0,91.73,3975442432,1551679488,1512771584,9.37,8.59,8.97,25297891328,9721303040
2026-04-27T15:22:42.120702+02:00,-0.0012717095210888498,0.17810962981741607,0.22082080125406484,-2.6795031866764787,1.3774623973901432,-1.5308791874876448,1.5866411136147351,0.23883828127088585,-0.7188722258002581,-0.009111231137520992,-1.2840345730500746,0.4342092165614293,50.0,51.0,50.0,41.0,42.0,25.0,29.0,27.0,53.0,91.73,3975442432,1551679488,1512771584,9.37,8.59,8.97,25297891328,9721303040
2026-04-27T15:22:42.174149+02:00,-0.0012717095210888498,0.17810962981741607,0.22082080125406484,-2.6795031866764787,1.3774623973901432,-1.5308791874876448,1.5866411136147351,0.23883828127088585,-0.7188722258002581,-0.009111231137520992,-1.2840345730500746,0.4342092165614293,50.0,51.0,50.0,41.0,42.0,25.0,29.0,27.0,53.0,91.73,3975442432,1551679488,1512771584,9.37,8.59,8.97,25297891328,9721303040
2026-04-27T15:22:42.228287+02:00,-0.0012717095210888498,0.17810962981741607,0.22082080125406484,-2.6795031866764787,1.3774623973901432,-1.5308791874876448,1.5866411136147351,0.23883828127088585,-0.7188722258002581,-0.010645211925406795,-1.2855685538379604,0.4342092165614293,50.0,51.0,50.0,41.0,42.0,25.0,29.0,27.0,53.0,91.73,3975442432,1551679488,1512771584,9.37,8.59,8.97,25297891328,9721303040
2026-04-27T15:22:42.281758+02:00,-0.0019658312939392765,0.17591582907846615,0.22074342937233316,-2.6582682499230317,1.3772733283240228,-1.5018355596246549,1.5866411136147351,0.23883828127088585,-0.7188722258002581,-0.010645211925406795,-1.2871025346258453,0.4342092165614293,50.0,51.0,50.0,41.0,42.0,25.0,29.0,27.0,53.0,91.73,3975442432,1551679488,1512771584,9.37,8.59,8.97,25297891328,9721303040
2026-04-27T15:22:42.336290+02:00,-0.0019658312939392765,0.17591582907846615,0.22074342937233316,-2.6582682499230317,1.3772733283240228,-1.5018355596246549,1.5866411136147351,0.23883828127088585,-0.7188722258002581,-0.010645211925406795,-1.2871025346258453,0.4342092165614293,50.0,51.0,50.0,41.0,42.0,25.0,29.0,27.0,53.0,91.73,3975442432,1551679488,1512771584,9.37,8.59,8.97,25297891328,9721303040
2026-04-27T15:22:42.386497+02:00,-0.0019658312939392765,0.17591582907846615,0.22074342937233316,-2.6582682499230317,1.3772733283240228,-1.5018355596246549,1.5866411136147351,0.23883828127088585,-0.7188722258002581,-0.010645211925406795,-1.2871025346258453,0.4342092165614293,50.0,51.0,50.0,41.0,42.0,25.0,29.0,27.0,53.0,97.04,3975442432,1552035840,1512431616,9.42,8.61,8.97,25297891328,9721307136
2026-04-27T15:22:42.437525+02:00,-0.0019658312939392765,0.17591582907846615,0.22074342937233316,-2.6582682499230317,1.3772733283240228,-1.5018355596246549,1.5866411136147351,0.23883828127088585,-0.7188722258002581,-0.010645211925406795,-1.2871025346258453,0.4342092165614293,50.0,51.0,50.0,41.0,42.0,25.0,29.0,27.0,53.0,97.04,3975442432,1552035840,1512431616,9.42,8.61,8.97,25297891328,9721307136
2026-04-27T15:22:42.488250+02:00,-0.001960722208332226,0.1756599608470649,0.22076500369593738,-2.6590247723303353,1.374209009448231,-1.502606704375683,1.5866411136147351,0.23883828127088585,-0.7188722258002581,-0.010645211925406795,-1.2871025346258453,0.4342092165614293,50.0,51.0,50.0,41.0,42.0,25.0,29.0,27.0,53.0,97.04,3975442432,1552035840,1512431616,9.42,8.61,8.97,25297891328,9721307136
2026-04-27T15:22:42.539119+02:00,-0.001960722208332226,0.1756599608470649,0.22076500369593738,-2.6590247723303353,1.374209009448231,-1.502606704375683,1.5866411136147351,0.23883828127088585,-0.7188722258002581,-0.010645211925406795,-1.2871025346258453,0.4342092165614293,50.0,51.0,50.0,41.0,42.0,25.0,29.0,27.0,53.0,97.04,3975442432,1552035840,1512431616,9.42,8.61,8.97,25297891328,9721307136
2026-04-27T15:22:42.589633+02:00,-0.001960722208332226,0.1756599608470649,0.22076500369593738,-2.6590247723303353,1.374209009448231,-1.502606704375683,1.5866411136147351,0.23883828127088585,-0.7188722258002581,-0.010645211925406795,-1.2871025346258453,0.4342092165614293,50.0,51.0,50.0,41.0,42.0,25.0,29.0,27.0,53.0,97.04,3975442432,1552035840,1512431616,9.42,8.61,8.97,25297891328,9721307136
2026-04-27T15:22:42.641333+02:00,-0.001960722208332226,0.1756599608470649,0.22076500369593738,-2.6590247723303353,1.374209009448231,-1.502606704375683,1.5866411136147351,0.23883828127088585,-0.7188722258002581,-0.010645211925406795,-1.2871025346258453,0.4342092165614293,50.0,51.0,50.0,41.0,42.0,25.0,29.0,27.0,53.0,97.04,3975442432,1552035840,1512431616,9.42,8.61,8.97,25297891328,9721307136
2026-04-27T15:22:42.695876+02:00,-0.001960722208332226,0.1756599608470649,0.22076500369593738,-2.6590247723303353,1.374209009448231,-1.502606704375683,1.5866411136147351,0.23883828127088585,-0.7188722258002581,-0.010645211925406795,-1.2871025346258453,0.4342092165614293,50.0,51.0,50.0,41.0,42.0,25.0,29.0,27.0,53.0,97.04,3975442432,1552035840,1512431616,9.42,8.61,8.97,25297891328,9721307136
2026-04-27T15:22:42.747099+02:00,-0.001960722208332226,0.1756599608470649,0.22076500369593738,-2.6590247723303353,1.374209009448231,-1.502606704375683,1.5866411136147351,0.23883828127088585,-0.7188722258002581,-0.010645211925406795,-1.2871025346258453,0.4342092165614293,50.0,51.0,50.0,41.0,42.0,25.0,29.0,27.0,53.0,97.04,3975442432,1552035840,1512431616,9.42,8.61,8.97,25297891328,9721307136
2026-04-27T15:22:42.800598+02:00,-0.001960722208332226,0.1756599608470649,0.22076500369593738,-2.6590247723303353,1.374209009448231,-1.502606704375683,1.5805534051837786,0.23429344389869267,-0.7112974968466027,-0.010645211925406795,-1.2871025346258453,0.4342092165614293,50.0,51.0,50.0,41.0,42.0,25.0,29.0,27.0,53.0,97.04,3975442432,1552035840,1512431616,9.42,8.61,8.97,25297891328,9721307136
2026-04-27T15:22:42.852797+02:00,-0.0011689006927276078,0.17657324975441727,0.22121494808251985,-2.658615860230605,1.3757218643555251,-1.5067713892942163,1.5759876238605615,0.22974860652649942,-0.7067526594744095,-0.010645211925406795,-1.2871025346258453,0.4342092165614293,50.0,51.0,50.0,41.0,42.0,25.0,29.0,27.0,53.0,97.04,3975442432,1552035840,1512431616,9.42,8.61,8.97,25297891328,9721307136
2026-04-27T15:22:42.904931+02:00,-0.0011689006927276078,0.17657324975441727,0.22121494808251985,-2.658615860230605,1.3757218643555251,-1.5067713892942163,1.5714218425373443,0.22671871494503726,-0.7022078221022162,-0.009111231137520992,-1.2855685538379604,0.4342092165614293,50.0,51.0,50.0,41.0,42.0,25.0,29.0,27.0,53.0,97.04,3975442432,1552035840,1512431616,9.42,8.61,8.97,25297891328,9721307136
2026-04-27T15:22:42.956038+02:00,-0.0011689006927276078,0.17657324975441727,0.22121494808251985,-2.658615860230605,1.3757218643555251,-1.5067713892942163,1.5653341341063887,0.22065893178211293,-0.6961480389392919,-0.006043269561749831,-1.2825005922621888,0.4342092165614293,50.0,51.0,50.0,41.0,42.0,25.0,29.0,27.0,53.0,97.04,3975442432,1552035840,1512431616,9.42,8.61,8.97,25297891328,9721307136
2026-04-27T15:22:43.006956+02:00,-0.0011689006927276078,0.17657324975441727,0.22121494808251985,-2.658615860230605,1.3757218643555251,-1.5067713892942163,1.5592464256754321,0.2145991486191886,-0.6885733099856366,-0.002975307985978226,-1.2794326306864172,0.4342092165614293,50.0,51.0,50.0,41.0,42.0,25.0,29.0,27.0,53.0,97.04,3975442432,1552035840,1512431616,9.42,8.61,8.97,25297891328,9721307136
2026-04-27T15:22:43.060560+02:00,0.0023378874222602453,0.1825619263181205,0.2229471821646365,-2.6928066396405894,1.3881650898249935,-1.5666538096698555,1.5531587172444756,0.21005431124699542,-0.6825135268227123,9.265358979293481e-05,-1.2748306883227607,0.4342092165614293,50.0,51.0,50.0,41.0,42.0,25.0,29.0,27.0,53.0,97.04,3975442432,1552035840,1512431616,9.42,8.61,8.97,25297891328,9721307136
2026-04-27T15:22:43.112695+02:00,0.0023378874222602453,0.1825619263181205,0.2229471821646365,-2.6928066396405894,1.3881650898249935,-1.5666538096698555,1.5425052274903028,0.20096463650260893,-0.6703939604968636,0.004694595953449898,-1.2702287459591033,0.4342092165614293,50.0,51.0,50.0,41.0,42.0,25.0,29.0,27.0,53.0,97.04,3975442432,1552035840,1512431616,9.42,8.61,8.97,25297891328,9721307136
2026-04-27T15:22:43.163942+02:00,0.0023378874222602453,0.1825619263181205,0.2229471821646365,-2.6928066396405894,1.3881650898249935,-1.5666538096698555,1.5318517377361291,0.19338990754895352,-0.659789339961746,0.009296538317106862,-1.264092822807561,0.4342092165614293,50.0,51.0,50.0,41.0,42.0,25.0,29.0,27.0,53.0,97.04,3975442432,1552035840,1512431616,9.42,8.61,8.97,25297891328,9721307136
2026-04-27T15:22:43.214892+02:00,0.0023378874222602453,0.1825619263181205,0.2229471821646365,-2.6928066396405894,1.3881650898249935,-1.5666538096698555,1.5257640293051726,0.18733012438602925,-0.6522146110080906,0.012364499892878023,-1.2610248612317903,0.4342092165614293,50.0,51.0,50.0,41.0,42.0,25.0,29.0,27.0,53.0,97.04,3975442432,1552035840,1512431616,9.42,8.61,8.97,25297891328,9721307136
2026-04-27T15:22:43.267906+02:00,0.008899817033345815,0.19351348994401738,0.22628429845058717,-2.808216550889302,1.4194515239821626,-1.7307104229690056,1.5135886124432605,0.17672550385091168,-0.6400950446822421,0.020034403832306147,-1.2579568996560186,0.4342092165614293,50.0,51.0,50.0,41.0,42.0,25.0,29.0,27.0,53.0,97.04,3975442432,1552035840,1512431616,9.42,8.61,8.97,25297891328,9721307136
2026-04-27T15:22:43.322408+02:00,0.008899817033345815,0.19351348994401738,0.22628429845058717,-2.808216550889302,1.4194515239821626,-1.7307104229690056,1.4968474142581312,0.163090991734332,-0.620400749402738,0.02463634619596311,-1.2456850533529331,0.4342092165614293,50.0,51.0,50.0,41.0,42.0,25.0,29.0,27.0,53.0,97.04,3975442432,1552035840,1512431616,9.42,8.61,8.97,25297891328,9721307136
2026-04-27T15:22:43.373053+02:00,0.008899817033345815,0.19351348994401738,0.22628429845058717,-2.808216550889302,1.4194515239821626,-1.7307104229690056,1.4831500702884797,0.15097142540848335,-0.6067662372861583,0.032306250135391235,-1.2395491302013908,0.4342092165614293,50.0,51.0,50.0,41.0,42.0,25.0,29.0,27.0,53.0,97.04,3975442432,1552035840,1512431616,9.42,8.61,8.97,25297891328,9721307136
2026-04-27T15:22:43.423111+02:00,0.008899817033345815,0.19351348994401738,0.22628429845058717,-2.808216550889302,1.4194515239821626,-1.7307104229690056,1.4664088721033495,0.13733691329190367,-0.5885868877973854,0.03997615407481936,-1.2303452454740769,0.4342092165614293,50.0,51.0,50.0,41.0,42.0,25.0,29.0,27.0,53.0,94.12,3975442432,1552478208,1511968768,9.42,8.61,8.97,25297891328,9721323520
2026-04-27T15:22:43.476262+02:00,0.018605879872906836,0.20648616387769259,0.22996901538819187,-3.021215642843721,1.4540284766510008,-2.004455950039712,1.4557553823491767,0.1267322927567861,-0.5764673214715368,0.043044115650590964,-1.2272772838983061,0.4342092165614293,50.0,51.0,50.0,41.0,42.0,25.0,29.0,27.0,53.0,94.12,3975442432,1552478208,1511968768,9.42,8.61,8.97,25297891328,9721323520
2026-04-27T15:22:43.526613+02:00,0.018605879872906836,0.20648616387769259,0.22996901538819187,-3.021215642843721,1.4540284766510008,-2.004455950039712,1.4329264757330908,0.10552305168655107,-0.5507132430291084,0.05531596195367605,-1.2134714568073348,0.4342092165614293,50.0,51.0,50.0,41.0,42.0,25.0,29.0,27.0,54.0,94.12,3975442432,1552478208,1511968768,9.42,8.61,8.97,25297891328,9721323520
2026-04-27T15:22:43.577995+02:00,0.018605879872906836,0.20648616387769259,0.22996901538819187,-3.021215642843721,1.4540284766510008,-2.004455950039712,1.4177072046557,0.09188853956997134,-0.5340488393310666,0.059917904317333015,-1.2088695144436783,0.4342092165614293,50.0,51.0,50.0,41.0,42.0,25.0,29.0,27.0,54.0,94.12,3975442432,1552478208,1511968768,9.42,8.61,8.97,25297891328,9721323520
2026-04-27T15:22:43.629107+02:00,0.018605879872906836,0.20648616387769259,0.22996901538819187,-3.021215642843721,1.4540284766510008,-2.004455950039712,1.4040098606860485,0.07976897324412269,-0.5188993814237558,0.06298586589310418,-1.2058015528679067,0.4342092165614293,50.0,51.0,50.0,41.0,42.0,25.0,29.0,27.0,54.0,94.12,3975442432,1552478208,1511968768,9.42,8.61,8.97,25297891328,9721323520
2026-04-27T15:22:43.684123+02:00,0.031029525242992514,0.22003370401406075,0.2331351986355521,2.964419181439263,1.4738732302542992,-2.3669060487392475,1.3842248082854405,0.06007467796461863,-0.49769014035352077,0.07525771219618926,-1.1904617449890504,0.4357431973493151,50.0,51.0,50.0,41.0,42.0,25.0,29.0,27.0,54.0,94.12,3975442432,1552478208,1511968768,9.42,8.61,8.97,25297891328,9721323520
2026-04-27T15:22:43.736352+02:00,0.031029525242992514,0.22003370401406075,0.2331351986355521,2.964419181439263,1.4738732302542992,-2.3669060487392475,1.370527464315789,0.04795511163877009,-0.48405562823694104,0.08139363534773203,-1.1827918410496223,0.4342092165614293,50.0,51.0,50.0,41.0,42.0,25.0,29.0,27.0,54.0,94.12,3975442432,1552478208,1511968768,9.42,8.61,8.97,25297891328,9721323520
2026-04-27T15:22:43.789082+02:00,0.031029525242992514,0.22003370401406075,0.2331351986355521,2.964419181439263,1.4738732302542992,-2.3669060487392475,1.370527464315789,0.04795511163877009,-0.48405562823694104,0.08139363534773203,-1.1827918410496223,0.4342092165614293,50.0,51.0,50.0,41.0,42.0,25.0,29.0,27.0,54.0,94.12,3975442432,1552478208,1511968768,9.42,8.61,8.97,25297891328,9721323520
2026-04-27T15:22:43.845083+02:00,0.05082710051792541,0.2385987979471183,0.23621906976445667,2.323105499369615,1.479688740935087,-3.1017695488988277,1.3248696510836173,0.0055366294982999165,-0.43406241714281546,0.10133538559024524,-1.1628500908071087,0.4357431973493151,50.0,51.0,50.0,41.0,42.0,25.0,29.0,27.0,54.0,94.12,3975442432,1552478208,1511968768,9.42,8.61,8.97,25297891328,9721323520
2026-04-27T15:22:43.896616+02:00,0.05082710051792541,0.2385987979471183,0.23621906976445667,2.323105499369615,1.479688740935087,-3.1017695488988277,1.3066065257907487,-0.012642719990473061,-0.4128531760725803,0.10900528952967337,-1.1551801868676805,0.4357431973493151,50.0,51.0,50.0,41.0,42.0,25.0,29.0,27.0,54.0,94.12,3975442432,1552478208,1511968768,9.42,8.61,8.97,25297891328,9721323520
2026-04-27T15:22:43.946860+02:00,0.05082710051792541,0.2385987979471183,0.23621906976445667,2.323105499369615,1.479688740935087,-3.1017695488988277,1.2989968902520537,-0.018702503153397387,-0.4052784471189249,0.11207325110544453,-1.152112225291909,0.4357431973493151,50.0,51.0,50.0,41.0,42.0,25.0,29.0,27.0,54.0,94.12,3975442432,1552478208,1511968768,9.42,8.61,8.97,25297891328,9721323520
2026-04-27T15:22:43.998129+02:00,0.05082710051792541,0.2385987979471183,0.23621906976445667,2.323105499369615,1.479688740935087,-3.1017695488988277,1.2776899107437072,-0.038396798432901336,-0.3810393144672277,0.11667519346910149,-1.1444423213524808,0.4357431973493151,50.0,51.0,50.0,41.0,42.0,25.0,29.0,27.0,54.0,94.12,3975442432,1552478208,1511968768,9.42,8.61,8.97,25297891328,9721323520
2026-04-27T15:22:44.049968+02:00,0.06663274612720864,0.24976482748898252,0.23796923256873093,1.9656493076859354,1.4641855102786072,2.759666762567854,1.2670364209895335,-0.047486473177287825,-0.36891974814137907,0.12127713583275845,-1.1398403789888243,0.4357431973493151,50.0,51.0,50.0,41.0,42.0,25.0,29.0,27.0,54.0,94.12,3975442432,1552478208,1511968768,9.42,8.61,8.97,25297891328,9721323520
2026-04-27T15:22:44.100116+02:00,0.06663274612720864,0.24976482748898252,0.23796923256873093,1.9656493076859354,1.4641855102786072,2.759666762567854,1.2472513685889255,-0.0656658226660608,-0.34771050707114404,0.12741305898430122,-1.133704455837282,0.4357431973493151,50.0,51.0,50.0,41.0,42.0,25.0,29.0,27.0,54.0,94.12,3975442432,1552478208,1511968768,9.42,8.61,8.97,25297891328,9721323520
2026-04-27T15:22:44.150197+02:00,0.06663274612720864,0.24976482748898252,0.23796923256873093,1.9656493076859354,1.4641855102786072,2.759666762567854,1.2350759517270133,-0.07778538899190945,-0.33256104916383333,0.13354898213584354,-1.1275685326857388,0.4357431973493151,50.0,51.0,50.0,41.0,42.0,25.0,29.0,27.0,54.0,94.12,3975442432,1552478208,1511968768,9.42,8.61,8.97,25297891328,9721323520
2026-04-27T15:22:44.200989+02:00,0.06663274612720864,0.24976482748898252,0.23796923256873093,1.9656493076859354,1.4641855102786072,2.759666762567854,1.2305101704037962,-0.0823302263641027,-0.3280162117916401,0.13508296292372934,-1.124500571109968,0.4357431973493151,50.0,51.0,50.0,41.0,42.0,25.0,29.0,27.0,54.0,94.12,3975442432,1552478208,1511968768,9.42,8.61,8.97,25297891328,9721323520
2026-04-27T15:22:44.263140+02:00,0.06663274612720864,0.24976482748898252,0.23796923256873093,1.9656493076859354,1.4641855102786072,2.759666762567854,1.2152908993264053,-0.09899463006214448,-0.3098368623028671,0.1396849052873863,-1.1214326095341964,0.4342092165614293,50.0,51.0,50.0,41.0,42.0,25.0,29.0,27.0,54.0,94.12,3975442432,1552478208,1511968768,9.42,8.61,8.97,25297891328,9721323520
2026-04-27T15:22:44.317569+02:00,0.08354404076850681,0.25995130949217093,0.23919574476274916,1.7408786397147928,1.4410601139228671,2.4741703413382226,1.206159336679971,-0.10959925059726205,-0.29923224176774954,0.14121888607527167,-1.1183646479584248,0.4342092165614293,50.0,51.0,50.0,41.0,42.0,25.0,29.0,27.0,54.0,94.12,3975442432,1552478208,1511968768,9.42,8.61,8.97,25297891328,9721323520
2026-04-27T15:22:44.369398+02:00,0.08354404076850681,0.25995130949217093,0.23919574476274916,1.7408786397147928,1.4410601139228671,2.4741703413382226,1.2000716282490154,-0.11717397955091746,-0.2931724586048252,0.14582082843892863,-1.1152966863826541,0.4342092165614293,50.0,51.0,50.0,41.0,42.0,25.0,29.0,27.0,54.0,94.12,3975442432,1552478208,1511968768,9.42,8.61,8.97,25297891328,9721323520
2026-04-27T15:22:44.420066+02:00,0.08354404076850681,0.25995130949217093,0.23919574476274916,1.7408786397147928,1.4410601139228671,2.4741703413382226,1.190940065602581,-0.12777860008603503,-0.28256783806970764,0.14888879001470023,-1.1137627055947683,0.4342092165614293,50.0,51.0,50.0,41.0,42.0,25.0,29.0,27.0,54.0,95.68,3975442432,1551298560,1513177088,9.42,8.61,8.97,25297891328,9721323520
2026-04-27T15:22:44.471862+02:00,0.09368839317194491,0.26520676013607875,0.23781568049061236,1.7142067351098957,1.42842374476821,2.4112013467095563,1.1863742842793639,-0.13383838324895925,-0.2780230006975144,0.14888879001470023,-1.1106947440189967,0.4342092165614293,50.0,51.0,50.0,41.0,42.0,25.0,29.0,27.0,54.0,95.68,3975442432,1551298560,1513177088,9.42,8.61,8.97,25297891328,9721323520
2026-04-27T15:22:44.522850+02:00,0.09368839317194491,0.26520676013607875,0.23781568049061236,1.7142067351098957,1.42842374476821,2.4112013467095563,1.1848523571716245,-0.1368682748304214,-0.27499310911605224,0.1519567515904714,-1.1091607632311118,0.4342092165614293,50.0,51.0,50.0,41.0,42.0,25.0,29.0,27.0,54.0,95.68,3975442432,1551298560,1513177088,9.42,8.61,8.97,25297891328,9721323520
2026-04-27T15:22:44.572908+02:00,0.09368839317194491,0.26520676013607875,0.23781568049061236,1.7142067351098957,1.42842374476821,2.4112013467095563,1.1833304300638852,-0.13989816641188357,-0.27347816332532116,0.1519567515904714,-1.1091607632311118,0.4342092165614293,50.0,51.0,50.0,41.0,42.0,25.0,29.0,27.0,54.0,95.68,3975442432,1551298560,1513177088,9.42,8.61,8.97,25297891328,9721323520
2026-04-27T15:22:44.623889+02:00,0.09368839317194491,0.26520676013607875,0.23781568049061236,1.7142067351098957,1.42842374476821,2.4112013467095563,1.1833304300638852,-0.13989816641188357,-0.27347816332532116,0.1519567515904714,-1.1091607632311118,0.4342092165614293,50.0,51.0,50.0,41.0,42.0,25.0,29.0,27.0,54.0,95.68,3975442432,1551298560,1513177088,9.42,8.61,8.97,25297891328,9721323520
2026-04-27T15:22:44.678116+02:00,0.09764872417910465,0.26747118924169766,0.2369154384551711,1.7006708540061817,1.4249806607142137,2.385290198836529,1.1833304300638852,-0.13989816641188357,-0.27347816332532116,0.1519567515904714,-1.1091607632311118,0.4342092165614293,50.0,51.0,50.0,41.0,42.0,25.0,29.0,27.0,54.0,95.68,3975442432,1551298560,1513177088,9.42,8.61,8.97,25297891328,9721323520
2026-04-27T15:22:44.732502+02:00,0.09764872417910465,0.26747118924169766,0.2369154384551711,1.7006708540061817,1.4249806607142137,2.385290198836529,1.1833304300638852,-0.13989816641188357,-0.27347816332532116,0.1519567515904714,-1.1091607632311118,0.4342092165614293,50.0,51.0,50.0,41.0,42.0,25.0,29.0,27.0,54.0,95.68,3975442432,1551298560,1513177088,9.42,8.61,8.97,25297891328,9721323520
2026-04-27T15:22:44.784194+02:00,0.09764872417910465,0.26747118924169766,0.2369154384551711,1.7006708540061817,1.4249806607142137,2.385290198836529,1.1833304300638852,-0.13989816641188357,-0.27347816332532116,0.1519567515904714,-1.1091607632311118,0.4342092165614293,50.0,51.0,50.0,41.0,42.0,25.0,29.0,27.0,54.0,95.68,3975442432,1551298560,1513177088,9.42,8.61,8.97,25297891328,9721323520
2026-04-27T15:22:44.835744+02:00,0.09764872417910465,0.26747118924169766,0.2369154384551711,1.7006708540061817,1.4249806607142137,2.385290198836529,1.1833304300638852,-0.13989816641188357,-0.27347816332532116,0.1519567515904714,-1.1091607632311118,0.4342092165614293,50.0,51.0,50.0,41.0,42.0,25.0,29.0,27.0,54.0,95.68,3975442432,1551298560,1513177088,9.42,8.61,8.97,25297891328,9721323520
2026-04-27T15:22:44.885987+02:00,0.09764872417910465,0.26747118924169766,0.2369154384551711,1.7006708540061817,1.4249806607142137,2.385290198836529,1.1833304300638852,-0.13989816641188357,-0.27347816332532116,0.1519567515904714,-1.1091607632311118,0.4342092165614293,50.0,51.0,50.0,41.0,42.0,25.0,29.0,27.0,54.0,95.68,3975442432,1551298560,1513177088,9.42,8.61,8.97,25297891328,9721323520
2026-04-27T15:22:44.939801+02:00,0.09764872417910465,0.26747118924169766,0.2369154384551711,1.7006708540061817,1.4249806607142137,2.385290198836529,1.1833304300638852,-0.13989816641188357,-0.27347816332532116,0.1519567515904714,-1.1091607632311118,0.4342092165614293,50.0,51.0,50.0,41.0,42.0,25.0,29.0,27.0,54.0,95.68,3975442432,1551298560,1513177088,9.42,8.61,8.97,25297891328,9721323520
2026-04-27T15:22:44.989905+02:00,0.09764872417910465,0.26747118924169766,0.2369154384551711,1.7006708540061817,1.4249806607142137,2.385290198836529,1.1833304300638852,-0.13989816641188357,-0.27347816332532116,0.1519567515904714,-1.1091607632311118,0.4342092165614293,50.0,51.0,50.0,41.0,42.0,25.0,29.0,27.0,54.0,95.68,3975442432,1551298560,1513177088,9.42,8.61,8.97,25297891328,9721323520
