timestamp,x_m,y_m,z_m,roll_rad,pitch_rad,yaw_rad,j1_rad,j2_rad,j3_rad,j4_rad,j5_rad,j6_rad,temp_m1_C,temp_m2_C,temp_m3_C,temp_m4_C,temp_m5_C,temp_m6_C,temp_m7_C,temp_m8_C,rpi_temp_C,cpu_percent,mem_total_B,mem_used_B,mem_free_B,load1,load5,load15,disk_total_B,disk_used_B
2026-04-27T15:15:40.043682+02:00,-0.0019658312939392526,0.17591582907846615,0.22074342937233316,-2.656734269135146,1.3772733283240233,-1.5018355596246555,1.5866411136147351,0.23883828127088585,-0.7188722258002581,-0.012179192713292153,-1.2840345730500746,0.4357431973493151,50.0,51.0,51.0,41.0,43.0,26.0,29.0,28.0,52.0,97.79,3975442432,1569509376,1492488192,8.51,9.17,9.36,25297891328,9719984128
2026-04-27T15:15:40.096061+02:00,-0.0019658312939392526,0.17591582907846615,0.22074342937233316,-2.656734269135146,1.3772733283240233,-1.5018355596246555,1.5866411136147351,0.23883828127088585,-0.7188722258002581,-0.010645211925406795,-1.2840345730500746,0.4357431973493151,50.0,51.0,51.0,41.0,43.0,26.0,29.0,28.0,52.0,97.79,3975442432,1569509376,1492488192,8.51,9.17,9.36,25297891328,9719984128
2026-04-27T15:15:40.148775+02:00,-0.0019658312939392526,0.17591582907846615,0.22074342937233316,-2.656734269135146,1.3772733283240233,-1.5018355596246555,1.5866411136147351,0.23883828127088585,-0.7188722258002581,-0.010645211925406795,-1.2840345730500746,0.4357431973493151,50.0,51.0,51.0,41.0,43.0,26.0,29.0,28.0,52.0,97.79,3975442432,1569509376,1492488192,8.51,9.17,9.36,25297891328,9719984128
2026-04-27T15:15:40.201762+02:00,-0.0019658312939392526,0.17591582907846615,0.22074342937233316,-2.656734269135146,1.3772733283240233,-1.5018355596246555,1.5866411136147351,0.23883828127088585,-0.7188722258002581,-0.010645211925406795,-1.2840345730500746,0.4357431973493151,50.0,51.0,51.0,41.0,43.0,26.0,29.0,28.0,52.0,97.79,3975442432,1569509376,1492488192,8.51,9.17,9.36,25297891328,9719984128
2026-04-27T15:15:40.253905+02:00,-0.0019658312939392526,0.17591582907846615,0.22074342937233316,-2.656734269135146,1.3772733283240233,-1.5018355596246555,1.5866411136147351,0.23883828127088585,-0.7188722258002581,-0.010645211925406795,-1.2840345730500746,0.4357431973493151,50.0,51.0,51.0,41.0,43.0,26.0,29.0,28.0,52.0,97.79,3975442432,1569509376,1492488192,8.51,9.17,9.36,25297891328,9719984128
2026-04-27T15:15:40.304207+02:00,-0.0019658312939392526,0.17591582907846615,0.22074342937233316,-2.656734269135146,1.3772733283240233,-1.5018355596246555,1.5866411136147351,0.23883828127088585,-0.7188722258002581,-0.010645211925406795,-1.2840345730500746,0.4357431973493151,50.0,51.0,51.0,41.0,43.0,26.0,29.0,28.0,52.0,97.79,3975442432,1569509376,1492488192,8.51,9.17,9.36,25297891328,9719984128
2026-04-27T15:15:40.359204+02:00,-0.0019658312939392526,0.17591582907846615,0.22074342937233316,-2.656734269135146,1.3772733283240233,-1.5018355596246555,1.5866411136147351,0.23883828127088585,-0.7188722258002581,-0.010645211925406795,-1.2840345730500746,0.4357431973493151,50.0,51.0,51.0,41.0,43.0,26.0,29.0,28.0,52.0,97.79,3975442432,1569509376,1492488192,8.51,9.17,9.36,25297891328,9719984128
2026-04-27T15:15:40.413793+02:00,-0.0019658312939392526,0.17591582907846615,0.22074342937233316,-2.656734269135146,1.3772733283240233,-1.5018355596246555,1.5866411136147351,0.23883828127088585,-0.7188722258002581,-0.012179192713292153,-1.2840345730500746,0.4357431973493151,50.0,51.0,51.0,41.0,43.0,26.0,29.0,28.0,52.0,97.79,3975442432,1569509376,1492488192,8.51,9.17,9.36,25297891328,9719984128
2026-04-27T15:15:40.464883+02:00,-0.0019658312939392526,0.17591582907846615,0.22074342937233316,-2.656734269135146,1.3772733283240233,-1.5018355596246555,1.5866411136147351,0.23883828127088585,-0.7188722258002581,-0.010645211925406795,-1.2840345730500746,0.4357431973493151,50.0,51.0,51.0,41.0,43.0,26.0,29.0,28.0,52.0,97.79,3975442432,1569509376,1492488192,8.51,9.17,9.36,25297891328,9719984128
2026-04-27T15:15:40.520096+02:00,-0.0019658312939392526,0.17591582907846615,0.22074342937233316,-2.656734269135146,1.3772733283240233,-1.5018355596246555,1.5866411136147351,0.23883828127088585,-0.7188722258002581,-0.010645211925406795,-1.2840345730500746,0.4357431973493151,50.0,51.0,51.0,41.0,43.0,26.0,29.0,28.0,52.0,97.79,3975442432,1569509376,1492488192,8.51,9.17,9.36,25297891328,9719984128
2026-04-27T15:15:40.573762+02:00,-0.0019658312939392526,0.17591582907846615,0.22074342937233316,-2.656734269135146,1.3772733283240233,-1.5018355596246555,1.5866411136147351,0.23883828127088585,-0.7188722258002581,-0.010645211925406795,-1.2840345730500746,0.4357431973493151,50.0,51.0,51.0,41.0,43.0,26.0,29.0,28.0,52.0,97.79,3975442432,1569509376,1492488192,8.51,9.17,9.36,25297891328,9719984128
2026-04-27T15:15:40.628853+02:00,-0.0019658312939392526,0.17591582907846615,0.22074342937233316,-2.656734269135146,1.3772733283240233,-1.5018355596246555,1.5866411136147351,0.23883828127088585,-0.7188722258002581,-0.010645211925406795,-1.2840345730500746,0.4357431973493151,50.0,51.0,51.0,41.0,43.0,26.0,29.0,28.0,52.0,97.79,3975442432,1569509376,1492488192,8.51,9.17,9.36,25297891328,9719984128
2026-04-27T15:15:40.680831+02:00,-0.0019658312939392526,0.17591582907846615,0.22074342937233316,-2.656734269135146,1.3772733283240233,-1.5018355596246555,1.5866411136147351,0.23883828127088585,-0.7188722258002581,-0.010645211925406795,-1.2840345730500746,0.4357431973493151,50.0,51.0,51.0,41.0,43.0,26.0,29.0,28.0,52.0,97.79,3975442432,1569509376,1492488192,8.51,9.17,9.36,25297891328,9719984128
2026-04-27T15:15:40.732347+02:00,-0.0019658312939392526,0.17591582907846615,0.22074342937233316,-2.656734269135146,1.3772733283240233,-1.5018355596246555,1.5866411136147351,0.23883828127088585,-0.7188722258002581,-0.010645211925406795,-1.2840345730500746,0.4342092165614293,50.0,51.0,51.0,41.0,43.0,26.0,29.0,28.0,52.0,98.55,3975442432,1578086400,1483911168,8.51,9.17,9.36,25297891328,9719988224
2026-04-27T15:15:40.783933+02:00,-0.0019658312939392526,0.17591582907846615,0.22074342937233316,-2.656734269135146,1.3772733283240233,-1.5018355596246555,1.5866411136147351,0.23883828127088585,-0.7188722258002581,-0.012179192713292153,-1.2840345730500746,0.4357431973493151,50.0,51.0,51.0,41.0,43.0,26.0,29.0,28.0,52.0,98.55,3975442432,1578086400,1483911168,8.51,9.17,9.36,25297891328,9719988224
2026-04-27T15:15:40.835888+02:00,-0.0019658312939392526,0.17591582907846615,0.22074342937233316,-2.656734269135146,1.3772733283240233,-1.5018355596246555,1.5866411136147351,0.23883828127088585,-0.7188722258002581,-0.010645211925406795,-1.2840345730500746,0.4342092165614293,50.0,51.0,51.0,41.0,43.0,26.0,29.0,28.0,52.0,98.55,3975442432,1578086400,1483911168,8.51,9.17,9.36,25297891328,9719988224
2026-04-27T15:15:40.890549+02:00,-0.0019658312939392526,0.17591582907846615,0.22074342937233316,-2.656734269135146,1.3772733283240233,-1.5018355596246555,1.5866411136147351,0.23883828127088585,-0.7188722258002581,-0.012179192713292153,-1.2840345730500746,0.4357431973493151,50.0,51.0,51.0,41.0,43.0,26.0,29.0,28.0,52.0,98.55,3975442432,1578086400,1483911168,8.51,9.17,9.36,25297891328,9719988224
2026-04-27T15:15:40.943865+02:00,-0.0019658312939392765,0.17591582907846615,0.22074342937233316,-2.6582682499230317,1.3772733283240228,-1.5018355596246549,1.5866411136147351,0.23883828127088585,-0.7188722258002581,-0.010645211925406795,-1.2840345730500746,0.4357431973493151,50.0,51.0,51.0,41.0,43.0,26.0,29.0,28.0,52.0,98.55,3975442432,1578086400,1483911168,8.51,9.17,9.36,25297891328,9719988224
2026-04-27T15:15:40.997921+02:00,-0.0019658312939392765,0.17591582907846615,0.22074342937233316,-2.6582682499230317,1.3772733283240228,-1.5018355596246549,1.5866411136147351,0.23883828127088585,-0.7188722258002581,-0.010645211925406795,-1.2840345730500746,0.4357431973493151,50.0,51.0,51.0,41.0,43.0,26.0,29.0,28.0,52.0,98.55,3975442432,1578086400,1483911168,8.51,9.17,9.36,25297891328,9719988224
2026-04-27T15:15:41.052986+02:00,-0.0019658312939392765,0.17591582907846615,0.22074342937233316,-2.6582682499230317,1.3772733283240228,-1.5018355596246549,1.5866411136147351,0.23883828127088585,-0.7188722258002581,-0.010645211925406795,-1.2840345730500746,0.4357431973493151,50.0,51.0,51.0,41.0,43.0,26.0,29.0,28.0,52.0,98.55,3975442432,1578086400,1483911168,8.51,9.17,9.36,25297891328,9719988224
2026-04-27T15:15:41.103788+02:00,-0.0019658312939392526,0.17591582907846615,0.22074342937233316,-2.656734269135146,1.3772733283240233,-1.5018355596246555,1.5866411136147351,0.23883828127088585,-0.7188722258002581,-0.010645211925406795,-1.2840345730500746,0.4357431973493151,50.0,51.0,51.0,41.0,43.0,26.0,29.0,28.0,52.0,98.55,3975442432,1578086400,1483911168,8.51,9.17,9.36,25297891328,9719988224
2026-04-27T15:15:41.154768+02:00,-0.0019658312939392526,0.17591582907846615,0.22074342937233316,-2.656734269135146,1.3772733283240233,-1.5018355596246555,1.5866411136147351,0.23883828127088585,-0.7188722258002581,-0.010645211925406795,-1.2840345730500746,0.4357431973493151,50.0,51.0,51.0,41.0,43.0,26.0,29.0,28.0,52.0,98.55,3975442432,1578086400,1483911168,8.51,9.17,9.36,25297891328,9719988224
2026-04-27T15:15:41.205780+02:00,-0.0019658312939392526,0.17591582907846615,0.22074342937233316,-2.656734269135146,1.3772733283240233,-1.5018355596246555,1.5866411136147351,0.23883828127088585,-0.7188722258002581,-0.010645211925406795,-1.2840345730500746,0.4357431973493151,50.0,51.0,51.0,41.0,43.0,26.0,29.0,28.0,52.0,98.55,3975442432,1578086400,1483911168,8.51,9.17,9.36,25297891328,9719988224
2026-04-27T15:15:41.259137+02:00,-0.0019658312939392526,0.17591582907846615,0.22074342937233316,-2.656734269135146,1.3772733283240233,-1.5018355596246555,1.5866411136147351,0.23883828127088585,-0.7188722258002581,-0.010645211925406795,-1.2840345730500746,0.4357431973493151,50.0,51.0,51.0,41.0,43.0,26.0,29.0,28.0,52.0,98.55,3975442432,1578086400,1483911168,8.51,9.17,9.36,25297891328,9719988224
2026-04-27T15:15:41.309770+02:00,-0.0019658312939392526,0.17591582907846615,0.22074342937233316,-2.656734269135146,1.3772733283240233,-1.5018355596246555,1.5866411136147351,0.23883828127088585,-0.7188722258002581,-0.010645211925406795,-1.2840345730500746,0.4357431973493151,50.0,51.0,51.0,41.0,43.0,26.0,29.0,28.0,52.0,98.55,3975442432,1578086400,1483911168,8.51,9.17,9.36,25297891328,9719988224
2026-04-27T15:15:41.363871+02:00,-0.0019658312939392526,0.17591582907846615,0.22074342937233316,-2.656734269135146,1.3772733283240233,-1.5018355596246555,1.5866411136147351,0.23883828127088585,-0.7188722258002581,-0.012179192713292153,-1.2840345730500746,0.4357431973493151,50.0,51.0,51.0,41.0,43.0,26.0,29.0,28.0,52.0,98.55,3975442432,1578086400,1483911168,8.51,9.17,9.36,25297891328,9719988224
2026-04-27T15:15:41.415092+02:00,-0.0019658312939392526,0.17591582907846615,0.22074342937233316,-2.656734269135146,1.3772733283240233,-1.5018355596246555,1.5866411136147351,0.23883828127088585,-0.7188722258002581,-0.010645211925406795,-1.2840345730500746,0.4357431973493151,50.0,51.0,51.0,41.0,43.0,26.0,29.0,28.0,52.0,98.55,3975442432,1578086400,1483911168,8.51,9.17,9.36,25297891328,9719988224
2026-04-27T15:15:41.465479+02:00,-0.0018474616576406267,0.1759183288518236,0.22074462785809787,-2.6496723005523184,1.377195903103462,-1.4941970631054504,1.5866411136147351,0.23883828127088585,-0.7188722258002581,-0.012179192713292153,-1.2840345730500746,0.4357431973493151,50.0,51.0,51.0,41.0,43.0,26.0,29.0,28.0,52.0,98.55,3975442432,1578086400,1483911168,8.51,9.17,9.36,25297891328,9719988224
2026-04-27T15:15:41.519645+02:00,-0.0018474616576406267,0.1759183288518236,0.22074462785809787,-2.6496723005523184,1.377195903103462,-1.4941970631054504,1.5866411136147351,0.23883828127088585,-0.7188722258002581,-0.010645211925406795,-1.2840345730500746,0.4357431973493151,50.0,51.0,51.0,41.0,43.0,26.0,29.0,28.0,52.0,98.55,3975442432,1578086400,1483911168,8.51,9.17,9.36,25297891328,9719988224
2026-04-27T15:15:41.574564+02:00,-0.0018474616576406267,0.1759183288518236,0.22074462785809787,-2.6496723005523184,1.377195903103462,-1.4941970631054504,1.5866411136147351,0.23883828127088585,-0.7188722258002581,-0.010645211925406795,-1.2840345730500746,0.4357431973493151,50.0,51.0,51.0,41.0,43.0,26.0,29.0,28.0,52.0,98.55,3975442432,1578086400,1483911168,8.51,9.17,9.36,25297891328,9719988224
2026-04-27T15:15:41.629609+02:00,-0.0018474616576406267,0.1759183288518236,0.22074462785809787,-2.6496723005523184,1.377195903103462,-1.4941970631054504,1.5866411136147351,0.23883828127088585,-0.7188722258002581,-0.010645211925406795,-1.2840345730500746,0.4357431973493151,50.0,51.0,51.0,41.0,43.0,26.0,29.0,28.0,52.0,98.55,3975442432,1578086400,1483911168,8.51,9.17,9.36,25297891328,9719988224
2026-04-27T15:15:41.679800+02:00,-0.0019658312939392526,0.17591582907846615,0.22074342937233316,-2.656734269135146,1.3772733283240233,-1.5018355596246555,1.5866411136147351,0.23883828127088585,-0.7188722258002581,-0.010645211925406795,-1.2840345730500746,0.4357431973493151,50.0,51.0,51.0,41.0,43.0,26.0,29.0,28.0,52.0,98.53,3975442432,1543417856,1518542848,8.51,9.17,9.36,25297891328,9719996416
2026-04-27T15:15:41.731205+02:00,-0.0019658312939392526,0.17591582907846615,0.22074342937233316,-2.656734269135146,1.3772733283240233,-1.5018355596246555,1.5866411136147351,0.23883828127088585,-0.7188722258002581,-0.010645211925406795,-1.2840345730500746,0.4357431973493151,50.0,51.0,51.0,41.0,43.0,26.0,29.0,28.0,52.0,98.53,3975442432,1543417856,1518542848,8.51,9.17,9.36,25297891328,9719996416
2026-04-27T15:15:41.781553+02:00,-0.0019658312939392526,0.17591582907846615,0.22074342937233316,-2.656734269135146,1.3772733283240233,-1.5018355596246555,1.5866411136147351,0.23883828127088585,-0.7188722258002581,-0.010645211925406795,-1.2840345730500746,0.4357431973493151,50.0,51.0,51.0,41.0,43.0,26.0,29.0,28.0,52.0,98.53,3975442432,1543417856,1518542848,8.51,9.17,9.36,25297891328,9719996416
2026-04-27T15:15:41.834937+02:00,-0.0019658312939392526,0.17591582907846615,0.22074342937233316,-2.656734269135146,1.3772733283240233,-1.5018355596246555,1.5866411136147351,0.23883828127088585,-0.7188722258002581,-0.010645211925406795,-1.2840345730500746,0.4357431973493151,50.0,51.0,51.0,41.0,43.0,26.0,29.0,28.0,52.0,98.53,3975442432,1543417856,1518542848,8.51,9.17,9.36,25297891328,9719996416
2026-04-27T15:15:41.885146+02:00,-0.0019658312939392526,0.17591582907846615,0.22074342937233316,-2.656734269135146,1.3772733283240233,-1.5018355596246555,1.5866411136147351,0.23883828127088585,-0.7188722258002581,-0.010645211925406795,-1.2840345730500746,0.4357431973493151,50.0,51.0,51.0,41.0,43.0,26.0,29.0,28.0,52.0,98.53,3975442432,1543417856,1518542848,8.51,9.17,9.36,25297891328,9719996416
2026-04-27T15:15:41.936612+02:00,-0.0019658312939392526,0.17591582907846615,0.22074342937233316,-2.656734269135146,1.3772733283240233,-1.5018355596246555,1.5866411136147351,0.23883828127088585,-0.7188722258002581,-0.010645211925406795,-1.2840345730500746,0.4357431973493151,50.0,51.0,51.0,41.0,43.0,26.0,29.0,28.0,52.0,98.53,3975442432,1543417856,1518542848,8.51,9.17,9.36,25297891328,9719996416
2026-04-27T15:15:41.988255+02:00,-0.0019658312939392526,0.17591582907846615,0.22074342937233316,-2.656734269135146,1.3772733283240233,-1.5018355596246555,1.5866411136147351,0.23883828127088585,-0.7188722258002581,-0.010645211925406795,-1.2840345730500746,0.4357431973493151,50.0,51.0,51.0,41.0,43.0,26.0,29.0,28.0,52.0,98.53,3975442432,1543417856,1518542848,8.51,9.17,9.36,25297891328,9719996416
2026-04-27T15:15:42.038660+02:00,-0.0019658312939392526,0.17591582907846615,0.22074342937233316,-2.656734269135146,1.3772733283240233,-1.5018355596246555,1.5866411136147351,0.23883828127088585,-0.7188722258002581,-0.010645211925406795,-1.2840345730500746,0.4357431973493151,50.0,51.0,51.0,41.0,43.0,26.0,29.0,28.0,52.0,98.53,3975442432,1543417856,1518542848,8.51,9.17,9.36,25297891328,9719996416
2026-04-27T15:15:42.089599+02:00,-0.0019658312939392526,0.17591582907846615,0.22074342937233316,-2.656734269135146,1.3772733283240233,-1.5018355596246555,1.5866411136147351,0.23883828127088585,-0.7188722258002581,-0.010645211925406795,-1.2840345730500746,0.4357431973493151,50.0,51.0,51.0,41.0,43.0,26.0,29.0,28.0,52.0,98.53,3975442432,1543417856,1518542848,8.51,9.17,9.36,25297891328,9719996416
2026-04-27T15:15:42.141669+02:00,-0.0019658312939392526,0.17591582907846615,0.22074342937233316,-2.656734269135146,1.3772733283240233,-1.5018355596246555,1.5866411136147351,0.23883828127088585,-0.7188722258002581,-0.010645211925406795,-1.2840345730500746,0.4357431973493151,50.0,51.0,51.0,41.0,43.0,26.0,29.0,28.0,52.0,98.53,3975442432,1543417856,1518542848,8.51,9.17,9.36,25297891328,9719996416
2026-04-27T15:15:42.192828+02:00,-0.0019658312939392526,0.17591582907846615,0.22074342937233316,-2.656734269135146,1.3772733283240233,-1.5018355596246555,1.5866411136147351,0.23883828127088585,-0.7188722258002581,-0.010645211925406795,-1.2840345730500746,0.4357431973493151,50.0,51.0,51.0,41.0,43.0,26.0,29.0,28.0,52.0,98.53,3975442432,1543417856,1518542848,8.51,9.17,9.36,25297891328,9719996416
2026-04-27T15:15:42.245689+02:00,-0.0019658312939392526,0.17591582907846615,0.22074342937233316,-2.656734269135146,1.3772733283240233,-1.5018355596246555,1.5866411136147351,0.23883828127088585,-0.7188722258002581,-0.010645211925406795,-1.2840345730500746,0.4357431973493151,50.0,51.0,51.0,41.0,43.0,26.0,29.0,28.0,52.0,98.53,3975442432,1543417856,1518542848,8.51,9.17,9.36,25297891328,9719996416
2026-04-27T15:15:42.296215+02:00,-0.0019658312939392526,0.17591582907846615,0.22074342937233316,-2.656734269135146,1.3772733283240233,-1.5018355596246555,1.5866411136147351,0.23883828127088585,-0.7188722258002581,-0.010645211925406795,-1.2840345730500746,0.4357431973493151,50.0,51.0,51.0,41.0,43.0,26.0,29.0,28.0,52.0,98.53,3975442432,1543417856,1518542848,8.51,9.17,9.36,25297891328,9719996416
2026-04-27T15:15:42.348310+02:00,-0.0019658312939392526,0.17591582907846615,0.22074342937233316,-2.656734269135146,1.3772733283240233,-1.5018355596246555,1.5866411136147351,0.23883828127088585,-0.7188722258002581,-0.010645211925406795,-1.2840345730500746,0.4357431973493151,50.0,51.0,51.0,41.0,43.0,26.0,29.0,28.0,52.0,98.53,3975442432,1543417856,1518542848,8.51,9.17,9.36,25297891328,9719996416
2026-04-27T15:15:42.399103+02:00,-0.0019658312939392526,0.17591582907846615,0.22074342937233316,-2.656734269135146,1.3772733283240233,-1.5018355596246555,1.5866411136147351,0.23883828127088585,-0.7188722258002581,-0.010645211925406795,-1.2840345730500746,0.4357431973493151,50.0,51.0,51.0,41.0,43.0,26.0,29.0,28.0,52.0,98.53,3975442432,1543417856,1518542848,8.51,9.17,9.36,25297891328,9719996416
2026-04-27T15:15:42.451702+02:00,-0.0019658312939392526,0.17591582907846615,0.22074342937233316,-2.656734269135146,1.3772733283240233,-1.5018355596246555,1.5866411136147351,0.23883828127088585,-0.7188722258002581,-0.010645211925406795,-1.2840345730500746,0.4357431973493151,50.0,51.0,51.0,41.0,43.0,26.0,29.0,28.0,52.0,98.53,3975442432,1543417856,1518542848,8.51,9.17,9.36,25297891328,9719996416
2026-04-27T15:15:42.502718+02:00,-0.0019658312939392526,0.17591582907846615,0.22074342937233316,-2.656734269135146,1.3772733283240233,-1.5018355596246555,1.5866411136147351,0.23883828127088585,-0.7188722258002581,-0.010645211925406795,-1.2840345730500746,0.4357431973493151,50.0,51.0,51.0,41.0,43.0,26.0,29.0,28.0,52.0,98.53,3975442432,1543417856,1518542848,8.51,9.17,9.36,25297891328,9719996416
2026-04-27T15:15:42.553582+02:00,-0.0019658312939392526,0.17591582907846615,0.22074342937233316,-2.656734269135146,1.3772733283240233,-1.5018355596246555,1.5866411136147351,0.23883828127088585,-0.7188722258002581,-0.012179192713292153,-1.2840345730500746,0.4357431973493151,50.0,51.0,51.0,41.0,43.0,26.0,29.0,28.0,52.0,97.74,3975442432,1544933376,1517051904,8.87,9.23,9.38,25297891328,9719996416
2026-04-27T15:15:42.603574+02:00,-0.0019658312939392526,0.17591582907846615,0.22074342937233316,-2.656734269135146,1.3772733283240233,-1.5018355596246555,1.5866411136147351,0.23883828127088585,-0.7188722258002581,-0.010645211925406795,-1.2840345730500746,0.4357431973493151,50.0,51.0,51.0,41.0,43.0,26.0,29.0,28.0,52.0,97.74,3975442432,1544933376,1517051904,8.87,9.23,9.38,25297891328,9719996416
2026-04-27T15:15:42.654391+02:00,-0.0019658312939392526,0.17591582907846615,0.22074342937233316,-2.656734269135146,1.3772733283240233,-1.5018355596246555,1.5866411136147351,0.23883828127088585,-0.7188722258002581,-0.010645211925406795,-1.2840345730500746,0.4357431973493151,50.0,51.0,51.0,41.0,43.0,26.0,29.0,28.0,52.0,97.74,3975442432,1544933376,1517051904,8.87,9.23,9.38,25297891328,9719996416
2026-04-27T15:15:42.706589+02:00,-0.0019658312939392526,0.17591582907846615,0.22074342937233316,-2.656734269135146,1.3772733283240233,-1.5018355596246555,1.5866411136147351,0.23883828127088585,-0.7188722258002581,-0.010645211925406795,-1.2840345730500746,0.4357431973493151,50.0,51.0,51.0,41.0,43.0,26.0,29.0,28.0,52.0,97.74,3975442432,1544933376,1517051904,8.87,9.23,9.38,25297891328,9719996416
2026-04-27T15:15:42.758556+02:00,-0.0019658312939392526,0.17591582907846615,0.22074342937233316,-2.656734269135146,1.3772733283240233,-1.5018355596246555,1.5866411136147351,0.23883828127088585,-0.7188722258002581,-0.010645211925406795,-1.2840345730500746,0.4357431973493151,51.0,51.0,51.0,41.0,43.0,26.0,29.0,0.0,52.0,97.74,3975442432,1544933376,1517051904,8.87,9.23,9.38,25297891328,9719996416
2026-04-27T15:15:42.808668+02:00,-0.0019658312939392526,0.17591582907846615,0.22074342937233316,-2.656734269135146,1.3772733283240233,-1.5018355596246555,1.5866411136147351,0.23883828127088585,-0.7188722258002581,-0.010645211925406795,-1.2840345730500746,0.4357431973493151,51.0,51.0,51.0,41.0,43.0,26.0,29.0,0.0,52.0,97.74,3975442432,1544933376,1517051904,8.87,9.23,9.38,25297891328,9719996416
2026-04-27T15:15:42.859844+02:00,-0.0019658312939392526,0.17591582907846615,0.22074342937233316,-2.656734269135146,1.3772733283240233,-1.5018355596246555,1.5866411136147351,0.23883828127088585,-0.7188722258002581,-0.010645211925406795,-1.2840345730500746,0.4357431973493151,51.0,51.0,51.0,41.0,43.0,26.0,29.0,0.0,52.0,97.74,3975442432,1544933376,1517051904,8.87,9.23,9.38,25297891328,9719996416
2026-04-27T15:15:42.914862+02:00,-0.0019658312939392526,0.17591582907846615,0.22074342937233316,-2.656734269135146,1.3772733283240233,-1.5018355596246555,1.5866411136147351,0.23883828127088585,-0.7188722258002581,-0.012179192713292153,-1.2840345730500746,0.4357431973493151,51.0,51.0,51.0,41.0,43.0,26.0,29.0,0.0,52.0,97.74,3975442432,1544933376,1517051904,8.87,9.23,9.38,25297891328,9719996416
2026-04-27T15:15:42.966161+02:00,-0.0019658312939392526,0.17591582907846615,0.22074342937233316,-2.656734269135146,1.3772733283240233,-1.5018355596246555,1.5866411136147351,0.23883828127088585,-0.7188722258002581,-0.010645211925406795,-1.2840345730500746,0.4357431973493151,51.0,51.0,51.0,41.0,43.0,26.0,29.0,0.0,52.0,97.74,3975442432,1544933376,1517051904,8.87,9.23,9.38,25297891328,9719996416
2026-04-27T15:15:43.018363+02:00,-0.0019658312939392526,0.17591582907846615,0.22074342937233316,-2.656734269135146,1.3772733283240233,-1.5018355596246555,1.5866411136147351,0.23883828127088585,-0.7188722258002581,-0.010645211925406795,-1.2840345730500746,0.4357431973493151,51.0,51.0,51.0,41.0,43.0,26.0,29.0,0.0,52.0,97.74,3975442432,1544933376,1517051904,8.87,9.23,9.38,25297891328,9719996416
2026-04-27T15:15:43.069989+02:00,-0.0019658312939392526,0.17591582907846615,0.22074342937233316,-2.656734269135146,1.3772733283240233,-1.5018355596246555,1.5866411136147351,0.23883828127088585,-0.7188722258002581,-0.010645211925406795,-1.2840345730500746,0.4342092165614293,51.0,51.0,51.0,41.0,43.0,26.0,29.0,0.0,52.0,97.74,3975442432,1544933376,1517051904,8.87,9.23,9.38,25297891328,9719996416
2026-04-27T15:15:43.121060+02:00,-0.0019658312939392526,0.17591582907846615,0.22074342937233316,-2.656734269135146,1.3772733283240233,-1.5018355596246555,1.5866411136147351,0.23883828127088585,-0.7188722258002581,-0.010645211925406795,-1.2840345730500746,0.4357431973493151,51.0,51.0,51.0,41.0,43.0,26.0,29.0,0.0,52.0,97.74,3975442432,1544933376,1517051904,8.87,9.23,9.38,25297891328,9719996416
2026-04-27T15:15:43.172271+02:00,-0.0019658312939392526,0.17591582907846615,0.22074342937233316,-2.656734269135146,1.3772733283240233,-1.5018355596246555,1.5866411136147351,0.23883828127088585,-0.7188722258002581,-0.010645211925406795,-1.2840345730500746,0.4342092165614293,51.0,51.0,51.0,41.0,43.0,26.0,29.0,0.0,52.0,97.74,3975442432,1544933376,1517051904,8.87,9.23,9.38,25297891328,9719996416
2026-04-27T15:15:43.223695+02:00,-0.0019658312939392526,0.17591582907846615,0.22074342937233316,-2.656734269135146,1.3772733283240233,-1.5018355596246555,1.5866411136147351,0.23883828127088585,-0.7188722258002581,-0.010645211925406795,-1.2840345730500746,0.4342092165614293,51.0,51.0,51.0,41.0,43.0,26.0,29.0,0.0,52.0,97.74,3975442432,1544933376,1517051904,8.87,9.23,9.38,25297891328,9719996416
2026-04-27T15:15:43.275752+02:00,-0.0019658312939392526,0.17591582907846615,0.22074342937233316,-2.656734269135146,1.3772733283240233,-1.5018355596246555,1.5866411136147351,0.23883828127088585,-0.7188722258002581,-0.010645211925406795,-1.2840345730500746,0.4342092165614293,51.0,51.0,51.0,41.0,43.0,26.0,29.0,0.0,52.0,97.74,3975442432,1544933376,1517051904,8.87,9.23,9.38,25297891328,9719996416
2026-04-27T15:15:43.327604+02:00,-0.0019658312939392765,0.17591582907846615,0.22074342937233316,-2.6582682499230317,1.3772733283240228,-1.5018355596246549,1.5866411136147351,0.23883828127088585,-0.7188722258002581,-0.010645211925406795,-1.2840345730500746,0.4342092165614293,51.0,51.0,51.0,41.0,43.0,26.0,29.0,0.0,52.0,97.74,3975442432,1544933376,1517051904,8.87,9.23,9.38,25297891328,9719996416
2026-04-27T15:15:43.377669+02:00,-0.0019658312939392765,0.17591582907846615,0.22074342937233316,-2.6582682499230317,1.3772733283240228,-1.5018355596246549,1.5866411136147351,0.23883828127088585,-0.7188722258002581,-0.010645211925406795,-1.2840345730500746,0.4357431973493151,51.0,51.0,51.0,41.0,43.0,26.0,29.0,0.0,52.0,97.74,3975442432,1544933376,1517051904,8.87,9.23,9.38,25297891328,9719996416
2026-04-27T15:15:43.430773+02:00,-0.0019658312939392526,0.17591582907846615,0.22074342937233316,-2.656734269135146,1.3772733283240233,-1.5018355596246555,1.5866411136147351,0.23883828127088585,-0.7188722258002581,-0.010645211925406795,-1.2840345730500746,0.4357431973493151,51.0,51.0,51.0,41.0,43.0,26.0,29.0,0.0,52.0,97.74,3975442432,1544933376,1517051904,8.87,9.23,9.38,25297891328,9719996416
2026-04-27T15:15:43.481724+02:00,-0.0019658312939392526,0.17591582907846615,0.22074342937233316,-2.656734269135146,1.3772733283240233,-1.5018355596246555,1.5866411136147351,0.23883828127088585,-0.7188722258002581,-0.010645211925406795,-1.2840345730500746,0.4342092165614293,51.0,51.0,51.0,41.0,43.0,26.0,29.0,0.0,52.0,97.74,3975442432,1544933376,1517051904,8.87,9.23,9.38,25297891328,9719996416
2026-04-27T15:15:43.533581+02:00,-0.0019658312939392526,0.17591582907846615,0.22074342937233316,-2.656734269135146,1.3772733283240233,-1.5018355596246555,1.5866411136147351,0.23883828127088585,-0.7188722258002581,-0.010645211925406795,-1.2840345730500746,0.4342092165614293,51.0,51.0,51.0,41.0,43.0,26.0,29.0,0.0,52.0,97.74,3975442432,1544933376,1517051904,8.87,9.23,9.38,25297891328,9719996416
2026-04-27T15:15:43.585435+02:00,-0.0019658312939392526,0.17591582907846615,0.22074342937233316,-2.656734269135146,1.3772733283240233,-1.5018355596246555,1.5866411136147351,0.23883828127088585,-0.7188722258002581,-0.010645211925406795,-1.2840345730500746,0.4342092165614293,51.0,51.0,51.0,41.0,43.0,26.0,29.0,0.0,52.0,97.74,3975442432,1544933376,1517051904,8.87,9.23,9.38,25297891328,9719996416
2026-04-27T15:15:43.640525+02:00,-0.0019658312939392765,0.17591582907846615,0.22074342937233316,-2.6582682499230317,1.3772733283240228,-1.5018355596246549,1.5866411136147351,0.23883828127088585,-0.7188722258002581,-0.010645211925406795,-1.2840345730500746,0.4342092165614293,51.0,51.0,51.0,41.0,43.0,26.0,29.0,0.0,52.0,97.74,3975442432,1544933376,1517051904,8.87,9.23,9.38,25297891328,9719996416
2026-04-27T15:15:43.691740+02:00,-0.0019658312939392765,0.17591582907846615,0.22074342937233316,-2.6582682499230317,1.3772733283240228,-1.5018355596246549,1.5866411136147351,0.23883828127088585,-0.7188722258002581,-0.010645211925406795,-1.2840345730500746,0.4342092165614293,51.0,51.0,51.0,41.0,43.0,26.0,29.0,0.0,52.0,99.3,3975442432,1545244672,1516703744,8.87,9.23,9.38,25297891328,9720029184
2026-04-27T15:15:43.746166+02:00,-0.0019658312939392765,0.17591582907846615,0.22074342937233316,-2.6582682499230317,1.3772733283240228,-1.5018355596246549,1.5866411136147351,0.23883828127088585,-0.7188722258002581,-0.010645211925406795,-1.2840345730500746,0.4342092165614293,51.0,51.0,51.0,41.0,43.0,26.0,29.0,0.0,52.0,99.3,3975442432,1545244672,1516703744,8.87,9.23,9.38,25297891328,9720029184
2026-04-27T15:15:43.799583+02:00,-0.0019658312939392765,0.17591582907846615,0.22074342937233316,-2.6582682499230317,1.3772733283240228,-1.5018355596246549,1.5866411136147351,0.23883828127088585,-0.7188722258002581,-0.010645211925406795,-1.2840345730500746,0.4342092165614293,51.0,51.0,51.0,41.0,43.0,26.0,29.0,0.0,52.0,99.3,3975442432,1545244672,1516703744,8.87,9.23,9.38,25297891328,9720029184
2026-04-27T15:15:43.852189+02:00,-0.0019658312939392526,0.17591582907846615,0.22074342937233316,-2.656734269135146,1.3772733283240233,-1.5018355596246555,1.5866411136147351,0.23883828127088585,-0.7188722258002581,-0.010645211925406795,-1.2840345730500746,0.4342092165614293,51.0,51.0,51.0,41.0,43.0,26.0,29.0,0.0,52.0,99.3,3975442432,1545244672,1516703744,8.87,9.23,9.38,25297891328,9720029184
2026-04-27T15:15:43.906419+02:00,-0.0019658312939392526,0.17591582907846615,0.22074342937233316,-2.656734269135146,1.3772733283240233,-1.5018355596246555,1.5866411136147351,0.23883828127088585,-0.7188722258002581,-0.010645211925406795,-1.2840345730500746,0.4342092165614293,51.0,51.0,51.0,41.0,43.0,26.0,29.0,0.0,52.0,99.3,3975442432,1545244672,1516703744,8.87,9.23,9.38,25297891328,9720029184
2026-04-27T15:15:43.960855+02:00,-0.0019658312939392526,0.17591582907846615,0.22074342937233316,-2.656734269135146,1.3772733283240233,-1.5018355596246555,1.5866411136147351,0.23883828127088585,-0.7188722258002581,-0.010645211925406795,-1.2840345730500746,0.4342092165614293,51.0,51.0,51.0,41.0,43.0,26.0,29.0,0.0,52.0,99.3,3975442432,1545244672,1516703744,8.87,9.23,9.38,25297891328,9720029184
2026-04-27T15:15:44.013030+02:00,-0.0019658312939392526,0.17591582907846615,0.22074342937233316,-2.656734269135146,1.3772733283240233,-1.5018355596246555,1.5866411136147351,0.23883828127088585,-0.7188722258002581,-0.010645211925406795,-1.2840345730500746,0.4342092165614293,51.0,51.0,51.0,41.0,43.0,26.0,29.0,0.0,52.0,99.3,3975442432,1545244672,1516703744,8.87,9.23,9.38,25297891328,9720029184
2026-04-27T15:15:44.065549+02:00,-0.0019658312939392765,0.17591582907846615,0.22074342937233316,-2.6582682499230317,1.3772733283240228,-1.5018355596246549,1.5866411136147351,0.23883828127088585,-0.7188722258002581,-0.010645211925406795,-1.2840345730500746,0.4342092165614293,51.0,51.0,51.0,41.0,43.0,26.0,29.0,0.0,52.0,99.3,3975442432,1545244672,1516703744,8.87,9.23,9.38,25297891328,9720029184
2026-04-27T15:15:44.120607+02:00,-0.0019658312939392765,0.17591582907846615,0.22074342937233316,-2.6582682499230317,1.3772733283240228,-1.5018355596246549,1.5866411136147351,0.23883828127088585,-0.7188722258002581,-0.010645211925406795,-1.2840345730500746,0.4342092165614293,51.0,51.0,51.0,41.0,43.0,26.0,29.0,0.0,52.0,99.3,3975442432,1545244672,1516703744,8.87,9.23,9.38,25297891328,9720029184
2026-04-27T15:15:44.172003+02:00,-0.0019658312939392765,0.17591582907846615,0.22074342937233316,-2.6582682499230317,1.3772733283240228,-1.5018355596246549,1.5866411136147351,0.23883828127088585,-0.7188722258002581,-0.010645211925406795,-1.2840345730500746,0.4342092165614293,51.0,51.0,51.0,41.0,43.0,26.0,29.0,0.0,52.0,99.3,3975442432,1545244672,1516703744,8.87,9.23,9.38,25297891328,9720029184
2026-04-27T15:15:44.224405+02:00,-0.0019658312939392765,0.17591582907846615,0.22074342937233316,-2.6582682499230317,1.3772733283240228,-1.5018355596246549,1.5866411136147351,0.23883828127088585,-0.7188722258002581,-0.010645211925406795,-1.2840345730500746,0.4342092165614293,51.0,51.0,51.0,41.0,43.0,26.0,29.0,0.0,52.0,99.3,3975442432,1545244672,1516703744,8.87,9.23,9.38,25297891328,9720029184
2026-04-27T15:15:44.277972+02:00,-0.0019658312939392765,0.17591582907846615,0.22074342937233316,-2.6582682499230317,1.3772733283240228,-1.5018355596246549,1.5866411136147351,0.23883828127088585,-0.7188722258002581,-0.010645211925406795,-1.2840345730500746,0.4342092165614293,51.0,51.0,51.0,41.0,43.0,26.0,29.0,0.0,52.0,99.3,3975442432,1545244672,1516703744,8.87,9.23,9.38,25297891328,9720029184
2026-04-27T15:15:44.328298+02:00,-0.0019658312939392765,0.17591582907846615,0.22074342937233316,-2.6582682499230317,1.3772733283240228,-1.5018355596246549,1.5866411136147351,0.23883828127088585,-0.7188722258002581,-0.010645211925406795,-1.2840345730500746,0.4342092165614293,51.0,51.0,51.0,41.0,43.0,26.0,29.0,0.0,52.0,99.3,3975442432,1545244672,1516703744,8.87,9.23,9.38,25297891328,9720029184
2026-04-27T15:15:44.380296+02:00,-0.0019658312939392765,0.17591582907846615,0.22074342937233316,-2.6582682499230317,1.3772733283240228,-1.5018355596246549,1.5866411136147351,0.23883828127088585,-0.7188722258002581,-0.010645211925406795,-1.2840345730500746,0.4342092165614293,51.0,51.0,51.0,41.0,43.0,26.0,29.0,0.0,52.0,99.3,3975442432,1545244672,1516703744,8.87,9.23,9.38,25297891328,9720029184
2026-04-27T15:15:44.432021+02:00,-0.0019658312939392765,0.17591582907846615,0.22074342937233316,-2.6582682499230317,1.3772733283240228,-1.5018355596246549,1.5866411136147351,0.23883828127088585,-0.7188722258002581,-0.010645211925406795,-1.2840345730500746,0.4342092165614293,51.0,51.0,51.0,41.0,43.0,26.0,29.0,0.0,52.0,99.3,3975442432,1545244672,1516703744,8.87,9.23,9.38,25297891328,9720029184
2026-04-27T15:15:44.487073+02:00,-0.0019658312939392765,0.17591582907846615,0.22074342937233316,-2.6582682499230317,1.3772733283240228,-1.5018355596246549,1.5866411136147351,0.23883828127088585,-0.7188722258002581,-0.010645211925406795,-1.2840345730500746,0.4342092165614293,51.0,51.0,51.0,41.0,43.0,26.0,29.0,0.0,52.0,99.3,3975442432,1545244672,1516703744,8.87,9.23,9.38,25297891328,9720029184
2026-04-27T15:15:44.537389+02:00,-0.0019658312939392765,0.17591582907846615,0.22074342937233316,-2.6582682499230317,1.3772733283240228,-1.5018355596246549,1.5866411136147351,0.23883828127088585,-0.7188722258002581,-0.010645211925406795,-1.2840345730500746,0.4342092165614293,51.0,51.0,51.0,41.0,43.0,26.0,29.0,0.0,52.0,99.3,3975442432,1545244672,1516703744,8.87,9.23,9.38,25297891328,9720029184
2026-04-27T15:15:44.590067+02:00,-0.0019658312939392765,0.17591582907846615,0.22074342937233316,-2.6582682499230317,1.3772733283240228,-1.5018355596246549,1.5866411136147351,0.23883828127088585,-0.7188722258002581,-0.010645211925406795,-1.2840345730500746,0.4342092165614293,51.0,51.0,51.0,41.0,43.0,26.0,29.0,0.0,52.0,99.3,3975442432,1545244672,1516703744,8.87,9.23,9.38,25297891328,9720029184
2026-04-27T15:15:44.640159+02:00,-0.0019658312939392765,0.17591582907846615,0.22074342937233316,-2.6582682499230317,1.3772733283240228,-1.5018355596246549,1.5866411136147351,0.23883828127088585,-0.7188722258002581,-0.010645211925406795,-1.2840345730500746,0.4342092165614293,51.0,51.0,51.0,41.0,43.0,26.0,29.0,0.0,52.0,99.3,3975442432,1545244672,1516703744,8.87,9.23,9.38,25297891328,9720029184
2026-04-27T15:15:44.690657+02:00,-0.0019658312939392765,0.17591582907846615,0.22074342937233316,-2.6582682499230317,1.3772733283240228,-1.5018355596246549,1.5866411136147351,0.23883828127088585,-0.7188722258002581,-0.010645211925406795,-1.2840345730500746,0.4342092165614293,51.0,51.0,51.0,41.0,43.0,26.0,29.0,0.0,52.0,94.96,3975442432,1551122432,1510817792,8.87,9.23,9.38,25297891328,9720029184
2026-04-27T15:15:44.741339+02:00,-0.0019658312939392765,0.17591582907846615,0.22074342937233316,-2.6582682499230317,1.3772733283240228,-1.5018355596246549,1.5866411136147351,0.23883828127088585,-0.7188722258002581,-0.010645211925406795,-1.2840345730500746,0.4342092165614293,51.0,51.0,51.0,41.0,43.0,26.0,29.0,0.0,52.0,94.96,3975442432,1551122432,1510817792,8.87,9.23,9.38,25297891328,9720029184
2026-04-27T15:15:44.794327+02:00,-0.0019658312939392765,0.17591582907846615,0.22074342937233316,-2.6582682499230317,1.3772733283240228,-1.5018355596246549,1.5866411136147351,0.23883828127088585,-0.7188722258002581,-0.010645211925406795,-1.2855685538379604,0.4342092165614293,50.0,51.0,51.0,41.0,43.0,26.0,29.0,28.0,52.0,94.96,3975442432,1551122432,1510817792,8.87,9.23,9.38,25297891328,9720029184
2026-04-27T15:15:44.847720+02:00,-0.0019658312939392765,0.17591582907846615,0.22074342937233316,-2.6582682499230317,1.3772733283240228,-1.5018355596246549,1.5866411136147351,0.23883828127088585,-0.7188722258002581,-0.010645211925406795,-1.2855685538379604,0.4342092165614293,50.0,51.0,51.0,41.0,43.0,26.0,29.0,28.0,52.0,94.96,3975442432,1551122432,1510817792,8.87,9.23,9.38,25297891328,9720029184
2026-04-27T15:15:44.899660+02:00,-0.0019658312939392765,0.17591582907846615,0.22074342937233316,-2.6582682499230317,1.3772733283240228,-1.5018355596246549,1.5866411136147351,0.23883828127088585,-0.7188722258002581,-0.010645211925406795,-1.2855685538379604,0.4342092165614293,50.0,51.0,51.0,41.0,43.0,26.0,29.0,28.0,52.0,94.96,3975442432,1551122432,1510817792,8.87,9.23,9.38,25297891328,9720029184
2026-04-27T15:15:44.951087+02:00,-0.0019658312939392765,0.17591582907846615,0.22074342937233316,-2.6582682499230317,1.3772733283240228,-1.5018355596246549,1.5866411136147351,0.23883828127088585,-0.7188722258002581,-0.010645211925406795,-1.2855685538379604,0.4342092165614293,50.0,51.0,51.0,41.0,43.0,26.0,29.0,28.0,52.0,94.96,3975442432,1551122432,1510817792,8.87,9.23,9.38,25297891328,9720029184
2026-04-27T15:15:45.002748+02:00,-0.0019658312939392765,0.17591582907846615,0.22074342937233316,-2.6582682499230317,1.3772733283240228,-1.5018355596246549,1.5866411136147351,0.23883828127088585,-0.7188722258002581,-0.010645211925406795,-1.2855685538379604,0.4342092165614293,50.0,51.0,51.0,41.0,43.0,26.0,29.0,28.0,52.0,94.96,3975442432,1551122432,1510817792,8.87,9.23,9.38,25297891328,9720029184
2026-04-27T15:15:45.053291+02:00,-0.001963275652906794,0.17578788670976567,0.22075411839472475,-2.6586495018425507,1.3757411830193471,-1.502224122168052,1.5866411136147351,0.23883828127088585,-0.7188722258002581,-0.010645211925406795,-1.2855685538379604,0.4342092165614293,50.0,51.0,51.0,41.0,43.0,26.0,29.0,28.0,52.0,94.96,3975442432,1551122432,1510817792,8.87,9.23,9.38,25297891328,9720029184
2026-04-27T15:15:45.108370+02:00,-0.001963275652906794,0.17578788670976567,0.22075411839472475,-2.6586495018425507,1.3757411830193471,-1.502224122168052,1.5866411136147351,0.23883828127088585,-0.7188722258002581,-0.010645211925406795,-1.2855685538379604,0.4357431973493151,50.0,51.0,51.0,41.0,43.0,26.0,29.0,28.0,52.0,94.96,3975442432,1551122432,1510817792,8.87,9.23,9.38,25297891328,9720029184
2026-04-27T15:15:45.160968+02:00,-0.001963275652906794,0.17578788670976567,0.22075411839472475,-2.6586495018425507,1.3757411830193471,-1.502224122168052,1.5866411136147351,0.23883828127088585,-0.7188722258002581,-0.010645211925406795,-1.2855685538379604,0.4342092165614293,50.0,51.0,51.0,41.0,43.0,26.0,29.0,28.0,52.0,94.96,3975442432,1551122432,1510817792,8.87,9.23,9.38,25297891328,9720029184
2026-04-27T15:15:45.211490+02:00,-0.001963275652906794,0.17578788670976567,0.22075411839472475,-2.6586495018425507,1.3757411830193471,-1.502224122168052,1.5866411136147351,0.23883828127088585,-0.7188722258002581,-0.010645211925406795,-1.2855685538379604,0.4342092165614293,50.0,51.0,51.0,41.0,43.0,26.0,29.0,28.0,52.0,94.96,3975442432,1551122432,1510817792,8.87,9.23,9.38,25297891328,9720029184
2026-04-27T15:15:45.263017+02:00,-0.001963275652906794,0.17578788670976567,0.22075411839472475,-2.6586495018425507,1.3757411830193471,-1.502224122168052,1.5866411136147351,0.23883828127088585,-0.7188722258002581,-0.010645211925406795,-1.2855685538379604,0.4342092165614293,50.0,51.0,51.0,41.0,43.0,26.0,29.0,28.0,52.0,94.96,3975442432,1551122432,1510817792,8.87,9.23,9.38,25297891328,9720029184
2026-04-27T15:15:45.315243+02:00,-0.001963275652906794,0.17578788670976567,0.22075411839472475,-2.6586495018425507,1.3757411830193471,-1.502224122168052,1.5866411136147351,0.23732333548015483,-0.7203871715909892,-0.010645211925406795,-1.2855685538379604,0.4326752357735435,50.0,51.0,51.0,41.0,43.0,26.0,29.0,28.0,52.0,94.96,3975442432,1551122432,1510817792,8.87,9.23,9.38,25297891328,9720029184
2026-04-27T15:15:45.366511+02:00,-0.001963275652906794,0.17578788670976567,0.22075411839472475,-2.6586495018425507,1.3757411830193471,-1.502224122168052,1.5866411136147351,0.23732333548015483,-0.7203871715909892,-0.010645211925406795,-1.2855685538379604,0.4326752357735435,50.0,51.0,51.0,41.0,43.0,26.0,29.0,28.0,52.0,94.96,3975442432,1551122432,1510817792,8.87,9.23,9.38,25297891328,9720029184
2026-04-27T15:15:45.418540+02:00,-0.001963275652906794,0.17578788670976567,0.22075411839472475,-2.6586495018425507,1.3757411830193471,-1.502224122168052,1.5866411136147351,0.22823366073576834,-0.7249320089631824,-0.012179192713292153,-1.2671607843833326,0.3927917352885171,50.0,51.0,51.0,41.0,43.0,26.0,29.0,28.0,52.0,94.96,3975442432,1551122432,1510817792,8.87,9.23,9.38,25297891328,9720029184
2026-04-27T15:15:45.469719+02:00,-0.00186958898285239,0.17688598348802714,0.21744925385903027,-2.6930586770278566,1.3774094966454746,-1.4944423827464586,1.5866411136147351,0.22065893178211293,-0.7264469547539135,-0.016781135076949116,-1.2564229188681328,0.375917946621775,50.0,51.0,51.0,41.0,43.0,26.0,29.0,28.0,52.0,94.96,3975442432,1551122432,1510817792,8.87,9.23,9.38,25297891328,9720029184
2026-04-27T15:15:45.524244+02:00,-0.00186958898285239,0.17688598348802714,0.21744925385903027,-2.6930586770278566,1.3774094966454746,-1.4944423827464586,1.5866411136147351,0.2145991486191886,-0.7309917921261068,-0.02138307744060608,-1.2456850533529331,0.3559761963792618,50.0,51.0,51.0,41.0,43.0,26.0,29.0,28.0,52.0,94.96,3975442432,1551122432,1510817792,8.87,9.23,9.38,25297891328,9720029184
2026-04-27T15:15:45.577656+02:00,-0.00186958898285239,0.17688598348802714,0.21744925385903027,-2.6930586770278566,1.3774094966454746,-1.4944423827464586,1.5851191865069958,0.21005431124699542,-0.7340216837075689,-0.025985019804263043,-1.2242093223225345,0.306888811166921,50.0,51.0,51.0,41.0,43.0,26.0,29.0,28.0,52.0,94.96,3975442432,1551122432,1510817792,8.87,9.23,9.38,25297891328,9720029184
2026-04-27T15:15:45.629517+02:00,-0.00186958898285239,0.17688598348802714,0.21744925385903027,-2.6930586770278566,1.3774094966454746,-1.4944423827464586,1.5851191865069958,0.19793474492114677,-0.7415964126612242,-0.030586962167920007,-1.2011996105042502,0.2670053106818946,50.0,51.0,51.0,41.0,43.0,26.0,29.0,28.0,52.0,93.85,3975442432,1551835136,1510105088,8.87,9.23,9.38,25297891328,9720033280
2026-04-27T15:15:45.679732+02:00,-0.0003215112770973791,0.18096930980129033,0.20808460893961647,-2.724720977329818,1.394589103258792,-1.3930684515608367,1.5851191865069958,0.18884507017676033,-0.7446263042426864,-0.03672288531946233,-1.1812578602617365,0.2317237525605247,50.0,51.0,51.0,41.0,43.0,26.0,29.0,28.0,52.0,93.85,3975442432,1551835136,1510105088,8.87,9.23,9.38,25297891328,9720033280
2026-04-27T15:15:45.734731+02:00,-0.0003215112770973791,0.18096930980129033,0.20808460893961647,-2.724720977329818,1.394589103258792,-1.3930684515608367,1.5835972593992573,0.18127034122310492,-0.7491711416148796,-0.04132482768311929,-1.1628500908071087,0.1718985018329846,50.0,51.0,51.0,41.0,43.0,26.0,29.0,28.0,52.0,93.85,3975442432,1551835136,1510105088,8.87,9.23,9.38,25297891328,9720033280
2026-04-27T15:15:45.785685+02:00,-0.0003215112770973791,0.18096930980129033,0.20808460893961647,-2.724720977329818,1.394589103258792,-1.3930684515608367,1.5835972593992573,0.17066572068798735,-0.7522010331963418,-0.045926770046776255,-1.1367724174130527,0.12741305898430122,50.0,51.0,51.0,41.0,43.0,26.0,29.0,28.0,52.0,93.85,3975442432,1551835136,1510105088,8.87,9.23,9.38,25297891328,9720033280
2026-04-27T15:15:45.836699+02:00,-0.0003215112770973791,0.18096930980129033,0.20808460893961647,-2.724720977329818,1.394589103258792,-1.3930684515608367,1.582075332291518,0.15854615436213876,-0.756745870568535,-0.05052871241043322,-1.1183646479584248,0.09213150086293131,50.0,51.0,51.0,41.0,43.0,26.0,29.0,28.0,52.0,93.85,3975442432,1551835136,1510105088,8.87,9.23,9.38,25297891328,9720033280
2026-04-27T15:15:45.891772+02:00,0.0009912819503138826,0.18643165489681485,0.1997371381325842,-2.759435750430132,1.4221094905656522,-1.2644869168218653,1.582075332291518,0.1479415338270212,-0.7597757621499972,-0.05359667398620438,-1.0922869745643697,0.032306250135391235,50.0,51.0,51.0,41.0,43.0,26.0,29.0,28.0,52.0,93.85,3975442432,1551835136,1510105088,8.87,9.23,9.38,25297891328,9720033280
2026-04-27T15:15:45.942504+02:00,0.0009912819503138826,0.18643165489681485,0.1997371381325842,-2.759435750430132,1.4221094905656522,-1.2644869168218653,1.5805534051837786,0.12976218433824827,-0.7658355453129215,-0.059732597137747145,-1.0631413395945422,-0.025985019804263043,50.0,51.0,51.0,41.0,43.0,26.0,29.0,28.0,52.0,93.85,3975442432,1551835136,1510105088,8.87,9.23,9.38,25297891328,9720033280
2026-04-27T15:15:45.994558+02:00,0.0009912819503138826,0.18643165489681485,0.1997371381325842,-2.759435750430132,1.4221094905656522,-1.2644869168218653,1.5790314780760402,0.12218745538459286,-0.7673504911036526,-0.06433453950140411,-1.038597646988372,-0.07200444344083223,50.0,51.0,51.0,41.0,43.0,26.0,29.0,28.0,52.0,93.85,3975442432,1551835136,1510105088,8.87,9.23,9.38,25297891328,9720033280
2026-04-27T15:15:46.044651+02:00,0.002284978555555338,0.1910466304480356,0.18993185181909047,-2.795557763265112,1.441015069993448,-1.1371505694579798,1.5775095509683008,0.10703799747728204,-0.7718953284758459,-0.06893648186506107,-1.0063840504427737,-0.13796561731991464,50.0,51.0,51.0,41.0,43.0,26.0,29.0,28.0,52.0,93.85,3975442432,1551835136,1510105088,8.87,9.23,9.38,25297891328,9720033280
2026-04-27T15:15:46.095302+02:00,0.002284978555555338,0.1910466304480356,0.18993185181909047,-2.795557763265112,1.441015069993448,-1.1371505694579798,1.5759876238605615,0.09340348536070242,-0.774925220057308,-0.07047046265294643,-0.9818403578366035,-0.18398504095648427,50.0,51.0,51.0,41.0,43.0,26.0,29.0,28.0,52.0,93.85,3975442432,1551835136,1510105088,8.87,9.23,9.38,25297891328,9720033280
2026-04-27T15:15:46.145586+02:00,0.002284978555555338,0.1910466304480356,0.18993185181909047,-2.795557763265112,1.441015069993448,-1.1371505694579798,1.574465696752823,0.07673908166266052,-0.7779551116387702,-0.0750724050166034,-0.9511607420788901,-0.25454815719922363,50.0,51.0,51.0,41.0,43.0,26.0,29.0,28.0,52.0,93.85,3975442432,1551835136,1510105088,8.87,9.23,9.38,25297891328,9720033280
2026-04-27T15:15:46.196900+02:00,0.002284978555555338,0.1910466304480356,0.18993185181909047,-2.795557763265112,1.441015069993448,-1.1371505694579798,1.5729437696450836,0.06007467796461863,-0.7794700574295013,-0.0766063858044892,-0.9220151071090634,-0.30670350398733515,50.0,51.0,51.0,41.0,43.0,26.0,29.0,28.0,52.0,93.85,3975442432,1551835136,1510105088,8.87,9.23,9.38,25297891328,9720033280
2026-04-27T15:15:46.250944+02:00,0.004215670600503622,0.20037662438282997,0.17370851388934194,-2.773075740504977,1.478568167625622,-0.8449713695477936,1.5714218425373443,0.04038038268511468,-0.7824999490109634,-0.07967434738026036,-0.8867335489876935,-0.36959671629064683,50.0,51.0,51.0,41.0,43.0,26.0,29.0,28.0,52.0,93.85,3975442432,1551835136,1510105088,8.87,9.23,9.38,25297891328,9720033280
2026-04-27T15:15:46.301501+02:00,0.004215670600503622,0.20037662438282997,0.17370851388934194,-2.773075740504977,1.478568167625622,-0.8449713695477936,1.5683779883218665,0.016141250033417376,-0.7840148948016945,-0.08120832816814616,-0.8468500485026667,-0.45856760198801405,50.0,51.0,51.0,41.0,43.0,26.0,29.0,28.0,52.0,93.85,3975442432,1551835136,1510105088,8.87,9.23,9.38,25297891328,9720033280
2026-04-27T15:15:46.351779+02:00,0.004215670600503622,0.20037662438282997,0.17370851388934194,-2.773075740504977,1.478568167625622,-0.8449713695477936,1.5653341341063887,-0.0035530452460865725,-0.7855298405924256,-0.08120832816814616,-0.8238403366843823,-0.5061210064124686,50.0,51.0,51.0,41.0,43.0,26.0,29.0,28.0,52.0,93.85,3975442432,1551835136,1510105088,8.87,9.23,9.38,25297891328,9720033280
2026-04-27T15:15:46.403775+02:00,0.004215670600503622,0.20037662438282997,0.17370851388934194,-2.773075740504977,1.478568167625622,-0.8449713695477936,1.5653341341063887,-0.0035530452460865725,-0.7855298405924256,-0.08120832816814616,-0.8238403366843823,-0.5061210064124686,50.0,51.0,51.0,41.0,43.0,26.0,29.0,28.0,52.0,93.85,3975442432,1551835136,1510105088,8.87,9.23,9.38,25297891328,9720033280
2026-04-27T15:15:46.456424+02:00,0.004215670600503622,0.20037662438282997,0.17370851388934194,-2.773075740504977,1.478568167625622,-0.8449713695477936,1.5653341341063887,-0.0035530452460865725,-0.7855298405924256,-0.08120832816814616,-0.8238403366843823,-0.5061210064124686,50.0,51.0,51.0,41.0,43.0,26.0,29.0,28.0,52.0,93.85,3975442432,1551835136,1510105088,8.87,9.23,9.38,25297891328,9720033280
2026-04-27T15:15:46.510274+02:00,0.005761972920674265,0.20946072601899987,0.15794634213008796,-2.5783098055965836,1.5082231883313195,-0.3910088697213601,1.5592464256754321,-0.06415087687532972,-0.7840148948016945,-0.08120832816814616,-0.7210636238960442,-0.7285482206558869,50.0,51.0,51.0,41.0,43.0,26.0,29.0,28.0,52.0,93.85,3975442432,1551835136,1510105088,8.87,9.23,9.38,25297891328,9720033280
2026-04-27T15:15:46.560622+02:00,0.005761972920674265,0.20946072601899987,0.15794634213008796,-2.5783098055965836,1.5082231883313195,-0.3910088697213601,1.5592464256754321,-0.06415087687532972,-0.7840148948016945,-0.08120832816814616,-0.7210636238960442,-0.7285482206558869,50.0,51.0,51.0,41.0,43.0,26.0,29.0,28.0,52.0,93.85,3975442432,1551835136,1510105088,8.87,9.23,9.38,25297891328,9720033280
2026-04-27T15:15:46.615275+02:00,0.005761972920674265,0.20946072601899987,0.15794634213008796,-2.5783098055965836,1.5082231883313195,-0.3910088697213601,1.5531587172444756,-0.10959925059726205,-0.7824999490109634,-0.07047046265294643,-0.6566364308048471,-0.8788783378686795,50.0,51.0,51.0,41.0,43.0,26.0,29.0,28.0,52.0,98.47,3975442432,1553215488,1508720640,8.87,9.23,9.38,25297891328,9720033280
2026-04-27T15:15:46.666482+02:00,0.006941610487606281,0.22000566450855474,0.13923433210163022,-2.0094021884855215,1.5219137618133716,0.47798524112645274,1.5516367901367372,-0.12626365429530395,-0.7794700574295013,-0.06893648186506107,-0.6336267189865628,-0.9341016462325626,50.0,51.0,51.0,41.0,43.0,26.0,29.0,28.0,52.0,98.47,3975442432,1553215488,1508720640,8.87,9.23,9.38,25297891328,9720033280
2026-04-27T15:15:46.717914+02:00,0.006941610487606281,0.22000566450855474,0.13923433210163022,-2.0094021884855215,1.5219137618133716,0.47798524112645274,1.5485929359212585,-0.14898784115627006,-0.7779551116387702,-0.05819861634986134,-0.6106170071682779,-1.0061987432631878,50.0,51.0,51.0,41.0,43.0,26.0,29.0,28.0,52.0,98.47,3975442432,1553215488,1508720640,8.87,9.23,9.38,25297891328,9720033280
2026-04-27T15:15:46.771887+02:00,0.006941610487606281,0.22000566450855474,0.13923433210163022,-2.0094021884855215,1.5219137618133716,0.47798524112645274,1.54707100881352,-0.1626223532728498,-0.774925220057308,-0.05206269319831902,-0.5952771992894217,-1.0476162245361,50.0,51.0,51.0,41.0,43.0,26.0,29.0,28.0,52.0,98.47,3975442432,1553215488,1508720640,8.87,9.23,9.38,25297891328,9720033280
2026-04-27T15:15:46.825191+02:00,0.006941610487606281,0.22000566450855474,0.13923433210163022,-2.0094021884855215,1.5219137618133716,0.47798524112645274,1.54707100881352,-0.1792867569708917,-0.7734102742665769,-0.04746075083466206,-0.5753354490469085,-1.1013055521120974,50.0,51.0,51.0,41.0,43.0,26.0,29.0,28.0,52.0,98.47,3975442432,1553215488,1508720640,8.87,9.23,9.38,25297891328,9720033280
2026-04-27T15:15:46.875494+02:00,0.007157501946695578,0.22661128995888946,0.12622638539818168,-1.652608626195449,1.5204067329690851,1.0089603683170083,1.5455490817057806,-0.18837643171527807,-0.7718953284758459,-0.0443927892588909,-0.5676655451074799,-1.1319851678698103,50.0,51.0,51.0,41.0,43.0,26.0,29.0,28.0,52.0,98.47,3975442432,1553215488,1508720640,8.87,9.23,9.38,25297891328,9720033280
2026-04-27T15:15:46.926029+02:00,0.007157501946695578,0.22661128995888946,0.12622638539818168,-1.652608626195449,1.5204067329690851,1.0089603683170083,1.5425052274903028,-0.21413051015770646,-0.7673504911036526,-0.03212094295580581,-0.5461898140770809,-1.205616245688321,50.0,51.0,51.0,41.0,43.0,26.0,29.0,28.0,52.0,98.47,3975442432,1553215488,1508720640,8.87,9.23,9.38,25297891328,9720033280
2026-04-27T15:15:46.978141+02:00,0.007157501946695578,0.22661128995888946,0.12622638539818168,-1.652608626195449,1.5204067329690851,1.0089603683170083,1.5425052274903028,-0.22927996806501727,-0.7643205995221904,-0.022917058228491882,-0.5293160254103388,-1.2516356693248902,50.0,51.0,51.0,41.0,43.0,26.0,29.0,28.0,52.0,98.47,3975442432,1553215488,1508720640,8.87,9.23,9.38,25297891328,9720033280
2026-04-27T15:15:47.029537+02:00,0.007157501946695578,0.22661128995888946,0.12622638539818168,-1.652608626195449,1.5204067329690851,1.0089603683170083,1.5409833003825635,-0.24442942597232797,-0.7612907079407283,-0.012179192713292153,-0.5139762175314826,-1.3022570353251164,50.0,51.0,51.0,41.0,43.0,26.0,29.0,28.0,52.0,98.47,3975442432,1553215488,1508720640,8.87,9.23,9.38,25297891328,9720033280
2026-04-27T15:15:47.079747+02:00,0.0074024919347101,0.23124048622687712,0.11488235567039656,-1.4528321288574335,1.5206461984641486,1.3896577945099542,1.5394613732748241,-0.26260877546110095,-0.7597757621499972,9.265358979293481e-05,-0.5001703904405117,-1.3528784013253425,50.0,51.0,51.0,41.0,43.0,26.0,29.0,28.0,52.0,98.47,3975442432,1553215488,1508720640,8.87,9.23,9.38,25297891328,9720033280
2026-04-27T15:15:47.132299+02:00,0.0074024919347101,0.23124048622687712,0.11488235567039656,-1.4528321288574335,1.5206461984641486,1.3896577945099542,1.5379394461670857,-0.27169845020548744,-0.756745870568535,0.004694595953449898,-0.4925004865010836,-1.3835580170830555,50.0,51.0,51.0,41.0,43.0,26.0,29.0,28.0,52.0,98.47,3975442432,1553215488,1508720640,8.87,9.23,9.38,25297891328,9720033280
2026-04-27T15:15:47.186626+02:00,0.0074024919347101,0.23124048622687712,0.11488235567039656,-1.4528321288574335,1.5206461984641486,1.3896577945099542,1.5379394461670857,-0.283818016531336,-0.755230924777804,0.01083051910499222,-0.48329660177376965,-1.4219075367801965,50.0,51.0,51.0,41.0,43.0,26.0,29.0,28.0,52.0,98.47,3975442432,1553215488,1508720640,8.87,9.23,9.38,25297891328,9720033280
2026-04-27T15:15:47.237466+02:00,0.007352092107556677,0.23372676423073058,0.10637182692296868,-1.3089446721736193,1.5220610465313018,1.6414341620345148,1.5364175190593463,-0.2974525286479157,-0.7522010331963418,0.023102365408077308,-0.4756266978343415,-1.4556551141136806,50.0,51.0,51.0,41.0,43.0,26.0,29.0,28.0,52.0,98.47,3975442432,1553215488,1508720640,8.87,9.23,9.38,25297891328,9720033280
2026-04-27T15:15:47.288710+02:00,0.007352092107556677,0.23372676423073058,0.10637182692296868,-1.3089446721736193,1.5220610465313018,1.6414341620345148,1.534895591951607,-0.3050272576015711,-0.7522010331963418,0.026170326983848913,-0.4694907746827992,-1.4771308451440794,50.0,51.0,51.0,41.0,43.0,26.0,29.0,28.0,52.0,98.47,3975442432,1553215488,1508720640,8.87,9.23,9.38,25297891328,9720033280
2026-04-27T15:15:47.339903+02:00,0.007352092107556677,0.23372676423073058,0.10637182692296868,-1.3089446721736193,1.5220610465313018,1.6414341620345148,1.534895591951607,-0.31260198655522653,-0.7491711416148796,0.032306250135391235,-0.46488883231914224,-1.5016745377502498,50.0,51.0,51.0,41.0,43.0,26.0,29.0,28.0,52.0,98.47,3975442432,1553215488,1508720640,8.87,9.23,9.38,25297891328,9720033280
2026-04-27T15:15:47.390661+02:00,0.007352092107556677,0.23372676423073058,0.10637182692296868,-1.3089446721736193,1.5220610465313018,1.6414341620345148,1.534895591951607,-0.32017671550888194,-0.7491711416148796,0.0369081924990482,-0.46335485153125644,-1.5231502687806489,50.0,51.0,51.0,41.0,43.0,26.0,29.0,28.0,52.0,98.47,3975442432,1553215488,1508720640,8.87,9.23,9.38,25297891328,9720033280
2026-04-27T15:15:47.440877+02:00,0.007352092107556677,0.23372676423073058,0.10637182692296868,-1.3089446721736193,1.5220610465313018,1.6414341620345148,1.5333736648438685,-0.3247215528810752,-0.7476561958241486,0.043044115650590964,-0.4602868899554853,-1.535422115083734,50.0,51.0,51.0,41.0,43.0,26.0,29.0,28.0,52.0,98.47,3975442432,1553215488,1508720640,8.87,9.23,9.38,25297891328,9720033280
2026-04-27T15:15:47.493435+02:00,0.007352092107556677,0.23372676423073058,0.10637182692296868,-1.3089446721736193,1.5220610465313018,1.6414341620345148,1.5333736648438685,-0.3247215528810752,-0.7476561958241486,0.043044115650590964,-0.4602868899554853,-1.535422115083734,50.0,51.0,51.0,41.0,43.0,26.0,29.0,28.0,52.0,98.47,3975442432,1553215488,1508720640,8.87,9.23,9.38,25297891328,9720033280
2026-04-27T15:15:47.544767+02:00,0.007352092107556677,0.23372676423073058,0.10637182692296868,-1.3089446721736193,1.5220610465313018,1.6414341620345148,1.5333736648438685,-0.3247215528810752,-0.7476561958241486,0.043044115650590964,-0.4602868899554853,-1.535422115083734,50.0,51.0,51.0,41.0,43.0,26.0,29.0,28.0,52.0,98.47,3975442432,1553215488,1508720640,8.87,9.23,9.38,25297891328,9720033280
2026-04-27T15:15:47.595781+02:00,0.007567086757200928,0.23508642759712298,0.09827411161471876,-1.0362255328209018,1.5278136795709305,1.994369281894024,1.534895591951607,-0.3550204686956967,-0.7446263042426864,0.04764605801424793,-0.4250053318341154,-1.556897846114133,50.0,51.0,51.0,41.0,43.0,26.0,29.0,28.0,52.0,98.47,3975442432,1553215488,1508720640,8.87,9.23,9.38,25297891328,9720033280
2026-04-27T15:15:47.646616+02:00,0.0072758015869810655,0.23643002248396683,0.0911498635996016,-1.1171154556755352,1.5202845051027019,1.9300945468275412,1.534895591951607,-0.361080251858621,-0.7461412500334175,0.04764605801424793,-0.41733542789468725,-1.5553638653262472,50.0,51.0,51.0,41.0,43.0,26.0,29.0,28.0,52.0,98.47,3975442432,1553215488,1508720640,8.87,9.23,9.38,25297891328,9720033280
2026-04-27T15:15:47.696665+02:00,0.0072758015869810655,0.23643002248396683,0.0911498635996016,-1.1171154556755352,1.5202845051027019,1.9300945468275412,1.534895591951607,-0.36714003502154535,-0.7461412500334175,0.04764605801424793,-0.4111995047431445,-1.556897846114133,50.0,51.0,51.0,41.0,43.0,26.0,29.0,28.0,52.0,98.05,3975442432,1586442240,1475440640,8.64,9.18,9.36,25297891328,9720033280
2026-04-27T15:15:47.747521+02:00,0.0072758015869810655,0.23643002248396683,0.0911498635996016,-1.1171154556755352,1.5202845051027019,1.9300945468275412,1.534895591951607,-0.3792596013473939,-0.7446263042426864,0.049180038802133286,-0.3989276584400594,-1.556897846114133,50.0,51.0,51.0,41.0,43.0,26.0,29.0,28.0,52.0,98.05,3975442432,1586442240,1475440640,8.64,9.18,9.36,25297891328,9720033280
2026-04-27T15:15:47.799681+02:00,0.0072758015869810655,0.23643002248396683,0.0911498635996016,-1.1171154556755352,1.5202845051027019,1.9300945468275412,1.534895591951607,-0.39137916767324266,-0.7446263042426864,0.049180038802133286,-0.3881897929248601,-1.5553638653262472,50.0,51.0,51.0,41.0,43.0,26.0,29.0,28.0,52.0,98.05,3975442432,1586442240,1475440640,8.64,9.18,9.36,25297891328,9720033280
2026-04-27T15:15:47.852781+02:00,0.007372235301775274,0.23700688893692448,0.08493577582993923,-1.1413366773136253,1.5187973799621932,1.9039087320031236,1.5364175190593463,-0.4034987339990911,-0.7431113584519553,0.05224800037790445,-0.3743839658338892,-1.556897846114133,50.0,51.0,51.0,41.0,43.0,26.0,29.0,28.0,52.0,98.05,3975442432,1586442240,1475440640,8.64,9.18,9.36,25297891328,9720033280
2026-04-27T15:15:47.902982+02:00,0.007372235301775274,0.23700688893692448,0.08493577582993923,-1.1413366773136253,1.5187973799621932,1.9039087320031236,1.5364175190593463,-0.4095585171620154,-0.7415964126612242,0.05224800037790445,-0.3667140618944611,-1.556897846114133,50.0,51.0,51.0,41.0,43.0,26.0,29.0,28.0,52.0,98.05,3975442432,1586442240,1475440640,8.64,9.18,9.36,25297891328,9720033280
2026-04-27T15:15:47.953476+02:00,0.007372235301775274,0.23700688893692448,0.08493577582993923,-1.1413366773136253,1.5187973799621932,1.9039087320031236,1.5364175190593463,-0.43076775823225055,-0.7385665210797622,0.05838392352944721,-0.3437043500761763,-1.556897846114133,50.0,51.0,51.0,41.0,43.0,26.0,29.0,28.0,52.0,98.05,3975442432,1586442240,1475440640,8.64,9.18,9.36,25297891328,9720033280
2026-04-27T15:15:48.004807+02:00,0.007372235301775274,0.23700688893692448,0.08493577582993923,-1.1413366773136253,1.5187973799621932,1.9039087320031236,1.5364175190593463,-0.4444022703488303,-0.7370515752890311,0.059917904317333015,-0.3345004653488628,-1.556897846114133,50.0,51.0,51.0,41.0,43.0,26.0,29.0,28.0,52.0,98.05,3975442432,1586442240,1475440640,8.64,9.18,9.36,25297891328,9720033280
2026-04-27T15:15:48.055983+02:00,0.007101179493732156,0.23883991236817745,0.07304356848663823,-1.1596123622022823,1.512015873785059,1.877643522626561,1.5379394461670857,-0.45652183667467894,-0.7355366294983,0.06145188510521837,-0.31609269589423494,-1.556897846114133,50.0,51.0,51.0,41.0,43.0,26.0,29.0,28.0,52.0,98.05,3975442432,1586442240,1475440640,8.64,9.18,9.36,25297891328,9720033280
2026-04-27T15:15:48.111050+02:00,0.007101179493732156,0.23883991236817745,0.07304356848663823,-1.1596123622022823,1.512015873785059,1.877643522626561,1.5379394461670857,-0.4656115114190654,-0.7340216837075689,0.06298586589310418,-0.311490753530578,-1.556897846114133,50.0,51.0,51.0,41.0,43.0,26.0,29.0,28.0,52.0,98.05,3975442432,1586442240,1475440640,8.64,9.18,9.36,25297891328,9720033280
2026-04-27T15:15:48.162322+02:00,0.007101179493732156,0.23883991236817745,0.07304356848663823,-1.1596123622022823,1.512015873785059,1.877643522626561,1.5379394461670857,-0.4822759151171073,-0.7325067379168378,0.06451984668098998,-0.3007528880153787,-1.556897846114133,50.0,51.0,51.0,41.0,43.0,26.0,29.0,28.0,52.0,98.05,3975442432,1586442240,1475440640,8.64,9.18,9.36,25297891328,9720033280
2026-04-27T15:15:48.213778+02:00,0.007101179493732156,0.23883991236817745,0.07304356848663823,-1.1596123622022823,1.512015873785059,1.877643522626561,1.5379394461670857,-0.49591042723368683,-0.7309917921261068,0.06758780825676114,-0.29461696486383593,-1.56149978847779,50.0,51.0,51.0,41.0,43.0,26.0,29.0,28.0,52.0,98.05,3975442432,1586442240,1475440640,8.64,9.18,9.36,25297891328,9720033280
2026-04-27T15:15:48.269506+02:00,0.006817441649764241,0.23893182211882655,0.06397485757157588,-1.1414081122247561,1.5144678495346322,1.890816802605953,1.5379394461670857,-0.5080299935595355,-0.7294768463353757,0.0706557698325323,-0.285413080136522,-1.5722376539929892,50.0,51.0,51.0,41.0,43.0,26.0,29.0,28.0,52.0,98.05,3975442432,1586442240,1475440640,8.64,9.18,9.36,25297891328,9720033280
2026-04-27T15:15:48.320113+02:00,0.006817441649764241,0.23893182211882655,0.06397485757157588,-1.1414081122247561,1.5144678495346322,1.890816802605953,1.5379394461670857,-0.5186346140946531,-0.7279619005446446,0.0721897506204181,-0.2777431761970939,-1.5722376539929892,50.0,51.0,51.0,41.0,43.0,26.0,29.0,28.0,52.0,98.05,3975442432,1586442240,1475440640,8.64,9.18,9.36,25297891328,9720033280
2026-04-27T15:15:48.375749+02:00,0.006817441649764241,0.23893182211882655,0.06397485757157588,-1.1414081122247561,1.5144678495346322,1.890816802605953,1.5379394461670857,-0.5277242888390395,-0.7264469547539135,0.07372373140830346,-0.27160725304555156,-1.5722376539929892,50.0,51.0,51.0,41.0,43.0,26.0,29.0,28.0,52.0,98.05,3975442432,1586442240,1475440640,8.64,9.18,9.36,25297891328,9720033280
2026-04-27T15:15:48.426434+02:00,0.006817441649764241,0.23893182211882655,0.06397485757157588,-1.1414081122247561,1.5144678495346322,1.890816802605953,1.5394613732748241,-0.5413588009556193,-0.7249320089631824,0.07525771219618926,-0.2670053106818946,-1.5722376539929892,50.0,51.0,51.0,41.0,43.0,26.0,29.0,28.0,52.0,98.05,3975442432,1586442240,1475440640,8.64,9.18,9.36,25297891328,9720033280
2026-04-27T15:15:48.480069+02:00,0.006448454527794054,0.23790565223592616,0.052951955080537544,-0.9969036626493043,1.528955081529486,2.0426565000350214,1.5394613732748241,-0.5474185841185436,-0.7234170631724514,0.07679169298407507,-0.259335406742466,-1.5753056155687606,50.0,51.0,51.0,41.0,43.0,26.0,29.0,28.0,52.0,98.05,3975442432,1586442240,1475440640,8.64,9.18,9.36,25297891328,9720033280
2026-04-27T15:15:48.533648+02:00,0.006448454527794054,0.23790565223592616,0.052951955080537544,-0.9969036626493043,1.528955081529486,2.0426565000350214,1.5394613732748241,-0.5474185841185436,-0.7234170631724514,0.07679169298407507,-0.259335406742466,-1.5753056155687606,50.0,51.0,51.0,41.0,43.0,26.0,29.0,28.0,52.0,98.05,3975442432,1586442240,1475440640,8.64,9.18,9.36,25297891328,9720033280
2026-04-27T15:15:48.586588+02:00,0.006448454527794054,0.23790565223592616,0.052951955080537544,-0.9969036626493043,1.528955081529486,2.0426565000350214,1.5394613732748241,-0.5640829878165855,-0.7203871715909892,0.07985965455984623,-0.25013152201515254,-1.5753056155687606,50.0,51.0,51.0,41.0,43.0,26.0,29.0,28.0,52.0,98.05,3975442432,1586442240,1475440640,8.64,9.18,9.36,25297891328,9720033280
2026-04-27T15:15:48.638571+02:00,0.006448454527794054,0.23790565223592616,0.052951955080537544,-0.9969036626493043,1.528955081529486,2.0426565000350214,1.5394613732748241,-0.5671128793980477,-0.7203871715909892,0.08139363534773203,-0.25013152201515254,-1.5753056155687606,50.0,51.0,51.0,41.0,43.0,26.0,29.0,28.0,52.0,98.05,3975442432,1586442240,1475440640,8.64,9.18,9.36,25297891328,9720033280
2026-04-27T15:15:48.689458+02:00,0.006527555031070782,0.23786690782687053,0.047232185133859204,-0.9898040382018909,1.5302240010727914,2.0479284956176786,1.5394613732748241,-0.5686278251887787,-0.7203871715909892,0.08139363534773203,-0.25013152201515254,-1.5753056155687606,50.0,51.0,51.0,41.0,43.0,26.0,29.0,28.0,52.0,94.08,3975442432,1589313536,1472569344,8.64,9.18,9.36,25297891328,9720033280
2026-04-27T15:15:48.741508+02:00,0.006527555031070782,0.23786690782687053,0.047232185133859204,-0.9898040382018909,1.5302240010727914,2.0479284956176786,1.5394613732748241,-0.5701427709795098,-0.7203871715909892,0.08139363534773203,-0.24706356043938094,-1.5753056155687606,50.0,51.0,51.0,41.0,43.0,26.0,29.0,28.0,52.0,94.08,3975442432,1589313536,1472569344,8.64,9.18,9.36,25297891328,9720033280
2026-04-27T15:15:48.792529+02:00,0.006527555031070782,0.23786690782687053,0.047232185133859204,-0.9898040382018909,1.5302240010727914,2.0479284956176786,1.5394613732748241,-0.5701427709795098,-0.7203871715909892,0.08139363534773203,-0.24706356043938094,-1.5753056155687606,50.0,51.0,51.0,41.0,43.0,26.0,29.0,28.0,52.0,94.08,3975442432,1589313536,1472569344,8.64,9.18,9.36,25297891328,9720033280
2026-04-27T15:15:48.842571+02:00,0.00652140238944339,0.23757815879542823,0.046188564622741755,-0.9672135532956072,1.5314207143558922,2.0689588935705423,1.5394613732748241,-0.5701427709795098,-0.7203871715909892,0.08139363534773203,-0.24706356043938094,-1.5753056155687606,50.0,51.0,51.0,41.0,43.0,26.0,29.0,28.0,52.0,94.08,3975442432,1589313536,1472569344,8.64,9.18,9.36,25297891328,9720033280
2026-04-27T15:15:48.893637+02:00,0.00652140238944339,0.23757815879542823,0.046188564622741755,-0.9672135532956072,1.5314207143558922,2.0689588935705423,1.5394613732748241,-0.5701427709795098,-0.7203871715909892,0.08139363534773203,-0.24706356043938094,-1.5753056155687606,50.0,51.0,51.0,41.0,43.0,26.0,29.0,28.0,52.0,94.08,3975442432,1589313536,1472569344,8.64,9.18,9.36,25297891328,9720033280
2026-04-27T15:15:48.945468+02:00,0.00652140238944339,0.23757815879542823,0.046188564622741755,-0.9672135532956072,1.5314207143558922,2.0689588935705423,1.5394613732748241,-0.5701427709795098,-0.7203871715909892,0.08139363534773203,-0.24706356043938094,-1.5753056155687606,50.0,51.0,51.0,41.0,43.0,26.0,29.0,28.0,52.0,94.08,3975442432,1589313536,1472569344,8.64,9.18,9.36,25297891328,9720033280
2026-04-27T15:15:48.997204+02:00,0.00652140238944339,0.23757815879542823,0.046188564622741755,-0.9672135532956072,1.5314207143558922,2.0689588935705423,1.5394613732748241,-0.5701427709795098,-0.7203871715909892,0.08139363534773203,-0.24706356043938094,-1.5753056155687606,50.0,51.0,51.0,41.0,43.0,26.0,29.0,28.0,52.0,94.08,3975442432,1589313536,1472569344,8.64,9.18,9.36,25297891328,9720033280
2026-04-27T15:15:49.047409+02:00,0.00652140238944339,0.23757815879542823,0.046188564622741755,-0.9672135532956072,1.5314207143558922,2.0689588935705423,1.5394613732748241,-0.5701427709795098,-0.7203871715909892,0.08139363534773203,-0.24706356043938094,-1.5753056155687606,50.0,51.0,51.0,41.0,43.0,26.0,29.0,28.0,52.0,94.08,3975442432,1589313536,1472569344,8.64,9.18,9.36,25297891328,9720033280
2026-04-27T15:15:49.097433+02:00,0.00652140238944339,0.23757815879542823,0.046188564622741755,-0.9672135532956072,1.5314207143558922,2.0689588935705423,1.5394613732748241,-0.5701427709795098,-0.7203871715909892,0.08139363534773203,-0.24706356043938094,-1.5753056155687606,50.0,51.0,51.0,41.0,43.0,26.0,29.0,28.0,52.0,94.08,3975442432,1589313536,1472569344,8.64,9.18,9.36,25297891328,9720033280
2026-04-27T15:15:49.147485+02:00,0.00652140238944339,0.23757815879542823,0.046188564622741755,-0.9672135532956072,1.5314207143558922,2.0689588935705423,1.5394613732748241,-0.5701427709795098,-0.7203871715909892,0.08139363534773203,-0.24706356043938094,-1.5753056155687606,50.0,51.0,51.0,41.0,43.0,26.0,29.0,28.0,52.0,94.08,3975442432,1589313536,1472569344,8.64,9.18,9.36,25297891328,9720033280
2026-04-27T15:15:49.199879+02:00,0.00652140238944339,0.23757815879542823,0.046188564622741755,-0.9672135532956072,1.5314207143558922,2.0689588935705423,1.5394613732748241,-0.5701427709795098,-0.7203871715909892,0.08139363534773203,-0.24706356043938094,-1.5753056155687606,50.0,51.0,51.0,41.0,43.0,26.0,29.0,28.0,52.0,94.08,3975442432,1589313536,1472569344,8.64,9.18,9.36,25297891328,9720033280
2026-04-27T15:15:49.250984+02:00,0.00652140238944339,0.23757815879542823,0.046188564622741755,-0.9672135532956072,1.5314207143558922,2.0689588935705423,1.5394613732748241,-0.5701427709795098,-0.7203871715909892,0.08139363534773203,-0.24706356043938094,-1.5753056155687606,50.0,51.0,51.0,41.0,43.0,26.0,29.0,28.0,52.0,94.08,3975442432,1589313536,1472569344,8.64,9.18,9.36,25297891328,9720033280
2026-04-27T15:15:49.303687+02:00,0.00652140238944339,0.23757815879542823,0.046188564622741755,-0.9672135532956072,1.5314207143558922,2.0689588935705423,1.5394613732748241,-0.5701427709795098,-0.7203871715909892,0.08139363534773203,-0.24706356043938094,-1.5753056155687606,50.0,51.0,51.0,41.0,43.0,26.0,29.0,28.0,52.0,94.08,3975442432,1589313536,1472569344,8.64,9.18,9.36,25297891328,9720033280
2026-04-27T15:15:49.356888+02:00,0.00652140238944339,0.23757815879542823,0.046188564622741755,-0.9672135532956072,1.5314207143558922,2.0689588935705423,1.5394613732748241,-0.5701427709795098,-0.7203871715909892,0.08139363534773203,-0.24706356043938094,-1.5753056155687606,50.0,51.0,51.0,41.0,43.0,26.0,29.0,28.0,52.0,94.08,3975442432,1589313536,1472569344,8.64,9.18,9.36,25297891328,9720033280
2026-04-27T15:15:49.407401+02:00,0.00652140238944339,0.23757815879542823,0.046188564622741755,-0.9672135532956072,1.5314207143558922,2.0689588935705423,1.5394613732748241,-0.5701427709795098,-0.7203871715909892,0.08139363534773203,-0.24706356043938094,-1.5753056155687606,50.0,51.0,51.0,41.0,43.0,26.0,29.0,28.0,52.0,94.08,3975442432,1589313536,1472569344,8.64,9.18,9.36,25297891328,9720033280
2026-04-27T15:15:49.460487+02:00,0.00652140238944339,0.23757815879542823,0.046188564622741755,-0.9672135532956072,1.5314207143558922,2.0689588935705423,1.5394613732748241,-0.5701427709795098,-0.7203871715909892,0.08139363534773203,-0.24706356043938094,-1.5753056155687606,50.0,51.0,51.0,41.0,43.0,26.0,29.0,28.0,52.0,94.08,3975442432,1589313536,1472569344,8.64,9.18,9.36,25297891328,9720033280
2026-04-27T15:15:49.511305+02:00,0.00652140238944339,0.23757815879542823,0.046188564622741755,-0.9672135532956072,1.5314207143558922,2.0689588935705423,1.5394613732748241,-0.5701427709795098,-0.7203871715909892,0.08139363534773203,-0.24706356043938094,-1.5753056155687606,50.0,51.0,51.0,41.0,43.0,26.0,29.0,28.0,52.0,94.08,3975442432,1589313536,1472569344,8.64,9.18,9.36,25297891328,9720033280
2026-04-27T15:15:49.561891+02:00,0.00652140238944339,0.23757815879542823,0.046188564622741755,-0.9672135532956072,1.5314207143558922,2.0689588935705423,1.5394613732748241,-0.5701427709795098,-0.7203871715909892,0.08139363534773203,-0.24706356043938094,-1.5753056155687606,50.0,51.0,51.0,41.0,43.0,26.0,29.0,28.0,52.0,94.08,3975442432,1589313536,1472569344,8.64,9.18,9.36,25297891328,9720033280
2026-04-27T15:15:49.613359+02:00,0.00652140238944339,0.23757815879542823,0.046188564622741755,-0.9672135532956072,1.5314207143558922,2.0689588935705423,1.5394613732748241,-0.5701427709795098,-0.7203871715909892,0.08139363534773203,-0.24706356043938094,-1.5753056155687606,50.0,51.0,51.0,41.0,43.0,26.0,29.0,28.0,52.0,94.08,3975442432,1589313536,1472569344,8.64,9.18,9.36,25297891328,9720033280
2026-04-27T15:15:49.663440+02:00,0.00652140238944339,0.23757815879542823,0.046188564622741755,-0.9672135532956072,1.5314207143558922,2.0689588935705423,1.5394613732748241,-0.5701427709795098,-0.7203871715909892,0.08139363534773203,-0.24706356043938094,-1.5753056155687606,50.0,51.0,51.0,41.0,43.0,26.0,29.0,28.0,52.0,94.08,3975442432,1589313536,1472569344,8.64,9.18,9.36,25297891328,9720033280
2026-04-27T15:15:49.714854+02:00,0.00652140238944339,0.23757815879542823,0.046188564622741755,-0.9672135532956072,1.5314207143558922,2.0689588935705423,1.5394613732748241,-0.5701427709795098,-0.7203871715909892,0.08139363534773203,-0.24706356043938094,-1.5753056155687606,50.0,51.0,51.0,41.0,43.0,26.0,29.0,28.0,52.0,93.8,3975442432,1590079488,1471664128,8.64,9.18,9.36,25297891328,9720041472
2026-04-27T15:15:49.767438+02:00,0.00652140238944339,0.23757815879542823,0.046188564622741755,-0.9672135532956072,1.5314207143558922,2.0689588935705423,1.5394613732748241,-0.5701427709795098,-0.7203871715909892,0.08139363534773203,-0.24706356043938094,-1.5753056155687606,50.0,51.0,51.0,41.0,43.0,26.0,29.0,28.0,52.0,93.8,3975442432,1590079488,1471664128,8.64,9.18,9.36,25297891328,9720041472
2026-04-27T15:15:49.818492+02:00,0.00652140238944339,0.23757815879542823,0.046188564622741755,-0.9672135532956072,1.5314207143558922,2.0689588935705423,1.5394613732748241,-0.5701427709795098,-0.7203871715909892,0.08139363534773203,-0.24706356043938094,-1.5753056155687606,50.0,51.0,51.0,41.0,43.0,26.0,29.0,28.0,52.0,93.8,3975442432,1590079488,1471664128,8.64,9.18,9.36,25297891328,9720041472
2026-04-27T15:15:49.869053+02:00,0.00652140238944339,0.23757815879542823,0.046188564622741755,-0.9672135532956072,1.5314207143558922,2.0689588935705423,1.5394613732748241,-0.5701427709795098,-0.7203871715909892,0.08139363534773203,-0.24706356043938094,-1.5753056155687606,50.0,51.0,51.0,41.0,43.0,26.0,29.0,28.0,52.0,93.8,3975442432,1590079488,1471664128,8.64,9.18,9.36,25297891328,9720041472
2026-04-27T15:15:49.924254+02:00,0.00652140238944339,0.23757815879542823,0.046188564622741755,-0.9672135532956072,1.5314207143558922,2.0689588935705423,1.5394613732748241,-0.5701427709795098,-0.7203871715909892,0.08139363534773203,-0.24706356043938094,-1.5753056155687606,50.0,51.0,51.0,41.0,43.0,26.0,29.0,28.0,52.0,93.8,3975442432,1590079488,1471664128,8.64,9.18,9.36,25297891328,9720041472
2026-04-27T15:15:49.979154+02:00,0.00652140238944339,0.23757815879542823,0.046188564622741755,-0.9672135532956072,1.5314207143558922,2.0689588935705423,1.5394613732748241,-0.5701427709795098,-0.7203871715909892,0.08139363534773203,-0.24706356043938094,-1.5753056155687606,50.0,51.0,51.0,41.0,43.0,26.0,29.0,28.0,52.0,93.8,3975442432,1590079488,1471664128,8.64,9.18,9.36,25297891328,9720041472
2026-04-27T15:15:50.033182+02:00,0.00652140238944339,0.23757815879542823,0.046188564622741755,-0.9672135532956072,1.5314207143558922,2.0689588935705423,1.5394613732748241,-0.5701427709795098,-0.7203871715909892,0.08139363534773203,-0.24706356043938094,-1.5753056155687606,50.0,51.0,51.0,41.0,43.0,26.0,29.0,28.0,52.0,93.8,3975442432,1590079488,1471664128,8.64,9.18,9.36,25297891328,9720041472
2026-04-27T15:15:50.083469+02:00,0.00652140238944339,0.23757815879542823,0.046188564622741755,-0.9672135532956072,1.5314207143558922,2.0689588935705423,1.5394613732748241,-0.5701427709795098,-0.7203871715909892,0.08139363534773203,-0.24706356043938094,-1.5753056155687606,50.0,51.0,51.0,41.0,43.0,26.0,29.0,28.0,52.0,93.8,3975442432,1590079488,1471664128,8.64,9.18,9.36,25297891328,9720041472
2026-04-27T15:15:50.134253+02:00,0.00652140238944339,0.23757815879542823,0.046188564622741755,-0.9672135532956072,1.5314207143558922,2.0689588935705423,1.5394613732748241,-0.5701427709795098,-0.7203871715909892,0.08139363534773203,-0.24706356043938094,-1.5753056155687606,50.0,51.0,51.0,41.0,43.0,26.0,29.0,28.0,52.0,93.8,3975442432,1590079488,1471664128,8.64,9.18,9.36,25297891328,9720041472
2026-04-27T15:15:50.185457+02:00,0.00652140238944339,0.23757815879542823,0.046188564622741755,-0.9672135532956072,1.5314207143558922,2.0689588935705423,1.5394613732748241,-0.5701427709795098,-0.7203871715909892,0.08139363534773203,-0.24706356043938094,-1.5753056155687606,50.0,51.0,51.0,41.0,43.0,26.0,29.0,28.0,52.0,93.8,3975442432,1590079488,1471664128,8.64,9.18,9.36,25297891328,9720041472
2026-04-27T15:15:50.240085+02:00,0.00652140238944339,0.23757815879542823,0.046188564622741755,-0.9672135532956072,1.5314207143558922,2.0689588935705423,1.5394613732748241,-0.5701427709795098,-0.7203871715909892,0.08139363534773203,-0.24706356043938094,-1.5753056155687606,50.0,51.0,51.0,41.0,43.0,26.0,29.0,28.0,52.0,93.8,3975442432,1590079488,1471664128,8.64,9.18,9.36,25297891328,9720041472
2026-04-27T15:15:50.291378+02:00,0.00652140238944339,0.23757815879542823,0.046188564622741755,-0.9672135532956072,1.5314207143558922,2.0689588935705423,1.5394613732748241,-0.5701427709795098,-0.7203871715909892,0.08139363534773203,-0.24706356043938094,-1.5753056155687606,50.0,51.0,51.0,41.0,43.0,26.0,29.0,28.0,52.0,93.8,3975442432,1590079488,1471664128,8.64,9.18,9.36,25297891328,9720041472
2026-04-27T15:15:50.344220+02:00,0.00652140238944339,0.23757815879542823,0.046188564622741755,-0.9672135532956072,1.5314207143558922,2.0689588935705423,1.5394613732748241,-0.5701427709795098,-0.7203871715909892,0.08139363534773203,-0.24706356043938094,-1.5753056155687606,50.0,51.0,51.0,41.0,43.0,26.0,29.0,28.0,52.0,93.8,3975442432,1590079488,1471664128,8.64,9.18,9.36,25297891328,9720041472
2026-04-27T15:15:50.394387+02:00,0.00652140238944339,0.23757815879542823,0.046188564622741755,-0.9672135532956072,1.5314207143558922,2.0689588935705423,1.5394613732748241,-0.5701427709795098,-0.7203871715909892,0.08139363534773203,-0.24706356043938094,-1.5753056155687606,50.0,51.0,51.0,41.0,43.0,26.0,29.0,28.0,52.0,93.8,3975442432,1590079488,1471664128,8.64,9.18,9.36,25297891328,9720041472
2026-04-27T15:15:50.445535+02:00,0.00652140238944339,0.23757815879542823,0.046188564622741755,-0.9672135532956072,1.5314207143558922,2.0689588935705423,1.5394613732748241,-0.5701427709795098,-0.7203871715909892,0.08139363534773203,-0.24706356043938094,-1.5753056155687606,50.0,51.0,51.0,41.0,43.0,26.0,29.0,28.0,52.0,93.8,3975442432,1590079488,1471664128,8.64,9.18,9.36,25297891328,9720041472
2026-04-27T15:15:50.495964+02:00,0.00652140238944339,0.23757815879542823,0.046188564622741755,-0.9672135532956072,1.5314207143558922,2.0689588935705423,1.5394613732748241,-0.5701427709795098,-0.7203871715909892,0.08139363534773203,-0.24706356043938094,-1.5753056155687606,50.0,51.0,51.0,41.0,43.0,26.0,29.0,28.0,52.0,93.8,3975442432,1590079488,1471664128,8.64,9.18,9.36,25297891328,9720041472
2026-04-27T15:15:50.546362+02:00,0.00652140238944339,0.23757815879542823,0.046188564622741755,-0.9672135532956072,1.5314207143558922,2.0689588935705423,1.5394613732748241,-0.5701427709795098,-0.7203871715909892,0.08139363534773203,-0.24706356043938094,-1.5753056155687606,50.0,51.0,51.0,41.0,43.0,26.0,29.0,28.0,52.0,93.8,3975442432,1590079488,1471664128,8.64,9.18,9.36,25297891328,9720041472
2026-04-27T15:15:50.598402+02:00,0.00652140238944339,0.23757815879542823,0.046188564622741755,-0.9672135532956072,1.5314207143558922,2.0689588935705423,1.5394613732748241,-0.5701427709795098,-0.7203871715909892,0.08139363534773203,-0.24399559886360978,-1.5753056155687606,50.0,51.0,51.0,41.0,43.0,26.0,29.0,28.0,52.0,93.8,3975442432,1590079488,1471664128,8.64,9.18,9.36,25297891328,9720041472
2026-04-27T15:15:50.649344+02:00,0.00652140238944339,0.23757815879542823,0.046188564622741755,-0.9672135532956072,1.5314207143558922,2.0689588935705423,1.5394613732748241,-0.5701427709795098,-0.7203871715909892,0.08139363534773203,-0.24399559886360978,-1.5753056155687606,50.0,51.0,51.0,41.0,43.0,26.0,29.0,28.0,52.0,93.8,3975442432,1590079488,1471664128,8.64,9.18,9.36,25297891328,9720041472
2026-04-27T15:15:50.699652+02:00,0.006550019798967532,0.23783069124660464,0.04622555801418052,-1.0090046202922767,1.5288660867770607,2.0271333137374903,1.5394613732748241,-0.5701427709795098,-0.7203871715909892,0.08139363534773203,-0.24706356043938094,-1.5753056155687606,50.0,51.0,51.0,41.0,43.0,26.0,29.0,28.0,52.0,96.18,3975442432,1590005760,1471782912,8.64,9.18,9.36,25297891328,9720041472
2026-04-27T15:15:50.749969+02:00,0.006550019798967532,0.23783069124660464,0.04622555801418052,-1.0090046202922767,1.5288660867770607,2.0271333137374903,1.5394613732748241,-0.5701427709795098,-0.7203871715909892,0.08139363534773203,-0.24399559886360978,-1.5753056155687606,50.0,51.0,51.0,41.0,43.0,26.0,29.0,28.0,52.0,96.18,3975442432,1590005760,1471782912,8.64,9.18,9.36,25297891328,9720041472
2026-04-27T15:15:50.804980+02:00,0.006550019798967532,0.23783069124660464,0.04622555801418052,-1.0090046202922767,1.5288660867770607,2.0271333137374903,1.5394613732748241,-0.5701427709795098,-0.7203871715909892,0.08139363534773203,-0.24706356043938094,-1.5753056155687606,50.0,51.0,51.0,41.0,43.0,26.0,29.0,28.0,52.0,96.18,3975442432,1590005760,1471782912,8.64,9.18,9.36,25297891328,9720041472
2026-04-27T15:15:50.859957+02:00,0.00652140238944339,0.23757815879542823,0.046188564622741755,-0.9672135532956072,1.5314207143558922,2.0689588935705423,1.5394613732748241,-0.5701427709795098,-0.7203871715909892,0.08139363534773203,-0.24399559886360978,-1.5753056155687606,50.0,51.0,51.0,41.0,43.0,26.0,29.0,28.0,52.0,96.18,3975442432,1590005760,1471782912,8.64,9.18,9.36,25297891328,9720041472
2026-04-27T15:15:50.911146+02:00,0.00652140238944339,0.23757815879542823,0.046188564622741755,-0.9672135532956072,1.5314207143558922,2.0689588935705423,1.5394613732748241,-0.5701427709795098,-0.7203871715909892,0.08139363534773203,-0.24399559886360978,-1.5753056155687606,50.0,51.0,51.0,41.0,43.0,26.0,29.0,28.0,53.0,96.18,3975442432,1590005760,1471782912,8.64,9.18,9.36,25297891328,9720041472
2026-04-27T15:15:50.961406+02:00,0.00652140238944339,0.23757815879542823,0.046188564622741755,-0.9672135532956072,1.5314207143558922,2.0689588935705423,1.5394613732748241,-0.5701427709795098,-0.7203871715909892,0.08139363534773203,-0.24399559886360978,-1.5753056155687606,50.0,51.0,51.0,41.0,43.0,26.0,29.0,28.0,53.0,96.18,3975442432,1590005760,1471782912,8.64,9.18,9.36,25297891328,9720041472
2026-04-27T15:15:51.012361+02:00,0.00652140238944339,0.23757815879542823,0.046188564622741755,-0.9672135532956072,1.5314207143558922,2.0689588935705423,1.5394613732748241,-0.5701427709795098,-0.7203871715909892,0.08139363534773203,-0.24706356043938094,-1.5753056155687606,50.0,51.0,51.0,41.0,43.0,26.0,29.0,28.0,53.0,96.18,3975442432,1590005760,1471782912,8.64,9.18,9.36,25297891328,9720041472
2026-04-27T15:15:51.064360+02:00,0.00652140238944339,0.23757815879542823,0.046188564622741755,-0.9672135532956072,1.5314207143558922,2.0689588935705423,1.5394613732748241,-0.5671128793980477,-0.7203871715909892,0.08139363534773203,-0.24399559886360978,-1.5753056155687606,50.0,51.0,51.0,41.0,43.0,26.0,29.0,28.0,53.0,96.18,3975442432,1590005760,1471782912,8.64,9.18,9.36,25297891328,9720041472
2026-04-27T15:15:51.114398+02:00,0.00652140238944339,0.23757815879542823,0.046188564622741755,-0.9672135532956072,1.5314207143558922,2.0689588935705423,1.5394613732748241,-0.5671128793980477,-0.7203871715909892,0.08139363534773203,-0.24399559886360978,-1.5753056155687606,50.0,51.0,51.0,41.0,43.0,26.0,29.0,28.0,53.0,96.18,3975442432,1590005760,1471782912,8.64,9.18,9.36,25297891328,9720041472
2026-04-27T15:15:51.165449+02:00,0.00652140238944339,0.23757815879542823,0.046188564622741755,-0.9672135532956072,1.5314207143558922,2.0689588935705423,1.5394613732748241,-0.5595381504443923,-0.7219021173817203,0.08139363534773203,-0.24706356043938094,-1.5753056155687606,50.0,51.0,51.0,41.0,43.0,26.0,29.0,28.0,53.0,96.18,3975442432,1590005760,1471782912,8.64,9.18,9.36,25297891328,9720041472
2026-04-27T15:15:51.216389+02:00,0.00652140238944339,0.23757815879542823,0.046188564622741755,-0.9672135532956072,1.5314207143558922,2.0689588935705423,1.5394613732748241,-0.5580232046536612,-0.7219021173817203,0.08139363534773203,-0.2531994835909237,-1.5753056155687606,50.0,51.0,51.0,41.0,43.0,26.0,29.0,28.0,53.0,96.18,3975442432,1590005760,1471782912,8.64,9.18,9.36,25297891328,9720041472
2026-04-27T15:15:51.270640+02:00,0.00653799641243985,0.2384376722122693,0.04888899136434727,-1.0617637691277793,1.5233156396919016,1.9745320516181786,1.5394613732748241,-0.5489335299092747,-0.7234170631724514,0.07985965455984623,-0.2608693875303518,-1.5753056155687606,50.0,51.0,51.0,41.0,43.0,26.0,29.0,28.0,53.0,96.18,3975442432,1590005760,1471782912,8.64,9.18,9.36,25297891328,9720041472
2026-04-27T15:15:51.325580+02:00,0.00653799641243985,0.2384376722122693,0.04888899136434727,-1.0617637691277793,1.5233156396919016,1.9745320516181786,1.5394613732748241,-0.5428737467463504,-0.7234170631724514,0.07832567377196042,-0.2777431761970939,-1.5753056155687606,50.0,51.0,51.0,41.0,43.0,26.0,29.0,28.0,53.0,96.18,3975442432,1590005760,1471782912,8.64,9.18,9.36,25297891328,9720041472
2026-04-27T15:15:51.377457+02:00,0.00653799641243985,0.2384376722122693,0.04888899136434727,-1.0617637691277793,1.5233156396919016,1.9745320516181786,1.5379394461670857,-0.536813963583426,-0.7264469547539135,0.07679169298407507,-0.28387909934863664,-1.5722376539929892,50.0,51.0,51.0,41.0,43.0,26.0,29.0,28.0,53.0,96.18,3975442432,1590005760,1471782912,8.64,9.18,9.36,25297891328,9720041472
2026-04-27T15:15:51.428519+02:00,0.0066903373349927065,0.2372290844340379,0.05352799217023528,-0.8334634203888829,1.5359148154952387,2.2017454125702574,1.5379394461670857,-0.5307541804205017,-0.7249320089631824,0.07679169298407507,-0.29001502250017897,-1.5707036732051036,50.0,51.0,51.0,41.0,43.0,26.0,29.0,28.0,53.0,96.18,3975442432,1590005760,1471782912,8.64,9.18,9.36,25297891328,9720041472
2026-04-27T15:15:51.482210+02:00,0.0066903373349927065,0.2372290844340379,0.05352799217023528,-0.8334634203888829,1.5359148154952387,2.2017454125702574,1.5379394461670857,-0.5262093430483085,-0.7264469547539135,0.07679169298407507,-0.29461696486383593,-1.5707036732051036,50.0,51.0,51.0,41.0,43.0,26.0,29.0,28.0,53.0,96.18,3975442432,1590005760,1471782912,8.64,9.18,9.36,25297891328,9720041472
2026-04-27T15:15:51.532311+02:00,0.0066903373349927065,0.2372290844340379,0.05352799217023528,-0.8334634203888829,1.5359148154952387,2.2017454125702574,1.5379394461670857,-0.5156047225131909,-0.7279619005446446,0.07525771219618926,-0.30228686880326405,-1.5707036732051036,50.0,51.0,51.0,41.0,43.0,26.0,29.0,28.0,53.0,91.6,3975442432,1553084416,1508687872,8.64,9.18,9.36,25297891328,9720057856
2026-04-27T15:15:51.586169+02:00,0.0066903373349927065,0.2372290844340379,0.05352799217023528,-0.8334634203888829,1.5359148154952387,2.2017454125702574,1.5379394461670857,-0.498940318815149,-0.7294768463353757,0.0706557698325323,-0.3206946382578919,-1.5707036732051036,50.0,51.0,51.0,41.0,43.0,26.0,29.0,28.0,53.0,91.6,3975442432,1553084416,1508687872,8.64,9.18,9.36,25297891328,9720057856
2026-04-27T15:15:51.637196+02:00,0.0066903373349927065,0.2372290844340379,0.05352799217023528,-0.8334634203888829,1.5359148154952387,2.2017454125702574,1.5379394461670857,-0.49439548144295575,-0.7309917921261068,0.0691217890446465,-0.32529658062154887,-1.5707036732051036,50.0,51.0,51.0,41.0,43.0,26.0,29.0,28.0,53.0,91.6,3975442432,1553084416,1508687872,8.64,9.18,9.36,25297891328,9720057856
2026-04-27T15:15:51.688209+02:00,0.0066903373349927065,0.2372290844340379,0.05352799217023528,-0.8334634203888829,1.5359148154952387,2.2017454125702574,1.5379394461670857,-0.49439548144295575,-0.7309917921261068,0.0691217890446465,-0.32529658062154887,-1.5707036732051036,50.0,51.0,51.0,41.0,43.0,26.0,29.0,28.0,53.0,91.6,3975442432,1553084416,1508687872,8.64,9.18,9.36,25297891328,9720057856
2026-04-27T15:15:51.741588+02:00,0.0065798813054841815,0.2371163220179132,0.060569752652131,-0.8153423885625468,1.5357674569013346,2.2249085024286037,1.5364175190593463,-0.46409656562833435,-0.7340216837075689,0.06605382746887534,-0.34830629243983324,-1.5707036732051036,50.0,51.0,51.0,41.0,43.0,26.0,29.0,28.0,53.0,91.6,3975442432,1553084416,1508687872,8.64,9.18,9.36,25297891328,9720057856
2026-04-27T15:15:51.792391+02:00,0.0065798813054841815,0.2371163220179132,0.060569752652131,-0.8153423885625468,1.5357674569013346,2.2249085024286037,1.5364175190593463,-0.45500689088394786,-0.7370515752890311,0.06145188510521837,-0.36211211953080413,-1.5707036732051036,50.0,51.0,51.0,41.0,43.0,26.0,29.0,28.0,53.0,91.6,3975442432,1553084416,1508687872,8.64,9.18,9.36,25297891328,9720057856
2026-04-27T15:15:51.842777+02:00,0.006821953083810278,0.23556237094125984,0.07019198954865213,-0.6129089265617687,1.5430305282902594,2.4369241015414924,1.5364175190593463,-0.4368275413951749,-0.7385665210797622,0.05838392352944721,-0.3774519274096604,-1.5722376539929892,50.0,51.0,51.0,41.0,43.0,26.0,29.0,28.0,53.0,91.6,3975442432,1553084416,1508687872,8.64,9.18,9.36,25297891328,9720057856
2026-04-27T15:15:51.893698+02:00,0.006821953083810278,0.23556237094125984,0.07019198954865213,-0.6129089265617687,1.5430305282902594,2.4369241015414924,1.534895591951607,-0.42925281244151947,-0.7385665210797622,0.05838392352944721,-0.38358785056120315,-1.5722376539929892,50.0,51.0,51.0,41.0,43.0,26.0,29.0,28.0,53.0,91.6,3975442432,1553084416,1508687872,8.64,9.18,9.36,25297891328,9720057856
2026-04-27T15:15:51.946171+02:00,0.006821953083810278,0.23556237094125984,0.07019198954865213,-0.6129089265617687,1.5430305282902594,2.4369241015414924,1.534895591951607,-0.41410335453420866,-0.7400814668704933,0.05684994274156141,-0.39585969686428824,-1.5707036732051036,50.0,51.0,51.0,41.0,43.0,26.0,29.0,28.0,53.0,91.6,3975442432,1553084416,1508687872,8.64,9.18,9.36,25297891328,9720057856
2026-04-27T15:15:51.998338+02:00,0.006821953083810278,0.23556237094125984,0.07019198954865213,-0.6129089265617687,1.5430305282902594,2.4369241015414924,1.534895591951607,-0.4095585171620154,-0.7400814668704933,0.05531596195367605,-0.3989276584400594,-1.5707036732051036,50.0,51.0,51.0,41.0,43.0,26.0,29.0,28.0,53.0,91.6,3975442432,1553084416,1508687872,8.64,9.18,9.36,25297891328,9720057856
2026-04-27T15:15:52.051944+02:00,0.007149013517103086,0.23560339332627458,0.08231237868618906,-0.8015810180620597,1.5386042291571507,2.2564045566888002,1.534895591951607,-0.3868343303010493,-0.7431113584519553,0.05224800037790445,-0.4127334855310303,-1.5707036732051036,50.0,51.0,51.0,41.0,43.0,26.0,29.0,28.0,53.0,91.6,3975442432,1553084416,1508687872,8.64,9.18,9.36,25297891328,9720057856
2026-04-27T15:15:52.102364+02:00,0.007149013517103086,0.23560339332627458,0.08231237868618906,-0.8015810180620597,1.5386042291571507,2.2564045566888002,1.534895591951607,-0.38380443871958714,-0.7431113584519553,0.05224800037790445,-0.4127334855310303,-1.5722376539929892,50.0,51.0,51.0,41.0,43.0,26.0,29.0,28.0,53.0,91.6,3975442432,1553084416,1508687872,8.64,9.18,9.36,25297891328,9720057856
2026-04-27T15:15:52.152538+02:00,0.007149013517103086,0.23560339332627458,0.08231237868618906,-0.8015810180620597,1.5386042291571507,2.2564045566888002,1.534895591951607,-0.36714003502154535,-0.7446263042426864,0.05071401959001909,-0.42347135104623,-1.5722376539929892,50.0,51.0,51.0,41.0,43.0,26.0,29.0,28.0,53.0,91.6,3975442432,1553084416,1508687872,8.64,9.18,9.36,25297891328,9720057856
2026-04-27T15:15:52.206548+02:00,0.007149013517103086,0.23560339332627458,0.08231237868618906,-0.8015810180620597,1.5386042291571507,2.2564045566888002,1.534895591951607,-0.361080251858621,-0.7446263042426864,0.05071401959001909,-0.42807329340988653,-1.5722376539929892,50.0,51.0,51.0,41.0,43.0,26.0,29.0,28.0,53.0,91.6,3975442432,1553084416,1508687872,8.64,9.18,9.36,25297891328,9720057856
2026-04-27T15:15:52.257194+02:00,0.007138325408191807,0.23547056120238385,0.08964422727248403,-0.9798998437614698,1.5304317781470091,2.0814181821138846,1.534895591951607,-0.35047563132350346,-0.7461412500334175,0.046112077226362125,-0.4326752357735435,-1.5722376539929892,50.0,51.0,51.0,41.0,43.0,26.0,29.0,28.0,53.0,91.6,3975442432,1553084416,1508687872,8.64,9.18,9.36,25297891328,9720057856
2026-04-27T15:15:52.307832+02:00,0.007138325408191807,0.23547056120238385,0.08964422727248403,-0.9798998437614698,1.5304317781470091,2.0814181821138846,1.534895591951607,-0.3489606855327724,-0.7461412500334175,0.046112077226362125,-0.4342092165614293,-1.5722376539929892,50.0,51.0,51.0,41.0,43.0,26.0,29.0,28.0,53.0,91.6,3975442432,1553084416,1508687872,8.64,9.18,9.36,25297891328,9720057856
2026-04-27T15:15:52.360260+02:00,0.007138325408191807,0.23547056120238385,0.08964422727248403,-0.9798998437614698,1.5304317781470091,2.0814181821138846,1.534895591951607,-0.34138595657911697,-0.7461412500334175,0.046112077226362125,-0.43727717813720046,-1.5722376539929892,50.0,51.0,51.0,41.0,43.0,26.0,29.0,28.0,53.0,91.6,3975442432,1553084416,1508687872,8.64,9.18,9.36,25297891328,9720057856
2026-04-27T15:15:52.414746+02:00,0.007138325408191807,0.23547056120238385,0.08964422727248403,-0.9798998437614698,1.5304317781470091,2.0814181821138846,1.5333736648438685,-0.33532617341619264,-0.7461412500334175,0.046112077226362125,-0.4418791205008574,-1.5722376539929892,50.0,51.0,51.0,41.0,43.0,26.0,29.0,28.0,53.0,91.6,3975442432,1553084416,1508687872,8.64,9.18,9.36,25297891328,9720057856
2026-04-27T15:15:52.467055+02:00,0.007593742983309683,0.2362078029438851,0.09554562415130674,-1.1299337720157432,1.520443212632803,1.9344145916626103,1.5333736648438685,-0.33532617341619264,-0.7461412500334175,0.046112077226362125,-0.4418791205008574,-1.5722376539929892,50.0,51.0,51.0,41.0,43.0,26.0,29.0,28.0,53.0,91.6,3975442432,1553084416,1508687872,8.64,9.18,9.36,25297891328,9720057856
2026-04-27T15:15:52.517660+02:00,0.007593742983309683,0.2362078029438851,0.09554562415130674,-1.1299337720157432,1.520443212632803,1.9344145916626103,1.5333736648438685,-0.33532617341619264,-0.7461412500334175,0.046112077226362125,-0.4418791205008574,-1.5722376539929892,50.0,51.0,51.0,41.0,43.0,26.0,29.0,28.0,53.0,91.6,3975442432,1553084416,1508687872,8.64,9.18,9.36,25297891328,9720057856
2026-04-27T15:15:52.571283+02:00,0.007593742983309683,0.2362078029438851,0.09554562415130674,-1.1299337720157432,1.520443212632803,1.9344145916626103,1.5333736648438685,-0.33532617341619264,-0.7461412500334175,0.046112077226362125,-0.4418791205008574,-1.5722376539929892,50.0,51.0,51.0,41.0,43.0,26.0,29.0,28.0,53.0,91.6,3975442432,1553084416,1508687872,8.64,9.18,9.36,25297891328,9720057856
2026-04-27T15:15:52.621430+02:00,0.007593742983309683,0.2362078029438851,0.09554562415130674,-1.1299337720157432,1.520443212632803,1.9344145916626103,1.5333736648438685,-0.33532617341619264,-0.7461412500334175,0.046112077226362125,-0.4418791205008574,-1.5722376539929892,50.0,51.0,51.0,41.0,43.0,26.0,29.0,28.0,53.0,91.6,3975442432,1553084416,1508687872,8.64,9.18,9.36,25297891328,9720057856
2026-04-27T15:15:52.674682+02:00,0.007591388220827701,0.23629456378661018,0.09624172807729214,-1.1401226860284708,1.5190374363959889,1.9242720933070394,1.5333736648438685,-0.33532617341619264,-0.7461412500334175,0.046112077226362125,-0.4418791205008574,-1.5722376539929892,50.0,51.0,51.0,41.0,43.0,26.0,29.0,28.0,53.0,96.32,3975442432,1552596992,1509171200,9.07,9.26,9.39,25297891328,9720078336
2026-04-27T15:15:52.725840+02:00,0.007591388220827701,0.23629456378661018,0.09624172807729214,-1.1401226860284708,1.5190374363959889,1.9242720933070394,1.5333736648438685,-0.33532617341619264,-0.7461412500334175,0.046112077226362125,-0.4418791205008574,-1.5722376539929892,50.0,51.0,51.0,41.0,43.0,26.0,29.0,28.0,53.0,96.32,3975442432,1552596992,1509171200,9.07,9.26,9.39,25297891328,9720078336
2026-04-27T15:15:52.778702+02:00,0.007591388220827701,0.23629456378661018,0.09624172807729214,-1.1401226860284708,1.5190374363959889,1.9242720933070394,1.5333736648438685,-0.33532617341619264,-0.7461412500334175,0.046112077226362125,-0.4418791205008574,-1.5722376539929892,50.0,51.0,51.0,41.0,43.0,26.0,29.0,28.0,53.0,96.32,3975442432,1552596992,1509171200,9.07,9.26,9.39,25297891328,9720078336
2026-04-27T15:15:52.830607+02:00,0.007591388220827701,0.23629456378661018,0.09624172807729214,-1.1401226860284708,1.5190374363959889,1.9242720933070394,1.5333736648438685,-0.33532617341619264,-0.7461412500334175,0.046112077226362125,-0.4418791205008574,-1.5722376539929892,50.0,51.0,51.0,41.0,43.0,26.0,29.0,28.0,53.0,96.32,3975442432,1552596992,1509171200,9.07,9.26,9.39,25297891328,9720078336
2026-04-27T15:15:52.884743+02:00,0.007591388220827701,0.23629456378661018,0.09624172807729214,-1.1401226860284708,1.5190374363959889,1.9242720933070394,1.5303298106283898,-0.33532617341619264,-0.7446263042426864,0.046112077226362125,-0.4434131012887432,-1.5707036732051036,50.0,51.0,51.0,41.0,43.0,26.0,29.0,28.0,53.0,96.32,3975442432,1552596992,1509171200,9.07,9.26,9.39,25297891328,9720078336
2026-04-27T15:15:52.936164+02:00,0.007591388220827701,0.23629456378661018,0.09624172807729214,-1.1401226860284708,1.5190374363959889,1.9242720933070394,1.5242421021974342,-0.3368411192069237,-0.7400814668704933,0.046112077226362125,-0.44954902444028555,-1.547693961386819,50.0,51.0,51.0,41.0,43.0,26.0,29.0,28.0,53.0,96.32,3975442432,1552596992,1509171200,9.07,9.26,9.39,25297891328,9720078336
2026-04-27T15:15:52.986528+02:00,0.007591388220827701,0.23629456378661018,0.09624172807729214,-1.1401226860284708,1.5190374363959889,1.9242720933070394,1.519676320874217,-0.3368411192069237,-0.7370515752890311,0.046112077226362125,-0.4556849475918283,-1.5277522111443058,50.0,51.0,51.0,41.0,43.0,26.0,29.0,28.0,53.0,96.32,3975442432,1552596992,1509171200,9.07,9.26,9.39,25297891328,9720078336
2026-04-27T15:15:53.039033+02:00,0.010840713236431397,0.23741643742882093,0.09709381861047721,-1.033226456935712,1.5244808861126922,1.9732120410431946,1.5135886124432605,-0.3383560649976548,-0.7325067379168378,0.046112077226362125,-0.4587529091675995,-1.5078104609017924,50.0,51.0,51.0,41.0,43.0,26.0,29.0,28.0,53.0,96.32,3975442432,1552596992,1509171200,9.07,9.26,9.39,25297891328,9720078336
2026-04-27T15:15:53.089302+02:00,0.010840713236431397,0.23741643742882093,0.09709381861047721,-1.033226456935712,1.5244808861126922,1.9732120410431946,1.5059789769045655,-0.3398710107883859,-0.7264469547539135,0.046112077226362125,-0.4679567938949134,-1.4894026914471648,50.0,51.0,51.0,41.0,43.0,26.0,29.0,28.0,53.0,96.32,3975442432,1552596992,1509171200,9.07,9.26,9.39,25297891328,9720078336
2026-04-27T15:15:53.140276+02:00,0.010840713236431397,0.23741643742882093,0.09709381861047721,-1.033226456935712,1.5244808861126922,1.9732120410431946,1.499891268473609,-0.34138595657911697,-0.7219021173817203,0.04457809643847632,-0.47102475547068456,-1.4617910372652232,50.0,51.0,51.0,41.0,43.0,26.0,29.0,28.0,53.0,96.32,3975442432,1552596992,1509171200,9.07,9.26,9.39,25297891328,9720078336
2026-04-27T15:15:53.191319+02:00,0.010840713236431397,0.23741643742882093,0.09709381861047721,-1.033226456935712,1.5244808861126922,1.9732120410431946,1.4877158516116968,-0.34290090236984805,-0.7143273884280649,0.04457809643847632,-0.4786946594101127,-1.4265094791438533,50.0,51.0,51.0,41.0,43.0,26.0,29.0,28.0,53.0,96.32,3975442432,1552596992,1509171200,9.07,9.26,9.39,25297891328,9720078336
2026-04-27T15:15:53.245518+02:00,0.018706653630240825,0.24081580953080478,0.09886979763531537,-0.860163571110381,1.5299810595978172,2.0148509819812084,1.4785842889652625,-0.3459307939513102,-0.7082676052651405,0.046112077226362125,-0.48483058256165545,-1.4034997673255687,50.0,51.0,51.0,41.0,43.0,26.0,29.0,28.0,53.0,96.32,3975442432,1552596992,1509171200,9.07,9.26,9.39,25297891328,9720078336
2026-04-27T15:15:53.299300+02:00,0.018706653630240825,0.24081580953080478,0.09886979763531537,-0.860163571110381,1.5299810595978172,2.0148509819812084,1.4664088721033495,-0.3474457397420413,-0.699177930520754,0.046112077226362125,-0.49863640965262634,-1.3605483052647709,50.0,51.0,51.0,41.0,43.0,26.0,29.0,28.0,53.0,96.32,3975442432,1552596992,1509171200,9.07,9.26,9.39,25297891328,9720078336
2026-04-27T15:15:53.350392+02:00,0.018706653630240825,0.24081580953080478,0.09886979763531537,-0.860163571110381,1.5299810595978172,2.0148509819812084,1.4481457468104808,-0.35199057711423454,-0.6870583641949055,0.046112077226362125,-0.5093742751678256,-1.3191308239918584,50.0,51.0,51.0,41.0,43.0,26.0,29.0,28.0,53.0,96.32,3975442432,1552596992,1509171200,9.07,9.26,9.39,25297891328,9720078336
2026-04-27T15:15:53.405401+02:00,0.018706653630240825,0.24081580953080478,0.09886979763531537,-0.860163571110381,1.5299810595978172,2.0148509819812084,1.437492257056308,-0.3535055229049656,-0.6794836352412501,0.046112077226362125,-0.5231801022587965,-1.2746453811431748,50.0,51.0,51.0,41.0,43.0,26.0,29.0,28.0,53.0,96.32,3975442432,1552596992,1509171200,9.07,9.26,9.39,25297891328,9720078336
2026-04-27T15:15:53.455666+02:00,0.03241848567201346,0.24498065626004992,0.10171488447337908,-0.22813706595367242,1.5431798686105003,2.4274570734256207,1.4222729859789172,-0.3565354144864278,-0.6703939604968636,0.046112077226362125,-0.5323839869861104,-1.2347618806581482,50.0,51.0,51.0,41.0,43.0,26.0,29.0,28.0,53.0,96.32,3975442432,1552596992,1509171200,9.07,9.26,9.39,25297891328,9720078336
2026-04-27T15:15:53.509521+02:00,0.03241848567201346,0.24498065626004992,0.10171488447337908,-0.22813706595367242,1.5431798686105003,2.4274570734256207,1.4177072046557,-0.35805036027715886,-0.6658491231246704,0.046112077226362125,-0.5369859293497674,-1.2178880919914061,50.0,51.0,51.0,41.0,43.0,26.0,29.0,28.0,53.0,96.32,3975442432,1552596992,1509171200,9.07,9.26,9.39,25297891328,9720078336
2026-04-27T15:15:53.561276+02:00,0.03241848567201346,0.24498065626004992,0.10171488447337908,-0.22813706595367242,1.5431798686105003,2.4274570734256207,1.3872686625009192,-0.3625951976493521,-0.6446398820544352,0.046112077226362125,-0.5615296219559376,-1.1365871102334673,50.0,51.0,51.0,41.0,43.0,26.0,29.0,28.0,53.0,96.32,3975442432,1552596992,1509171200,9.07,9.26,9.39,25297891328,9720078336
2026-04-27T15:15:53.611413+02:00,0.03241848567201346,0.24498065626004992,0.10171488447337908,-0.22813706595367242,1.5431798686105003,2.4274570734256207,1.3735713185312677,-0.36562508923081427,-0.6370651531007799,0.046112077226362125,-0.5722674874711369,-1.1013055521120974,50.0,51.0,51.0,41.0,43.0,26.0,29.0,28.0,53.0,96.32,3975442432,1552596992,1509171200,9.07,9.26,9.39,25297891328,9720078336
2026-04-27T15:15:53.663902+02:00,0.037944919285022874,0.24656716333262305,0.10283986704863121,0.058838271626585836,1.545401704225406,2.6290248329770627,1.3507424119151819,-0.3701699266030075,-0.620400749402738,0.046112077226362125,-0.5876072953499936,-1.0384123398087861,50.0,51.0,51.0,41.0,43.0,26.0,29.0,28.0,53.0,96.32,3975442432,1552596992,1509171200,9.07,9.26,9.39,25297891328,9720078336
2026-04-27T15:15:53.716028+02:00,0.037944919285022874,0.24656716333262305,0.10283986704863121,0.058838271626585836,1.545401704225406,2.6290248329770627,1.3446547034842253,-0.3716848723937386,-0.6158559120305448,0.046112077226362125,-0.5983451608651928,-0.9939268969601027,50.0,51.0,51.0,41.0,43.0,26.0,29.0,28.0,53.0,88.19,3975442432,1552875520,1508872192,9.07,9.26,9.39,25297891328,9720082432
2026-04-27T15:15:53.769496+02:00,0.037944919285022874,0.24656716333262305,0.10283986704863121,0.058838271626585836,1.545401704225406,2.6290248329770627,1.3446547034842253,-0.3716848723937386,-0.6158559120305448,0.046112077226362125,-0.5983451608651928,-0.9939268969601027,50.0,51.0,51.0,41.0,43.0,26.0,29.0,28.0,53.0,88.19,3975442432,1552875520,1508872192,9.07,9.26,9.39,25297891328,9720082432
2026-04-27T15:15:53.824835+02:00,0.037944919285022874,0.24656716333262305,0.10283986704863121,0.058838271626585836,1.545401704225406,2.6290248329770627,1.3446547034842253,-0.3716848723937386,-0.6158559120305448,0.046112077226362125,-0.5983451608651928,-0.9939268969601027,50.0,51.0,51.0,41.0,43.0,26.0,29.0,28.0,53.0,88.19,3975442432,1552875520,1508872192,9.07,9.26,9.39,25297891328,9720082432
2026-04-27T15:15:53.877706+02:00,0.06576052890013659,0.2507411692670333,0.10834112962718467,1.5943227509485987,1.527212080268937,-2.540676867193431,1.2472513685889255,-0.38986422188251146,-0.5491982972383773,0.04764605801424793,-0.6765781810473608,-0.7239462782922299,50.0,51.0,51.0,41.0,43.0,26.0,29.0,28.0,53.0,88.19,3975442432,1552875520,1508872192,9.07,9.26,9.39,25297891328,9720082432
2026-04-27T15:15:53.930824+02:00,0.06576052890013659,0.2507411692670333,0.10834112962718467,1.5943227509485987,1.527212080268937,-2.540676867193431,1.2381198059424912,-0.39137916767324266,-0.5431385140754531,0.049180038802133286,-0.6827141041989031,-0.7009365664739451,50.0,51.0,51.0,41.0,43.0,26.0,29.0,28.0,53.0,88.19,3975442432,1552875520,1508872192,9.07,9.26,9.39,25297891328,9720082432
2026-04-27T15:15:53.982269+02:00,0.06576052890013659,0.2507411692670333,0.10834112962718467,1.5943227509485987,1.527212080268937,-2.540676867193431,1.2046374095722325,-0.39743895083616676,-0.5204143272144869,0.05071401959001909,-0.717995662320273,-0.5720821802915514,50.0,51.0,51.0,41.0,43.0,26.0,29.0,28.0,53.0,88.19,3975442432,1552875520,1508872192,9.07,9.26,9.39,25297891328,9720082432
2026-04-27T15:15:54.035458+02:00,0.06576052890013659,0.2507411692670333,0.10834112962718467,1.5943227509485987,1.527212080268937,-2.540676867193431,1.1970277740335367,-0.39895389662689784,-0.5143545440515626,0.05224800037790445,-0.7256655662597011,-0.5475384876853808,50.0,51.0,51.0,41.0,43.0,26.0,29.0,28.0,53.0,88.19,3975442432,1552875520,1508872192,9.07,9.26,9.39,25297891328,9720082432
2026-04-27T15:15:54.086277+02:00,0.09407052454208385,0.2520896115319308,0.1149257944665739,2.130558390796261,1.4982679119840494,-2.4151903101659977,1.1483261065858872,-0.40652862558055325,-0.48254068244620996,0.05224800037790445,-0.760947124381071,-0.43402390938184343,50.0,51.0,51.0,41.0,43.0,26.0,29.0,28.0,53.0,88.19,3975442432,1552875520,1508872192,9.07,9.26,9.39,25297891328,9720082432
2026-04-27T15:15:54.138178+02:00,0.09407052454208385,0.2520896115319308,0.1149257944665739,2.130558390796261,1.4982679119840494,-2.4151903101659977,1.1194094915388448,-0.4125884087434776,-0.4628463871667059,0.05224800037790445,-0.7808888746235843,-0.3527229276239048,50.0,51.0,51.0,41.0,43.0,26.0,29.0,28.0,53.0,88.19,3975442432,1552875520,1508872192,9.07,9.26,9.39,25297891328,9720082432
2026-04-27T15:15:54.188313+02:00,0.09407052454208385,0.2520896115319308,0.1149257944665739,2.130558390796261,1.4982679119840494,-2.4151903101659977,1.1026682933537155,-0.41561830032493974,-0.45072682084085736,0.05071401959001909,-0.7946947017145551,-0.28215981138116497,50.0,51.0,51.0,41.0,43.0,26.0,29.0,28.0,53.0,88.19,3975442432,1552875520,1508872192,9.07,9.26,9.39,25297891328,9720082432
2026-04-27T15:15:54.239996+02:00,0.09407052454208385,0.2520896115319308,0.1149257944665739,2.130558390796261,1.4982679119840494,-2.4151903101659977,1.0859270951685862,-0.4171332461156708,-0.4401222003057398,0.05224800037790445,-0.8100345095934114,-0.23614038774459578,50.0,51.0,51.0,41.0,43.0,26.0,29.0,28.0,53.0,88.19,3975442432,1552875520,1508872192,9.07,9.26,9.39,25297891328,9720082432
2026-04-27T15:15:54.291417+02:00,0.12346404644545338,0.2501294276058117,0.12197473511563113,2.512164777437422,1.4741835473047236,-2.4233555775918263,1.0509227716905878,-0.42319302927859515,-0.41891295923550464,0.05378198116579025,-0.8299762598359246,-0.1640432907139706,50.0,51.0,51.0,41.0,43.0,26.0,29.0,28.0,53.0,88.19,3975442432,1552875520,1508872192,9.07,9.26,9.39,25297891328,9720082432
2026-04-27T15:15:54.342293+02:00,0.12346404644545338,0.2501294276058117,0.12197473511563113,2.512164777437422,1.4741835473047236,-2.4233555775918263,1.034181573505458,-0.4262229208600573,-0.4083083387003871,0.05378198116579025,-0.8422481061390097,-0.09808211683488821,50.0,51.0,51.0,41.0,43.0,26.0,29.0,28.0,53.0,88.19,3975442432,1552875520,1508872192,9.07,9.26,9.39,25297891328,9720082432
2026-04-27T15:15:54.393278+02:00,0.12346404644545338,0.2501294276058117,0.12197473511563113,2.512164777437422,1.4741835473047236,-2.4233555775918263,1.0098307397816333,-0.42925281244151947,-0.3916439350023453,0.05378198116579025,-0.8575879140178664,-0.03672288531946233,50.0,51.0,51.0,41.0,43.0,26.0,29.0,28.0,53.0,88.19,3975442432,1552875520,1508872192,9.07,9.26,9.39,25297891328,9720082432
2026-04-27T15:15:54.445170+02:00,0.14778145311267685,0.24502021754070355,0.12767476267345979,2.7642069573626946,1.455077130504358,-2.4824653841911206,0.9946114687042429,-0.43228270402298163,-0.3825542602579588,0.05378198116579025,-0.8683257795330657,0.006228576741335257,50.0,51.0,51.0,41.0,43.0,26.0,29.0,28.0,53.0,88.19,3975442432,1552875520,1508872192,9.07,9.26,9.39,25297891328,9720082432
2026-04-27T15:15:54.496805+02:00,0.14778145311267685,0.24502021754070355,0.12767476267345979,2.7642069573626946,1.455077130504358,-2.4824653841911206,0.9672167807649399,-0.4353125956044438,-0.3658898565599169,0.05378198116579025,-0.8851995681998077,0.0706557698325323,50.0,51.0,51.0,41.0,43.0,26.0,29.0,28.0,53.0,88.19,3975442432,1552875520,1508872192,9.07,9.26,9.39,25297891328,9720082432
2026-04-27T15:15:54.551817+02:00,0.14778145311267685,0.24502021754070355,0.12767476267345979,2.7642069573626946,1.455077130504358,-2.4824653841911206,0.9474317283643319,-0.43985743297663704,-0.35377029023406836,0.05531596195367605,-0.8990053952907782,0.10133538559024524,50.0,51.0,51.0,41.0,43.0,26.0,29.0,28.0,53.0,88.19,3975442432,1552875520,1508872192,9.07,9.26,9.39,25297891328,9720082432
2026-04-27T15:15:54.602272+02:00,0.14778145311267685,0.24502021754070355,0.12767476267345979,2.7642069573626946,1.455077130504358,-2.4824653841911206,0.9276466759637243,-0.4413723787673681,-0.34013577811748863,0.05531596195367605,-0.9128112223817495,0.1718985018329846,50.0,51.0,51.0,41.0,43.0,26.0,29.0,28.0,53.0,88.19,3975442432,1552875520,1508872192,9.07,9.26,9.39,25297891328,9720082432
2026-04-27T15:15:54.653302+02:00,0.17529242491895589,0.23647034926585786,0.13503183786279033,3.0235866290408158,1.438987485401125,-2.5601890826828275,0.9139493319940728,-0.4444022703488303,-0.33256104916383333,0.05531596195367605,-0.9204811263211776,0.20257811759069755,50.0,51.0,51.0,41.0,43.0,26.0,29.0,28.0,53.0,91.47,3975442432,1552617472,1509130240,9.07,9.26,9.39,25297891328,9720082432
2026-04-27T15:15:54.703459+02:00,0.17529242491895589,0.23647034926585786,0.13503183786279033,3.0235866290408158,1.438987485401125,-2.5601890826828275,0.9017739151321602,-0.44591721613956137,-0.3249863202101779,0.05531596195367605,-0.9296850110484915,0.24092763728783861,50.0,51.0,51.0,41.0,43.0,26.0,29.0,28.0,53.0,91.47,3975442432,1552617472,1509130240,9.07,9.26,9.39,25297891328,9720082432
2026-04-27T15:15:54.756248+02:00,0.17529242491895589,0.23647034926585786,0.13503183786279033,3.0235866290408158,1.438987485401125,-2.5601890826828275,0.8835107898392915,-0.44894710772102353,-0.31438169967506036,0.05531596195367605,-0.9388888957758055,0.2746752146213227,50.0,51.0,51.0,41.0,43.0,26.0,29.0,28.0,53.0,91.47,3975442432,1552617472,1509130240,9.07,9.26,9.39,25297891328,9720082432
2026-04-27T15:15:54.806648+02:00,0.17529242491895589,0.23647034926585786,0.13503183786279033,3.0235866290408158,1.438987485401125,-2.5601890826828275,0.8835107898392915,-0.44894710772102353,-0.31438169967506036,0.05531596195367605,-0.9388888957758055,0.2746752146213227,50.0,51.0,51.0,41.0,43.0,26.0,29.0,28.0,53.0,91.47,3975442432,1552617472,1509130240,9.07,9.26,9.39,25297891328,9720082432
2026-04-27T15:15:54.857379+02:00,0.17529242491895589,0.23647034926585786,0.13503183786279033,3.0235866290408158,1.438987485401125,-2.5601890826828275,0.863725737438684,-0.4504620535117546,-0.3037770791399428,0.05531596195367605,-0.9496267612910043,0.3130247343184638,50.0,51.0,51.0,41.0,43.0,26.0,29.0,28.0,53.0,91.47,3975442432,1552617472,1509130240,9.07,9.26,9.39,25297891328,9720082432
2026-04-27T15:15:54.908953+02:00,0.18860325487459098,0.230898010618665,0.13830189828749084,-3.134791476915944,1.4311641351924356,-2.5950224653110627,0.8439406850380764,-0.4534919450932168,-0.29165751281409413,0.05531596195367605,-0.9634325883819757,0.3667140618944611,50.0,51.0,51.0,41.0,43.0,26.0,29.0,28.0,52.0,91.47,3975442432,1552617472,1509130240,9.07,9.26,9.39,25297891328,9720082432
2026-04-27T15:15:54.961331+02:00,0.18860325487459098,0.230898010618665,0.13830189828749084,-3.134791476915944,1.4311641351924356,-2.5950224653110627,0.8393749037148592,-0.4534919450932168,-0.28862762123263197,0.05531596195367605,-0.9649665691698615,0.3789859081975462,50.0,51.0,51.0,41.0,43.0,26.0,29.0,28.0,52.0,91.47,3975442432,1552617472,1509130240,9.07,9.26,9.39,25297891328,9720082432
2026-04-27T15:15:55.016147+02:00,0.18860325487459098,0.230898010618665,0.13830189828749084,-3.134791476915944,1.4311641351924356,-2.5950224653110627,0.8302433410684249,-0.45500689088394786,-0.2840827838604387,0.05684994274156141,-0.9680345307456322,0.39432571607640243,50.0,51.0,51.0,41.0,43.0,26.0,29.0,28.0,52.0,91.47,3975442432,1552617472,1509130240,9.07,9.26,9.39,25297891328,9720082432
2026-04-27T15:15:55.066313+02:00,0.19900084616249408,0.22573857336136358,0.1415192056331298,-3.054409329679746,1.4274474646427178,-2.638700443033939,0.8256775597452077,-0.45652183667467894,-0.28256783806970764,0.05684994274156141,-0.9711024923214038,0.4111995047431445,50.0,51.0,51.0,41.0,43.0,26.0,29.0,28.0,52.0,91.47,3975442432,1552617472,1509130240,9.07,9.26,9.39,25297891328,9720082432
2026-04-27T15:15:55.117751+02:00,0.19900084616249408,0.22573857336136358,0.1415192056331298,-3.054409329679746,1.4274474646427178,-2.638700443033939,0.8226337055297295,-0.45652183667467894,-0.28105289227897656,0.05684994274156141,-0.9711024923214038,0.41733542789468725,50.0,51.0,51.0,41.0,43.0,26.0,29.0,28.0,52.0,91.47,3975442432,1552617472,1509130240,9.07,9.26,9.39,25297891328,9720082432
2026-04-27T15:15:55.169345+02:00,0.19900084616249408,0.22573857336136358,0.1415192056331298,-3.054409329679746,1.4274474646427178,-2.638700443033939,0.8226337055297295,-0.45652183667467894,-0.28105289227897656,0.05684994274156141,-0.9726364731092896,0.41886940868257305,50.0,51.0,51.0,41.0,43.0,26.0,29.0,28.0,52.0,91.47,3975442432,1552617472,1509130240,9.07,9.26,9.39,25297891328,9720082432
2026-04-27T15:15:55.221452+02:00,0.19900084616249408,0.22573857336136358,0.1415192056331298,-3.054409329679746,1.4274474646427178,-2.638700443033939,0.8226337055297295,-0.45652183667467894,-0.2795379464882455,0.05684994274156141,-0.9787723962608319,0.41886940868257305,50.0,51.0,51.0,41.0,43.0,26.0,29.0,28.0,52.0,91.47,3975442432,1552617472,1509130240,9.07,9.26,9.39,25297891328,9720082432
2026-04-27T15:15:55.272816+02:00,0.2024196769934351,0.22341987561936413,0.14210176085320822,-3.0068349330093853,1.419996429379297,-2.6382044398520472,0.8226337055297295,-0.45652183667467894,-0.2795379464882455,0.05684994274156141,-0.9787723962608319,0.41886940868257305,50.0,51.0,51.0,41.0,43.0,26.0,29.0,28.0,52.0,91.47,3975442432,1552617472,1509130240,9.07,9.26,9.39,25297891328,9720082432
2026-04-27T15:15:55.327632+02:00,0.2024196769934351,0.22341987561936413,0.14210176085320822,-3.0068349330093853,1.419996429379297,-2.6382044398520472,0.8226337055297295,-0.45652183667467894,-0.2795379464882455,0.05684994274156141,-0.9787723962608319,0.41886940868257305,50.0,51.0,51.0,41.0,43.0,26.0,29.0,28.0,52.0,91.47,3975442432,1552617472,1509130240,9.07,9.26,9.39,25297891328,9720082432
2026-04-27T15:15:55.377657+02:00,0.2024196769934351,0.22341987561936413,0.14210176085320822,-3.0068349330093853,1.419996429379297,-2.6382044398520472,0.8226337055297295,-0.45652183667467894,-0.2795379464882455,0.05684994274156141,-0.9787723962608319,0.41886940868257305,50.0,51.0,51.0,41.0,43.0,26.0,29.0,28.0,52.0,91.47,3975442432,1552617472,1509130240,9.07,9.26,9.39,25297891328,9720082432
2026-04-27T15:15:55.428353+02:00,0.20217012457656822,0.22315101072660776,0.14135306061892472,-3.0006227207696976,1.4171167109130476,-2.632064071904155,0.8226337055297295,-0.4595517282561411,-0.28105289227897656,0.05684994274156141,-0.9787723962608319,0.41886940868257305,50.0,51.0,51.0,41.0,43.0,26.0,29.0,28.0,52.0,91.47,3975442432,1552617472,1509130240,9.07,9.26,9.39,25297891328,9720082432
2026-04-27T15:15:55.479270+02:00,0.20217012457656822,0.22315101072660776,0.14135306061892472,-3.0006227207696976,1.4171167109130476,-2.632064071904155,0.8226337055297295,-0.4595517282561411,-0.28105289227897656,0.05684994274156141,-0.9787723962608319,0.41886940868257305,50.0,51.0,51.0,41.0,43.0,26.0,29.0,28.0,52.0,91.47,3975442432,1552617472,1509130240,9.07,9.26,9.39,25297891328,9720082432
2026-04-27T15:15:55.530269+02:00,0.20217012457656822,0.22315101072660776,0.14135306061892472,-3.0006227207696976,1.4171167109130476,-2.632064071904155,0.8226337055297295,-0.46258161983760326,-0.28105289227897656,0.05684994274156141,-0.9772384154729461,0.41886940868257305,50.0,51.0,51.0,41.0,43.0,26.0,29.0,28.0,52.0,91.47,3975442432,1552617472,1509130240,9.07,9.26,9.39,25297891328,9720082432
2026-04-27T15:15:55.581274+02:00,0.20217012457656822,0.22315101072660776,0.14135306061892472,-3.0006227207696976,1.4171167109130476,-2.632064071904155,0.8226337055297295,-0.46258161983760326,-0.28105289227897656,0.05684994274156141,-0.9772384154729461,0.41886940868257305,50.0,51.0,51.0,41.0,43.0,26.0,29.0,28.0,52.0,91.47,3975442432,1552617472,1509130240,9.07,9.26,9.39,25297891328,9720082432
2026-04-27T15:15:55.633397+02:00,0.20217012457656822,0.22315101072660776,0.14135306061892472,-3.0006227207696976,1.4171167109130476,-2.632064071904155,0.8226337055297295,-0.47318624037272083,-0.2840827838604387,0.05684994274156141,-0.960364626806204,0.41886940868257305,50.0,51.0,51.0,41.0,43.0,26.0,29.0,28.0,52.0,91.47,3975442432,1552617472,1509130240,9.07,9.26,9.39,25297891328,9720082432
2026-04-27T15:15:55.684248+02:00,0.2024444511736534,0.2233977366822003,0.13874739267270722,-3.001347560324396,1.4187954205805742,-2.633229514974991,0.8226337055297295,-0.47318624037272083,-0.2840827838604387,0.05684994274156141,-0.960364626806204,0.41886940868257305,50.0,51.0,51.0,41.0,43.0,26.0,29.0,28.0,52.0,96.12,3975442432,1552969728,1508773888,9.07,9.26,9.39,25297891328,9720107008
2026-04-27T15:15:55.736426+02:00,0.2024444511736534,0.2233977366822003,0.13874739267270722,-3.001347560324396,1.4187954205805742,-2.633229514974991,0.8226337055297295,-0.4837908609078384,-0.28862762123263197,0.05838392352944721,-0.9404228765636913,0.41886940868257305,50.0,51.0,51.0,41.0,43.0,26.0,29.0,28.0,52.0,96.12,3975442432,1552969728,1508773888,9.07,9.26,9.39,25297891328,9720107008
2026-04-27T15:15:55.789216+02:00,0.2024444511736534,0.2233977366822003,0.13874739267270722,-3.001347560324396,1.4187954205805742,-2.633229514974991,0.8226337055297295,-0.4913655898614938,-0.29014256702336305,0.059917904317333015,-0.9281510302606057,0.41886940868257305,50.0,51.0,51.0,41.0,43.0,26.0,29.0,28.0,52.0,96.12,3975442432,1552969728,1508773888,9.07,9.26,9.39,25297891328,9720107008
2026-04-27T15:15:55.839255+02:00,0.2024444511736534,0.2233977366822003,0.13874739267270722,-3.001347560324396,1.4187954205805742,-2.633229514974991,0.8226337055297295,-0.4974253730244179,-0.29014256702336305,0.05838392352944721,-0.9250830686848341,0.41733542789468725,50.0,51.0,51.0,41.0,43.0,26.0,29.0,28.0,52.0,96.12,3975442432,1552969728,1508773888,9.07,9.26,9.39,25297891328,9720107008
2026-04-27T15:15:55.890146+02:00,0.2024444511736534,0.2233977366822003,0.13874739267270722,-3.001347560324396,1.4187954205805742,-2.633229514974991,0.8226337055297295,-0.4974253730244179,-0.29014256702336305,0.05838392352944721,-0.9250830686848341,0.41733542789468725,50.0,51.0,51.0,41.0,43.0,26.0,29.0,28.0,52.0,96.12,3975442432,1552969728,1508773888,9.07,9.26,9.39,25297891328,9720107008
2026-04-27T15:15:55.944814+02:00,0.20313234060930052,0.22407455773835092,0.12850998778440423,-3.0128373914220066,1.4251770257465624,-2.645920773008346,0.8226337055297295,-0.5156047225131909,-0.2946874043955563,0.06145188510521837,-0.900539376078664,0.41733542789468725,50.0,51.0,51.0,41.0,43.0,26.0,29.0,28.0,52.0,96.12,3975442432,1552969728,1508773888,9.07,9.26,9.39,25297891328,9720107008
2026-04-27T15:15:55.997425+02:00,0.20313234060930052,0.22407455773835092,0.12850998778440423,-3.0128373914220066,1.4251770257465624,-2.645920773008346,0.8226337055297295,-0.5277242888390395,-0.3007471875584806,0.06298586589310418,-0.8805976258361512,0.41733542789468725,50.0,51.0,51.0,41.0,43.0,26.0,29.0,28.0,52.0,96.12,3975442432,1552969728,1508773888,9.07,9.26,9.39,25297891328,9720107008
2026-04-27T15:15:56.049290+02:00,0.20332041047003535,0.22444629545361605,0.1180370231054302,-3.0364934604888836,1.4309118148761222,-2.674520681663794,0.8226337055297295,-0.5383289093741571,-0.3037770791399428,0.06451984668098998,-0.8637238371694091,0.41733542789468725,50.0,51.0,51.0,41.0,43.0,26.0,29.0,28.0,52.0,96.12,3975442432,1552969728,1508773888,9.07,9.26,9.39,25297891328,9720107008
2026-04-27T15:15:56.103241+02:00,0.20332041047003535,0.22444629545361605,0.1180370231054302,-3.0364934604888836,1.4309118148761222,-2.674520681663794,0.8226337055297295,-0.5519634214907368,-0.30529202493067387,0.06451984668098998,-0.8499180100784383,0.41580144710680145,50.0,51.0,51.0,41.0,43.0,26.0,29.0,28.0,52.0,96.12,3975442432,1552969728,1508773888,9.07,9.26,9.39,25297891328,9720107008
2026-04-27T15:15:56.153376+02:00,0.20332041047003535,0.22444629545361605,0.1180370231054302,-3.0364934604888836,1.4309118148761222,-2.674520681663794,0.8226337055297295,-0.5595381504443923,-0.30680697072140495,0.06605382746887534,-0.8453160677147813,0.41733542789468725,50.0,51.0,51.0,41.0,43.0,26.0,29.0,28.0,52.0,96.12,3975442432,1552969728,1508773888,9.07,9.26,9.39,25297891328,9720107008
2026-04-27T15:15:56.208356+02:00,0.20332041047003535,0.22444629545361605,0.1180370231054302,-3.0364934604888836,1.4309118148761222,-2.674520681663794,0.8226337055297295,-0.5701427709795098,-0.30832191651213603,0.06605382746887534,-0.8376461637753527,0.41580144710680145,50.0,51.0,51.0,41.0,43.0,26.0,29.0,28.0,52.0,96.12,3975442432,1552969728,1508773888,9.07,9.26,9.39,25297891328,9720107008
2026-04-27T15:15:56.259094+02:00,0.20249246758778688,0.2235608863568022,0.10213327032010232,-3.0072288626071932,1.4185046475543215,-2.6481815145077436,0.8226337055297295,-0.5746876083517031,-0.3098368623028671,0.06605382746887534,-0.8315102406238104,0.41580144710680145,50.0,51.0,51.0,41.0,43.0,26.0,29.0,28.0,52.0,96.12,3975442432,1552969728,1508773888,9.07,9.26,9.39,25297891328,9720107008
2026-04-27T15:15:56.309125+02:00,0.20249246758778688,0.2235608863568022,0.10213327032010232,-3.0072288626071932,1.4185046475543215,-2.6481815145077436,0.8226337055297295,-0.5777174999331652,-0.3098368623028671,0.06605382746887534,-0.8253743174722676,0.41580144710680145,50.0,51.0,51.0,41.0,43.0,26.0,29.0,28.0,52.0,96.12,3975442432,1552969728,1508773888,9.07,9.26,9.39,25297891328,9720107008
2026-04-27T15:15:56.359247+02:00,0.20249246758778688,0.2235608863568022,0.10213327032010232,-3.0072288626071932,1.4185046475543215,-2.6481815145077436,0.8226337055297295,-0.5913520120497447,-0.3113518080935982,0.06758780825676114,-0.8177044135328395,0.41580144710680145,50.0,51.0,51.0,41.0,43.0,26.0,29.0,28.0,52.0,96.12,3975442432,1552969728,1508773888,9.07,9.26,9.39,25297891328,9720107008
2026-04-27T15:15:56.412242+02:00,0.20249246758778688,0.2235608863568022,0.10213327032010232,-3.0072288626071932,1.4185046475543215,-2.6481815145077436,0.8226337055297295,-0.5974117952126691,-0.3128667538843293,0.06758780825676114,-0.8131024711691826,0.41580144710680145,50.0,51.0,51.0,41.0,43.0,26.0,29.0,28.0,52.0,96.12,3975442432,1552969728,1508773888,9.07,9.26,9.39,25297891328,9720107008
2026-04-27T15:15:56.464343+02:00,0.202145917766615,0.22318775825633477,0.09516655566755533,-2.997761223528739,1.4144133172013025,-2.6408563770968474,0.8226337055297295,-0.6004416867941312,-0.3128667538843293,0.06758780825676114,-0.8100345095934114,0.41580144710680145,50.0,51.0,51.0,41.0,43.0,26.0,29.0,28.0,52.0,96.12,3975442432,1552969728,1508773888,9.07,9.26,9.39,25297891328,9720107008
2026-04-27T15:15:56.516280+02:00,0.202145917766615,0.22318775825633477,0.09516655566755533,-2.997761223528739,1.4144133172013025,-2.6408563770968474,0.8226337055297295,-0.6004416867941312,-0.3128667538843293,0.06758780825676114,-0.8100345095934114,0.41580144710680145,50.0,51.0,51.0,41.0,43.0,26.0,29.0,28.0,52.0,96.12,3975442432,1552969728,1508773888,9.07,9.26,9.39,25297891328,9720107008
2026-04-27T15:15:56.569267+02:00,0.202145917766615,0.22318775825633477,0.09516655566755533,-2.997761223528739,1.4144133172013025,-2.6408563770968474,0.8226337055297295,-0.6004416867941312,-0.3128667538843293,0.06758780825676114,-0.8100345095934114,0.41580144710680145,50.0,51.0,51.0,41.0,43.0,26.0,29.0,28.0,52.0,96.12,3975442432,1552969728,1508773888,9.07,9.26,9.39,25297891328,9720107008
2026-04-27T15:15:56.624276+02:00,0.202145917766615,0.22318775825633477,0.09516655566755533,-2.997761223528739,1.4144133172013025,-2.6408563770968474,0.8226337055297295,-0.6004416867941312,-0.3128667538843293,0.06758780825676114,-0.8100345095934114,0.41580144710680145,50.0,51.0,51.0,41.0,43.0,26.0,29.0,28.0,52.0,96.12,3975442432,1552969728,1508773888,9.07,9.26,9.39,25297891328,9720107008
2026-04-27T15:15:56.674352+02:00,0.20190038275283012,0.22287459902608484,0.09215192350213865,-2.9894161193177036,1.4117366690085602,-2.6329335788828145,0.8226337055297295,-0.6004416867941312,-0.3128667538843293,0.06758780825676114,-0.8100345095934114,0.41580144710680145,50.0,51.0,51.0,41.0,43.0,26.0,29.0,28.0,52.0,98.45,3975442432,1565900800,1495818240,9.07,9.26,9.39,25297891328,9720111104
2026-04-27T15:15:56.728087+02:00,0.20190038275283012,0.22287459902608484,0.09215192350213865,-2.9894161193177036,1.4117366690085602,-2.6329335788828145,0.8226337055297295,-0.6004416867941312,-0.3128667538843293,0.06758780825676114,-0.8100345095934114,0.41580144710680145,50.0,51.0,51.0,41.0,43.0,26.0,29.0,28.0,52.0,98.45,3975442432,1565900800,1495818240,9.07,9.26,9.39,25297891328,9720111104
2026-04-27T15:15:56.778181+02:00,0.20190038275283012,0.22287459902608484,0.09215192350213865,-2.9894161193177036,1.4117366690085602,-2.6329335788828145,0.8226337055297295,-0.6004416867941312,-0.3128667538843293,0.06758780825676114,-0.8100345095934114,0.41580144710680145,50.0,51.0,51.0,41.0,43.0,26.0,29.0,28.0,52.0,98.45,3975442432,1565900800,1495818240,9.07,9.26,9.39,25297891328,9720111104
2026-04-27T15:15:56.828976+02:00,0.20190038275283012,0.22287459902608484,0.09215192350213865,-2.9894161193177036,1.4117366690085602,-2.6329335788828145,0.8226337055297295,-0.6004416867941312,-0.3128667538843293,0.06758780825676114,-0.8100345095934114,0.41580144710680145,50.0,51.0,51.0,41.0,43.0,26.0,29.0,28.0,52.0,98.45,3975442432,1565900800,1495818240,9.07,9.26,9.39,25297891328,9720111104
2026-04-27T15:15:56.879708+02:00,0.20190038275283012,0.22287459902608484,0.09215192350213865,-2.9894161193177036,1.4117366690085602,-2.6329335788828145,0.8226337055297295,-0.6004416867941312,-0.3128667538843293,0.06758780825676114,-0.8100345095934114,0.41580144710680145,50.0,51.0,51.0,41.0,43.0,26.0,29.0,28.0,52.0,98.45,3975442432,1565900800,1495818240,9.07,9.26,9.39,25297891328,9720111104
2026-04-27T15:15:56.932025+02:00,0.20190038275283012,0.22287459902608484,0.09215192350213865,-2.9894161193177036,1.4117366690085602,-2.6329335788828145,0.8226337055297295,-0.6004416867941312,-0.3128667538843293,0.06758780825676114,-0.8100345095934114,0.41580144710680145,50.0,51.0,51.0,41.0,43.0,26.0,29.0,28.0,52.0,98.45,3975442432,1565900800,1495818240,9.07,9.26,9.39,25297891328,9720111104
2026-04-27T15:15:56.986274+02:00,0.20190038275283012,0.22287459902608484,0.09215192350213865,-2.9894161193177036,1.4117366690085602,-2.6329335788828145,0.8226337055297295,-0.6004416867941312,-0.3128667538843293,0.06758780825676114,-0.8085005288055256,0.41580144710680145,50.0,51.0,51.0,41.0,43.0,26.0,29.0,28.0,52.0,98.45,3975442432,1565900800,1495818240,9.07,9.26,9.39,25297891328,9720111104
2026-04-27T15:15:57.037248+02:00,0.20190038275283012,0.22287459902608484,0.09215192350213865,-2.9894161193177036,1.4117366690085602,-2.6329335788828145,0.8226337055297295,-0.6004416867941312,-0.3128667538843293,0.06758780825676114,-0.8100345095934114,0.41580144710680145,50.0,51.0,51.0,41.0,43.0,26.0,29.0,28.0,52.0,98.45,3975442432,1565900800,1495818240,9.07,9.26,9.39,25297891328,9720111104
2026-04-27T15:15:57.090183+02:00,0.20190038275283012,0.22287459902608484,0.09215192350213865,-2.9894161193177036,1.4117366690085602,-2.6329335788828145,0.8226337055297295,-0.6004416867941312,-0.3128667538843293,0.06758780825676114,-0.8100345095934114,0.41580144710680145,50.0,51.0,51.0,41.0,43.0,26.0,29.0,28.0,52.0,98.45,3975442432,1565900800,1495818240,9.07,9.26,9.39,25297891328,9720111104
2026-04-27T15:15:57.140398+02:00,0.20190038275283012,0.22287459902608484,0.09215192350213865,-2.9894161193177036,1.4117366690085602,-2.6329335788828145,0.8226337055297295,-0.6004416867941312,-0.3128667538843293,0.06758780825676114,-0.8100345095934114,0.41580144710680145,50.0,51.0,51.0,41.0,43.0,26.0,29.0,28.0,52.0,98.45,3975442432,1565900800,1495818240,9.07,9.26,9.39,25297891328,9720111104
2026-04-27T15:15:57.191386+02:00,0.20190038275283012,0.22287459902608484,0.09215192350213865,-2.9894161193177036,1.4117366690085602,-2.6329335788828145,0.8226337055297295,-0.6004416867941312,-0.3128667538843293,0.06758780825676114,-0.8100345095934114,0.41580144710680145,50.0,51.0,51.0,41.0,43.0,26.0,29.0,28.0,52.0,98.45,3975442432,1565900800,1495818240,9.07,9.26,9.39,25297891328,9720111104
2026-04-27T15:15:57.245379+02:00,0.20190038275283012,0.22287459902608484,0.09215192350213865,-2.9894161193177036,1.4117366690085602,-2.6329335788828145,0.8226337055297295,-0.6004416867941312,-0.3128667538843293,0.06758780825676114,-0.8100345095934114,0.41580144710680145,50.0,51.0,51.0,41.0,43.0,26.0,29.0,28.0,52.0,98.45,3975442432,1565900800,1495818240,9.07,9.26,9.39,25297891328,9720111104
2026-04-27T15:15:57.299560+02:00,0.20190038275283012,0.22287459902608484,0.09215192350213865,-2.9894161193177036,1.4117366690085602,-2.6329335788828145,0.8226337055297295,-0.6004416867941312,-0.3128667538843293,0.06758780825676114,-0.8100345095934114,0.41580144710680145,50.0,51.0,51.0,41.0,43.0,26.0,29.0,28.0,52.0,98.45,3975442432,1565900800,1495818240,9.07,9.26,9.39,25297891328,9720111104
2026-04-27T15:15:57.353658+02:00,0.20190038275283012,0.22287459902608484,0.09215192350213865,-2.9894161193177036,1.4117366690085602,-2.6329335788828145,0.8226337055297295,-0.6004416867941312,-0.3128667538843293,0.06758780825676114,-0.8100345095934114,0.41580144710680145,50.0,51.0,51.0,41.0,43.0,26.0,29.0,28.0,52.0,98.45,3975442432,1565900800,1495818240,9.07,9.26,9.39,25297891328,9720111104
2026-04-27T15:15:57.405386+02:00,0.20190038275283012,0.22287459902608484,0.09215192350213865,-2.9894161193177036,1.4117366690085602,-2.6329335788828145,0.8226337055297295,-0.6004416867941312,-0.3128667538843293,0.06758780825676114,-0.8100345095934114,0.41580144710680145,50.0,51.0,51.0,41.0,43.0,26.0,29.0,28.0,52.0,98.45,3975442432,1565900800,1495818240,9.07,9.26,9.39,25297891328,9720111104
2026-04-27T15:15:57.457589+02:00,0.20190038275283012,0.22287459902608484,0.09215192350213865,-2.9894161193177036,1.4117366690085602,-2.6329335788828145,0.8226337055297295,-0.6004416867941312,-0.3128667538843293,0.06758780825676114,-0.8100345095934114,0.41580144710680145,50.0,51.0,51.0,41.0,43.0,26.0,29.0,28.0,52.0,98.45,3975442432,1565900800,1495818240,9.07,9.26,9.39,25297891328,9720111104
2026-04-27T15:15:57.508228+02:00,0.20190038275283012,0.22287459902608484,0.09215192350213865,-2.9894161193177036,1.4117366690085602,-2.6329335788828145,0.8226337055297295,-0.6004416867941312,-0.3128667538843293,0.06758780825676114,-0.8085005288055256,0.41580144710680145,50.0,51.0,51.0,41.0,43.0,26.0,29.0,28.0,52.0,98.45,3975442432,1565900800,1495818240,9.07,9.26,9.39,25297891328,9720111104
2026-04-27T15:15:57.560188+02:00,0.20190038275283012,0.22287459902608484,0.09215192350213865,-2.9894161193177036,1.4117366690085602,-2.6329335788828145,0.8226337055297295,-0.6004416867941312,-0.3128667538843293,0.06758780825676114,-0.8100345095934114,0.41580144710680145,50.0,51.0,51.0,41.0,43.0,26.0,29.0,28.0,52.0,98.45,3975442432,1565900800,1495818240,9.07,9.26,9.39,25297891328,9720111104
2026-04-27T15:15:57.614085+02:00,0.20190038275283012,0.22287459902608484,0.09215192350213865,-2.9894161193177036,1.4117366690085602,-2.6329335788828145,0.8226337055297295,-0.6004416867941312,-0.3128667538843293,0.06758780825676114,-0.8085005288055256,0.41580144710680145,50.0,51.0,51.0,41.0,43.0,26.0,29.0,28.0,52.0,90.71,3975442432,1587855360,1473851392,9.06,9.25,9.38,25297891328,9720111104
2026-04-27T15:15:57.664127+02:00,0.2019924147581036,0.22296399086273255,0.09214651556764007,-2.9919314724286776,1.4132171507153446,-2.635480787588593,0.8226337055297295,-0.6004416867941312,-0.3128667538843293,0.06758780825676114,-0.8100345095934114,0.41580144710680145,50.0,51.0,51.0,41.0,43.0,26.0,29.0,28.0,52.0,90.71,3975442432,1587855360,1473851392,9.06,9.25,9.38,25297891328,9720111104
2026-04-27T15:15:57.716575+02:00,0.2019924147581036,0.22296399086273255,0.09214651556764007,-2.9919314724286776,1.4132171507153446,-2.635480787588593,0.8226337055297295,-0.6004416867941312,-0.3128667538843293,0.06758780825676114,-0.8100345095934114,0.41580144710680145,50.0,51.0,51.0,41.0,43.0,26.0,29.0,28.0,52.0,90.71,3975442432,1587855360,1473851392,9.06,9.25,9.38,25297891328,9720111104
2026-04-27T15:15:57.767524+02:00,0.2019924147581036,0.22296399086273255,0.09214651556764007,-2.9919314724286776,1.4132171507153446,-2.635480787588593,0.8226337055297295,-0.6004416867941312,-0.3128667538843293,0.06758780825676114,-0.8100345095934114,0.41580144710680145,50.0,51.0,51.0,41.0,43.0,26.0,29.0,28.0,52.0,90.71,3975442432,1587855360,1473851392,9.06,9.25,9.38,25297891328,9720111104
2026-04-27T15:15:57.820149+02:00,0.2019924147581036,0.22296399086273255,0.09214651556764007,-2.9919314724286776,1.4132171507153446,-2.635480787588593,0.8226337055297295,-0.6004416867941312,-0.3128667538843293,0.06758780825676114,-0.8100345095934114,0.41580144710680145,50.0,51.0,51.0,41.0,43.0,26.0,29.0,28.0,52.0,90.71,3975442432,1587855360,1473851392,9.06,9.25,9.38,25297891328,9720111104
2026-04-27T15:15:57.871159+02:00,0.20190038275283012,0.22287459902608484,0.09215192350213865,-2.9894161193177036,1.4117366690085602,-2.6329335788828145,0.8226337055297295,-0.6004416867941312,-0.3128667538843293,0.06758780825676114,-0.8085005288055256,0.41580144710680145,50.0,51.0,51.0,41.0,43.0,26.0,29.0,28.0,52.0,90.71,3975442432,1587855360,1473851392,9.06,9.25,9.38,25297891328,9720111104
2026-04-27T15:15:57.922991+02:00,0.20190038275283012,0.22287459902608484,0.09215192350213865,-2.9894161193177036,1.4117366690085602,-2.6329335788828145,0.8226337055297295,-0.6004416867941312,-0.3128667538843293,0.06758780825676114,-0.8100345095934114,0.41580144710680145,50.0,51.0,51.0,41.0,43.0,26.0,29.0,28.0,52.0,90.71,3975442432,1587855360,1473851392,9.06,9.25,9.38,25297891328,9720111104
2026-04-27T15:15:57.977588+02:00,0.20190038275283012,0.22287459902608484,0.09215192350213865,-2.9894161193177036,1.4117366690085602,-2.6329335788828145,0.8226337055297295,-0.6004416867941312,-0.3128667538843293,0.06758780825676114,-0.8100345095934114,0.41580144710680145,50.0,51.0,51.0,41.0,43.0,26.0,29.0,28.0,52.0,90.71,3975442432,1587855360,1473851392,9.06,9.25,9.38,25297891328,9720111104
2026-04-27T15:15:58.032635+02:00,0.20190038275283012,0.22287459902608484,0.09215192350213865,-2.9894161193177036,1.4117366690085602,-2.6329335788828145,0.8226337055297295,-0.6004416867941312,-0.3128667538843293,0.06758780825676114,-0.8100345095934114,0.41580144710680145,50.0,51.0,51.0,41.0,43.0,26.0,29.0,28.0,52.0,90.71,3975442432,1587855360,1473851392,9.06,9.25,9.38,25297891328,9720111104
2026-04-27T15:15:58.082730+02:00,0.20190038275283012,0.22287459902608484,0.09215192350213865,-2.9894161193177036,1.4117366690085602,-2.6329335788828145,0.8226337055297295,-0.6004416867941312,-0.3128667538843293,0.06758780825676114,-0.8100345095934114,0.41580144710680145,50.0,51.0,51.0,41.0,43.0,26.0,29.0,28.0,52.0,90.71,3975442432,1587855360,1473851392,9.06,9.25,9.38,25297891328,9720111104
2026-04-27T15:15:58.135177+02:00,0.20190038275283012,0.22287459902608484,0.09215192350213865,-2.9894161193177036,1.4117366690085602,-2.6329335788828145,0.8226337055297295,-0.6004416867941312,-0.3128667538843293,0.06758780825676114,-0.8100345095934114,0.41580144710680145,50.0,51.0,51.0,41.0,43.0,26.0,29.0,28.0,52.0,90.71,3975442432,1587855360,1473851392,9.06,9.25,9.38,25297891328,9720111104
2026-04-27T15:15:58.185814+02:00,0.20190038275283012,0.22287459902608484,0.09215192350213865,-2.9894161193177036,1.4117366690085602,-2.6329335788828145,0.8226337055297295,-0.6004416867941312,-0.3128667538843293,0.06758780825676114,-0.8100345095934114,0.41580144710680145,50.0,51.0,51.0,41.0,43.0,26.0,29.0,28.0,52.0,90.71,3975442432,1587855360,1473851392,9.06,9.25,9.38,25297891328,9720111104
2026-04-27T15:15:58.239271+02:00,0.20190038275283012,0.22287459902608484,0.09215192350213865,-2.9894161193177036,1.4117366690085602,-2.6329335788828145,0.8226337055297295,-0.6004416867941312,-0.3128667538843293,0.06758780825676114,-0.8100345095934114,0.41580144710680145,50.0,51.0,51.0,41.0,43.0,26.0,29.0,28.0,52.0,90.71,3975442432,1587855360,1473851392,9.06,9.25,9.38,25297891328,9720111104
2026-04-27T15:15:58.291856+02:00,0.20190038275283012,0.22287459902608484,0.09215192350213865,-2.9894161193177036,1.4117366690085602,-2.6329335788828145,0.8226337055297295,-0.6004416867941312,-0.3128667538843293,0.06758780825676114,-0.8100345095934114,0.41580144710680145,50.0,51.0,51.0,41.0,43.0,26.0,29.0,28.0,52.0,90.71,3975442432,1587855360,1473851392,9.06,9.25,9.38,25297891328,9720111104
2026-04-27T15:15:58.343241+02:00,0.20190038275283012,0.22287459902608484,0.09215192350213865,-2.9894161193177036,1.4117366690085602,-2.6329335788828145,0.8226337055297295,-0.6004416867941312,-0.3128667538843293,0.06758780825676114,-0.8100345095934114,0.41580144710680145,50.0,51.0,51.0,41.0,43.0,26.0,29.0,28.0,52.0,90.71,3975442432,1587855360,1473851392,9.06,9.25,9.38,25297891328,9720111104
2026-04-27T15:15:58.393798+02:00,0.20190038275283012,0.22287459902608484,0.09215192350213865,-2.9894161193177036,1.4117366690085602,-2.6329335788828145,0.8226337055297295,-0.6004416867941312,-0.3128667538843293,0.06758780825676114,-0.8100345095934114,0.41580144710680145,50.0,51.0,51.0,41.0,43.0,26.0,29.0,28.0,52.0,90.71,3975442432,1587855360,1473851392,9.06,9.25,9.38,25297891328,9720111104
2026-04-27T15:15:58.444763+02:00,0.20190038275283012,0.22287459902608484,0.09215192350213865,-2.9894161193177036,1.4117366690085602,-2.6329335788828145,0.8226337055297295,-0.6004416867941312,-0.3128667538843293,0.06758780825676114,-0.8085005288055256,0.41580144710680145,50.0,51.0,51.0,41.0,43.0,26.0,29.0,28.0,52.0,90.71,3975442432,1587855360,1473851392,9.06,9.25,9.38,25297891328,9720111104
2026-04-27T15:15:58.494822+02:00,0.20190038275283012,0.22287459902608484,0.09215192350213865,-2.9894161193177036,1.4117366690085602,-2.6329335788828145,0.8226337055297295,-0.6004416867941312,-0.3128667538843293,0.06758780825676114,-0.8085005288055256,0.41580144710680145,50.0,51.0,51.0,41.0,43.0,26.0,29.0,28.0,52.0,90.71,3975442432,1587855360,1473851392,9.06,9.25,9.38,25297891328,9720111104
2026-04-27T15:15:58.546398+02:00,0.20190038275283012,0.22287459902608484,0.09215192350213865,-2.9894161193177036,1.4117366690085602,-2.6329335788828145,0.8226337055297295,-0.6004416867941312,-0.3128667538843293,0.06758780825676114,-0.8100345095934114,0.41580144710680145,50.0,51.0,51.0,41.0,43.0,26.0,29.0,28.0,52.0,90.71,3975442432,1587855360,1473851392,9.06,9.25,9.38,25297891328,9720111104
2026-04-27T15:15:58.600053+02:00,0.20190038275283012,0.22287459902608484,0.09215192350213865,-2.9894161193177036,1.4117366690085602,-2.6329335788828145,0.8226337055297295,-0.6004416867941312,-0.3128667538843293,0.06758780825676114,-0.8100345095934114,0.41580144710680145,50.0,51.0,51.0,41.0,43.0,26.0,29.0,28.0,52.0,93.94,3975442432,1589944320,1471754240,9.06,9.25,9.38,25297891328,9720127488
2026-04-27T15:15:58.655135+02:00,0.20190038275283012,0.22287459902608484,0.09215192350213865,-2.9894161193177036,1.4117366690085602,-2.6329335788828145,0.8226337055297295,-0.5974117952126691,-0.3128667538843293,0.06758780825676114,-0.8100345095934114,0.41580144710680145,50.0,51.0,51.0,41.0,43.0,26.0,29.0,28.0,52.0,93.94,3975442432,1589944320,1471754240,9.06,9.25,9.38,25297891328,9720127488
2026-04-27T15:15:58.707256+02:00,0.20190038275283012,0.22287459902608484,0.09215192350213865,-2.9894161193177036,1.4117366690085602,-2.6329335788828145,0.8226337055297295,-0.5943819036312069,-0.3113518080935982,0.06758780825676114,-0.8115684903812972,0.41580144710680145,50.0,51.0,51.0,41.0,43.0,26.0,29.0,28.0,52.0,93.94,3975442432,1589944320,1471754240,9.06,9.25,9.38,25297891328,9720127488
2026-04-27T15:15:58.760400+02:00,0.20190038275283012,0.22287459902608484,0.09215192350213865,-2.9894161193177036,1.4117366690085602,-2.6329335788828145,0.8226337055297295,-0.5868071746775517,-0.3098368623028671,0.06758780825676114,-0.8238403366843823,0.41580144710680145,50.0,51.0,51.0,41.0,43.0,26.0,29.0,28.0,52.0,93.94,3975442432,1589944320,1471754240,9.06,9.25,9.38,25297891328,9720127488
2026-04-27T15:15:58.811771+02:00,0.20190038275283012,0.22287459902608484,0.09215192350213865,-2.9894161193177036,1.4117366690085602,-2.6329335788828145,0.8226337055297295,-0.5822623373053585,-0.30832191651213603,0.06605382746887534,-0.8299762598359246,0.41580144710680145,50.0,51.0,51.0,41.0,43.0,26.0,29.0,28.0,52.0,93.94,3975442432,1589944320,1471754240,9.06,9.25,9.38,25297891328,9720127488
2026-04-27T15:15:58.866740+02:00,0.20225029692512211,0.2233388847676339,0.09681113490394068,-2.999609904014822,1.4142514828992536,-2.6424247756774752,0.8226337055297295,-0.5807473915146274,-0.30832191651213603,0.06605382746887534,-0.8330442214116962,0.41580144710680145,50.0,51.0,51.0,41.0,43.0,26.0,29.0,28.0,52.0,93.94,3975442432,1589944320,1471754240,9.06,9.25,9.38,25297891328,9720127488
2026-04-27T15:15:58.917893+02:00,0.20225029692512211,0.2233388847676339,0.09681113490394068,-2.999609904014822,1.4142514828992536,-2.6424247756774752,0.8226337055297295,-0.5701427709795098,-0.3037770791399428,0.06605382746887534,-0.8483840292905525,0.41733542789468725,50.0,51.0,51.0,41.0,43.0,26.0,29.0,28.0,53.0,93.94,3975442432,1589944320,1471754240,9.06,9.25,9.38,25297891328,9720127488
2026-04-27T15:15:58.969079+02:00,0.20225029692512211,0.2233388847676339,0.09681113490394068,-2.999609904014822,1.4142514828992536,-2.6424247756774752,0.8226337055297295,-0.5671128793980477,-0.3037770791399428,0.06605382746887534,-0.8514519908663236,0.41733542789468725,50.0,51.0,51.0,41.0,43.0,26.0,29.0,28.0,53.0,93.94,3975442432,1589944320,1471754240,9.06,9.25,9.38,25297891328,9720127488
2026-04-27T15:15:59.019342+02:00,0.20225029692512211,0.2233388847676339,0.09681113490394068,-2.999609904014822,1.4142514828992536,-2.6424247756774752,0.8226337055297295,-0.5671128793980477,-0.3037770791399428,0.06605382746887534,-0.8514519908663236,0.41733542789468725,50.0,51.0,51.0,41.0,43.0,26.0,29.0,28.0,53.0,93.94,3975442432,1589944320,1471754240,9.06,9.25,9.38,25297891328,9720127488
2026-04-27T15:15:59.070387+02:00,0.20262090043805153,0.22381920639733913,0.10553232196767552,-2.998923324017538,1.4122475519835413,-2.640644445522887,0.8226337055297295,-0.5474185841185436,-0.29771729597701846,0.06605382746887534,-0.8759956834724938,0.41733542789468725,50.0,51.0,51.0,41.0,43.0,26.0,29.0,28.0,53.0,93.94,3975442432,1589944320,1471754240,9.06,9.25,9.38,25297891328,9720127488
2026-04-27T15:15:59.122713+02:00,0.20262090043805153,0.22381920639733913,0.10553232196767552,-2.998923324017538,1.4122475519835413,-2.640644445522887,0.8226337055297295,-0.5413588009556193,-0.2962023501862874,0.06605382746887534,-0.8898015105634651,0.41733542789468725,50.0,51.0,51.0,41.0,43.0,26.0,29.0,28.0,53.0,93.94,3975442432,1589944320,1471754240,9.06,9.25,9.38,25297891328,9720127488
2026-04-27T15:15:59.177791+02:00,0.20262090043805153,0.22381920639733913,0.10553232196767552,-2.998923324017538,1.4122475519835413,-2.640644445522887,0.8226337055297295,-0.5322691262112328,-0.2931724586048252,0.06605382746887534,-0.900539376078664,0.41733542789468725,50.0,51.0,51.0,41.0,43.0,26.0,29.0,28.0,53.0,93.94,3975442432,1589944320,1471754240,9.06,9.25,9.38,25297891328,9720127488
2026-04-27T15:15:59.229404+02:00,0.20262090043805153,0.22381920639733913,0.10553232196767552,-2.998923324017538,1.4122475519835413,-2.640644445522887,0.8226337055297295,-0.5201495598853841,-0.29165751281409413,0.06451984668098998,-0.9143452031696353,0.41733542789468725,50.0,51.0,51.0,41.0,43.0,26.0,29.0,28.0,53.0,93.94,3975442432,1589944320,1471754240,9.06,9.25,9.38,25297891328,9720127488
2026-04-27T15:15:59.280548+02:00,0.2029729955340674,0.22446690047860945,0.11902281070623015,-3.017835084740002,1.413935395384852,-2.657295599746192,0.8226337055297295,-0.5080299935595355,-0.28862762123263197,0.06298586589310418,-0.9342869534121481,0.4204033894704584,50.0,51.0,51.0,41.0,43.0,26.0,29.0,28.0,53.0,93.94,3975442432,1589944320,1471754240,9.06,9.25,9.38,25297891328,9720127488
2026-04-27T15:15:59.331936+02:00,0.2029729955340674,0.22446690047860945,0.11902281070623015,-3.017835084740002,1.413935395384852,-2.657295599746192,0.8226337055297295,-0.498940318815149,-0.2871126754419009,0.06145188510521837,-0.9404228765636913,0.4204033894704584,50.0,51.0,51.0,41.0,43.0,26.0,29.0,28.0,53.0,93.94,3975442432,1589944320,1471754240,9.06,9.25,9.38,25297891328,9720127488
2026-04-27T15:15:59.386124+02:00,0.2029729955340674,0.22446690047860945,0.11902281070623015,-3.017835084740002,1.413935395384852,-2.657295599746192,0.8226337055297295,-0.48682075248930057,-0.2855977296511698,0.06145188510521837,-0.9450248189273478,0.4204033894704584,50.0,51.0,51.0,41.0,43.0,26.0,29.0,28.0,53.0,93.94,3975442432,1589944320,1471754240,9.06,9.25,9.38,25297891328,9720127488
2026-04-27T15:15:59.437882+02:00,0.2029729955340674,0.22446690047860945,0.11902281070623015,-3.017835084740002,1.413935395384852,-2.657295599746192,0.8226337055297295,-0.4837908609078384,-0.2840827838604387,0.06145188510521837,-0.9511607420788901,0.4219373702583442,50.0,51.0,51.0,41.0,43.0,26.0,29.0,28.0,53.0,93.94,3975442432,1589944320,1471754240,9.06,9.25,9.38,25297891328,9720127488
2026-04-27T15:15:59.488139+02:00,0.2029729955340674,0.22446690047860945,0.11902281070623015,-3.017835084740002,1.413935395384852,-2.657295599746192,0.8226337055297295,-0.4837908609078384,-0.2840827838604387,0.06145188510521837,-0.9511607420788901,0.4219373702583442,50.0,51.0,51.0,41.0,43.0,26.0,29.0,28.0,53.0,93.94,3975442432,1589944320,1471754240,9.06,9.25,9.38,25297891328,9720127488
2026-04-27T15:15:59.539215+02:00,0.20263590176377733,0.2239471489316324,0.1329343772244067,-3.0088535523044144,1.4152522584849008,-2.6475667829964165,0.8226337055297295,-0.47015634879125867,-0.28256783806970764,0.06145188510521837,-0.9649665691698615,0.4219373702583442,50.0,51.0,51.0,41.0,43.0,26.0,29.0,28.0,53.0,93.94,3975442432,1589944320,1471754240,9.06,9.25,9.38,25297891328,9720127488
2026-04-27T15:15:59.589700+02:00,0.20263590176377733,0.2239471489316324,0.1329343772244067,-3.0088535523044144,1.4152522584849008,-2.6475667829964165,0.8226337055297295,-0.46258161983760326,-0.28105289227897656,0.059917904317333015,-0.969568511533518,0.4250053318341154,50.0,51.0,51.0,41.0,43.0,26.0,29.0,28.0,53.0,93.94,3975442432,1589944320,1471754240,9.06,9.25,9.38,25297891328,9720127488
2026-04-27T15:15:59.641195+02:00,0.20263590176377733,0.2239471489316324,0.1329343772244067,-3.0088535523044144,1.4152522584849008,-2.6475667829964165,0.8226337055297295,-0.4595517282561411,-0.28105289227897656,0.059917904317333015,-0.9711024923214038,0.4250053318341154,50.0,51.0,51.0,41.0,43.0,26.0,29.0,28.0,53.0,93.94,3975442432,1589944320,1471754240,9.06,9.25,9.38,25297891328,9720127488
2026-04-27T15:15:59.692619+02:00,0.20249811684436142,0.22374790080988957,0.1399647163465753,-3.016203768283106,1.4209102750609257,-2.6559992835766315,0.8226337055297295,-0.45652183667467894,-0.2795379464882455,0.05838392352944721,-0.9711024923214038,0.4250053318341154,50.0,51.0,51.0,41.0,43.0,26.0,29.0,28.0,53.0,93.94,3975442432,1589944320,1471754240,9.06,9.25,9.38,25297891328,9720127488
2026-04-27T15:15:59.744406+02:00,0.20249811684436142,0.22374790080988957,0.1399647163465753,-3.016203768283106,1.4209102750609257,-2.6559992835766315,0.8226337055297295,-0.45652183667467894,-0.2795379464882455,0.05838392352944721,-0.9757044346850603,0.4250053318341154,50.0,51.0,51.0,41.0,43.0,26.0,29.0,28.0,53.0,96.95,3975442432,1590861824,1470799872,9.06,9.25,9.38,25297891328,9720127488
2026-04-27T15:15:59.797656+02:00,0.20249811684436142,0.22374790080988957,0.1399647163465753,-3.016203768283106,1.4209102750609257,-2.6559992835766315,0.8226337055297295,-0.45652183667467894,-0.2795379464882455,0.05838392352944721,-0.9772384154729461,0.4250053318341154,50.0,51.0,51.0,41.0,43.0,26.0,29.0,28.0,53.0,96.95,3975442432,1590861824,1470799872,9.06,9.25,9.38,25297891328,9720127488
2026-04-27T15:15:59.848859+02:00,0.20244135437557195,0.22357990489460516,0.14210165928074847,-3.0107865081307006,1.4211039676307218,-2.6492736381741357,0.8226337055297295,-0.45652183667467894,-0.2795379464882455,0.05838392352944721,-0.9772384154729461,0.4250053318341154,50.0,51.0,51.0,41.0,43.0,26.0,29.0,28.0,53.0,96.95,3975442432,1590861824,1470799872,9.06,9.25,9.38,25297891328,9720127488
2026-04-27T15:15:59.903158+02:00,0.20244135437557195,0.22357990489460516,0.14210165928074847,-3.0107865081307006,1.4211039676307218,-2.6492736381741357,0.8226337055297295,-0.45652183667467894,-0.2795379464882455,0.05838392352944721,-0.9772384154729461,0.4250053318341154,50.0,51.0,51.0,41.0,43.0,26.0,29.0,28.0,53.0,96.95,3975442432,1590861824,1470799872,9.06,9.25,9.38,25297891328,9720127488
2026-04-27T15:15:59.954453+02:00,0.20244135437557195,0.22357990489460516,0.14210165928074847,-3.0107865081307006,1.4211039676307218,-2.6492736381741357,0.8226337055297295,-0.45652183667467894,-0.2795379464882455,0.05838392352944721,-0.9772384154729461,0.4250053318341154,50.0,51.0,51.0,41.0,43.0,26.0,29.0,28.0,53.0,96.95,3975442432,1590861824,1470799872,9.06,9.25,9.38,25297891328,9720127488
2026-04-27T15:16:00.005494+02:00,0.20244135437557195,0.22357990489460516,0.14210165928074847,-3.0107865081307006,1.4211039676307218,-2.6492736381741357,0.8226337055297295,-0.45652183667467894,-0.2795379464882455,0.05838392352944721,-0.9772384154729461,0.4250053318341154,50.0,51.0,51.0,41.0,43.0,26.0,29.0,28.0,53.0,96.95,3975442432,1590861824,1470799872,9.06,9.25,9.38,25297891328,9720127488
2026-04-27T15:16:00.060515+02:00,0.20244135437557195,0.22357990489460516,0.14210165928074847,-3.0107865081307006,1.4211039676307218,-2.6492736381741357,0.8226337055297295,-0.45652183667467894,-0.2795379464882455,0.05838392352944721,-0.9772384154729461,0.4250053318341154,50.0,51.0,51.0,41.0,43.0,26.0,29.0,28.0,53.0,96.95,3975442432,1590861824,1470799872,9.06,9.25,9.38,25297891328,9720127488
2026-04-27T15:16:00.114714+02:00,0.20244135437557195,0.22357990489460516,0.14210165928074847,-3.0107865081307006,1.4211039676307218,-2.6492736381741357,0.8226337055297295,-0.45652183667467894,-0.2795379464882455,0.05838392352944721,-0.9772384154729461,0.4250053318341154,50.0,51.0,51.0,41.0,43.0,26.0,29.0,28.0,53.0,96.95,3975442432,1590861824,1470799872,9.06,9.25,9.38,25297891328,9720127488
2026-04-27T15:16:00.166237+02:00,0.20244135437557195,0.22357990489460516,0.14210165928074847,-3.0107865081307006,1.4211039676307218,-2.6492736381741357,0.8256775597452077,-0.4534919450932168,-0.2795379464882455,0.05838392352944721,-0.9772384154729461,0.4250053318341154,50.0,51.0,51.0,41.0,43.0,26.0,29.0,28.0,53.0,96.95,3975442432,1590861824,1470799872,9.06,9.25,9.38,25297891328,9720127488
2026-04-27T15:16:00.218713+02:00,0.20244135437557195,0.22357990489460516,0.14210165928074847,-3.0107865081307006,1.4211039676307218,-2.6492736381741357,0.8317652681761638,-0.44894710772102353,-0.2795379464882455,0.05838392352944721,-0.9772384154729461,0.4250053318341154,50.0,51.0,51.0,41.0,43.0,26.0,29.0,28.0,53.0,96.95,3975442432,1590861824,1470799872,9.06,9.25,9.38,25297891328,9720127488
2026-04-27T15:16:00.272137+02:00,0.20050894258486168,0.22554824523856945,0.14438679528311227,-3.0280805436979494,1.4282481947569117,-2.657251933982525,0.836331049499381,-0.44591721613956137,-0.2795379464882455,0.06145188510521837,-0.9772384154729461,0.4250053318341154,50.0,51.0,51.0,41.0,43.0,26.0,29.0,28.0,53.0,96.95,3975442432,1590861824,1470799872,9.06,9.25,9.38,25297891328,9720127488
2026-04-27T15:16:00.323887+02:00,0.20050894258486168,0.22554824523856945,0.14438679528311227,-3.0280805436979494,1.4282481947569117,-2.657251933982525,0.8408968308225981,-0.4413723787673681,-0.2795379464882455,0.06145188510521837,-0.9772384154729461,0.4250053318341154,50.0,51.0,51.0,41.0,43.0,26.0,29.0,28.0,53.0,96.95,3975442432,1590861824,1470799872,9.06,9.25,9.38,25297891328,9720127488
2026-04-27T15:16:00.378693+02:00,0.20050894258486168,0.22554824523856945,0.14438679528311227,-3.0280805436979494,1.4282481947569117,-2.657251933982525,0.8515503205767714,-0.4337976498137127,-0.2795379464882455,0.06451984668098998,-0.9803063770487177,0.4250053318341154,50.0,51.0,51.0,41.0,43.0,26.0,29.0,28.0,53.0,96.95,3975442432,1590861824,1470799872,9.06,9.25,9.38,25297891328,9720127488
2026-04-27T15:16:00.431131+02:00,0.20050894258486168,0.22554824523856945,0.14438679528311227,-3.0280805436979494,1.4282481947569117,-2.657251933982525,0.8591599561154668,-0.4262229208600573,-0.2795379464882455,0.06605382746887534,-0.9849083194123742,0.4250053318341154,50.0,51.0,51.0,41.0,43.0,26.0,29.0,28.0,53.0,96.95,3975442432,1590861824,1470799872,9.06,9.25,9.38,25297891328,9720127488
2026-04-27T15:16:00.482631+02:00,0.19414230995267526,0.23090268663890756,0.15036124302499185,-3.1063368548939367,1.4385321320318256,-2.7136621383629063,0.863725737438684,-0.4247079750693262,-0.2795379464882455,0.06758780825676114,-0.98644230020026,0.4250053318341154,50.0,51.0,51.0,41.0,43.0,26.0,29.0,28.0,53.0,96.95,3975442432,1590861824,1470799872,9.06,9.25,9.38,25297891328,9720127488
2026-04-27T15:16:00.536052+02:00,0.19414230995267526,0.23090268663890756,0.15036124302499185,-3.1063368548939367,1.4385321320318256,-2.7136621383629063,0.8774230814083355,-0.41410335453420866,-0.2780230006975144,0.0706557698325323,-0.9895102617760316,0.4250053318341154,50.0,51.0,51.0,41.0,43.0,26.0,29.0,28.0,53.0,96.95,3975442432,1590861824,1470799872,9.06,9.25,9.38,25297891328,9720127488
2026-04-27T15:16:00.591071+02:00,0.19414230995267526,0.23090268663890756,0.15036124302499185,-3.1063368548939367,1.4385321320318256,-2.7136621383629063,0.8941642795934652,-0.39895389662689784,-0.2780230006975144,0.07679169298407507,-0.9987141465033456,0.4250053318341154,50.0,51.0,51.0,41.0,43.0,26.0,29.0,28.0,53.0,96.95,3975442432,1590861824,1470799872,9.06,9.25,9.38,25297891328,9720127488
2026-04-27T15:16:00.641198+02:00,0.18577959695713464,0.23707722143904672,0.15892859128605513,3.0597356122708708,1.4476014562412205,-2.8039782028828424,0.9063396964553774,-0.38986422188251146,-0.2780230006975144,0.07832567377196042,-1.0017821080791163,0.4250053318341154,50.0,51.0,51.0,41.0,43.0,26.0,29.0,28.0,53.0,96.95,3975442432,1590861824,1470799872,9.06,9.25,9.38,25297891328,9720127488
2026-04-27T15:16:00.692396+02:00,0.18577959695713464,0.23707722143904672,0.15892859128605513,3.0597356122708708,1.4476014562412205,-2.8039782028828424,0.9109054777785945,-0.3853193845103182,-0.2780230006975144,0.08292761613561739,-1.003316088867002,0.4250053318341154,50.0,51.0,51.0,41.0,43.0,26.0,29.0,28.0,53.0,96.95,3975442432,1590861824,1470799872,9.06,9.25,9.38,25297891328,9720127488
2026-04-27T15:16:00.744459+02:00,0.18577959695713464,0.23707722143904672,0.15892859128605513,3.0597356122708708,1.4476014562412205,-2.8039782028828424,0.9215589675327682,-0.3777446555566628,-0.2780230006975144,0.08446159692350319,-1.0079180312306595,0.4250053318341154,50.0,51.0,51.0,41.0,43.0,26.0,29.0,28.0,53.0,94.03,3975442432,1553240064,1508401152,9.06,9.25,9.38,25297891328,9720147968
2026-04-27T15:16:00.797222+02:00,0.18577959695713464,0.23707722143904672,0.15892859128605513,3.0597356122708708,1.4476014562412205,-2.8039782028828424,0.9443878741488541,-0.35805036027715886,-0.2765080549067833,0.09059752007504551,-1.0155879351700876,0.4250053318341154,50.0,51.0,51.0,41.0,43.0,26.0,29.0,28.0,53.0,94.03,3975442432,1553240064,1508401152,9.06,9.25,9.38,25297891328,9720147968
2026-04-27T15:16:00.851493+02:00,0.16904374251198234,0.24742862312392122,0.1738593561489016,2.809229417878896,1.4587636051502493,-3.0015448598594237,0.9626509994417227,-0.34290090236984805,-0.2765080549067833,0.09826742401447408,-1.0247918198974015,0.4250053318341154,50.0,51.0,51.0,41.0,43.0,26.0,29.0,28.0,53.0,94.03,3975442432,1553240064,1508401152,9.06,9.25,9.38,25297891328,9720147968
2026-04-27T15:16:00.905349+02:00,0.16904374251198234,0.24742862312392122,0.1738593561489016,2.809229417878896,1.4587636051502493,-3.0015448598594237,0.9778702705191131,-0.3307813360439994,-0.2765080549067833,0.1028693663781306,-1.029393762261058,0.4250053318341154,50.0,51.0,51.0,41.0,43.0,26.0,29.0,28.0,53.0,94.03,3975442432,1553240064,1508401152,9.06,9.25,9.38,25297891328,9720147968
2026-04-27T15:16:00.956271+02:00,0.16904374251198234,0.24742862312392122,0.1738593561489016,2.809229417878896,1.4587636051502493,-3.0015448598594237,0.99917725002746,-0.31260198655522653,-0.2765080549067833,0.11053927031755917,-1.0401316277762578,0.4250053318341154,50.0,51.0,51.0,41.0,43.0,26.0,29.0,28.0,53.0,94.03,3975442432,1553240064,1508401152,9.06,9.25,9.38,25297891328,9720147968
2026-04-27T15:16:01.006628+02:00,0.16904374251198234,0.24742862312392122,0.1738593561489016,2.809229417878896,1.4587636051502493,-3.0015448598594237,1.0174403753203287,-0.2974525286479157,-0.27499310911605224,0.11360723189333033,-1.0447335701399143,0.4250053318341154,50.0,51.0,51.0,41.0,43.0,26.0,29.0,28.0,53.0,94.03,3975442432,1553240064,1508401152,9.06,9.25,9.38,25297891328,9720147968
2026-04-27T15:16:01.059941+02:00,0.15139221644613898,0.2559405139521692,0.1891223506467598,2.5151282687075827,1.4627244429710724,3.042541373284542,1.0235280837512848,-0.2913927454849914,-0.27499310911605224,0.11514121268121613,-1.0462675509278,0.4265393126220012,50.0,51.0,51.0,41.0,43.0,26.0,29.0,28.0,53.0,94.03,3975442432,1553240064,1508401152,9.06,9.25,9.38,25297891328,9720147968
2026-04-27T15:16:01.114514+02:00,0.15139221644613898,0.2559405139521692,0.1891223506467598,2.5151282687075827,1.4627244429710724,3.042541373284542,1.0235280837512848,-0.2913927454849914,-0.27499310911605224,0.11514121268121613,-1.0462675509278,0.4265393126220012,50.0,51.0,51.0,41.0,43.0,26.0,29.0,28.0,53.0,94.03,3975442432,1553240064,1508401152,9.06,9.25,9.38,25297891328,9720147968
2026-04-27T15:16:01.166427+02:00,0.15139221644613898,0.2559405139521692,0.1891223506467598,2.5151282687075827,1.4627244429710724,3.042541373284542,1.0722297511989347,-0.24897426334452122,-0.27499310911605224,0.12894703977218658,-1.0616073588066564,0.42807329340988653,50.0,51.0,51.0,41.0,43.0,26.0,29.0,28.0,53.0,94.03,3975442432,1553240064,1508401152,9.06,9.25,9.38,25297891328,9720147968
2026-04-27T15:16:01.221455+02:00,0.15139221644613898,0.2559405139521692,0.1891223506467598,2.5151282687075827,1.4627244429710724,3.042541373284542,1.0950586578150205,-0.22927996806501727,-0.27499310911605224,0.13354898213584354,-1.0677432819581987,0.42807329340988653,50.0,51.0,51.0,41.0,43.0,26.0,29.0,28.0,53.0,94.03,3975442432,1553240064,1508401152,9.06,9.25,9.38,25297891328,9720147968
2026-04-27T15:16:01.273360+02:00,0.13107279464991142,0.26304669164650096,0.2070366084417471,2.1207143797269024,1.456656342957752,2.7068743252587995,1.1133217831078892,-0.21413051015770646,-0.27347816332532116,0.13508296292372934,-1.0738792051097419,0.42807329340988653,50.0,51.0,51.0,41.0,43.0,26.0,29.0,28.0,53.0,94.03,3975442432,1553240064,1508401152,9.06,9.25,9.38,25297891328,9720147968
2026-04-27T15:16:01.324706+02:00,0.13107279464991142,0.26304669164650096,0.2070366084417471,2.1207143797269024,1.456656342957752,2.7068743252587995,1.1224533457543235,-0.20504083541331997,-0.27347816332532116,0.1396849052873863,-1.0769471666855126,0.42807329340988653,50.0,51.0,51.0,41.0,43.0,26.0,29.0,28.0,53.0,94.03,3975442432,1553240064,1508401152,9.06,9.25,9.38,25297891328,9720147968
2026-04-27T15:16:01.375591+02:00,0.13107279464991142,0.26304669164650096,0.2070366084417471,2.1207143797269024,1.456656342957752,2.7068743252587995,1.1331068355084963,-0.19595116066893348,-0.27347816332532116,0.1396849052873863,-1.0800151282612842,0.42807329340988653,50.0,51.0,51.0,41.0,43.0,26.0,29.0,28.0,53.0,94.03,3975442432,1553240064,1508401152,9.06,9.25,9.38,25297891328,9720147968
2026-04-27T15:16:01.427908+02:00,0.13107279464991142,0.26304669164650096,0.2070366084417471,2.1207143797269024,1.456656342957752,2.7068743252587995,1.1376726168317135,-0.19140632329674023,-0.27347816332532116,0.14121888607527167,-1.0830830898370558,0.42960727419777234,50.0,51.0,51.0,41.0,43.0,26.0,29.0,28.0,53.0,94.03,3975442432,1553240064,1508401152,9.06,9.25,9.38,25297891328,9720147968
2026-04-27T15:16:01.479976+02:00,0.11088420310047346,0.2676925114163772,0.22410803557356068,1.8109221301367626,1.439190441175137,2.460746064006654,1.1528918879091044,-0.17474191959869845,-0.27347816332532116,0.14582082843892863,-1.0846170706249407,0.42807329340988653,50.0,51.0,51.0,41.0,43.0,26.0,29.0,28.0,53.0,94.03,3975442432,1553240064,1508401152,9.06,9.25,9.38,25297891328,9720147968
2026-04-27T15:16:01.532024+02:00,0.11088420310047346,0.2676925114163772,0.22410803557356068,1.8109221301367626,1.439190441175137,2.460746064006654,1.1620234505555387,-0.16565224485431196,-0.27347816332532116,0.14888879001470023,-1.0846170706249407,0.42960727419777234,50.0,51.0,51.0,41.0,43.0,26.0,29.0,28.0,53.0,94.03,3975442432,1553240064,1508401152,9.06,9.25,9.38,25297891328,9720147968
2026-04-27T15:16:01.583091+02:00,0.11088420310047346,0.2676925114163772,0.22410803557356068,1.8109221301367626,1.439190441175137,2.460746064006654,1.1665892318787559,-0.16110740748211871,-0.27347816332532116,0.14888879001470023,-1.090752993776484,0.42960727419777234,50.0,51.0,51.0,41.0,43.0,26.0,29.0,28.0,53.0,94.03,3975442432,1553240064,1508401152,9.06,9.25,9.38,25297891328,9720147968
2026-04-27T15:16:01.634201+02:00,0.11088420310047346,0.2676925114163772,0.22410803557356068,1.8109221301367626,1.439190441175137,2.460746064006654,1.171155013201973,-0.1550476243191944,-0.27347816332532116,0.1504227708025856,-1.0922869745643697,0.42960727419777234,50.0,51.0,51.0,41.0,43.0,26.0,29.0,28.0,53.0,94.03,3975442432,1553240064,1508401152,9.06,9.25,9.38,25297891328,9720147968
2026-04-27T15:16:01.684811+02:00,0.10214066953792213,0.2683605671673382,0.23277391199242892,1.676295781373593,1.4279741540045303,2.3524929210080767,1.1802865758484073,-0.1459579495748079,-0.27347816332532116,0.1504227708025856,-1.0922869745643697,0.42960727419777234,50.0,51.0,51.0,41.0,43.0,26.0,29.0,28.0,53.0,94.03,3975442432,1553240064,1508401152,9.06,9.25,9.38,25297891328,9720147968
2026-04-27T15:16:01.735115+02:00,0.10214066953792213,0.2683605671673382,0.23277391199242892,1.676295781373593,1.4279741540045303,2.3524929210080767,1.1818085029561467,-0.14292805799334574,-0.27347816332532116,0.1519567515904714,-1.0922869745643697,0.42960727419777234,50.0,51.0,51.0,41.0,43.0,26.0,29.0,28.0,53.0,94.03,3975442432,1553240064,1508401152,9.06,9.25,9.38,25297891328,9720147968
2026-04-27T15:16:01.786303+02:00,0.10214066953792213,0.2683605671673382,0.23277391199242892,1.676295781373593,1.4279741540045303,2.3524929210080767,1.1833304300638852,-0.13989816641188357,-0.27347816332532116,0.1519567515904714,-1.0968889169280263,0.42960727419777234,50.0,51.0,51.0,41.0,43.0,26.0,29.0,28.0,53.0,97.12,3975442432,1551970304,1509683200,9.06,9.25,9.38,25297891328,9720152064
2026-04-27T15:16:01.838961+02:00,0.09873167093410223,0.26866218559357385,0.2367093943400202,1.599486855273504,1.419761533274957,2.285907820858857,1.1833304300638852,-0.13989816641188357,-0.27347816332532116,0.1519567515904714,-1.098422897715912,0.42960727419777234,50.0,51.0,51.0,41.0,43.0,26.0,29.0,28.0,53.0,97.12,3975442432,1551970304,1509683200,9.06,9.25,9.38,25297891328,9720152064
2026-04-27T15:16:01.890120+02:00,0.09873167093410223,0.26866218559357385,0.2367093943400202,1.599486855273504,1.419761533274957,2.285907820858857,1.1833304300638852,-0.13989816641188357,-0.27347816332532116,0.1519567515904714,-1.098422897715912,0.42960727419777234,50.0,51.0,51.0,41.0,43.0,26.0,29.0,28.0,53.0,97.12,3975442432,1551970304,1509683200,9.06,9.25,9.38,25297891328,9720152064
2026-04-27T15:16:01.940177+02:00,0.09873167093410223,0.26866218559357385,0.2367093943400202,1.599486855273504,1.419761533274957,2.285907820858857,1.1833304300638852,-0.13989816641188357,-0.27347816332532116,0.1519567515904714,-1.098422897715912,0.42960727419777234,50.0,51.0,51.0,41.0,43.0,26.0,29.0,28.0,53.0,97.12,3975442432,1551970304,1509683200,9.06,9.25,9.38,25297891328,9720152064
2026-04-27T15:16:01.990648+02:00,0.09873167093410223,0.26866218559357385,0.2367093943400202,1.599486855273504,1.419761533274957,2.285907820858857,1.1833304300638852,-0.13989816641188357,-0.27347816332532116,0.1519567515904714,-1.098422897715912,0.42960727419777234,50.0,51.0,51.0,41.0,43.0,26.0,29.0,28.0,53.0,97.12,3975442432,1551970304,1509683200,9.06,9.25,9.38,25297891328,9720152064
2026-04-27T15:16:02.044307+02:00,0.09873167093410223,0.26866218559357385,0.2367093943400202,1.599486855273504,1.419761533274957,2.285907820858857,1.1833304300638852,-0.13989816641188357,-0.27347816332532116,0.1519567515904714,-1.098422897715912,0.42960727419777234,50.0,51.0,51.0,41.0,43.0,26.0,29.0,28.0,53.0,97.12,3975442432,1551970304,1509683200,9.06,9.25,9.38,25297891328,9720152064
2026-04-27T15:16:02.095273+02:00,0.09805172946173618,0.26826204847094703,0.23705732781577696,1.6279299129477167,1.4214137800272066,2.3164028801357706,1.1833304300638852,-0.13989816641188357,-0.27347816332532116,0.1519567515904714,-1.098422897715912,0.42960727419777234,50.0,51.0,51.0,41.0,43.0,26.0,29.0,28.0,53.0,97.12,3975442432,1551970304,1509683200,9.06,9.25,9.38,25297891328,9720152064
2026-04-27T15:16:02.146221+02:00,0.09805172946173618,0.26826204847094703,0.23705732781577696,1.6279299129477167,1.4214137800272066,2.3164028801357706,1.1833304300638852,-0.13989816641188357,-0.27347816332532116,0.1519567515904714,-1.098422897715912,0.42960727419777234,50.0,51.0,51.0,41.0,43.0,26.0,29.0,28.0,53.0,97.12,3975442432,1551970304,1509683200,9.06,9.25,9.38,25297891328,9720152064
2026-04-27T15:16:02.198077+02:00,0.09805172946173618,0.26826204847094703,0.23705732781577696,1.6279299129477167,1.4214137800272066,2.3164028801357706,1.1833304300638852,-0.13989816641188357,-0.27347816332532116,0.1534907323783572,-1.098422897715912,0.42960727419777234,50.0,51.0,51.0,41.0,43.0,26.0,29.0,28.0,53.0,97.12,3975442432,1551970304,1509683200,9.06,9.25,9.38,25297891328,9720152064
2026-04-27T15:16:02.249189+02:00,0.09805172946173618,0.26826204847094703,0.23705732781577696,1.6279299129477167,1.4214137800272066,2.3164028801357706,1.1833304300638852,-0.13989816641188357,-0.27347816332532116,0.1519567515904714,-1.098422897715912,0.42960727419777234,50.0,51.0,51.0,41.0,43.0,26.0,29.0,28.0,53.0,97.12,3975442432,1551970304,1509683200,9.06,9.25,9.38,25297891328,9720152064
2026-04-27T15:16:02.299828+02:00,0.09805172946173618,0.26826204847094703,0.23705732781577696,1.6279299129477167,1.4214137800272066,2.3164028801357706,1.1833304300638852,-0.13989816641188357,-0.27347816332532116,0.1519567515904714,-1.098422897715912,0.42960727419777234,50.0,51.0,51.0,41.0,43.0,26.0,29.0,28.0,53.0,97.12,3975442432,1551970304,1509683200,9.06,9.25,9.38,25297891328,9720152064
2026-04-27T15:16:02.351595+02:00,0.09805172946173618,0.26826204847094703,0.23705732781577696,1.6279299129477167,1.4214137800272066,2.3164028801357706,1.1833304300638852,-0.13989816641188357,-0.27347816332532116,0.1519567515904714,-1.098422897715912,0.42960727419777234,50.0,51.0,51.0,41.0,43.0,26.0,29.0,28.0,53.0,97.12,3975442432,1551970304,1509683200,9.06,9.25,9.38,25297891328,9720152064
2026-04-27T15:16:02.406617+02:00,0.09805172946173618,0.26826204847094703,0.23705732781577696,1.6279299129477167,1.4214137800272066,2.3164028801357706,1.1833304300638852,-0.13989816641188357,-0.27347816332532116,0.1519567515904714,-1.098422897715912,0.42960727419777234,50.0,51.0,51.0,41.0,43.0,26.0,29.0,28.0,53.0,97.12,3975442432,1551970304,1509683200,9.06,9.25,9.38,25297891328,9720152064
2026-04-27T15:16:02.458345+02:00,0.09805172946173618,0.26826204847094703,0.23705732781577696,1.6279299129477167,1.4214137800272066,2.3164028801357706,1.1833304300638852,-0.13989816641188357,-0.27347816332532116,0.1519567515904714,-1.098422897715912,0.42960727419777234,50.0,51.0,51.0,41.0,43.0,26.0,29.0,28.0,53.0,97.12,3975442432,1551970304,1509683200,9.06,9.25,9.38,25297891328,9720152064
2026-04-27T15:16:02.513079+02:00,0.09805172946173618,0.26826204847094703,0.23705732781577696,1.6279299129477167,1.4214137800272066,2.3164028801357706,1.1833304300638852,-0.13989816641188357,-0.27347816332532116,0.1519567515904714,-1.098422897715912,0.42960727419777234,50.0,51.0,51.0,41.0,43.0,26.0,29.0,28.0,53.0,97.12,3975442432,1551970304,1509683200,9.06,9.25,9.38,25297891328,9720152064
2026-04-27T15:16:02.568405+02:00,0.09805172946173618,0.26826204847094703,0.23705732781577696,1.6279299129477167,1.4214137800272066,2.3164028801357706,1.1833304300638852,-0.13989816641188357,-0.27347816332532116,0.1519567515904714,-1.098422897715912,0.42960727419777234,50.0,51.0,51.0,41.0,43.0,26.0,29.0,28.0,53.0,97.12,3975442432,1551970304,1509683200,9.06,9.25,9.38,25297891328,9720152064
2026-04-27T15:16:02.621719+02:00,0.09805172946173618,0.26826204847094703,0.23705732781577696,1.6279299129477167,1.4214137800272066,2.3164028801357706,1.1833304300638852,-0.13989816641188357,-0.27347816332532116,0.1519567515904714,-1.098422897715912,0.42960727419777234,50.0,51.0,51.0,41.0,43.0,26.0,29.0,28.0,53.0,97.12,3975442432,1551970304,1509683200,9.06,9.25,9.38,25297891328,9720152064
2026-04-27T15:16:02.671849+02:00,0.09805172946173618,0.26826204847094703,0.23705732781577696,1.6279299129477167,1.4214137800272066,2.3164028801357706,1.1833304300638852,-0.13989816641188357,-0.27347816332532116,0.1534907323783572,-1.098422897715912,0.42960727419777234,50.0,51.0,51.0,41.0,43.0,26.0,29.0,28.0,53.0,97.12,3975442432,1551970304,1509683200,9.06,9.25,9.38,25297891328,9720152064
2026-04-27T15:16:02.722633+02:00,0.09805172946173618,0.26826204847094703,0.23705732781577696,1.6279299129477167,1.4214137800272066,2.3164028801357706,1.1833304300638852,-0.13989816641188357,-0.27347816332532116,0.1519567515904714,-1.098422897715912,0.42960727419777234,50.0,51.0,51.0,41.0,43.0,26.0,29.0,28.0,53.0,97.12,3975442432,1551970304,1509683200,9.06,9.25,9.38,25297891328,9720152064
2026-04-27T15:16:02.773202+02:00,0.09805172946173618,0.26826204847094703,0.23705732781577696,1.6279299129477167,1.4214137800272066,2.3164028801357706,1.1833304300638852,-0.13989816641188357,-0.27347816332532116,0.1519567515904714,-1.098422897715912,0.42960727419777234,50.0,51.0,51.0,41.0,43.0,26.0,29.0,28.0,53.0,92.48,3975442432,1552777216,1508855808,8.82,9.2,9.36,25297891328,9720156160
2026-04-27T15:16:02.825109+02:00,0.09805172946173618,0.26826204847094703,0.23705732781577696,1.6279299129477167,1.4214137800272066,2.3164028801357706,1.1833304300638852,-0.13989816641188357,-0.27347816332532116,0.1519567515904714,-1.098422897715912,0.42960727419777234,50.0,51.0,51.0,41.0,43.0,26.0,29.0,28.0,53.0,92.48,3975442432,1552777216,1508855808,8.82,9.2,9.36,25297891328,9720156160
2026-04-27T15:16:02.876068+02:00,0.09805172946173618,0.26826204847094703,0.23705732781577696,1.6279299129477167,1.4214137800272066,2.3164028801357706,1.1833304300638852,-0.13989816641188357,-0.27347816332532116,0.1519567515904714,-1.098422897715912,0.42960727419777234,50.0,51.0,51.0,41.0,43.0,26.0,29.0,28.0,53.0,92.48,3975442432,1552777216,1508855808,8.82,9.2,9.36,25297891328,9720156160
2026-04-27T15:16:02.928054+02:00,0.09805172946173618,0.26826204847094703,0.23705732781577696,1.6279299129477167,1.4214137800272066,2.3164028801357706,1.1833304300638852,-0.13989816641188357,-0.27347816332532116,0.1519567515904714,-1.098422897715912,0.42960727419777234,50.0,51.0,51.0,41.0,43.0,26.0,29.0,28.0,52.0,92.48,3975442432,1552777216,1508855808,8.82,9.2,9.36,25297891328,9720156160
2026-04-27T15:16:02.978753+02:00,0.09805172946173618,0.26826204847094703,0.23705732781577696,1.6279299129477167,1.4214137800272066,2.3164028801357706,1.1833304300638852,-0.13989816641188357,-0.27347816332532116,0.1519567515904714,-1.098422897715912,0.42960727419777234,50.0,51.0,51.0,41.0,43.0,26.0,29.0,28.0,52.0,92.48,3975442432,1552777216,1508855808,8.82,9.2,9.36,25297891328,9720156160
2026-04-27T15:16:03.032456+02:00,0.09805172946173618,0.26826204847094703,0.23705732781577696,1.6279299129477167,1.4214137800272066,2.3164028801357706,1.1833304300638852,-0.13989816641188357,-0.27347816332532116,0.1519567515904714,-1.098422897715912,0.42960727419777234,50.0,51.0,51.0,41.0,43.0,26.0,29.0,28.0,52.0,92.48,3975442432,1552777216,1508855808,8.82,9.2,9.36,25297891328,9720156160
2026-04-27T15:16:03.083076+02:00,0.09805172946173618,0.26826204847094703,0.23705732781577696,1.6279299129477167,1.4214137800272066,2.3164028801357706,1.1833304300638852,-0.13989816641188357,-0.27347816332532116,0.1519567515904714,-1.098422897715912,0.42960727419777234,50.0,51.0,51.0,41.0,43.0,26.0,29.0,28.0,52.0,92.48,3975442432,1552777216,1508855808,8.82,9.2,9.36,25297891328,9720156160
2026-04-27T15:16:03.136172+02:00,0.09805172946173618,0.26826204847094703,0.23705732781577696,1.6279299129477167,1.4214137800272066,2.3164028801357706,1.1833304300638852,-0.13989816641188357,-0.27347816332532116,0.1519567515904714,-1.098422897715912,0.42960727419777234,50.0,51.0,51.0,41.0,43.0,26.0,29.0,28.0,52.0,92.48,3975442432,1552777216,1508855808,8.82,9.2,9.36,25297891328,9720156160
2026-04-27T15:16:03.188919+02:00,0.09805172946173618,0.26826204847094703,0.23705732781577696,1.6279299129477167,1.4214137800272066,2.3164028801357706,1.1833304300638852,-0.13989816641188357,-0.27347816332532116,0.1519567515904714,-1.098422897715912,0.42960727419777234,50.0,51.0,51.0,41.0,43.0,26.0,29.0,28.0,52.0,92.48,3975442432,1552777216,1508855808,8.82,9.2,9.36,25297891328,9720156160
2026-04-27T15:16:03.239747+02:00,0.09805172946173618,0.26826204847094703,0.23705732781577696,1.6279299129477167,1.4214137800272066,2.3164028801357706,1.1863742842793639,-0.1383832206211525,-0.27499310911605224,0.1519567515904714,-1.098422897715912,0.42960727419777234,50.0,51.0,51.0,41.0,43.0,26.0,29.0,28.0,52.0,92.48,3975442432,1552777216,1508855808,8.82,9.2,9.36,25297891328,9720156160
2026-04-27T15:16:03.291374+02:00,0.09805172946173618,0.26826204847094703,0.23705732781577696,1.6279299129477167,1.4214137800272066,2.3164028801357706,1.190940065602581,-0.13535332903969033,-0.2795379464882455,0.1504227708025856,-1.098422897715912,0.42960727419777234,50.0,51.0,51.0,41.0,43.0,26.0,29.0,28.0,52.0,92.48,3975442432,1552777216,1508855808,8.82,9.2,9.36,25297891328,9720156160
2026-04-27T15:16:03.342058+02:00,0.09805172946173618,0.26826204847094703,0.23705732781577696,1.6279299129477167,1.4214137800272066,2.3164028801357706,1.1955058469257982,-0.1308084916674972,-0.2855977296511698,0.14888879001470023,-1.098422897715912,0.42960727419777234,50.0,51.0,51.0,41.0,43.0,26.0,29.0,28.0,52.0,92.48,3975442432,1552777216,1508855808,8.82,9.2,9.36,25297891328,9720156160
2026-04-27T15:16:03.394208+02:00,0.09805172946173618,0.26826204847094703,0.23705732781577696,1.6279299129477167,1.4214137800272066,2.3164028801357706,1.2000716282490154,-0.12626365429530395,-0.29165751281409413,0.14888879001470023,-1.0999568785037979,0.42960727419777234,50.0,51.0,51.0,41.0,43.0,26.0,29.0,28.0,52.0,92.48,3975442432,1552777216,1508855808,8.82,9.2,9.36,25297891328,9720156160
2026-04-27T15:16:03.447218+02:00,0.09184394104080607,0.2661095819731199,0.236527964799003,1.6581123358092151,1.4263731873665866,2.3659725819341992,1.2046374095722325,-0.1217188169231107,-0.2962023501862874,0.14888879001470023,-1.1014908592916828,0.42960727419777234,50.0,51.0,51.0,41.0,43.0,26.0,29.0,28.0,52.0,92.48,3975442432,1552777216,1508855808,8.82,9.2,9.36,25297891328,9720156160
2026-04-27T15:16:03.499075+02:00,0.09184394104080607,0.2661095819731199,0.236527964799003,1.6581123358092151,1.4263731873665866,2.3659725819341992,1.2122470451109275,-0.1141440879694553,-0.30529202493067387,0.14582082843892863,-1.1060928016553402,0.42960727419777234,50.0,51.0,51.0,41.0,43.0,26.0,29.0,28.0,52.0,92.48,3975442432,1552777216,1508855808,8.82,9.2,9.36,25297891328,9720156160
2026-04-27T15:16:03.553431+02:00,0.09184394104080607,0.2661095819731199,0.236527964799003,1.6581123358092151,1.4263731873665866,2.3659725819341992,1.218334753541884,-0.10959925059726205,-0.3113518080935982,0.1396849052873863,-1.107626782443226,0.42960727419777234,50.0,51.0,51.0,41.0,43.0,26.0,29.0,28.0,52.0,92.48,3975442432,1552777216,1508855808,8.82,9.2,9.36,25297891328,9720156160
2026-04-27T15:16:03.605052+02:00,0.09184394104080607,0.2661095819731199,0.236527964799003,1.6581123358092151,1.4263731873665866,2.3659725819341992,1.225944389080579,-0.10202452164360665,-0.3204414828379847,0.13508296292372934,-1.1091607632311118,0.42960727419777234,50.0,51.0,51.0,41.0,43.0,26.0,29.0,28.0,52.0,92.48,3975442432,1552777216,1508855808,8.82,9.2,9.36,25297891328,9720156160
2026-04-27T15:16:03.660636+02:00,0.09184394104080607,0.2661095819731199,0.236527964799003,1.6581123358092151,1.4263731873665866,2.3659725819341992,1.2305101704037962,-0.10050957585287557,-0.32347137441944684,0.13508296292372934,-1.1122287248068825,0.42960727419777234,50.0,51.0,51.0,41.0,43.0,26.0,29.0,28.0,52.0,92.48,3975442432,1552777216,1508855808,8.82,9.2,9.36,25297891328,9720156160
2026-04-27T15:16:03.711326+02:00,0.08580978016276657,0.26286499717571526,0.2358757993554996,1.7189012317838168,1.4382150329111085,2.4492054787729556,1.2472513685889255,-0.08536011794556486,-0.3431656696989508,0.12741305898430122,-1.1229665903220822,0.42960727419777234,50.0,51.0,51.0,41.0,43.0,26.0,29.0,28.0,52.0,92.48,3975442432,1552777216,1508855808,8.82,9.2,9.36,25297891328,9720156160
2026-04-27T15:16:03.763522+02:00,0.08580978016276657,0.26286499717571526,0.2358757993554996,1.7189012317838168,1.4382150329111085,2.4492054787729556,1.2563829312353598,-0.07778538899190945,-0.3522553444433373,0.12281111662064426,-1.1275685326857388,0.42960727419777234,50.0,51.0,51.0,41.0,43.0,26.0,29.0,28.0,52.0,92.48,3975442432,1552777216,1508855808,8.82,9.2,9.36,25297891328,9720156160
2026-04-27T15:16:03.817354+02:00,0.08580978016276657,0.26286499717571526,0.2358757993554996,1.7189012317838168,1.4382150329111085,2.4492054787729556,1.2685583480972729,-0.06718076845679188,-0.3658898565599169,0.11667519346910149,-1.133704455837282,0.42960727419777234,50.0,51.0,51.0,41.0,43.0,26.0,29.0,28.0,52.0,93.71,3975442432,1552891904,1508732928,8.82,9.2,9.36,25297891328,9720172544
2026-04-27T15:16:03.868049+02:00,0.08580978016276657,0.26286499717571526,0.2358757993554996,1.7189012317838168,1.4382150329111085,2.4492054787729556,1.2776899107437072,-0.06112098529386756,-0.3749795313043034,0.11667519346910149,-1.133704455837282,0.42960727419777234,50.0,51.0,51.0,41.0,43.0,26.0,29.0,28.0,52.0,93.71,3975442432,1552891904,1508732928,8.82,9.2,9.36,25297891328,9720172544
2026-04-27T15:16:03.918245+02:00,0.07180567432213227,0.25489392294431695,0.2340680743317918,1.974633471566099,1.4621174179543197,2.7584157743823643,1.3050845986830102,-0.036881852642170365,-0.4052784471189249,0.09980140480235944,-1.1536462060797947,0.42960727419777234,50.0,51.0,51.0,41.0,43.0,26.0,29.0,28.0,52.0,93.71,3975442432,1552891904,1508732928,8.82,9.2,9.36,25297891328,9720172544
2026-04-27T15:16:03.970412+02:00,0.07180567432213227,0.25489392294431695,0.2340680743317918,1.974633471566099,1.4621174179543197,2.7584157743823643,1.3050845986830102,-0.036881852642170365,-0.4052784471189249,0.09980140480235944,-1.1536462060797947,0.42960727419777234,50.0,51.0,51.0,41.0,43.0,26.0,29.0,28.0,52.0,93.71,3975442432,1552891904,1508732928,8.82,9.2,9.36,25297891328,9720172544
2026-04-27T15:16:04.023510+02:00,0.07180567432213227,0.25489392294431695,0.2340680743317918,1.974633471566099,1.4621174179543197,2.7584157743823643,1.327913505299096,-0.017187557362666306,-0.4295175797706222,0.08906353928716015,-1.1659180523828803,0.43114125498565814,50.0,51.0,51.0,41.0,43.0,26.0,29.0,28.0,52.0,93.71,3975442432,1552891904,1508732928,8.82,9.2,9.36,25297891328,9720172544
2026-04-27T15:16:04.077025+02:00,0.055164604507384724,0.24305473382711482,0.23153573994380197,2.460909078826673,1.4764966713109369,-2.970364185010384,1.3492204848074425,0.004021683707568835,-0.4552716582130505,0.08139363534773203,-1.1797238794738507,0.43114125498565814,50.0,51.0,51.0,41.0,43.0,26.0,29.0,28.0,52.0,93.71,3975442432,1552891904,1508732928,8.82,9.2,9.36,25297891328,9720172544
2026-04-27T15:16:04.131117+02:00,0.055164604507384724,0.24305473382711482,0.23153573994380197,2.460909078826673,1.4764966713109369,-2.970364185010384,1.3690055372080505,0.022201033196341702,-0.47648089928328563,0.0706557698325323,-1.1904617449890504,0.4342092165614293,50.0,51.0,51.0,41.0,43.0,26.0,29.0,28.0,52.0,93.71,3975442432,1552891904,1508732928,8.82,9.2,9.36,25297891328,9720172544
2026-04-27T15:16:04.182031+02:00,0.055164604507384724,0.24305473382711482,0.23153573994380197,2.460909078826673,1.4764966713109369,-2.970364185010384,1.3811809540699627,0.034320599522190354,-0.49011541139986536,0.06451984668098998,-1.195063687352707,0.4342092165614293,50.0,51.0,51.0,41.0,43.0,26.0,29.0,28.0,52.0,93.71,3975442432,1552891904,1508732928,8.82,9.2,9.36,25297891328,9720172544
2026-04-27T15:16:04.235101+02:00,0.055164604507384724,0.24305473382711482,0.23153573994380197,2.460909078826673,1.4764966713109369,-2.970364185010384,1.3994440793628313,0.05098500322023225,-0.5082947608886382,0.05838392352944721,-1.2058015528679067,0.4342092165614293,50.0,51.0,51.0,41.0,43.0,26.0,29.0,28.0,52.0,93.71,3975442432,1552891904,1508732928,8.82,9.2,9.36,25297891328,9720172544
2026-04-27T15:16:04.289960+02:00,0.055164604507384724,0.24305473382711482,0.23153573994380197,2.460909078826673,1.4764966713109369,-2.970364185010384,1.3994440793628313,0.05098500322023225,-0.5082947608886382,0.05838392352944721,-1.2058015528679067,0.4342092165614293,50.0,51.0,51.0,41.0,43.0,26.0,29.0,28.0,52.0,93.71,3975442432,1552891904,1508732928,8.82,9.2,9.36,25297891328,9720172544
2026-04-27T15:16:04.344139+02:00,0.034516947310679155,0.22492906764996698,0.22943918666054985,3.0618209733812645,1.4641054883954423,-2.279493983693732,1.4466238197027423,0.09643337694216458,-0.561317863564226,0.03997615407481936,-1.2226753415346487,0.4342092165614293,50.0,51.0,51.0,41.0,43.0,26.0,29.0,28.0,52.0,93.71,3975442432,1552891904,1508732928,8.82,9.2,9.36,25297891328,9720172544
2026-04-27T15:16:04.398103+02:00,0.034516947310679155,0.22492906764996698,0.22943918666054985,3.0618209733812645,1.4641054883954423,-2.279493983693732,1.464886944995611,0.11158283484947534,-0.579497213052999,0.03384023092327704,-1.2349471878377343,0.4342092165614293,50.0,51.0,51.0,41.0,43.0,26.0,29.0,28.0,52.0,93.71,3975442432,1552891904,1508732928,8.82,9.2,9.36,25297891328,9720172544
2026-04-27T15:16:04.451092+02:00,0.017358750134572314,0.2061413274049447,0.225801697421658,-2.905236744302574,1.4297675090168243,-1.8744371886395819,1.4816281431807403,0.1267322927567861,-0.5991915083325029,0.026170326983848913,-1.2410831109892766,0.4326752357735435,50.0,51.0,51.0,41.0,43.0,26.0,29.0,28.0,52.0,93.71,3975442432,1552891904,1508732928,8.82,9.2,9.36,25297891328,9720172544
2026-04-27T15:16:04.501577+02:00,0.017358750134572314,0.2061413274049447,0.225801697421658,-2.905236744302574,1.4297675090168243,-1.8744371886395819,1.4983693413658696,0.14339669645482794,-0.618885803612007,0.02156838462019195,-1.2456850533529331,0.4326752357735435,50.0,51.0,51.0,41.0,43.0,26.0,29.0,28.0,52.0,93.71,3975442432,1552891904,1508732928,8.82,9.2,9.36,25297891328,9720172544
2026-04-27T15:16:04.552178+02:00,0.017358750134572314,0.2061413274049447,0.225801697421658,-2.905236744302574,1.4297675090168243,-1.8744371886395819,1.4983693413658696,0.14339669645482794,-0.618885803612007,0.02156838462019195,-1.2456850533529331,0.4326752357735435,50.0,51.0,51.0,41.0,43.0,26.0,29.0,28.0,52.0,93.71,3975442432,1552891904,1508732928,8.82,9.2,9.36,25297891328,9720172544
2026-04-27T15:16:04.607025+02:00,0.017358750134572314,0.2061413274049447,0.225801697421658,-2.905236744302574,1.4297675090168243,-1.8744371886395819,1.5242421021974342,0.1676358291065252,-0.6476697736358974,0.013898480680763825,-1.254888938080247,0.4326752357735435,50.0,51.0,51.0,41.0,43.0,26.0,29.0,28.0,52.0,93.71,3975442432,1552891904,1508732928,8.82,9.2,9.36,25297891328,9720172544
2026-04-27T15:16:04.659101+02:00,0.017358750134572314,0.2061413274049447,0.225801697421658,-2.905236744302574,1.4297675090168243,-1.8744371886395819,1.534895591951607,0.17824044964164276,-0.659789339961746,0.01083051910499222,-1.2579568996560186,0.4326752357735435,50.0,51.0,51.0,41.0,43.0,26.0,29.0,28.0,52.0,93.71,3975442432,1552891904,1508732928,8.82,9.2,9.36,25297891328,9720172544
2026-04-27T15:16:04.710013+02:00,0.008682518714560822,0.19500099432724083,0.2233658184081774,-2.801650687994604,1.4074363229923132,-1.7212349597683998,1.54707100881352,0.18884507017676033,-0.6719089062875947,0.0031606151655640957,-1.2702287459591033,0.4342092165614293,50.0,51.0,51.0,41.0,43.0,26.0,29.0,28.0,52.0,93.71,3975442432,1552891904,1508732928,8.82,9.2,9.36,25297891328,9720172544
2026-04-27T15:16:04.764145+02:00,0.008682518714560822,0.19500099432724083,0.2233658184081774,-2.801650687994604,1.4074363229923132,-1.7212349597683998,1.554680644352215,0.19641979913041568,-0.6809985810319812,0.0016266343776782932,-1.2702287459591033,0.4342092165614293,50.0,51.0,51.0,41.0,43.0,26.0,29.0,28.0,52.0,96.3,3975442432,1553190912,1508433920,8.82,9.2,9.36,25297891328,9720172544
2026-04-27T15:16:04.819134+02:00,0.008682518714560822,0.19500099432724083,0.2233658184081774,-2.801650687994604,1.4074363229923132,-1.7212349597683998,1.5638122069986493,0.20853936545626434,-0.6916032015670988,0.0016266343776782932,-1.2702287459591033,0.4342092165614293,50.0,51.0,51.0,41.0,43.0,26.0,29.0,28.0,52.0,96.3,3975442432,1553190912,1508433920,8.82,9.2,9.36,25297891328,9720172544
2026-04-27T15:16:04.874376+02:00,0.001154595721980812,0.1831858504123107,0.2211242470700948,-2.7153205950921033,1.3882939054589676,-1.5863413579628494,1.5714218425373443,0.21762904020065077,-0.7006928763114851,-0.004509288773864029,-1.2748306883227607,0.4342092165614293,50.0,51.0,51.0,41.0,43.0,26.0,29.0,28.0,52.0,96.3,3975442432,1553190912,1508433920,8.82,9.2,9.36,25297891328,9720172544
2026-04-27T15:16:04.929802+02:00,0.001154595721980812,0.1831858504123107,0.2211242470700948,-2.7153205950921033,1.3882939054589676,-1.5863413579628494,1.5790314780760402,0.22671871494503726,-0.7082676052651405,-0.006043269561749831,-1.2794326306864172,0.4342092165614293,50.0,51.0,51.0,41.0,43.0,26.0,29.0,28.0,52.0,96.3,3975442432,1553190912,1508433920,8.82,9.2,9.36,25297891328,9720172544
2026-04-27T15:16:04.980164+02:00,0.001154595721980812,0.1831858504123107,0.2211242470700948,-2.7153205950921033,1.3882939054589676,-1.5863413579628494,1.5790314780760402,0.22823366073576834,-0.7097825510558716,-0.006043269561749831,-1.2825005922621888,0.4342092165614293,50.0,51.0,51.0,41.0,43.0,26.0,29.0,28.0,52.0,96.3,3975442432,1553190912,1508433920,8.82,9.2,9.36,25297891328,9720172544
2026-04-27T15:16:05.035083+02:00,0.001154595721980812,0.1831858504123107,0.2211242470700948,-2.7153205950921033,1.3882939054589676,-1.5863413579628494,1.5835972593992573,0.23429344389869267,-0.7143273884280649,-0.0075772503496351895,-1.2825005922621888,0.4342092165614293,50.0,51.0,51.0,41.0,43.0,26.0,29.0,28.0,52.0,96.3,3975442432,1553190912,1508433920,8.82,9.2,9.36,25297891328,9720172544
2026-04-27T15:16:05.088457+02:00,-0.001681801127253346,0.17703407355496042,0.22091340380208874,-2.6721317321306857,1.3789300568551104,-1.5198907374696033,1.5866411136147351,0.23732333548015483,-0.717357280009527,-0.009111231137520992,-1.2825005922621888,0.4342092165614293,50.0,51.0,51.0,41.0,43.0,26.0,29.0,28.0,52.0,96.3,3975442432,1553190912,1508433920,8.82,9.2,9.36,25297891328,9720172544
2026-04-27T15:16:05.139039+02:00,-0.001681801127253346,0.17703407355496042,0.22091340380208874,-2.6721317321306857,1.3789300568551104,-1.5198907374696033,1.5866411136147351,0.23883828127088585,-0.7188722258002581,-0.009111231137520992,-1.2825005922621888,0.4342092165614293,50.0,51.0,51.0,41.0,43.0,26.0,29.0,28.0,52.0,96.3,3975442432,1553190912,1508433920,8.82,9.2,9.36,25297891328,9720172544
2026-04-27T15:16:05.189974+02:00,-0.001681801127253346,0.17703407355496042,0.22091340380208874,-2.6721317321306857,1.3789300568551104,-1.5198907374696033,1.5866411136147351,0.23883828127088585,-0.7188722258002581,-0.009111231137520992,-1.2825005922621888,0.4342092165614293,50.0,51.0,51.0,41.0,43.0,26.0,29.0,28.0,52.0,96.3,3975442432,1553190912,1508433920,8.82,9.2,9.36,25297891328,9720172544
2026-04-27T15:16:05.240490+02:00,-0.0020866856507474247,0.17604137326838962,0.22073189992729494,-2.665003902409863,1.3788729856816966,-1.5091414797860447,1.5866411136147351,0.23883828127088585,-0.7188722258002581,-0.009111231137520992,-1.2825005922621888,0.4342092165614293,50.0,51.0,51.0,41.0,43.0,26.0,29.0,28.0,52.0,96.3,3975442432,1553190912,1508433920,8.82,9.2,9.36,25297891328,9720172544
2026-04-27T15:16:05.293584+02:00,-0.0020866856507474247,0.17604137326838962,0.22073189992729494,-2.665003902409863,1.3788729856816966,-1.5091414797860447,1.5866411136147351,0.23883828127088585,-0.7188722258002581,-0.009111231137520992,-1.2825005922621888,0.4342092165614293,50.0,51.0,51.0,41.0,43.0,26.0,29.0,28.0,52.0,96.3,3975442432,1553190912,1508433920,8.82,9.2,9.36,25297891328,9720172544
2026-04-27T15:16:05.347794+02:00,-0.0020866856507474247,0.17604137326838962,0.22073189992729494,-2.665003902409863,1.3788729856816966,-1.5091414797860447,1.5866411136147351,0.23883828127088585,-0.7188722258002581,-0.009111231137520992,-1.2825005922621888,0.4342092165614293,50.0,51.0,51.0,41.0,43.0,26.0,29.0,28.0,52.0,96.3,3975442432,1553190912,1508433920,8.82,9.2,9.36,25297891328,9720172544
2026-04-27T15:16:05.397889+02:00,-0.0020866856507474247,0.17604137326838962,0.22073189992729494,-2.665003902409863,1.3788729856816966,-1.5091414797860447,1.5866411136147351,0.23883828127088585,-0.7188722258002581,-0.009111231137520992,-1.2825005922621888,0.4326752357735435,50.0,51.0,51.0,41.0,43.0,26.0,29.0,28.0,52.0,96.3,3975442432,1553190912,1508433920,8.82,9.2,9.36,25297891328,9720172544
2026-04-27T15:16:05.452929+02:00,-0.0020866856507474247,0.17604137326838962,0.22073189992729494,-2.665003902409863,1.3788729856816966,-1.5091414797860447,1.5866411136147351,0.23883828127088585,-0.7188722258002581,-0.009111231137520992,-1.2825005922621888,0.4342092165614293,50.0,51.0,51.0,41.0,43.0,26.0,29.0,28.0,52.0,96.3,3975442432,1553190912,1508433920,8.82,9.2,9.36,25297891328,9720172544
2026-04-27T15:16:05.505190+02:00,-0.0020866856507474247,0.17604137326838962,0.22073189992729494,-2.665003902409863,1.3788729856816966,-1.5091414797860447,1.5866411136147351,0.23883828127088585,-0.7188722258002581,-0.009111231137520992,-1.2825005922621888,0.4342092165614293,50.0,51.0,51.0,41.0,43.0,26.0,29.0,28.0,52.0,96.3,3975442432,1553190912,1508433920,8.82,9.2,9.36,25297891328,9720172544
2026-04-27T15:16:05.555987+02:00,-0.0020866856507474247,0.17604137326838962,0.22073189992729494,-2.665003902409863,1.3788729856816966,-1.5091414797860447,1.5866411136147351,0.23883828127088585,-0.7188722258002581,-0.009111231137520992,-1.2825005922621888,0.4342092165614293,50.0,51.0,51.0,41.0,43.0,26.0,29.0,28.0,52.0,96.3,3975442432,1553190912,1508433920,8.82,9.2,9.36,25297891328,9720172544
2026-04-27T15:16:05.607114+02:00,-0.0020866856507474247,0.17604137326838962,0.22073189992729494,-2.665003902409863,1.3788729856816966,-1.5091414797860447,1.5866411136147351,0.23883828127088585,-0.7188722258002581,-0.009111231137520992,-1.2825005922621888,0.4342092165614293,50.0,51.0,51.0,41.0,43.0,26.0,29.0,28.0,52.0,96.3,3975442432,1553190912,1508433920,8.82,9.2,9.36,25297891328,9720172544
2026-04-27T15:16:05.659145+02:00,-0.0020866856507474247,0.17604137326838962,0.22073189992729494,-2.665003902409863,1.3788729856816966,-1.5091414797860447,1.5866411136147351,0.23883828127088585,-0.7188722258002581,-0.009111231137520992,-1.2825005922621888,0.4326752357735435,50.0,51.0,51.0,41.0,43.0,26.0,29.0,28.0,52.0,96.3,3975442432,1553190912,1508433920,8.82,9.2,9.36,25297891328,9720172544
2026-04-27T15:16:05.710072+02:00,-0.0020866856507474247,0.17604137326838962,0.22073189992729494,-2.665003902409863,1.3788729856816966,-1.5091414797860447,1.5866411136147351,0.23883828127088585,-0.7188722258002581,-0.009111231137520992,-1.2825005922621888,0.4342092165614293,50.0,51.0,51.0,41.0,43.0,26.0,29.0,28.0,52.0,96.3,3975442432,1553190912,1508433920,8.82,9.2,9.36,25297891328,9720172544
2026-04-27T15:16:05.763079+02:00,-0.0020866856507474247,0.17604137326838962,0.22073189992729494,-2.665003902409863,1.3788729856816966,-1.5091414797860447,1.5866411136147351,0.23883828127088585,-0.7188722258002581,-0.009111231137520992,-1.2825005922621888,0.4342092165614293,50.0,51.0,51.0,41.0,43.0,26.0,29.0,28.0,52.0,96.3,3975442432,1553190912,1508433920,8.82,9.2,9.36,25297891328,9720172544
2026-04-27T15:16:05.813809+02:00,-0.0020866856507474247,0.17604137326838962,0.22073189992729494,-2.665003902409863,1.3788729856816966,-1.5091414797860447,1.5866411136147351,0.23883828127088585,-0.7188722258002581,-0.009111231137520992,-1.2825005922621888,0.4342092165614293,50.0,51.0,51.0,41.0,43.0,26.0,29.0,28.0,52.0,99.27,3975442432,1566908416,1494716416,8.82,9.2,9.36,25297891328,9720176640
2026-04-27T15:16:05.864775+02:00,-0.0020866856507474247,0.17604137326838962,0.22073189992729494,-2.665003902409863,1.3788729856816966,-1.5091414797860447,1.5866411136147351,0.23883828127088585,-0.7188722258002581,-0.009111231137520992,-1.2825005922621888,0.4342092165614293,50.0,51.0,51.0,41.0,43.0,26.0,29.0,28.0,52.0,99.27,3975442432,1566908416,1494716416,8.82,9.2,9.36,25297891328,9720176640
2026-04-27T15:16:05.915782+02:00,-0.0020866856507474247,0.17604137326838962,0.22073189992729494,-2.665003902409863,1.3788729856816966,-1.5091414797860447,1.5866411136147351,0.23883828127088585,-0.7188722258002581,-0.009111231137520992,-1.2825005922621888,0.4342092165614293,50.0,51.0,51.0,41.0,43.0,26.0,29.0,28.0,52.0,99.27,3975442432,1566908416,1494716416,8.82,9.2,9.36,25297891328,9720176640
2026-04-27T15:16:05.970558+02:00,-0.0020866856507474247,0.17604137326838962,0.22073189992729494,-2.665003902409863,1.3788729856816966,-1.5091414797860447,1.5866411136147351,0.23883828127088585,-0.7188722258002581,-0.009111231137520992,-1.2825005922621888,0.4342092165614293,50.0,51.0,51.0,41.0,43.0,26.0,29.0,28.0,52.0,99.27,3975442432,1566908416,1494716416,8.82,9.2,9.36,25297891328,9720176640
2026-04-27T15:16:06.022262+02:00,-0.0020866856507474247,0.17604137326838962,0.22073189992729494,-2.665003902409863,1.3788729856816966,-1.5091414797860447,1.5866411136147351,0.23883828127088585,-0.7188722258002581,-0.009111231137520992,-1.2825005922621888,0.4342092165614293,50.0,51.0,51.0,41.0,43.0,26.0,29.0,28.0,52.0,99.27,3975442432,1566908416,1494716416,8.82,9.2,9.36,25297891328,9720176640
2026-04-27T15:16:06.077270+02:00,-0.0020866856507474247,0.17604137326838962,0.22073189992729494,-2.665003902409863,1.3788729856816966,-1.5091414797860447,1.5866411136147351,0.23883828127088585,-0.7188722258002581,-0.009111231137520992,-1.2825005922621888,0.4342092165614293,50.0,51.0,51.0,41.0,43.0,26.0,29.0,28.0,52.0,99.27,3975442432,1566908416,1494716416,8.82,9.2,9.36,25297891328,9720176640
2026-04-27T15:16:06.129814+02:00,-0.0020866856507474247,0.17604137326838962,0.22073189992729494,-2.665003902409863,1.3788729856816966,-1.5091414797860447,1.5866411136147351,0.23883828127088585,-0.7188722258002581,-0.009111231137520992,-1.2825005922621888,0.4342092165614293,50.0,51.0,51.0,41.0,43.0,26.0,29.0,28.0,52.0,99.27,3975442432,1566908416,1494716416,8.82,9.2,9.36,25297891328,9720176640
2026-04-27T15:16:06.180987+02:00,-0.0020866856507474247,0.17604137326838962,0.22073189992729494,-2.665003902409863,1.3788729856816966,-1.5091414797860447,1.5866411136147351,0.23883828127088585,-0.7188722258002581,-0.009111231137520992,-1.2825005922621888,0.4326752357735435,50.0,51.0,51.0,41.0,43.0,26.0,29.0,28.0,52.0,99.27,3975442432,1566908416,1494716416,8.82,9.2,9.36,25297891328,9720176640
2026-04-27T15:16:06.235545+02:00,-0.0020866856507474247,0.17604137326838962,0.22073189992729494,-2.665003902409863,1.3788729856816966,-1.5091414797860447,1.5866411136147351,0.23883828127088585,-0.7188722258002581,-0.009111231137520992,-1.2825005922621888,0.4342092165614293,50.0,51.0,51.0,41.0,43.0,26.0,29.0,28.0,52.0,99.27,3975442432,1566908416,1494716416,8.82,9.2,9.36,25297891328,9720176640
2026-04-27T15:16:06.289738+02:00,-0.0020866856507474247,0.17604137326838962,0.22073189992729494,-2.665003902409863,1.3788729856816966,-1.5091414797860447,1.5866411136147351,0.23883828127088585,-0.7188722258002581,-0.009111231137520992,-1.2825005922621888,0.4342092165614293,50.0,51.0,51.0,41.0,43.0,26.0,29.0,28.0,52.0,99.27,3975442432,1566908416,1494716416,8.82,9.2,9.36,25297891328,9720176640
2026-04-27T15:16:06.344761+02:00,-0.0020866856507474247,0.17604137326838962,0.22073189992729494,-2.665003902409863,1.3788729856816966,-1.5091414797860447,1.5866411136147351,0.23883828127088585,-0.7188722258002581,-0.009111231137520992,-1.2825005922621888,0.4342092165614293,50.0,51.0,51.0,41.0,43.0,26.0,29.0,28.0,52.0,99.27,3975442432,1566908416,1494716416,8.82,9.2,9.36,25297891328,9720176640
2026-04-27T15:16:06.395076+02:00,-0.0020866856507474247,0.17604137326838962,0.22073189992729494,-2.665003902409863,1.3788729856816966,-1.5091414797860447,1.5866411136147351,0.23883828127088585,-0.7188722258002581,-0.010645211925406795,-1.2825005922621888,0.4342092165614293,50.0,51.0,51.0,41.0,43.0,26.0,29.0,28.0,52.0,99.27,3975442432,1566908416,1494716416,8.82,9.2,9.36,25297891328,9720176640
2026-04-27T15:16:06.446968+02:00,-0.001968389125416075,0.17604378765210546,0.22073293665391508,-2.657880873501611,1.3788054446854465,-1.501440873666481,1.5866411136147351,0.23883828127088585,-0.7188722258002581,-0.010645211925406795,-1.2825005922621888,0.4326752357735435,50.0,51.0,51.0,41.0,43.0,26.0,29.0,28.0,52.0,99.27,3975442432,1566908416,1494716416,8.82,9.2,9.36,25297891328,9720176640
2026-04-27T15:16:06.497675+02:00,-0.001968389125416075,0.17604378765210546,0.22073293665391508,-2.657880873501611,1.3788054446854465,-1.501440873666481,1.5866411136147351,0.23883828127088585,-0.7188722258002581,-0.010645211925406795,-1.2825005922621888,0.4342092165614293,50.0,51.0,51.0,41.0,43.0,26.0,29.0,28.0,52.0,99.27,3975442432,1566908416,1494716416,8.82,9.2,9.36,25297891328,9720176640
2026-04-27T15:16:06.548044+02:00,-0.001968389125416075,0.17604378765210546,0.22073293665391508,-2.657880873501611,1.3788054446854465,-1.501440873666481,1.5866411136147351,0.23883828127088585,-0.7188722258002581,-0.010645211925406795,-1.2825005922621888,0.4326752357735435,50.0,51.0,51.0,41.0,43.0,26.0,29.0,28.0,52.0,99.27,3975442432,1566908416,1494716416,8.82,9.2,9.36,25297891328,9720176640
2026-04-27T15:16:06.601281+02:00,-0.001968389125416075,0.17604378765210546,0.22073293665391508,-2.657880873501611,1.3788054446854465,-1.501440873666481,1.5866411136147351,0.23883828127088585,-0.7188722258002581,-0.010645211925406795,-1.2825005922621888,0.4342092165614293,50.0,51.0,51.0,41.0,43.0,26.0,29.0,28.0,52.0,99.27,3975442432,1566908416,1494716416,8.82,9.2,9.36,25297891328,9720176640
2026-04-27T15:16:06.652071+02:00,-0.001968389125416075,0.17604378765210546,0.22073293665391508,-2.657880873501611,1.3788054446854465,-1.501440873666481,1.5866411136147351,0.23883828127088585,-0.7188722258002581,-0.010645211925406795,-1.2825005922621888,0.4342092165614293,50.0,51.0,51.0,41.0,43.0,26.0,29.0,28.0,52.0,99.27,3975442432,1566908416,1494716416,8.82,9.2,9.36,25297891328,9720176640
2026-04-27T15:16:06.707001+02:00,-0.001968389125416075,0.17604378765210546,0.22073293665391508,-2.657880873501611,1.3788054446854465,-1.501440873666481,1.5866411136147351,0.23883828127088585,-0.7188722258002581,-0.010645211925406795,-1.2825005922621888,0.4342092165614293,50.0,51.0,51.0,41.0,43.0,26.0,29.0,28.0,52.0,98.48,3975442432,1587892224,1473728512,8.82,9.2,9.36,25297891328,9720184832
2026-04-27T15:16:06.760761+02:00,-0.001968389125416075,0.17604378765210546,0.22073293665391508,-2.657880873501611,1.3788054446854465,-1.501440873666481,1.5881630407224745,0.23883828127088585,-0.7188722258002581,-0.010645211925406795,-1.2825005922621888,0.4326752357735435,50.0,51.0,51.0,41.0,43.0,26.0,29.0,28.0,52.0,98.48,3975442432,1587892224,1473728512,8.82,9.2,9.36,25297891328,9720184832
2026-04-27T15:16:06.815218+02:00,-0.001968389125416075,0.17604378765210546,0.22073293665391508,-2.657880873501611,1.3788054446854465,-1.501440873666481,1.5912068949379523,0.23429344389869267,-0.7234170631724514,-0.013713173501177955,-1.280966611474303,0.4219373702583442,50.0,51.0,51.0,41.0,43.0,26.0,29.0,28.0,52.0,98.48,3975442432,1587892224,1473728512,8.82,9.2,9.36,25297891328,9720184832
2026-04-27T15:16:06.868731+02:00,-0.0023828175841830823,0.1758742507205782,0.22013966905334637,-2.6547874194198733,1.375703139828997,-1.4916401668630848,1.5927288220456917,0.22974860652649942,-0.7249320089631824,-0.013713173501177955,-1.2778986498985323,0.4142674663189161,50.0,51.0,51.0,41.0,43.0,26.0,29.0,28.0,52.0,98.48,3975442432,1587892224,1473728512,8.82,9.2,9.36,25297891328,9720184832
2026-04-27T15:16:06.918943+02:00,-0.0023828175841830823,0.1758742507205782,0.22013966905334637,-2.6547874194198733,1.375703139828997,-1.4916401668630848,1.5942507491534301,0.22671871494503726,-0.7264469547539135,-0.015247154289063758,-1.2625588420196752,0.39585969686428824,50.0,51.0,51.0,41.0,43.0,26.0,29.0,28.0,52.0,98.48,3975442432,1587892224,1473728512,8.82,9.2,9.36,25297891328,9720184832
2026-04-27T15:16:06.970039+02:00,-0.0023828175841830823,0.1758742507205782,0.22013966905334637,-2.6547874194198733,1.375703139828997,-1.4916401668630848,1.6003384575843866,0.21914398599138185,-0.7309917921261068,-0.019849096652720277,-1.2426170917771624,0.3559761963792618,50.0,51.0,51.0,41.0,43.0,26.0,29.0,28.0,53.0,98.48,3975442432,1587892224,1473728512,8.82,9.2,9.36,25297891328,9720184832
2026-04-27T15:16:07.021863+02:00,-0.0023828175841830823,0.1758742507205782,0.22013966905334637,-2.6547874194198733,1.375703139828997,-1.4916401668630848,1.6033823117998645,0.2115692570377265,-0.7325067379168378,-0.02445103901637724,-1.2272772838983061,0.32529658062154887,50.0,51.0,51.0,41.0,43.0,26.0,29.0,28.0,53.0,98.48,3975442432,1587892224,1473728512,8.82,9.2,9.36,25297891328,9720184832
2026-04-27T15:16:07.071996+02:00,-0.0037654647811475634,0.17834253728204774,0.2143806859274189,-2.691181270358326,1.3862397248916658,-1.4386906148060794,1.6079480931230816,0.20247958229334,-0.7370515752890311,-0.029052981380034204,-1.2058015528679067,0.29001502250017897,50.0,51.0,51.0,41.0,43.0,26.0,29.0,28.0,53.0,98.48,3975442432,1587892224,1473728512,8.82,9.2,9.36,25297891328,9720184832
2026-04-27T15:16:07.127054+02:00,-0.0037654647811475634,0.17834253728204774,0.2143806859274189,-2.691181270358326,1.3862397248916658,-1.4386906148060794,1.6109919473385603,0.19793474492114677,-0.7400814668704933,-0.029052981380034204,-1.1996656297163644,0.28081113777286504,50.0,51.0,51.0,41.0,43.0,26.0,29.0,28.0,53.0,98.48,3975442432,1587892224,1473728512,8.82,9.2,9.36,25297891328,9720184832
2026-04-27T15:16:07.179432+02:00,-0.0037654647811475634,0.17834253728204774,0.2143806859274189,-2.691181270358326,1.3862397248916658,-1.4386906148060794,1.617079655769516,0.1843002328045671,-0.7461412500334175,-0.03518890453157697,-1.1705199947465368,0.2317237525605247,50.0,51.0,51.0,41.0,43.0,26.0,29.0,28.0,53.0,98.48,3975442432,1587892224,1473728512,8.82,9.2,9.36,25297891328,9720184832
2026-04-27T15:16:07.231198+02:00,-0.0037654647811475634,0.17834253728204774,0.2143806859274189,-2.691181270358326,1.3862397248916658,-1.4386906148060794,1.6216454370927331,0.17672550385091168,-0.7476561958241486,-0.03825686610734813,-1.1551801868676805,0.19184025207549782,50.0,51.0,51.0,41.0,43.0,26.0,29.0,28.0,53.0,98.48,3975442432,1587892224,1473728512,8.82,9.2,9.36,25297891328,9720184832
2026-04-27T15:16:07.286633+02:00,-0.005822264896735909,0.18270601361248562,0.20573769410883957,-2.735896298869662,1.4021215123066977,-1.3481252709604228,1.6246892913082118,0.16612088331579417,-0.7506860874056107,-0.04132482768311929,-1.1306364942615104,0.14888879001470023,50.0,51.0,51.0,41.0,43.0,26.0,29.0,28.0,53.0,98.48,3975442432,1587892224,1473728512,8.82,9.2,9.36,25297891328,9720184832
2026-04-27T15:16:07.337566+02:00,-0.005822264896735909,0.18270601361248562,0.20573769410883957,-2.735896298869662,1.4021215123066977,-1.3481252709604228,1.629255072631429,0.15703120857140768,-0.7537159789870729,-0.045926770046776255,-1.11683066717054,0.11514121268121613,50.0,51.0,51.0,41.0,43.0,26.0,29.0,28.0,53.0,98.48,3975442432,1587892224,1473728512,8.82,9.2,9.36,25297891328,9720184832
2026-04-27T15:16:07.389977+02:00,-0.005822264896735909,0.18270601361248562,0.20573769410883957,-2.735896298869662,1.4021215123066977,-1.3481252709604228,1.629255072631429,0.15703120857140768,-0.7537159789870729,-0.045926770046776255,-1.11683066717054,0.11514121268121613,50.0,51.0,51.0,41.0,43.0,26.0,29.0,28.0,53.0,98.48,3975442432,1587892224,1473728512,8.82,9.2,9.36,25297891328,9720184832
2026-04-27T15:16:07.441436+02:00,-0.008691229840324263,0.18879175066873533,0.19408322505094883,-2.7722959397430307,1.4321928763513816,-1.1765784920383637,1.6414304894933411,0.12824723854751718,-0.7643205995221904,-0.05359667398620438,-1.0493355125035717,0.0031606151655640957,50.0,51.0,51.0,41.0,43.0,26.0,29.0,28.0,53.0,98.48,3975442432,1587892224,1473728512,8.82,9.2,9.36,25297891328,9720184832
2026-04-27T15:16:07.492130+02:00,-0.008691229840324263,0.18879175066873533,0.19408322505094883,-2.7722959397430307,1.4321928763513816,-1.1765784920383637,1.6459962708165583,0.1191575638031307,-0.7643205995221904,-0.056664635561975985,-1.0339957046247146,-0.027519000592148846,50.0,51.0,51.0,41.0,43.0,26.0,29.0,28.0,53.0,98.48,3975442432,1587892224,1473728512,8.82,9.2,9.36,25297891328,9720184832
2026-04-27T15:16:07.547190+02:00,-0.008691229840324263,0.18879175066873533,0.19408322505094883,-2.7722959397430307,1.4321928763513816,-1.1765784920383637,1.6490401250320361,0.10855294326801312,-0.7673504911036526,-0.05819861634986134,-1.0186558967458583,-0.06126657792563295,50.0,51.0,51.0,41.0,43.0,26.0,29.0,28.0,53.0,98.48,3975442432,1587892224,1473728512,8.82,9.2,9.36,25297891328,9720184832
2026-04-27T15:16:07.598255+02:00,-0.008691229840324263,0.18879175066873533,0.19408322505094883,-2.7722959397430307,1.4321928763513816,-1.1765784920383637,1.6581716876784705,0.08128391903485377,-0.7718953284758459,-0.06433453950140411,-0.9634325883819757,-0.13489765574414347,50.0,51.0,51.0,41.0,43.0,26.0,29.0,28.0,53.0,98.48,3975442432,1587892224,1473728512,8.82,9.2,9.36,25297891328,9720184832
2026-04-27T15:16:07.648349+02:00,-0.008691229840324263,0.18879175066873533,0.19408322505094883,-2.7722959397430307,1.4321928763513816,-1.1765784920383637,1.6612155418939492,0.07370919008119836,-0.7734102742665769,-0.06433453950140411,-0.9557626844425475,-0.17324717544128454,50.0,51.0,51.0,41.0,43.0,26.0,29.0,28.0,53.0,98.48,3975442432,1587892224,1473728512,8.82,9.2,9.36,25297891328,9720184832
2026-04-27T15:16:07.698468+02:00,-0.012809212627036649,0.19588715252001654,0.18017851410541666,-2.8182623522316046,1.4572412136461528,-1.0047360580016662,1.6673032503249048,0.05098500322023225,-0.774925220057308,-0.07047046265294643,-0.9158791839575202,-0.2514801956234525,50.0,51.0,51.0,41.0,43.0,26.0,29.0,28.0,53.0,96.38,3975442432,1590013952,1471598592,9.23,9.28,9.39,25297891328,9720184832
2026-04-27T15:16:07.753535+02:00,-0.012809212627036649,0.19588715252001654,0.18017851410541666,-2.8182623522316046,1.4572412136461528,-1.0047360580016662,1.671869031648122,0.03280565373145927,-0.7764401658480391,-0.07047046265294643,-0.8851995681998077,-0.3051695231994498,50.0,51.0,51.0,41.0,43.0,26.0,29.0,28.0,53.0,96.38,3975442432,1590013952,1471598592,9.23,9.28,9.39,25297891328,9720184832
2026-04-27T15:16:07.804251+02:00,-0.012809212627036649,0.19588715252001654,0.18017851410541666,-2.8182623522316046,1.4572412136461528,-1.0047360580016662,1.6779567400790785,0.013111358451955213,-0.7779551116387702,-0.07200444344083223,-0.8545199524420948,-0.36499477392698987,50.0,51.0,51.0,41.0,43.0,26.0,29.0,28.0,53.0,96.38,3975442432,1590013952,1471598592,9.23,9.28,9.39,25297891328,9720184832
2026-04-27T15:16:07.857381+02:00,-0.018027360885833413,0.20570894337712176,0.16472207516985188,-2.700245885098999,1.49881879353815,-0.6086871105248063,1.6794786671868178,0.0025067379168377535,-0.7779551116387702,-0.0750724050166034,-0.8391801445632385,-0.39567438968470237,50.0,51.0,51.0,41.0,43.0,26.0,29.0,28.0,53.0,96.38,3975442432,1590013952,1471598592,9.23,9.28,9.39,25297891328,9720184832
2026-04-27T15:16:07.909136+02:00,-0.018027360885833413,0.20570894337712176,0.16472207516985188,-2.700245885098999,1.49881879353815,-0.6086871105248063,1.6825225214022956,-0.023247340525590632,-0.7779551116387702,-0.0766063858044892,-0.7946947017145551,-0.47083944829109914,50.0,51.0,51.0,41.0,43.0,26.0,29.0,28.0,53.0,96.38,3975442432,1590013952,1471598592,9.23,9.28,9.39,25297891328,9720184832
2026-04-27T15:16:07.961346+02:00,-0.018027360885833413,0.20570894337712176,0.16472207516985188,-2.700245885098999,1.49881879353815,-0.6086871105248063,1.6870883027255128,-0.04294163580509458,-0.7779551116387702,-0.0750724050166034,-0.78242285541147,-0.5107229487761256,50.0,51.0,51.0,41.0,43.0,26.0,29.0,28.0,53.0,96.38,3975442432,1590013952,1471598592,9.23,9.28,9.39,25297891328,9720184832
2026-04-27T15:16:08.014560+02:00,-0.018027360885833413,0.20570894337712176,0.16472207516985188,-2.700245885098999,1.49881879353815,-0.6086871105248063,1.6931760111564693,-0.06112098529386756,-0.7779551116387702,-0.0766063858044892,-0.748675278077986,-0.5766841226552084,50.0,51.0,51.0,41.0,43.0,26.0,29.0,28.0,53.0,96.38,3975442432,1590013952,1471598592,9.23,9.28,9.39,25297891328,9720184832
2026-04-27T15:16:08.066906+02:00,-0.020725954455841338,0.2110940568712598,0.15341225250150972,-2.666806721302034,1.509431574486969,-0.41488060249631886,1.699263719587425,-0.089904955317758,-0.774925220057308,-0.0766063858044892,-0.691917988926217,-0.6763928738677749,50.0,51.0,51.0,41.0,43.0,26.0,29.0,28.0,53.0,96.38,3975442432,1590013952,1471598592,9.23,9.28,9.39,25297891328,9720184832
2026-04-27T15:16:08.117008+02:00,-0.020725954455841338,0.2110940568712598,0.15341225250150972,-2.666806721302034,1.509431574486969,-0.41488060249631886,1.7007856466951643,-0.10353946743433773,-0.7734102742665769,-0.0750724050166034,-0.6781121618352461,-0.714742393564916,50.0,51.0,51.0,41.0,43.0,26.0,29.0,28.0,53.0,96.38,3975442432,1590013952,1471598592,9.23,9.28,9.39,25297891328,9720184832
2026-04-27T15:16:08.169466+02:00,-0.020725954455841338,0.2110940568712598,0.15341225250150972,-2.666806721302034,1.509431574486969,-0.41488060249631886,1.7038295009106421,-0.1308084916674972,-0.7703803826851148,-0.06893648186506107,-0.6458985652896478,-0.7853055098076553,50.0,51.0,51.0,41.0,43.0,26.0,29.0,28.0,53.0,96.38,3975442432,1590013952,1471598592,9.23,9.28,9.39,25297891328,9720184832
2026-04-27T15:16:08.219893+02:00,-0.020725954455841338,0.2110940568712598,0.15341225250150972,-2.666806721302034,1.509431574486969,-0.41488060249631886,1.7068733551261208,-0.15050278694700114,-0.7673504911036526,-0.06586852028928991,-0.622888853471363,-0.8389948373836527,50.0,51.0,51.0,41.0,43.0,26.0,29.0,28.0,53.0,96.38,3975442432,1590013952,1471598592,9.23,9.28,9.39,25297891328,9720184832
2026-04-27T15:16:08.269999+02:00,-0.027422083019881586,0.22296969325128924,0.13459806876466812,-1.7964029695231007,1.5220594051521015,0.7837259041384008,1.7083952822338593,-0.15807751590065655,-0.7673504911036526,-0.06433453950140411,-0.6152189495319349,-0.8604705684140517,50.0,51.0,51.0,41.0,43.0,26.0,29.0,28.0,53.0,96.38,3975442432,1590013952,1471598592,9.23,9.28,9.39,25297891328,9720184832
2026-04-27T15:16:08.324944+02:00,-0.027422083019881586,0.22296969325128924,0.13459806876466812,-1.7964029695231007,1.5220594051521015,0.7837259041384008,1.711439136449338,-0.18989137750600915,-0.7612907079407283,-0.05206269319831902,-0.579937391410565,-0.9494414541114189,50.0,51.0,51.0,41.0,43.0,26.0,29.0,28.0,53.0,96.38,3975442432,1590013952,1471598592,9.23,9.28,9.39,25297891328,9720184832
2026-04-27T15:16:08.375648+02:00,-0.027422083019881586,0.22296969325128924,0.13459806876466812,-1.7964029695231007,1.5220594051521015,0.7837259041384008,1.7129610635570764,-0.19595116066893348,-0.7612907079407283,-0.05052871241043322,-0.5738014682590227,-0.9632472812023898,50.0,51.0,51.0,41.0,43.0,26.0,29.0,28.0,53.0,96.38,3975442432,1590013952,1471598592,9.23,9.28,9.39,25297891328,9720184832
2026-04-27T15:16:08.430732+02:00,-0.027422083019881586,0.22296969325128924,0.13459806876466812,-1.7964029695231007,1.5220594051521015,0.7837259041384008,1.7144829906648158,-0.20655578120405105,-0.7597757621499972,-0.04899473162254786,-0.5645975835317087,-0.9908589353843311,50.0,51.0,51.0,41.0,43.0,26.0,29.0,28.0,53.0,96.38,3975442432,1590013952,1471598592,9.23,9.28,9.39,25297891328,9720184832
2026-04-27T15:16:08.480989+02:00,-0.03136187690144343,0.22838138487917756,0.12110279997731475,-1.5882649681830194,1.5236246351513556,1.1724158480306281,1.7175268448802936,-0.23685469701867257,-0.7537159789870729,-0.03825686610734813,-0.5385199101376528,-1.0598880708391851,50.0,51.0,51.0,41.0,43.0,26.0,29.0,28.0,53.0,96.38,3975442432,1590013952,1471598592,9.23,9.28,9.39,25297891328,9720184832
2026-04-27T15:16:08.532484+02:00,-0.03136187690144343,0.22838138487917756,0.12110279997731475,-1.5882649681830194,1.5236246351513556,1.1724158480306281,1.719048771988033,-0.25351910071671446,-0.7506860874056107,-0.03212094295580581,-0.5247140830466823,-1.1013055521120974,50.0,51.0,51.0,41.0,43.0,26.0,29.0,28.0,53.0,96.38,3975442432,1590013952,1471598592,9.23,9.28,9.39,25297891328,9720184832
2026-04-27T15:16:08.584827+02:00,-0.03136187690144343,0.22838138487917756,0.12110279997731475,-1.5882649681830194,1.5236246351513556,1.1724158480306281,1.7205706990957723,-0.27018350441475636,-0.7476561958241486,-0.022917058228491882,-0.5093742751678256,-1.150392937324438,50.0,51.0,51.0,41.0,43.0,26.0,29.0,28.0,53.0,96.38,3975442432,1590013952,1471598592,9.23,9.28,9.39,25297891328,9720184832
2026-04-27T15:16:08.638166+02:00,-0.03136187690144343,0.22838138487917756,0.12110279997731475,-1.5882649681830194,1.5236246351513556,1.1724158480306281,1.7205706990957723,-0.2747283417869496,-0.7461412500334175,-0.02138307744060608,-0.5047723328041687,-1.162664783627523,50.0,51.0,51.0,41.0,43.0,26.0,29.0,28.0,53.0,96.38,3975442432,1590013952,1471598592,9.23,9.28,9.39,25297891328,9720184832
2026-04-27T15:16:08.691351+02:00,-0.034368765762588245,0.23235725197006343,0.11051556350156747,-1.3922030386907354,1.521421202750365,1.509499715362612,1.7205706990957723,-0.2747283417869496,-0.7461412500334175,-0.015247154289063758,-0.49556844807685474,-1.1948783801731215,50.0,51.0,51.0,41.0,43.0,26.0,29.0,28.0,53.0,96.38,3975442432,1590013952,1471598592,9.23,9.28,9.39,25297891328,9720184832
2026-04-27T15:16:08.745113+02:00,-0.034368765762588245,0.23235725197006343,0.11051556350156747,-1.3922030386907354,1.521421202750365,1.509499715362612,1.7220926262035108,-0.2898777996942603,-0.7446263042426864,-0.015247154289063758,-0.4925004865010836,-1.2025482841125499,50.0,51.0,51.0,41.0,43.0,26.0,29.0,28.0,53.0,91.54,3975442432,1590345728,1471250432,9.23,9.28,9.39,25297891328,9720184832
2026-04-27T15:16:08.797465+02:00,-0.034368765762588245,0.23235725197006343,0.11051556350156747,-1.3922030386907354,1.521421202750365,1.509499715362612,1.7236145533112501,-0.30957209497376437,-0.7415964126612242,-0.004509288773864029,-0.4802286401979985,-1.2424317845975765,50.0,51.0,51.0,41.0,43.0,26.0,29.0,28.0,53.0,91.54,3975442432,1590345728,1471250432,9.23,9.28,9.39,25297891328,9720184832
2026-04-27T15:16:08.851367+02:00,-0.03581736331534837,0.23344709330896446,0.10252495769409788,-1.2992232523560963,1.5313379809095071,1.6707812834453508,1.7251364804189895,-0.3156318781366887,-0.7400814668704933,-0.002975307985978226,-0.47716067862222733,-1.2470337269612333,50.0,51.0,51.0,41.0,43.0,26.0,29.0,28.0,53.0,91.54,3975442432,1590345728,1471250432,9.23,9.28,9.39,25297891328,9720184832
2026-04-27T15:16:08.902674+02:00,-0.03581736331534837,0.23344709330896446,0.10252495769409788,-1.2992232523560963,1.5313379809095071,1.6707812834453508,1.726658407526728,-0.3307813360439994,-0.7340216837075689,0.015432461468649183,-0.4602868899554853,-1.325266747143401,50.0,51.0,51.0,41.0,43.0,26.0,29.0,28.0,53.0,91.54,3975442432,1590345728,1471250432,9.23,9.28,9.39,25297891328,9720184832
2026-04-27T15:16:08.957130+02:00,-0.03581736331534837,0.23344709330896446,0.10252495769409788,-1.2992232523560963,1.5313379809095071,1.6707812834453508,1.726658407526728,-0.3368411192069237,-0.7340216837075689,0.015432461468649183,-0.4602868899554853,-1.3360046126586005,50.0,51.0,51.0,41.0,43.0,26.0,29.0,28.0,53.0,91.54,3975442432,1590345728,1471250432,9.23,9.28,9.39,25297891328,9720184832
2026-04-27T15:16:09.010657+02:00,-0.03581736331534837,0.23344709330896446,0.10252495769409788,-1.2992232523560963,1.5313379809095071,1.6707812834453508,1.726658407526728,-0.34290090236984805,-0.7325067379168378,0.018500423044420344,-0.44954902444028555,-1.342140535810143,50.0,51.0,51.0,41.0,43.0,26.0,29.0,28.0,53.0,91.54,3975442432,1590345728,1471250432,9.23,9.28,9.39,25297891328,9720184832
2026-04-27T15:16:09.061171+02:00,-0.03746140475852793,0.2355620815537684,0.09737943946523647,-1.161066354277649,1.52900622127967,1.8909684740452117,1.7281803346344673,-0.35199057711423454,-0.7325067379168378,0.020034403832306147,-0.44034513971297207,-1.3482764589616858,50.0,51.0,51.0,41.0,43.0,26.0,29.0,28.0,53.0,91.54,3975442432,1590345728,1471250432,9.23,9.28,9.39,25297891328,9720184832
2026-04-27T15:16:09.111946+02:00,-0.03746140475852793,0.2355620815537684,0.09737943946523647,-1.161066354277649,1.52900622127967,1.8909684740452117,1.7281803346344673,-0.3565354144864278,-0.7309917921261068,0.020034403832306147,-0.4357431973493151,-1.3498104397495714,50.0,51.0,51.0,41.0,43.0,26.0,29.0,28.0,53.0,91.54,3975442432,1590345728,1471250432,9.23,9.28,9.39,25297891328,9720184832
2026-04-27T15:16:09.162926+02:00,-0.03746140475852793,0.2355620815537684,0.09737943946523647,-1.161066354277649,1.52900622127967,1.8909684740452117,1.7281803346344673,-0.36562508923081427,-0.7309917921261068,0.020034403832306147,-0.42347135104623,-1.351344420537457,50.0,51.0,51.0,41.0,43.0,26.0,29.0,28.0,53.0,91.54,3975442432,1590345728,1471250432,9.23,9.28,9.39,25297891328,9720184832
2026-04-27T15:16:09.213535+02:00,-0.03746140475852793,0.2355620815537684,0.09737943946523647,-1.161066354277649,1.52900622127967,1.8909684740452117,1.7281803346344673,-0.3792596013473939,-0.7309917921261068,0.020034403832306147,-0.4081315431673733,-1.351344420537457,50.0,51.0,51.0,41.0,43.0,26.0,29.0,28.0,53.0,91.54,3975442432,1590345728,1471250432,9.23,9.28,9.39,25297891328,9720184832
2026-04-27T15:16:09.263862+02:00,-0.03807109099332694,0.2366849460671568,0.08910669546916776,-1.1656105867526556,1.5222698860542485,1.8957800650797767,1.7281803346344673,-0.38986422188251146,-0.7309917921261068,0.020034403832306147,-0.39739367765217404,-1.351344420537457,50.0,51.0,51.0,41.0,43.0,26.0,29.0,28.0,53.0,91.54,3975442432,1590345728,1471250432,9.23,9.28,9.39,25297891328,9720184832
2026-04-27T15:16:09.314962+02:00,-0.03807109099332694,0.2366849460671568,0.08910669546916776,-1.1656105867526556,1.5222698860542485,1.8957800650797767,1.7281803346344673,-0.4004688424176289,-0.7294768463353757,0.020034403832306147,-0.3897237737127459,-1.351344420537457,50.0,51.0,51.0,41.0,43.0,26.0,29.0,28.0,53.0,91.54,3975442432,1590345728,1471250432,9.23,9.28,9.39,25297891328,9720184832
2026-04-27T15:16:09.368522+02:00,-0.03807109099332694,0.2366849460671568,0.08910669546916776,-1.1656105867526556,1.5222698860542485,1.8957800650797767,1.7281803346344673,-0.4110734629527465,-0.7279619005446446,0.023102365408077308,-0.375917946621775,-1.351344420537457,50.0,51.0,51.0,41.0,43.0,26.0,29.0,28.0,53.0,91.54,3975442432,1590345728,1471250432,9.23,9.28,9.39,25297891328,9720184832
2026-04-27T15:16:09.423543+02:00,-0.03807109099332694,0.2366849460671568,0.08910669546916776,-1.1656105867526556,1.5222698860542485,1.8957800650797767,1.7281803346344673,-0.420163137697133,-0.7279619005446446,0.02156838462019195,-0.3651800811065753,-1.351344420537457,50.0,51.0,51.0,41.0,43.0,26.0,29.0,28.0,53.0,91.54,3975442432,1590345728,1471250432,9.23,9.28,9.39,25297891328,9720184832
2026-04-27T15:16:09.478618+02:00,-0.03823972019268666,0.2379935170241154,0.08067651565428606,-1.1924980956329212,1.5142738094875432,1.8671468221792895,1.7281803346344673,-0.4247079750693262,-0.7264469547539135,0.023102365408077308,-0.36057813874291833,-1.351344420537457,50.0,51.0,51.0,41.0,43.0,26.0,29.0,28.0,53.0,91.54,3975442432,1590345728,1471250432,9.23,9.28,9.39,25297891328,9720184832
2026-04-27T15:16:09.529087+02:00,-0.03823972019268666,0.2379935170241154,0.08067651565428606,-1.1924980956329212,1.5142738094875432,1.8671468221792895,1.7281803346344673,-0.4247079750693262,-0.7264469547539135,0.023102365408077308,-0.36057813874291833,-1.351344420537457,50.0,51.0,51.0,41.0,43.0,26.0,29.0,28.0,53.0,91.54,3975442432,1590345728,1471250432,9.23,9.28,9.39,25297891328,9720184832
2026-04-27T15:16:09.579887+02:00,-0.03823972019268666,0.2379935170241154,0.08067651565428606,-1.1924980956329212,1.5142738094875432,1.8671468221792895,1.7281803346344673,-0.4671264572097965,-0.7203871715909892,0.02770430777173427,-0.31762667668212075,-1.351344420537457,50.0,51.0,51.0,41.0,43.0,26.0,29.0,28.0,53.0,91.54,3975442432,1590345728,1471250432,9.23,9.28,9.39,25297891328,9720184832
2026-04-27T15:16:09.630087+02:00,-0.03823972019268666,0.2379935170241154,0.08067651565428606,-1.1924980956329212,1.5142738094875432,1.8671468221792895,1.7281803346344673,-0.4777310777449141,-0.7203871715909892,0.02770430777173427,-0.311490753530578,-1.351344420537457,50.0,51.0,51.0,41.0,43.0,26.0,29.0,28.0,53.0,91.54,3975442432,1590345728,1471250432,9.23,9.28,9.39,25297891328,9720184832
2026-04-27T15:16:09.681512+02:00,-0.038506990048468734,0.23967285451103673,0.0686088219056529,-1.1932959485495584,1.5059232288007607,1.8601444968424716,1.7281803346344673,-0.4913655898614938,-0.7188722258002581,0.029238288559620074,-0.30228686880326405,-1.351344420537457,50.0,51.0,51.0,41.0,43.0,26.0,29.0,28.0,53.0,92.97,3975442432,1553604608,1507987456,9.23,9.28,9.39,25297891328,9720184832
2026-04-27T15:16:09.732811+02:00,-0.038506990048468734,0.23967285451103673,0.0686088219056529,-1.1932959485495584,1.5059232288007607,1.8601444968424716,1.7297022617422066,-0.5080299935595355,-0.715842334218796,0.029238288559620074,-0.2930829840759501,-1.351344420537457,50.0,51.0,51.0,41.0,43.0,26.0,29.0,28.0,53.0,92.97,3975442432,1553604608,1507987456,9.23,9.28,9.39,25297891328,9720184832
2026-04-27T15:16:09.787812+02:00,-0.038506990048468734,0.23967285451103673,0.0686088219056529,-1.1932959485495584,1.5059232288007607,1.8601444968424716,1.7297022617422066,-0.5156047225131909,-0.7143273884280649,0.032306250135391235,-0.2869470609244078,-1.351344420537457,50.0,51.0,51.0,41.0,43.0,26.0,29.0,28.0,53.0,92.97,3975442432,1553604608,1507987456,9.23,9.28,9.39,25297891328,9720184832
2026-04-27T15:16:09.837926+02:00,-0.03875187869111039,0.2388407411664995,0.058379652079587036,-1.1441882545330684,1.5189459428071963,1.9060904348184993,1.7297022617422066,-0.5231794514668463,-0.7128124426373338,0.030772269347505876,-0.28081113777286504,-1.351344420537457,50.0,51.0,51.0,41.0,43.0,26.0,29.0,28.0,53.0,92.97,3975442432,1553604608,1507987456,9.23,9.28,9.39,25297891328,9720184832
2026-04-27T15:16:09.893051+02:00,-0.03875187869111039,0.2388407411664995,0.058379652079587036,-1.1441882545330684,1.5189459428071963,1.9060904348184993,1.7297022617422066,-0.535299017792695,-0.7128124426373338,0.032306250135391235,-0.2746752146213227,-1.351344420537457,50.0,51.0,51.0,41.0,43.0,26.0,29.0,28.0,53.0,92.97,3975442432,1553604608,1507987456,9.23,9.28,9.39,25297891328,9720184832
2026-04-27T15:16:09.945162+02:00,-0.03875187869111039,0.2388407411664995,0.058379652079587036,-1.1441882545330684,1.5189459428071963,1.9060904348184993,1.7297022617422066,-0.5428737467463504,-0.7112974968466027,0.032306250135391235,-0.2731412338334369,-1.351344420537457,50.0,51.0,51.0,41.0,43.0,26.0,29.0,28.0,53.0,92.97,3975442432,1553604608,1507987456,9.23,9.28,9.39,25297891328,9720184832
2026-04-27T15:16:09.998966+02:00,-0.03875187869111039,0.2388407411664995,0.058379652079587036,-1.1441882545330684,1.5189459428071963,1.9060904348184993,1.7297022617422066,-0.5565082588629301,-0.7082676052651405,0.03384023092327704,-0.263937349106123,-1.351344420537457,50.0,51.0,51.0,41.0,43.0,26.0,29.0,28.0,53.0,92.97,3975442432,1553604608,1507987456,9.23,9.28,9.39,25297891328,9720184832
2026-04-27T15:16:10.050487+02:00,-0.03863941169003803,0.23843149932977217,0.0502611005537676,-1.1220195899819079,1.5261567975096084,1.9265220283659261,1.7297022617422066,-0.5610530962351233,-0.7082676052651405,0.03384023092327704,-0.25780142595458067,-1.351344420537457,50.0,51.0,51.0,41.0,43.0,26.0,29.0,28.0,53.0,92.97,3975442432,1553604608,1507987456,9.23,9.28,9.39,25297891328,9720184832
2026-04-27T15:16:10.102323+02:00,-0.03863941169003803,0.23843149932977217,0.0502611005537676,-1.1220195899819079,1.5261567975096084,1.9265220283659261,1.7297022617422066,-0.5701427709795098,-0.7052377136836784,0.035374211711162395,-0.2531994835909237,-1.351344420537457,50.0,51.0,51.0,41.0,43.0,26.0,29.0,28.0,53.0,92.97,3975442432,1553604608,1507987456,9.23,9.28,9.39,25297891328,9720184832
2026-04-27T15:16:10.153469+02:00,-0.03863941169003803,0.23843149932977217,0.0502611005537676,-1.1220195899819079,1.5261567975096084,1.9265220283659261,1.7297022617422066,-0.5777174999331652,-0.7052377136836784,0.035374211711162395,-0.2516655028030379,-1.351344420537457,50.0,51.0,51.0,41.0,43.0,26.0,29.0,28.0,53.0,92.97,3975442432,1553604608,1507987456,9.23,9.28,9.39,25297891328,9720184832
2026-04-27T15:16:10.203953+02:00,-0.03863941169003803,0.23843149932977217,0.0502611005537676,-1.1220195899819079,1.5261567975096084,1.9265220283659261,1.7297022617422066,-0.5792324457238963,-0.7052377136836784,0.035374211711162395,-0.2516655028030379,-1.351344420537457,50.0,51.0,51.0,41.0,43.0,26.0,29.0,28.0,53.0,92.97,3975442432,1553604608,1507987456,9.23,9.28,9.39,25297891328,9720184832
2026-04-27T15:16:10.258443+02:00,-0.038498003746292475,0.23759818504778035,0.04560147105097587,-1.0693894090198555,1.5348884298714391,1.9775498080490888,1.7297022617422066,-0.5792324457238963,-0.7052377136836784,0.035374211711162395,-0.2516655028030379,-1.351344420537457,50.0,51.0,51.0,41.0,43.0,26.0,29.0,28.0,53.0,92.97,3975442432,1553604608,1507987456,9.23,9.28,9.39,25297891328,9720184832
2026-04-27T15:16:10.313093+02:00,-0.038498003746292475,0.23759818504778035,0.04560147105097587,-1.0693894090198555,1.5348884298714391,1.9775498080490888,1.7297022617422066,-0.5792324457238963,-0.7052377136836784,0.035374211711162395,-0.2516655028030379,-1.351344420537457,50.0,51.0,51.0,41.0,43.0,26.0,29.0,28.0,53.0,92.97,3975442432,1553604608,1507987456,9.23,9.28,9.39,25297891328,9720184832
2026-04-27T15:16:10.364164+02:00,-0.038498003746292475,0.23759818504778035,0.04560147105097587,-1.0693894090198555,1.5348884298714391,1.9775498080490888,1.7297022617422066,-0.5792324457238963,-0.7052377136836784,0.035374211711162395,-0.2516655028030379,-1.351344420537457,50.0,51.0,51.0,41.0,43.0,26.0,29.0,28.0,53.0,92.97,3975442432,1553604608,1507987456,9.23,9.28,9.39,25297891328,9720184832
2026-04-27T15:16:10.419174+02:00,-0.038498003746292475,0.23759818504778035,0.04560147105097587,-1.0693894090198555,1.5348884298714391,1.9775498080490888,1.7297022617422066,-0.5792324457238963,-0.7052377136836784,0.035374211711162395,-0.2516655028030379,-1.351344420537457,50.0,51.0,51.0,41.0,43.0,26.0,29.0,28.0,53.0,92.97,3975442432,1553604608,1507987456,9.23,9.28,9.39,25297891328,9720184832
2026-04-27T15:16:10.471786+02:00,-0.038498003746292475,0.23759818504778035,0.04560147105097587,-1.0693894090198555,1.5348884298714391,1.9775498080490888,1.7297022617422066,-0.5792324457238963,-0.7052377136836784,0.035374211711162395,-0.2516655028030379,-1.351344420537457,50.0,51.0,51.0,41.0,43.0,26.0,29.0,28.0,53.0,92.97,3975442432,1553604608,1507987456,9.23,9.28,9.39,25297891328,9720184832
2026-04-27T15:16:10.523942+02:00,-0.038498003746292475,0.23759818504778035,0.04560147105097587,-1.0693894090198555,1.5348884298714391,1.9775498080490888,1.7297022617422066,-0.5792324457238963,-0.7052377136836784,0.035374211711162395,-0.2516655028030379,-1.351344420537457,50.0,51.0,51.0,41.0,43.0,26.0,29.0,28.0,53.0,92.97,3975442432,1553604608,1507987456,9.23,9.28,9.39,25297891328,9720184832
2026-04-27T15:16:10.573965+02:00,-0.038498003746292475,0.23759818504778035,0.04560147105097587,-1.0693894090198555,1.5348884298714391,1.9775498080490888,1.7297022617422066,-0.5792324457238963,-0.7052377136836784,0.035374211711162395,-0.2516655028030379,-1.351344420537457,50.0,51.0,51.0,41.0,43.0,26.0,29.0,28.0,53.0,92.97,3975442432,1553604608,1507987456,9.23,9.28,9.39,25297891328,9720184832
2026-04-27T15:16:10.628716+02:00,-0.038498003746292475,0.23759818504778035,0.04560147105097587,-1.0693894090198555,1.5348884298714391,1.9775498080490888,1.7297022617422066,-0.5792324457238963,-0.7052377136836784,0.035374211711162395,-0.25013152201515254,-1.351344420537457,50.0,51.0,51.0,41.0,43.0,26.0,29.0,28.0,53.0,92.97,3975442432,1553604608,1507987456,9.23,9.28,9.39,25297891328,9720184832
2026-04-27T15:16:10.679928+02:00,-0.038498003746292475,0.23759818504778035,0.04560147105097587,-1.0693894090198555,1.5348884298714391,1.9775498080490888,1.7297022617422066,-0.5792324457238963,-0.7052377136836784,0.035374211711162395,-0.25013152201515254,-1.351344420537457,50.0,51.0,51.0,41.0,43.0,26.0,29.0,28.0,53.0,96.99,3975442432,1553530880,1508061184,9.23,9.28,9.39,25297891328,9720193024
2026-04-27T15:16:10.732086+02:00,-0.038498003746292475,0.23759818504778035,0.04560147105097587,-1.0693894090198555,1.5348884298714391,1.9775498080490888,1.7297022617422066,-0.5792324457238963,-0.7052377136836784,0.035374211711162395,-0.25013152201515254,-1.351344420537457,50.0,51.0,51.0,41.0,43.0,26.0,29.0,28.0,53.0,96.99,3975442432,1553530880,1508061184,9.23,9.28,9.39,25297891328,9720193024
2026-04-27T15:16:10.786599+02:00,-0.038498003746292475,0.23759818504778035,0.04560147105097587,-1.0693894090198555,1.5348884298714391,1.9775498080490888,1.7297022617422066,-0.5792324457238963,-0.7052377136836784,0.035374211711162395,-0.25013152201515254,-1.351344420537457,50.0,51.0,51.0,41.0,43.0,26.0,29.0,28.0,53.0,96.99,3975442432,1553530880,1508061184,9.23,9.28,9.39,25297891328,9720193024
2026-04-27T15:16:10.837734+02:00,-0.038498003746292475,0.23759818504778035,0.04560147105097587,-1.0693894090198555,1.5348884298714391,1.9775498080490888,1.7297022617422066,-0.5792324457238963,-0.7052377136836784,0.035374211711162395,-0.25013152201515254,-1.351344420537457,50.0,51.0,51.0,41.0,43.0,26.0,29.0,28.0,53.0,96.99,3975442432,1553530880,1508061184,9.23,9.28,9.39,25297891328,9720193024
2026-04-27T15:16:10.892744+02:00,-0.038513654567657145,0.23772426518208092,0.04562014958771804,-1.080801526326573,1.5334125854608323,1.966130026970271,1.7297022617422066,-0.5792324457238963,-0.7052377136836784,0.035374211711162395,-0.25013152201515254,-1.351344420537457,50.0,51.0,51.0,41.0,43.0,26.0,29.0,28.0,53.0,96.99,3975442432,1553530880,1508061184,9.23,9.28,9.39,25297891328,9720193024
2026-04-27T15:16:10.947829+02:00,-0.038513654567657145,0.23772426518208092,0.04562014958771804,-1.080801526326573,1.5334125854608323,1.966130026970271,1.7297022617422066,-0.5792324457238963,-0.7052377136836784,0.035374211711162395,-0.25013152201515254,-1.351344420537457,50.0,51.0,51.0,41.0,43.0,26.0,29.0,28.0,53.0,96.99,3975442432,1553530880,1508061184,9.23,9.28,9.39,25297891328,9720193024
2026-04-27T15:16:11.002296+02:00,-0.038513654567657145,0.23772426518208092,0.04562014958771804,-1.080801526326573,1.5334125854608323,1.966130026970271,1.7297022617422066,-0.5792324457238963,-0.7052377136836784,0.035374211711162395,-0.25013152201515254,-1.351344420537457,50.0,51.0,51.0,41.0,43.0,26.0,29.0,28.0,51.0,96.99,3975442432,1553530880,1508061184,9.23,9.28,9.39,25297891328,9720193024
2026-04-27T15:16:11.054209+02:00,-0.038513654567657145,0.23772426518208092,0.04562014958771804,-1.080801526326573,1.5334125854608323,1.966130026970271,1.7297022617422066,-0.5792324457238963,-0.7052377136836784,0.035374211711162395,-0.25013152201515254,-1.351344420537457,50.0,51.0,51.0,41.0,43.0,26.0,29.0,28.0,51.0,96.99,3975442432,1553530880,1508061184,9.23,9.28,9.39,25297891328,9720193024
2026-04-27T15:16:11.105007+02:00,-0.038513654567657145,0.23772426518208092,0.04562014958771804,-1.080801526326573,1.5334125854608323,1.966130026970271,1.7297022617422066,-0.5792324457238963,-0.7052377136836784,0.035374211711162395,-0.25013152201515254,-1.351344420537457,50.0,51.0,51.0,41.0,43.0,26.0,29.0,28.0,51.0,96.99,3975442432,1553530880,1508061184,9.23,9.28,9.39,25297891328,9720193024
2026-04-27T15:16:11.159240+02:00,-0.038513654567657145,0.23772426518208092,0.04562014958771804,-1.080801526326573,1.5334125854608323,1.966130026970271,1.7297022617422066,-0.5792324457238963,-0.7052377136836784,0.035374211711162395,-0.25013152201515254,-1.351344420537457,50.0,51.0,51.0,41.0,43.0,26.0,29.0,28.0,51.0,96.99,3975442432,1553530880,1508061184,9.23,9.28,9.39,25297891328,9720193024
2026-04-27T15:16:11.211607+02:00,-0.038513654567657145,0.23772426518208092,0.04562014958771804,-1.080801526326573,1.5334125854608323,1.966130026970271,1.7297022617422066,-0.5792324457238963,-0.7052377136836784,0.035374211711162395,-0.25013152201515254,-1.351344420537457,50.0,51.0,51.0,41.0,43.0,26.0,29.0,28.0,51.0,96.99,3975442432,1553530880,1508061184,9.23,9.28,9.39,25297891328,9720193024
2026-04-27T15:16:11.266583+02:00,-0.038513654567657145,0.23772426518208092,0.04562014958771804,-1.080801526326573,1.5334125854608323,1.966130026970271,1.7297022617422066,-0.5792324457238963,-0.7052377136836784,0.035374211711162395,-0.25013152201515254,-1.351344420537457,50.0,51.0,51.0,41.0,43.0,26.0,29.0,28.0,51.0,96.99,3975442432,1553530880,1508061184,9.23,9.28,9.39,25297891328,9720193024
2026-04-27T15:16:11.319845+02:00,-0.038513654567657145,0.23772426518208092,0.04562014958771804,-1.080801526326573,1.5334125854608323,1.966130026970271,1.7297022617422066,-0.5792324457238963,-0.7052377136836784,0.035374211711162395,-0.25013152201515254,-1.351344420537457,50.0,51.0,51.0,41.0,43.0,26.0,29.0,28.0,51.0,96.99,3975442432,1553530880,1508061184,9.23,9.28,9.39,25297891328,9720193024
2026-04-27T15:16:11.370026+02:00,-0.038513654567657145,0.23772426518208092,0.04562014958771804,-1.080801526326573,1.5334125854608323,1.966130026970271,1.7297022617422066,-0.5792324457238963,-0.7052377136836784,0.035374211711162395,-0.25013152201515254,-1.351344420537457,50.0,51.0,51.0,41.0,43.0,26.0,29.0,28.0,51.0,96.99,3975442432,1553530880,1508061184,9.23,9.28,9.39,25297891328,9720193024
2026-04-27T15:16:11.420958+02:00,-0.038513654567657145,0.23772426518208092,0.04562014958771804,-1.080801526326573,1.5334125854608323,1.966130026970271,1.7297022617422066,-0.5792324457238963,-0.7052377136836784,0.0369081924990482,-0.25013152201515254,-1.351344420537457,50.0,51.0,51.0,41.0,43.0,26.0,29.0,28.0,51.0,96.99,3975442432,1553530880,1508061184,9.23,9.28,9.39,25297891328,9720193024
2026-04-27T15:16:11.473872+02:00,-0.03853136010590161,0.23772205414912323,0.04562033168799424,-1.06956113488966,1.533309050614825,1.9758910139642611,1.7297022617422066,-0.5792324457238963,-0.7052377136836784,0.035374211711162395,-0.25013152201515254,-1.351344420537457,50.0,51.0,51.0,41.0,43.0,26.0,29.0,28.0,51.0,96.99,3975442432,1553530880,1508061184,9.23,9.28,9.39,25297891328,9720193024
2026-04-27T15:16:11.524176+02:00,-0.03853136010590161,0.23772205414912323,0.04562033168799424,-1.06956113488966,1.533309050614825,1.9758910139642611,1.7297022617422066,-0.5792324457238963,-0.7052377136836784,0.0369081924990482,-0.25013152201515254,-1.351344420537457,50.0,51.0,51.0,41.0,43.0,26.0,29.0,28.0,51.0,96.99,3975442432,1553530880,1508061184,9.23,9.28,9.39,25297891328,9720193024
2026-04-27T15:16:11.574861+02:00,-0.03853136010590161,0.23772205414912323,0.04562033168799424,-1.06956113488966,1.533309050614825,1.9758910139642611,1.7297022617422066,-0.5792324457238963,-0.7052377136836784,0.0369081924990482,-0.25013152201515254,-1.351344420537457,50.0,51.0,51.0,41.0,43.0,26.0,29.0,28.0,51.0,96.99,3975442432,1553530880,1508061184,9.23,9.28,9.39,25297891328,9720193024
2026-04-27T15:16:11.626885+02:00,-0.03853136010590161,0.23772205414912323,0.04562033168799424,-1.06956113488966,1.533309050614825,1.9758910139642611,1.7297022617422066,-0.5792324457238963,-0.7052377136836784,0.035374211711162395,-0.25013152201515254,-1.351344420537457,50.0,51.0,51.0,41.0,43.0,26.0,29.0,28.0,51.0,96.99,3975442432,1553530880,1508061184,9.23,9.28,9.39,25297891328,9720193024
2026-04-27T15:16:11.681898+02:00,-0.03853136010590161,0.23772205414912323,0.04562033168799424,-1.06956113488966,1.533309050614825,1.9758910139642611,1.7297022617422066,-0.5792324457238963,-0.7052377136836784,0.0369081924990482,-0.25013152201515254,-1.351344420537457,50.0,51.0,51.0,41.0,43.0,26.0,29.0,28.0,51.0,96.99,3975442432,1553530880,1508061184,9.23,9.28,9.39,25297891328,9720193024
2026-04-27T15:16:11.732060+02:00,-0.03853136010590161,0.23772205414912323,0.04562033168799424,-1.06956113488966,1.533309050614825,1.9758910139642611,1.7297022617422066,-0.5792324457238963,-0.7052377136836784,0.0369081924990482,-0.25013152201515254,-1.351344420537457,50.0,51.0,51.0,41.0,43.0,26.0,29.0,28.0,51.0,92.65,3975442432,1552560128,1509056512,9.23,9.28,9.39,25297891328,9720193024
2026-04-27T15:16:11.783157+02:00,-0.03853136010590161,0.23772205414912323,0.04562033168799424,-1.06956113488966,1.533309050614825,1.9758910139642611,1.7297022617422066,-0.5792324457238963,-0.7052377136836784,0.035374211711162395,-0.25013152201515254,-1.351344420537457,50.0,51.0,51.0,41.0,43.0,26.0,29.0,28.0,51.0,92.65,3975442432,1552560128,1509056512,9.23,9.28,9.39,25297891328,9720193024
2026-04-27T15:16:11.834016+02:00,-0.03853136010590161,0.23772205414912323,0.04562033168799424,-1.06956113488966,1.533309050614825,1.9758910139642611,1.7297022617422066,-0.5792324457238963,-0.7052377136836784,0.0369081924990482,-0.25013152201515254,-1.351344420537457,50.0,51.0,51.0,41.0,43.0,26.0,29.0,28.0,51.0,92.65,3975442432,1552560128,1509056512,9.23,9.28,9.39,25297891328,9720193024
2026-04-27T15:16:11.889068+02:00,-0.03853136010590161,0.23772205414912323,0.04562033168799424,-1.06956113488966,1.533309050614825,1.9758910139642611,1.7297022617422066,-0.5792324457238963,-0.7052377136836784,0.035374211711162395,-0.25013152201515254,-1.351344420537457,50.0,51.0,51.0,41.0,43.0,26.0,29.0,28.0,51.0,92.65,3975442432,1552560128,1509056512,9.23,9.28,9.39,25297891328,9720193024
2026-04-27T15:16:11.939406+02:00,-0.03853136010590161,0.23772205414912323,0.04562033168799424,-1.06956113488966,1.533309050614825,1.9758910139642611,1.7297022617422066,-0.5792324457238963,-0.7052377136836784,0.0369081924990482,-0.25013152201515254,-1.3528784013253425,50.0,51.0,51.0,41.0,43.0,26.0,29.0,28.0,51.0,92.65,3975442432,1552560128,1509056512,9.23,9.28,9.39,25297891328,9720193024
2026-04-27T15:16:11.993989+02:00,-0.03853136010590161,0.23772205414912323,0.04562033168799424,-1.06956113488966,1.533309050614825,1.9758910139642611,1.7297022617422066,-0.5792324457238963,-0.7052377136836784,0.035374211711162395,-0.25013152201515254,-1.3574803436889995,50.0,51.0,51.0,41.0,43.0,26.0,29.0,28.0,51.0,92.65,3975442432,1552560128,1509056512,9.23,9.28,9.39,25297891328,9720193024
2026-04-27T15:16:12.049011+02:00,-0.03853136010590161,0.23772205414912323,0.04562033168799424,-1.06956113488966,1.533309050614825,1.9758910139642611,1.7297022617422066,-0.5792324457238963,-0.7052377136836784,0.0369081924990482,-0.25013152201515254,-1.359014324476885,50.0,51.0,51.0,41.0,43.0,26.0,29.0,28.0,51.0,92.65,3975442432,1552560128,1509056512,9.23,9.28,9.39,25297891328,9720193024
2026-04-27T15:16:12.099856+02:00,-0.03853136010590161,0.23772205414912323,0.04562033168799424,-1.0772310388291049,1.533309050614824,1.9758910139642443,1.7297022617422066,-0.5792324457238963,-0.7052377136836784,0.0369081924990482,-0.25013152201515254,-1.359014324476885,50.0,51.0,51.0,41.0,43.0,26.0,29.0,28.0,51.0,92.65,3975442432,1552560128,1509056512,9.23,9.28,9.39,25297891328,9720193024
2026-04-27T15:16:12.149969+02:00,-0.03853136010590161,0.23772205414912323,0.04562033168799424,-1.0772310388291049,1.533309050614824,1.9758910139642443,1.7297022617422066,-0.5792324457238963,-0.7052377136836784,0.0369081924990482,-0.25013152201515254,-1.3574803436889995,50.0,51.0,51.0,41.0,43.0,26.0,29.0,28.0,51.0,92.65,3975442432,1552560128,1509056512,9.23,9.28,9.39,25297891328,9720193024
2026-04-27T15:16:12.200685+02:00,-0.03853136010590161,0.23772205414912323,0.04562033168799424,-1.0772310388291049,1.533309050614824,1.9758910139642443,1.7297022617422066,-0.5792324457238963,-0.7052377136836784,0.0369081924990482,-0.25013152201515254,-1.359014324476885,50.0,51.0,51.0,41.0,43.0,26.0,29.0,28.0,51.0,92.65,3975442432,1552560128,1509056512,9.23,9.28,9.39,25297891328,9720193024
2026-04-27T15:16:12.251092+02:00,-0.03853136010590161,0.23772205414912323,0.04562033168799424,-1.0772310388291049,1.533309050614824,1.9758910139642443,1.7297022617422066,-0.5792324457238963,-0.7052377136836784,0.0369081924990482,-0.25013152201515254,-1.359014324476885,50.0,51.0,51.0,41.0,43.0,26.0,29.0,28.0,51.0,92.65,3975442432,1552560128,1509056512,9.23,9.28,9.39,25297891328,9720193024
2026-04-27T15:16:12.301407+02:00,-0.03853136010590161,0.23772205414912323,0.04562033168799424,-1.0772310388291049,1.533309050614824,1.9758910139642443,1.7297022617422066,-0.5792324457238963,-0.7052377136836784,0.0369081924990482,-0.25013152201515254,-1.359014324476885,50.0,51.0,51.0,41.0,43.0,26.0,29.0,28.0,51.0,92.65,3975442432,1552560128,1509056512,9.23,9.28,9.39,25297891328,9720193024
2026-04-27T15:16:12.352673+02:00,-0.03853136010590161,0.23772205414912323,0.04562033168799424,-1.0772310388291049,1.533309050614824,1.9758910139642443,1.7297022617422066,-0.5792324457238963,-0.7052377136836784,0.0369081924990482,-0.25013152201515254,-1.359014324476885,50.0,51.0,51.0,41.0,43.0,26.0,29.0,28.0,51.0,92.65,3975442432,1552560128,1509056512,9.23,9.28,9.39,25297891328,9720193024
2026-04-27T15:16:12.403047+02:00,-0.03853136010590161,0.23772205414912323,0.04562033168799424,-1.0772310388291049,1.533309050614824,1.9758910139642443,1.7297022617422066,-0.5792324457238963,-0.7052377136836784,0.0369081924990482,-0.25013152201515254,-1.359014324476885,50.0,51.0,51.0,41.0,43.0,26.0,29.0,28.0,51.0,92.65,3975442432,1552560128,1509056512,9.23,9.28,9.39,25297891328,9720193024
2026-04-27T15:16:12.454047+02:00,-0.03853136010590161,0.23772205414912323,0.04562033168799424,-1.0772310388291049,1.533309050614824,1.9758910139642443,1.7297022617422066,-0.5792324457238963,-0.7052377136836784,0.0369081924990482,-0.25013152201515254,-1.359014324476885,50.0,51.0,51.0,41.0,43.0,26.0,29.0,28.0,51.0,92.65,3975442432,1552560128,1509056512,9.23,9.28,9.39,25297891328,9720193024
2026-04-27T15:16:12.506805+02:00,-0.03853136010590161,0.23772205414912323,0.04562033168799424,-1.0772310388291049,1.533309050614824,1.9758910139642443,1.7297022617422066,-0.5792324457238963,-0.7052377136836784,0.0369081924990482,-0.25013152201515254,-1.359014324476885,50.0,51.0,51.0,41.0,43.0,26.0,29.0,28.0,51.0,92.65,3975442432,1552560128,1509056512,9.23,9.28,9.39,25297891328,9720193024
2026-04-27T15:16:12.557790+02:00,-0.03853136010590161,0.23772205414912323,0.04562033168799424,-1.0772310388291049,1.533309050614824,1.9758910139642443,1.7297022617422066,-0.5792324457238963,-0.7052377136836784,0.0369081924990482,-0.25013152201515254,-1.359014324476885,50.0,51.0,51.0,41.0,43.0,26.0,29.0,28.0,51.0,92.65,3975442432,1552560128,1509056512,9.23,9.28,9.39,25297891328,9720193024
2026-04-27T15:16:12.608466+02:00,-0.03853136010590161,0.23772205414912323,0.04562033168799424,-1.0772310388291049,1.533309050614824,1.9758910139642443,1.7297022617422066,-0.5792324457238963,-0.7052377136836784,0.0369081924990482,-0.25013152201515254,-1.359014324476885,50.0,51.0,51.0,41.0,43.0,26.0,29.0,28.0,51.0,92.65,3975442432,1552560128,1509056512,9.23,9.28,9.39,25297891328,9720193024
2026-04-27T15:16:12.661218+02:00,-0.03853136010590161,0.23772205414912323,0.04562033168799424,-1.0772310388291049,1.533309050614824,1.9758910139642443,1.7297022617422066,-0.5792324457238963,-0.7052377136836784,0.0369081924990482,-0.25013152201515254,-1.359014324476885,50.0,51.0,51.0,41.0,43.0,26.0,29.0,28.0,51.0,92.65,3975442432,1552560128,1509056512,9.23,9.28,9.39,25297891328,9720193024
2026-04-27T15:16:12.716262+02:00,-0.038589044247814126,0.23808200164476837,0.04635055547754392,-1.095499840487535,1.530363775253206,1.957636054866231,1.7297022617422066,-0.5686278251887787,-0.7067526594744095,0.0369081924990482,-0.2516655028030379,-1.359014324476885,50.0,51.0,51.0,41.0,43.0,26.0,29.0,28.0,51.0,92.65,3975442432,1552560128,1509056512,9.23,9.28,9.39,25297891328,9720193024
2026-04-27T15:16:12.770877+02:00,-0.038589044247814126,0.23808200164476837,0.04635055547754392,-1.095499840487535,1.530363775253206,1.957636054866231,1.7297022617422066,-0.5595381504443923,-0.7082676052651405,0.035374211711162395,-0.263937349106123,-1.359014324476885,50.0,51.0,51.0,41.0,43.0,26.0,29.0,28.0,51.0,92.65,3975442432,1552560128,1509056512,9.23,9.28,9.39,25297891328,9720193024
2026-04-27T15:16:12.823667+02:00,-0.038589044247814126,0.23808200164476837,0.04635055547754392,-1.095499840487535,1.530363775253206,1.957636054866231,1.7297022617422066,-0.554993313072199,-0.7082676052651405,0.035374211711162395,-0.27160725304555156,-1.359014324476885,50.0,51.0,51.0,41.0,43.0,26.0,29.0,28.0,51.0,93.9,3975442432,1552728064,1508888576,9.22,9.27,9.39,25297891328,9720205312
2026-04-27T15:16:12.873954+02:00,-0.03859932048914193,0.23800327162842388,0.04985684445337387,-1.093874260117028,1.5305151257927505,1.9608730630461448,1.7297022617422066,-0.5489335299092747,-0.7097825510558716,0.035374211711162395,-0.28081113777286504,-1.359014324476885,50.0,51.0,51.0,41.0,43.0,26.0,29.0,28.0,51.0,93.9,3975442432,1552728064,1508888576,9.22,9.27,9.39,25297891328,9720205312
2026-04-27T15:16:12.925836+02:00,-0.03859932048914193,0.23800327162842388,0.04985684445337387,-1.093874260117028,1.5305151257927505,1.9608730630461448,1.7297022617422066,-0.5413588009556193,-0.7097825510558716,0.03384023092327704,-0.285413080136522,-1.3574803436889995,50.0,51.0,51.0,41.0,43.0,26.0,29.0,28.0,51.0,93.9,3975442432,1552728064,1508888576,9.22,9.27,9.39,25297891328,9720205312
2026-04-27T15:16:12.979305+02:00,-0.03859932048914193,0.23800327162842388,0.04985684445337387,-1.093874260117028,1.5305151257927505,1.9608730630461448,1.7297022617422066,-0.5322691262112328,-0.7112974968466027,0.03384023092327704,-0.3007528880153787,-1.3574803436889995,50.0,51.0,51.0,41.0,43.0,26.0,29.0,28.0,51.0,93.9,3975442432,1552728064,1508888576,9.22,9.27,9.39,25297891328,9720205312
2026-04-27T15:16:13.032768+02:00,-0.038497322474528986,0.23678742762615804,0.0561435338106874,-0.9417661606030892,1.5437444033484575,2.113251956948527,1.7297022617422066,-0.5201495598853841,-0.7128124426373338,0.03384023092327704,-0.306888811166921,-1.3574803436889995,50.0,51.0,51.0,41.0,43.0,26.0,29.0,28.0,51.0,93.9,3975442432,1552728064,1508888576,9.22,9.27,9.39,25297891328,9720205312
2026-04-27T15:16:13.083659+02:00,-0.038497322474528986,0.23678742762615804,0.0561435338106874,-0.9417661606030892,1.5437444033484575,2.113251956948527,1.7281803346344673,-0.5156047225131909,-0.7143273884280649,0.03384023092327704,-0.3099567727426922,-1.3574803436889995,50.0,51.0,51.0,41.0,43.0,26.0,29.0,28.0,51.0,93.9,3975442432,1552728064,1508888576,9.22,9.27,9.39,25297891328,9720205312
2026-04-27T15:16:13.133808+02:00,-0.038497322474528986,0.23678742762615804,0.0561435338106874,-0.9417661606030892,1.5437444033484575,2.113251956948527,1.7281803346344673,-0.5050001019780733,-0.715842334218796,0.03384023092327704,-0.32376259983366307,-1.3574803436889995,50.0,51.0,51.0,41.0,43.0,26.0,29.0,28.0,51.0,93.9,3975442432,1552728064,1508888576,9.22,9.27,9.39,25297891328,9720205312
2026-04-27T15:16:13.184722+02:00,-0.038497322474528986,0.23678742762615804,0.0561435338106874,-0.9417661606030892,1.5437444033484575,2.113251956948527,1.7281803346344673,-0.4928805356522249,-0.717357280009527,0.03384023092327704,-0.33756842692463396,-1.3574803436889995,50.0,51.0,51.0,41.0,43.0,26.0,29.0,28.0,51.0,93.9,3975442432,1552728064,1508888576,9.22,9.27,9.39,25297891328,9720205312
2026-04-27T15:16:13.235668+02:00,-0.03818740395276551,0.23656753534987682,0.06393201168279763,-0.875142055485856,1.545060168665608,2.178716724314886,1.7281803346344673,-0.476216131954183,-0.7203871715909892,0.030772269347505876,-0.3529082348034902,-1.3574803436889995,50.0,51.0,51.0,41.0,43.0,26.0,29.0,28.0,51.0,93.9,3975442432,1552728064,1508888576,9.22,9.27,9.39,25297891328,9720205312
2026-04-27T15:16:13.289348+02:00,-0.03818740395276551,0.23656753534987682,0.06393201168279763,-0.875142055485856,1.545060168665608,2.178716724314886,1.7281803346344673,-0.4686414030005276,-0.7219021173817203,0.029238288559620074,-0.36057813874291833,-1.3574803436889995,50.0,51.0,51.0,41.0,43.0,26.0,29.0,28.0,51.0,93.9,3975442432,1552728064,1508888576,9.22,9.27,9.39,25297891328,9720205312
2026-04-27T15:16:13.341621+02:00,-0.03818740395276551,0.23656753534987682,0.06393201168279763,-0.875142055485856,1.545060168665608,2.178716724314886,1.7281803346344673,-0.4519769993024857,-0.7219021173817203,0.02770430777173427,-0.37284998504600386,-1.3574803436889995,50.0,51.0,51.0,41.0,43.0,26.0,29.0,28.0,51.0,93.9,3975442432,1552728064,1508888576,9.22,9.27,9.39,25297891328,9720205312
2026-04-27T15:16:13.391843+02:00,-0.03818740395276551,0.23656753534987682,0.06393201168279763,-0.875142055485856,1.545060168665608,2.178716724314886,1.7281803346344673,-0.43834248718590596,-0.7249320089631824,0.02770430777173427,-0.38205386977331734,-1.3574803436889995,50.0,51.0,51.0,41.0,43.0,26.0,29.0,28.0,51.0,93.9,3975442432,1552728064,1508888576,9.22,9.27,9.39,25297891328,9720205312
2026-04-27T15:16:13.445119+02:00,-0.0380762293423157,0.23596589778922675,0.07550457315009007,-0.9484055789533006,1.5431913160089261,2.1116795420634387,1.7281803346344673,-0.4262229208600573,-0.7264469547539135,0.02770430777173427,-0.39585969686428824,-1.3574803436889995,50.0,51.0,51.0,41.0,43.0,26.0,29.0,28.0,51.0,93.9,3975442432,1552728064,1508888576,9.22,9.27,9.39,25297891328,9720205312
2026-04-27T15:16:13.496799+02:00,-0.0380762293423157,0.23596589778922675,0.07550457315009007,-0.9484055789533006,1.5431913160089261,2.1116795420634387,1.7281803346344673,-0.4095585171620154,-0.7264469547539135,0.026170326983848913,-0.401995620015831,-1.3574803436889995,50.0,51.0,51.0,41.0,43.0,26.0,29.0,28.0,51.0,93.9,3975442432,1552728064,1508888576,9.22,9.27,9.39,25297891328,9720205312
2026-04-27T15:16:13.547608+02:00,-0.0380762293423157,0.23596589778922675,0.07550457315009007,-0.9484055789533006,1.5431913160089261,2.1116795420634387,1.7281803346344673,-0.4034987339990911,-0.7279619005446446,0.026170326983848913,-0.4081315431673733,-1.3574803436889995,50.0,51.0,51.0,41.0,43.0,26.0,29.0,28.0,51.0,93.9,3975442432,1552728064,1508888576,9.22,9.27,9.39,25297891328,9720205312
2026-04-27T15:16:13.600855+02:00,-0.0380762293423157,0.23596589778922675,0.07550457315009007,-0.9484055789533006,1.5431913160089261,2.1116795420634387,1.7281803346344673,-0.3959240050454359,-0.7279619005446446,0.026170326983848913,-0.4127334855310303,-1.3574803436889995,50.0,51.0,51.0,41.0,43.0,26.0,29.0,28.0,51.0,93.9,3975442432,1552728064,1508888576,9.22,9.27,9.39,25297891328,9720205312
2026-04-27T15:16:13.651817+02:00,-0.03814530174541781,0.23620938576107509,0.08487002165414366,-1.0366785595447214,1.5349242146643547,2.0251885364363957,1.726658407526728,-0.3853193845103182,-0.7294768463353757,0.026170326983848913,-0.41733542789468725,-1.3574803436889995,50.0,51.0,51.0,41.0,43.0,26.0,29.0,28.0,51.0,93.9,3975442432,1552728064,1508888576,9.22,9.27,9.39,25297891328,9720205312
2026-04-27T15:16:13.702010+02:00,-0.03814530174541781,0.23620938576107509,0.08487002165414366,-1.0366785595447214,1.5349242146643547,2.0251885364363957,1.726658407526728,-0.3853193845103182,-0.7294768463353757,0.026170326983848913,-0.41733542789468725,-1.3574803436889995,50.0,51.0,51.0,41.0,43.0,26.0,29.0,28.0,51.0,93.9,3975442432,1552728064,1508888576,9.22,9.27,9.39,25297891328,9720205312
2026-04-27T15:16:13.757198+02:00,-0.03814530174541781,0.23620938576107509,0.08487002165414366,-1.0366785595447214,1.5349242146643547,2.0251885364363957,1.726658407526728,-0.3641101434400832,-0.7309917921261068,0.023102365408077308,-0.43114125498565814,-1.3574803436889995,50.0,51.0,51.0,41.0,43.0,26.0,29.0,28.0,51.0,95.35,3975442432,1553096704,1508499456,9.22,9.27,9.39,25297891328,9720205312
2026-04-27T15:16:13.807756+02:00,-0.03814530174541781,0.23620938576107509,0.08487002165414366,-1.0366785595447214,1.5349242146643547,2.0251885364363957,1.726658407526728,-0.35956530606788994,-0.7309917921261068,0.023102365408077308,-0.4342092165614293,-1.3574803436889995,50.0,51.0,51.0,41.0,43.0,26.0,29.0,28.0,51.0,95.35,3975442432,1553096704,1508499456,9.22,9.27,9.39,25297891328,9720205312
2026-04-27T15:16:13.861983+02:00,-0.037779339103318994,0.23646368563762976,0.09285852366825413,-1.1290399403961986,1.5236526443835574,1.9343638187062244,1.726658407526728,-0.3535055229049656,-0.7325067379168378,0.02156838462019195,-0.43727717813720046,-1.359014324476885,50.0,51.0,51.0,41.0,43.0,26.0,29.0,28.0,51.0,95.35,3975442432,1553096704,1508499456,9.22,9.27,9.39,25297891328,9720205312
2026-04-27T15:16:13.915606+02:00,-0.037779339103318994,0.23646368563762976,0.09285852366825413,-1.1290399403961986,1.5236526443835574,1.9343638187062244,1.726658407526728,-0.3489606855327724,-0.7325067379168378,0.02156838462019195,-0.43881115892508626,-1.359014324476885,50.0,51.0,51.0,41.0,43.0,26.0,29.0,28.0,51.0,95.35,3975442432,1553096704,1508499456,9.22,9.27,9.39,25297891328,9720205312
2026-04-27T15:16:13.967677+02:00,-0.037779339103318994,0.23646368563762976,0.09285852366825413,-1.1290399403961986,1.5236526443835574,1.9343638187062244,1.726658407526728,-0.3474457397420413,-0.7325067379168378,0.02156838462019195,-0.44034513971297207,-1.359014324476885,50.0,51.0,51.0,41.0,43.0,26.0,29.0,28.0,51.0,95.35,3975442432,1553096704,1508499456,9.22,9.27,9.39,25297891328,9720205312
2026-04-27T15:16:14.019829+02:00,-0.037779339103318994,0.23646368563762976,0.09285852366825413,-1.1290399403961986,1.5236526443835574,1.9343638187062244,1.726658407526728,-0.3474457397420413,-0.7325067379168378,0.02156838462019195,-0.44034513971297207,-1.3574803436889995,50.0,51.0,51.0,41.0,43.0,26.0,29.0,28.0,51.0,95.35,3975442432,1553096704,1508499456,9.22,9.27,9.39,25297891328,9720205312
2026-04-27T15:16:14.073095+02:00,-0.0377415337736056,0.23641839633029502,0.09544894854700424,-1.1583620128863283,1.519380136479007,1.906497908934345,1.726658407526728,-0.3474457397420413,-0.7325067379168378,0.02156838462019195,-0.44034513971297207,-1.3574803436889995,50.0,51.0,51.0,41.0,43.0,26.0,29.0,28.0,51.0,95.35,3975442432,1553096704,1508499456,9.22,9.27,9.39,25297891328,9720205312
2026-04-27T15:16:14.123300+02:00,-0.0377415337736056,0.23641839633029502,0.09544894854700424,-1.1583620128863283,1.519380136479007,1.906497908934345,1.726658407526728,-0.3474457397420413,-0.7325067379168378,0.02156838462019195,-0.44034513971297207,-1.359014324476885,50.0,51.0,51.0,41.0,43.0,26.0,29.0,28.0,51.0,95.35,3975442432,1553096704,1508499456,9.22,9.27,9.39,25297891328,9720205312
2026-04-27T15:16:14.177541+02:00,-0.0377415337736056,0.23641839633029502,0.09544894854700424,-1.1583620128863283,1.519380136479007,1.906497908934345,1.726658407526728,-0.3474457397420413,-0.7325067379168378,0.02156838462019195,-0.44034513971297207,-1.359014324476885,50.0,51.0,51.0,41.0,43.0,26.0,29.0,28.0,51.0,95.35,3975442432,1553096704,1508499456,9.22,9.27,9.39,25297891328,9720205312
2026-04-27T15:16:14.228836+02:00,-0.0377415337736056,0.23641839633029502,0.09544894854700424,-1.1583620128863283,1.519380136479007,1.906497908934345,1.726658407526728,-0.3474457397420413,-0.7325067379168378,0.02156838462019195,-0.44034513971297207,-1.359014324476885,50.0,51.0,51.0,41.0,43.0,26.0,29.0,28.0,51.0,95.35,3975442432,1553096704,1508499456,9.22,9.27,9.39,25297891328,9720205312
2026-04-27T15:16:14.279769+02:00,-0.03774153377360565,0.23641839633029493,0.0954489485470042,-1.1598959936742088,1.519380136479007,1.9064979089343401,1.726658407526728,-0.3474457397420413,-0.7325067379168378,0.02156838462019195,-0.44034513971297207,-1.359014324476885,50.0,51.0,51.0,41.0,43.0,26.0,29.0,28.0,51.0,95.35,3975442432,1553096704,1508499456,9.22,9.27,9.39,25297891328,9720205312
2026-04-27T15:16:14.330902+02:00,-0.03774153377360565,0.23641839633029493,0.0954489485470042,-1.1598959936742088,1.519380136479007,1.9064979089343401,1.726658407526728,-0.3474457397420413,-0.7325067379168378,0.02156838462019195,-0.44034513971297207,-1.359014324476885,50.0,51.0,51.0,41.0,43.0,26.0,29.0,28.0,51.0,95.35,3975442432,1553096704,1508499456,9.22,9.27,9.39,25297891328,9720205312
2026-04-27T15:16:14.385954+02:00,-0.03774153377360565,0.23641839633029493,0.0954489485470042,-1.1598959936742088,1.519380136479007,1.9064979089343401,1.726658407526728,-0.3474457397420413,-0.7325067379168378,0.02156838462019195,-0.44034513971297207,-1.359014324476885,50.0,51.0,51.0,41.0,43.0,26.0,29.0,28.0,51.0,95.35,3975442432,1553096704,1508499456,9.22,9.27,9.39,25297891328,9720205312
2026-04-27T15:16:14.438573+02:00,-0.03774153377360565,0.23641839633029493,0.0954489485470042,-1.1598959936742088,1.519380136479007,1.9064979089343401,1.726658407526728,-0.3474457397420413,-0.7325067379168378,0.02156838462019195,-0.44034513971297207,-1.359014324476885,50.0,51.0,51.0,41.0,43.0,26.0,29.0,28.0,51.0,95.35,3975442432,1553096704,1508499456,9.22,9.27,9.39,25297891328,9720205312
2026-04-27T15:16:14.493605+02:00,-0.03774153377360565,0.23641839633029493,0.0954489485470042,-1.1598959936742088,1.519380136479007,1.9064979089343401,1.7236145533112501,-0.3474457397420413,-0.7309917921261068,0.02156838462019195,-0.4418791205008574,-1.3574803436889995,50.0,51.0,51.0,41.0,43.0,26.0,29.0,28.0,51.0,95.35,3975442432,1553096704,1508499456,9.22,9.27,9.39,25297891328,9720205312
2026-04-27T15:16:14.544732+02:00,-0.03774153377360565,0.23641839633029493,0.0954489485470042,-1.1598959936742088,1.519380136479007,1.9064979089343401,1.7175268448802936,-0.3474457397420413,-0.7279619005446446,0.02156838462019195,-0.4464810628645144,-1.3436745165980288,50.0,51.0,51.0,41.0,43.0,26.0,29.0,28.0,51.0,95.35,3975442432,1553096704,1508499456,9.22,9.27,9.39,25297891328,9720205312
2026-04-27T15:16:14.596908+02:00,-0.03774153377360565,0.23641839633029493,0.0954489485470042,-1.1598959936742088,1.519380136479007,1.9064979089343401,1.7144829906648158,-0.3489606855327724,-0.7264469547539135,0.02156838462019195,-0.4480150436524002,-1.3375385934464863,50.0,51.0,51.0,41.0,43.0,26.0,29.0,28.0,51.0,95.35,3975442432,1553096704,1508499456,9.22,9.27,9.39,25297891328,9720205312
2026-04-27T15:16:14.649336+02:00,-0.03774153377360565,0.23641839633029493,0.0954489485470042,-1.1598959936742088,1.519380136479007,1.9064979089343401,1.711439136449338,-0.35047563132350346,-0.7219021173817203,0.02156838462019195,-0.45108300522817135,-1.325266747143401,50.0,51.0,51.0,41.0,43.0,26.0,29.0,28.0,51.0,95.35,3975442432,1553096704,1508499456,9.22,9.27,9.39,25297891328,9720205312
2026-04-27T15:16:14.702142+02:00,-0.034410391745318895,0.23875038335316237,0.09620555048872576,-1.110297381464176,1.52244723799369,1.90721990786989,1.7007856466951643,-0.35047563132350346,-0.717357280009527,0.02156838462019195,-0.4602868899554853,-1.2915191698099169,50.0,51.0,51.0,41.0,43.0,26.0,29.0,28.0,51.0,95.35,3975442432,1553096704,1508499456,9.22,9.27,9.39,25297891328,9720205312
2026-04-27T15:16:14.754997+02:00,-0.034410391745318895,0.23875038335316237,0.09620555048872576,-1.110297381464176,1.52244723799369,1.90721990786989,1.7007856466951643,-0.35047563132350346,-0.717357280009527,0.02156838462019195,-0.4602868899554853,-1.2915191698099169,50.0,51.0,51.0,41.0,43.0,26.0,29.0,28.0,51.0,95.35,3975442432,1553096704,1508499456,9.22,9.27,9.39,25297891328,9720205312
2026-04-27T15:16:14.805270+02:00,-0.034410391745318895,0.23875038335316237,0.09620555048872576,-1.110297381464176,1.52244723799369,1.90721990786989,1.6733909587558613,-0.3550204686956967,-0.7022078221022162,0.02156838462019195,-0.47716067862222733,-1.2347618806581482,50.0,51.0,51.0,41.0,43.0,26.0,29.0,28.0,51.0,98.46,3975442432,1560907776,1500684288,9.22,9.27,9.39,25297891328,9720225792
2026-04-27T15:16:14.857647+02:00,-0.02668633149272532,0.24205387494436714,0.09774061452267344,-0.9577500528658535,1.5329641906023626,1.9421097985457751,1.656649760570732,-0.35805036027715886,-0.6946330931485608,0.02156838462019195,-0.4878985441374266,-1.197946341748893,50.0,51.0,51.0,41.0,43.0,26.0,29.0,28.0,51.0,98.46,3975442432,1560907776,1500684288,9.22,9.27,9.39,25297891328,9720225792
2026-04-27T15:16:14.911003+02:00,-0.02668633149272532,0.24205387494436714,0.09774061452267344,-0.9577500528658535,1.5329641906023626,1.9421097985457751,1.656649760570732,-0.35805036027715886,-0.6946330931485608,0.02156838462019195,-0.4878985441374266,-1.197946341748893,50.0,51.0,51.0,41.0,43.0,26.0,29.0,28.0,51.0,98.46,3975442432,1560907776,1500684288,9.22,9.27,9.39,25297891328,9720225792
2026-04-27T15:16:14.961879+02:00,-0.02668633149272532,0.24205387494436714,0.09774061452267344,-0.9577500528658535,1.5329641906023626,1.9421097985457751,1.6429524166010805,-0.35805036027715886,-0.6870583641949055,0.023102365408077308,-0.49710242886474054,-1.1872084762336934,50.0,51.0,51.0,41.0,43.0,26.0,29.0,28.0,51.0,98.46,3975442432,1560907776,1500684288,9.22,9.27,9.39,25297891328,9720225792
2026-04-27T15:16:15.016073+02:00,-0.02668633149272532,0.24205387494436714,0.09774061452267344,-0.9577500528658535,1.5329641906023626,1.9421097985457751,1.6125138744462988,-0.3625951976493521,-0.6703939604968636,0.026170326983848913,-0.5155101983193684,-1.1059074944757543,50.0,51.0,51.0,41.0,43.0,26.0,29.0,28.0,52.0,98.46,3975442432,1560907776,1500684288,9.22,9.27,9.39,25297891328,9720225792
2026-04-27T15:16:15.068172+02:00,-0.012624693075033246,0.24800500609198442,0.10006269717744928,-0.6037331531399579,1.5469967237182565,2.116116184742314,1.6079480931230816,-0.3641101434400832,-0.6673640689154015,0.026170326983848913,-0.5216461214709107,-1.1059074944757543,50.0,51.0,51.0,41.0,43.0,26.0,29.0,28.0,52.0,98.46,3975442432,1560907776,1500684288,9.22,9.27,9.39,25297891328,9720225792
2026-04-27T15:16:15.122032+02:00,-0.012624693075033246,0.24800500609198442,0.10006269717744928,-0.6037331531399579,1.5469967237182565,2.116116184742314,1.574465696752823,-0.36865498081227643,-0.6491847194266285,0.02770430777173427,-0.5446558332891955,-1.026140493505701,50.0,51.0,51.0,41.0,43.0,26.0,29.0,28.0,52.0,98.46,3975442432,1560907776,1500684288,9.22,9.27,9.39,25297891328,9720225792
2026-04-27T15:16:15.181406+02:00,-0.012624693075033246,0.24800500609198442,0.10006269717744928,-0.6037331531399579,1.5469967237182565,2.116116184742314,1.5425052274903028,-0.37319981818446957,-0.6310053699378556,0.029238288559620074,-0.5630636027438229,-0.9678492235660467,50.0,51.0,51.0,41.0,43.0,26.0,29.0,28.0,52.0,98.46,3975442432,1560907776,1500684288,9.22,9.27,9.39,25297891328,9720225792
2026-04-27T15:16:15.234218+02:00,0.009596170428992553,0.25493126261051324,0.10439133492296122,1.2241294712966329,1.5517640354261442,-2.620638633856504,1.5044570497968262,-0.3792596013473939,-0.6097961288676205,0.030772269347505876,-0.5891412761378789,-0.8880822225959935,50.0,51.0,51.0,41.0,43.0,26.0,29.0,28.0,52.0,98.46,3975442432,1560907776,1500684288,9.22,9.27,9.39,25297891328,9720225792
2026-04-27T15:16:15.285190+02:00,0.009596170428992553,0.25493126261051324,0.10439133492296122,1.2241294712966329,1.5517640354261442,-2.620638633856504,1.4938035600426525,-0.380774547138125,-0.6037363457046961,0.032306250135391235,-0.6044810840167356,-0.8205870679290252,50.0,51.0,51.0,41.0,43.0,26.0,29.0,28.0,52.0,98.46,3975442432,1560907776,1500684288,9.22,9.27,9.39,25297891328,9720225792
2026-04-27T15:16:15.336950+02:00,0.009596170428992553,0.25493126261051324,0.10439133492296122,1.2241294712966329,1.5517640354261442,-2.620638633856504,1.4557553823491767,-0.3853193845103182,-0.5840420504251922,0.035374211711162395,-0.6259568150471346,-0.7500239516862854,50.0,51.0,51.0,41.0,43.0,26.0,29.0,28.0,52.0,98.46,3975442432,1560907776,1500684288,9.22,9.27,9.39,25297891328,9720225792
2026-04-27T15:16:15.389201+02:00,0.009596170428992553,0.25493126261051324,0.10439133492296122,1.2241294712966329,1.5517640354261442,-2.620638633856504,1.4283606944098737,-0.38986422188251146,-0.5688925925178814,0.035374211711162395,-0.648966526865419,-0.6825287970193172,50.0,51.0,51.0,41.0,43.0,26.0,29.0,28.0,52.0,98.46,3975442432,1560907776,1500684288,9.22,9.27,9.39,25297891328,9720225792
2026-04-27T15:16:15.443877+02:00,0.033377907879362255,0.2602059377040019,0.10869066459932962,1.9005827011499346,1.5311349229379787,-2.268245090312751,1.4024879335783091,-0.39289411346397374,-0.5537431346105706,0.0369081924990482,-0.6673742963200469,-0.6303734502312057,50.0,51.0,51.0,41.0,43.0,26.0,29.0,28.0,52.0,98.46,3975442432,1560907776,1500684288,9.22,9.27,9.39,25297891328,9720225792
2026-04-27T15:16:15.497368+02:00,0.033377907879362255,0.2602059377040019,0.10869066459932962,1.9005827011499346,1.5311349229379787,-2.268245090312751,1.3674836101003112,-0.39743895083616676,-0.5340488393310666,0.038442173286934,-0.6934519697141028,-0.5475384876853808,50.0,51.0,51.0,41.0,43.0,26.0,29.0,28.0,52.0,98.46,3975442432,1560907776,1500684288,9.22,9.27,9.39,25297891328,9720225792
2026-04-27T15:16:15.551611+02:00,0.033377907879362255,0.2602059377040019,0.10869066459932962,1.9005827011499346,1.5311349229379787,-2.268245090312751,1.3248696510836173,-0.4034987339990911,-0.5128395982608315,0.03997615407481936,-0.7195296431081584,-0.45549964041224245,50.0,51.0,51.0,41.0,43.0,26.0,29.0,28.0,52.0,98.46,3975442432,1560907776,1500684288,9.22,9.27,9.39,25297891328,9720225792
2026-04-27T15:16:15.602773+02:00,0.033377907879362255,0.2602059377040019,0.10869066459932962,1.9005827011499346,1.5311349229379787,-2.268245090312751,1.2974749631443143,-0.40652862558055325,-0.49769014035352077,0.043044115650590964,-0.7379374125627862,-0.39720837047258817,50.0,51.0,51.0,41.0,43.0,26.0,29.0,28.0,52.0,98.46,3975442432,1560907776,1500684288,9.22,9.27,9.39,25297891328,9720225792
2026-04-27T15:16:15.656532+02:00,0.06787267645958732,0.2630612490941113,0.11545038335651582,2.3644026412575783,1.4993912281928194,-2.2120081465780514,1.2639925667740557,-0.4110734629527465,-0.4795107908647478,0.043044115650590964,-0.7578791628052994,-0.32817923501773416,50.0,51.0,51.0,41.0,43.0,26.0,29.0,28.0,52.0,98.46,3975442432,1560907776,1500684288,9.22,9.27,9.39,25297891328,9720225792
2026-04-27T15:16:15.707794+02:00,0.06787267645958732,0.2630612490941113,0.11545038335651582,2.3644026412575783,1.4993912281928194,-2.2120081465780514,1.2244224619728397,-0.41561830032493974,-0.45981649558524373,0.04457809643847632,-0.78242285541147,-0.24841223404768087,50.0,51.0,51.0,41.0,43.0,26.0,29.0,28.0,52.0,98.46,3975442432,1560907776,1500684288,9.22,9.27,9.39,25297891328,9720225792
2026-04-27T15:16:15.762404+02:00,0.06787267645958732,0.2630612490941113,0.11545038335651582,2.3644026412575783,1.4993912281928194,-2.2120081465780514,1.2244224619728397,-0.41561830032493974,-0.45981649558524373,0.04457809643847632,-0.78242285541147,-0.24841223404768087,50.0,51.0,51.0,41.0,43.0,26.0,29.0,28.0,52.0,98.46,3975442432,1560907776,1500684288,9.22,9.27,9.39,25297891328,9720225792
2026-04-27T15:16:15.815331+02:00,0.06787267645958732,0.2630612490941113,0.11545038335651582,2.3644026412575783,1.4993912281928194,-2.2120081465780514,1.2244224619728397,-0.41561830032493974,-0.45981649558524373,0.04457809643847632,-0.78242285541147,-0.24841223404768087,50.0,51.0,51.0,41.0,43.0,26.0,29.0,28.0,52.0,98.46,3975442432,1560907776,1500684288,9.22,9.27,9.39,25297891328,9720225792
2026-04-27T15:16:15.866255+02:00,0.10117380058576166,0.26114996292056175,0.1217779958129005,2.6311888662397394,1.4752216049826428,-2.301621815832104,1.1376726168317135,-0.4262229208600573,-0.41739801344477356,0.049180038802133286,-0.8284422790480392,-0.09041221289546009,50.0,51.0,51.0,41.0,43.0,26.0,29.0,28.0,52.0,98.69,3975442432,1587073024,1474482176,9.22,9.27,9.39,25297891328,9720225792
2026-04-27T15:16:15.917513+02:00,0.10117380058576166,0.26114996292056175,0.1217779958129005,2.6311888662397394,1.4752216049826428,-2.301621815832104,1.0996244391382377,-0.43076775823225055,-0.3992186639560007,0.049180038802133286,-0.8468500485026667,-0.019849096652720277,50.0,51.0,51.0,41.0,43.0,26.0,29.0,28.0,52.0,98.69,3975442432,1587073024,1474482176,9.22,9.27,9.39,25297891328,9720225792
2026-04-27T15:16:15.971568+02:00,0.10117380058576166,0.26114996292056175,0.1217779958129005,2.6311888662397394,1.4752216049826428,-2.301621815832104,1.0661420427679782,-0.4337976498137127,-0.3825542602579588,0.05071401959001909,-0.8652578179572941,0.03997615407481936,50.0,51.0,51.0,41.0,43.0,26.0,29.0,28.0,52.0,98.69,3975442432,1587073024,1474482176,9.22,9.27,9.39,25297891328,9720225792
2026-04-27T15:16:16.023454+02:00,0.10117380058576166,0.26114996292056175,0.1217779958129005,2.6311888662397394,1.4752216049826428,-2.301621815832104,1.0402692819364145,-0.4368275413951749,-0.37043469393211015,0.05224800037790445,-0.8698597603209515,0.05838392352944721,50.0,51.0,51.0,41.0,43.0,26.0,29.0,28.0,52.0,98.69,3975442432,1587073024,1474482176,9.22,9.27,9.39,25297891328,9720225792
2026-04-27T15:16:16.077632+02:00,0.13692472807106656,0.2539014102465251,0.1291496152077703,2.8788352394358134,1.4540780549103574,-2.4132145608750553,1.0052649584584161,-0.43985743297663704,-0.35528523602479944,0.05224800037790445,-0.89133549135135,0.1366169437116147,50.0,51.0,51.0,41.0,43.0,26.0,29.0,28.0,52.0,98.69,3975442432,1587073024,1474482176,9.22,9.27,9.39,25297891328,9720225792
2026-04-27T15:16:16.133079+02:00,0.13692472807106656,0.2539014102465251,0.1291496152077703,2.8788352394358134,1.4540780549103574,-2.4132145608750553,0.9885237602732864,-0.43985743297663704,-0.34771050707114404,0.05224800037790445,-0.900539376078664,0.16269461710567068,50.0,51.0,51.0,41.0,43.0,26.0,29.0,28.0,52.0,98.69,3975442432,1587073024,1474482176,9.22,9.27,9.39,25297891328,9720225792
2026-04-27T15:16:16.187011+02:00,0.13692472807106656,0.2539014102465251,0.1291496152077703,2.8788352394358134,1.4540780549103574,-2.4132145608750553,0.9611290723339834,-0.4428873245580992,-0.3355909407452953,0.05378198116579025,-0.9143452031696353,0.21178200231801148,50.0,51.0,51.0,41.0,43.0,26.0,29.0,28.0,52.0,98.69,3975442432,1587073024,1474482176,9.22,9.27,9.39,25297891328,9720225792
2026-04-27T15:16:16.239432+02:00,0.16861784663698823,0.24240819736425664,0.1357333740154329,3.0732568448963256,1.4392425346110482,-2.5218348530106507,0.9337343843946804,-0.44743216193029245,-0.32347137441944684,0.05684994274156141,-0.9327529726242623,0.26240336831823763,50.0,51.0,51.0,41.0,43.0,26.0,29.0,28.0,52.0,98.69,3975442432,1587073024,1474482176,9.22,9.27,9.39,25297891328,9720225792
2026-04-27T15:16:16.289769+02:00,0.16861784663698823,0.24240819736425664,0.1357333740154329,3.0732568448963256,1.4392425346110482,-2.5218348530106507,0.91851511331729,-0.44894710772102353,-0.31589664546579144,0.05531596195367605,-0.9373549149879197,0.2869470609244078,50.0,51.0,51.0,41.0,43.0,26.0,29.0,28.0,52.0,98.69,3975442432,1587073024,1474482176,9.22,9.27,9.39,25297891328,9720225792
2026-04-27T15:16:16.344384+02:00,0.16861784663698823,0.24240819736425664,0.1357333740154329,3.0732568448963256,1.4392425346110482,-2.5218348530106507,0.891120425377987,-0.4504620535117546,-0.30529202493067387,0.05684994274156141,-0.9480927805031194,0.32376259983366307,50.0,51.0,51.0,41.0,43.0,26.0,29.0,28.0,52.0,98.69,3975442432,1587073024,1474482176,9.22,9.27,9.39,25297891328,9720225792
2026-04-27T15:16:16.397171+02:00,0.16861784663698823,0.24240819736425664,0.1357333740154329,3.0732568448963256,1.4392425346110482,-2.5218348530106507,0.8713353729773794,-0.4519769993024857,-0.29771729597701846,0.05684994274156141,-0.9572966652304333,0.3529082348034902,50.0,51.0,51.0,41.0,43.0,26.0,29.0,28.0,52.0,98.69,3975442432,1587073024,1474482176,9.22,9.27,9.39,25297891328,9720225792
2026-04-27T15:16:16.447391+02:00,0.1900256076337914,0.23138711474476506,0.13991023679082973,-3.084502206992003,1.4276571359197014,-2.601981486617887,0.8622038103309451,-0.4534919450932168,-0.2946874043955563,0.05684994274156141,-0.960364626806204,0.3651800811065753,50.0,51.0,51.0,41.0,43.0,26.0,29.0,28.0,52.0,98.69,3975442432,1587073024,1474482176,9.22,9.27,9.39,25297891328,9720225792
2026-04-27T15:16:16.498395+02:00,0.1900256076337914,0.23138711474476506,0.13991023679082973,-3.084502206992003,1.4276571359197014,-2.601981486617887,0.8454626121458153,-0.4534919450932168,-0.28862762123263197,0.05684994274156141,-0.9665005499577464,0.38205386977331734,50.0,51.0,51.0,41.0,43.0,26.0,29.0,28.0,52.0,98.69,3975442432,1587073024,1474482176,9.22,9.27,9.39,25297891328,9720225792
2026-04-27T15:16:16.551011+02:00,0.1900256076337914,0.23138711474476506,0.13991023679082973,-3.084502206992003,1.4276571359197014,-2.601981486617887,0.8408968308225981,-0.4534919450932168,-0.2871126754419009,0.05838392352944721,-0.9665005499577464,0.39125775450063127,50.0,51.0,51.0,41.0,43.0,26.0,29.0,28.0,52.0,98.69,3975442432,1587073024,1474482176,9.22,9.27,9.39,25297891328,9720225792
2026-04-27T15:16:16.605928+02:00,0.1900256076337914,0.23138711474476506,0.13991023679082973,-3.084502206992003,1.4276571359197014,-2.601981486617887,0.8287214139606855,-0.45500689088394786,-0.28256783806970764,0.05838392352944721,-0.969568511533518,0.40659756237948796,50.0,51.0,51.0,41.0,43.0,26.0,29.0,28.0,52.0,98.69,3975442432,1587073024,1474482176,9.22,9.27,9.39,25297891328,9720225792
2026-04-27T15:16:16.657077+02:00,0.20110752569445348,0.22480591539624614,0.14195317295420093,-3.0411175627400873,1.42700100640855,-2.65531258007213,0.8241556326374684,-0.45500689088394786,-0.28105289227897656,0.05838392352944721,-0.9726364731092896,0.41580144710680145,50.0,51.0,51.0,41.0,43.0,26.0,29.0,28.0,52.0,98.69,3975442432,1587073024,1474482176,9.22,9.27,9.39,25297891328,9720225792
2026-04-27T15:16:16.711592+02:00,0.20110752569445348,0.22480591539624614,0.14195317295420093,-3.0411175627400873,1.42700100640855,-2.65531258007213,0.8226337055297295,-0.45652183667467894,-0.28105289227897656,0.059917904317333015,-0.9772384154729461,0.4219373702583442,50.0,51.0,51.0,41.0,43.0,26.0,29.0,28.0,52.0,93.18,3975442432,1590620160,1470902272,9.22,9.27,9.39,25297891328,9720225792
2026-04-27T15:16:16.766909+02:00,0.20110752569445348,0.22480591539624614,0.14195317295420093,-3.0411175627400873,1.42700100640855,-2.65531258007213,0.8226337055297295,-0.45652183667467894,-0.28105289227897656,0.059917904317333015,-0.9772384154729461,0.4219373702583442,50.0,51.0,51.0,41.0,43.0,26.0,29.0,28.0,52.0,93.18,3975442432,1590620160,1470902272,9.22,9.27,9.39,25297891328,9720225792
2026-04-27T15:16:16.819386+02:00,0.20110752569445348,0.22480591539624614,0.14195317295420093,-3.0411175627400873,1.42700100640855,-2.65531258007213,0.8226337055297295,-0.45652183667467894,-0.28105289227897656,0.05838392352944721,-0.9772384154729461,0.4219373702583442,50.0,51.0,51.0,41.0,43.0,26.0,29.0,28.0,52.0,93.18,3975442432,1590620160,1470902272,9.22,9.27,9.39,25297891328,9720225792
2026-04-27T15:16:16.871835+02:00,0.20214832305316913,0.2234077960015435,0.14181320606861622,-3.0177134305582394,1.4193010302952518,-2.6541196600673693,0.8226337055297295,-0.45652183667467894,-0.28105289227897656,0.059917904317333015,-0.9772384154729461,0.4219373702583442,50.0,51.0,51.0,41.0,43.0,26.0,29.0,28.0,52.0,93.18,3975442432,1590620160,1470902272,9.22,9.27,9.39,25297891328,9720225792
2026-04-27T15:16:16.925928+02:00,0.20214832305316913,0.2234077960015435,0.14181320606861622,-3.0177134305582394,1.4193010302952518,-2.6541196600673693,0.8226337055297295,-0.45652183667467894,-0.28105289227897656,0.059917904317333015,-0.9772384154729461,0.4219373702583442,50.0,51.0,51.0,41.0,43.0,26.0,29.0,28.0,52.0,93.18,3975442432,1590620160,1470902272,9.22,9.27,9.39,25297891328,9720225792
2026-04-27T15:16:16.979675+02:00,0.20214832305316913,0.2234077960015435,0.14181320606861622,-3.0177134305582394,1.4193010302952518,-2.6541196600673693,0.8226337055297295,-0.45652183667467894,-0.28105289227897656,0.059917904317333015,-0.9772384154729461,0.4219373702583442,50.0,51.0,51.0,41.0,43.0,26.0,29.0,28.0,52.0,93.18,3975442432,1590620160,1470902272,9.22,9.27,9.39,25297891328,9720225792
2026-04-27T15:16:17.031577+02:00,0.20221727719121288,0.22333848672323162,0.1418089244362119,-3.009056761906201,1.419670126512402,-2.646046758290773,0.8226337055297295,-0.45652183667467894,-0.28105289227897656,0.05838392352944721,-0.9772384154729461,0.42347135104623,50.0,51.0,51.0,41.0,43.0,26.0,29.0,28.0,52.0,93.18,3975442432,1590620160,1470902272,9.22,9.27,9.39,25297891328,9720225792
2026-04-27T15:16:17.082747+02:00,0.20221727719121288,0.22333848672323162,0.1418089244362119,-3.009056761906201,1.419670126512402,-2.646046758290773,0.8226337055297295,-0.45652183667467894,-0.28105289227897656,0.05838392352944721,-0.9772384154729461,0.42347135104623,50.0,51.0,51.0,41.0,43.0,26.0,29.0,28.0,52.0,93.18,3975442432,1590620160,1470902272,9.22,9.27,9.39,25297891328,9720225792
2026-04-27T15:16:17.133943+02:00,0.20221727719121288,0.22333848672323162,0.1418089244362119,-3.009056761906201,1.419670126512402,-2.646046758290773,0.8226337055297295,-0.45803678246541,-0.28105289227897656,0.05838392352944721,-0.9772384154729461,0.42347135104623,50.0,51.0,51.0,41.0,43.0,26.0,29.0,28.0,52.0,93.18,3975442432,1590620160,1470902272,9.22,9.27,9.39,25297891328,9720225792
2026-04-27T15:16:17.184807+02:00,0.20221727719121288,0.22333848672323162,0.1418089244362119,-3.009056761906201,1.419670126512402,-2.646046758290773,0.8226337055297295,-0.46258161983760326,-0.28256783806970764,0.059917904317333015,-0.9741704538971754,0.42347135104623,50.0,51.0,51.0,41.0,43.0,26.0,29.0,28.0,52.0,93.18,3975442432,1590620160,1470902272,9.22,9.27,9.39,25297891328,9720225792
2026-04-27T15:16:17.236586+02:00,0.20211371407228268,0.22331895409484462,0.13754848249854384,-3.0041078012818483,1.4152494112473928,-2.642662560544309,0.8226337055297295,-0.4686414030005276,-0.2840827838604387,0.059917904317333015,-0.9665005499577464,0.42347135104623,50.0,51.0,51.0,41.0,43.0,26.0,29.0,28.0,52.0,93.18,3975442432,1590620160,1470902272,9.22,9.27,9.39,25297891328,9720225792
2026-04-27T15:16:17.289429+02:00,0.20211371407228268,0.22331895409484462,0.13754848249854384,-3.0041078012818483,1.4152494112473928,-2.642662560544309,0.8226337055297295,-0.47318624037272083,-0.2855977296511698,0.06145188510521837,-0.9572966652304333,0.42347135104623,50.0,51.0,51.0,41.0,43.0,26.0,29.0,28.0,52.0,93.18,3975442432,1590620160,1470902272,9.22,9.27,9.39,25297891328,9720225792
2026-04-27T15:16:17.340855+02:00,0.20211371407228268,0.22331895409484462,0.13754848249854384,-3.0041078012818483,1.4152494112473928,-2.642662560544309,0.8226337055297295,-0.48076096932637624,-0.28862762123263197,0.06145188510521837,-0.9450248189273478,0.4219373702583442,50.0,51.0,51.0,41.0,43.0,26.0,29.0,28.0,52.0,93.18,3975442432,1590620160,1470902272,9.22,9.27,9.39,25297891328,9720225792
2026-04-27T15:16:17.395887+02:00,0.20211371407228268,0.22331895409484462,0.13754848249854384,-3.0041078012818483,1.4152494112473928,-2.642662560544309,0.8226337055297295,-0.48833569828003165,-0.29014256702336305,0.06145188510521837,-0.9342869534121481,0.41886940868257305,50.0,51.0,51.0,41.0,43.0,26.0,29.0,28.0,52.0,93.18,3975442432,1590620160,1470902272,9.22,9.27,9.39,25297891328,9720225792
2026-04-27T15:16:17.447299+02:00,0.20260585701599995,0.2238289101612532,0.13037248372485136,-3.0208576453812195,1.4213830363578595,-2.6571409289809114,0.8226337055297295,-0.4928805356522249,-0.29014256702336305,0.06298586589310418,-0.9281510302606057,0.41886940868257305,50.0,51.0,51.0,41.0,43.0,26.0,29.0,28.0,52.0,93.18,3975442432,1590620160,1470902272,9.22,9.27,9.39,25297891328,9720225792
2026-04-27T15:16:17.502237+02:00,0.20260585701599995,0.2238289101612532,0.13037248372485136,-3.0208576453812195,1.4213830363578595,-2.6571409289809114,0.8226337055297295,-0.5034851561873422,-0.29165751281409413,0.06298586589310418,-0.917413164745406,0.41886940868257305,50.0,51.0,51.0,41.0,43.0,26.0,29.0,28.0,52.0,93.18,3975442432,1590620160,1470902272,9.22,9.27,9.39,25297891328,9720225792
2026-04-27T15:16:17.552873+02:00,0.20260585701599995,0.2238289101612532,0.13037248372485136,-3.0208576453812195,1.4213830363578595,-2.6571409289809114,0.8226337055297295,-0.5140897767224598,-0.29771729597701846,0.06298586589310418,-0.9020733568665498,0.41886940868257305,50.0,51.0,51.0,41.0,43.0,26.0,29.0,28.0,52.0,93.18,3975442432,1590620160,1470902272,9.22,9.27,9.39,25297891328,9720225792
2026-04-27T15:16:17.607528+02:00,0.20260585701599995,0.2238289101612532,0.13037248372485136,-3.0208576453812195,1.4213830363578595,-2.6571409289809114,0.8226337055297295,-0.5246943972575774,-0.29923224176774954,0.06451984668098998,-0.8836655874119219,0.41886940868257305,50.0,51.0,51.0,41.0,43.0,26.0,29.0,28.0,52.0,93.18,3975442432,1590620160,1470902272,9.22,9.27,9.39,25297891328,9720225792
2026-04-27T15:16:17.657725+02:00,0.2027769228360466,0.22407859858546395,0.12018400932573754,-3.02787712055922,1.4230449645839225,-2.667963772667113,0.8226337055297295,-0.5277242888390395,-0.3007471875584806,0.06451984668098998,-0.8775296642603796,0.41886940868257305,50.0,51.0,51.0,41.0,43.0,26.0,29.0,28.0,52.0,95.68,3975442432,1591304192,1470177280,9.84,9.4,9.43,25297891328,9720250368
2026-04-27T15:16:17.713749+02:00,0.2027769228360466,0.22407859858546395,0.12018400932573754,-3.02787712055922,1.4230449645839225,-2.667963772667113,0.8226337055297295,-0.5459036383278125,-0.3037770791399428,0.06605382746887534,-0.8575879140178664,0.41733542789468725,50.0,51.0,51.0,41.0,43.0,26.0,29.0,28.0,52.0,95.68,3975442432,1591304192,1470177280,9.84,9.4,9.43,25297891328,9720250368
2026-04-27T15:16:17.764859+02:00,0.2027769228360466,0.22407859858546395,0.12018400932573754,-3.02787712055922,1.4230449645839225,-2.667963772667113,0.8226337055297295,-0.5534783672814679,-0.30529202493067387,0.06605382746887534,-0.8499180100784383,0.41733542789468725,50.0,51.0,51.0,41.0,43.0,26.0,29.0,28.0,52.0,95.68,3975442432,1591304192,1470177280,9.84,9.4,9.43,25297891328,9720250368
2026-04-27T15:16:17.819391+02:00,0.2027769228360466,0.22407859858546395,0.12018400932573754,-3.02787712055922,1.4230449645839225,-2.667963772667113,0.8226337055297295,-0.5640829878165855,-0.30680697072140495,0.06605382746887534,-0.8437820869268955,0.41733542789468725,50.0,51.0,51.0,41.0,43.0,26.0,29.0,28.0,52.0,95.68,3975442432,1591304192,1470177280,9.84,9.4,9.43,25297891328,9720250368
2026-04-27T15:16:17.870939+02:00,0.20263583850323946,0.22375249044706605,0.10424154371868517,-3.010769285881049,1.419776551377974,-2.652937969429694,0.8226337055297295,-0.5671128793980477,-0.30680697072140495,0.06605382746887534,-0.8407141253511243,0.41733542789468725,50.0,51.0,51.0,41.0,43.0,26.0,29.0,28.0,52.0,95.68,3975442432,1591304192,1470177280,9.84,9.4,9.43,25297891328,9720250368
2026-04-27T15:16:17.922918+02:00,0.20263583850323946,0.22375249044706605,0.10424154371868517,-3.010769285881049,1.419776551377974,-2.652937969429694,0.8226337055297295,-0.5792324457238963,-0.3098368623028671,0.06758780825676114,-0.8269082982601534,0.41733542789468725,50.0,51.0,51.0,41.0,43.0,26.0,29.0,28.0,52.0,95.68,3975442432,1591304192,1470177280,9.84,9.4,9.43,25297891328,9720250368
2026-04-27T15:16:17.974808+02:00,0.20263583850323946,0.22375249044706605,0.10424154371868517,-3.010769285881049,1.419776551377974,-2.652937969429694,0.8226337055297295,-0.5868071746775517,-0.3113518080935982,0.06758780825676114,-0.8192383943207253,0.41580144710680145,50.0,51.0,51.0,41.0,43.0,26.0,29.0,28.0,52.0,95.68,3975442432,1591304192,1470177280,9.84,9.4,9.43,25297891328,9720250368
2026-04-27T15:16:18.026882+02:00,0.20263583850323946,0.22375249044706605,0.10424154371868517,-3.010769285881049,1.419776551377974,-2.652937969429694,0.8226337055297295,-0.5898370662590137,-0.3113518080935982,0.06758780825676114,-0.8146364519570684,0.41580144710680145,50.0,51.0,51.0,41.0,43.0,26.0,29.0,28.0,52.0,95.68,3975442432,1591304192,1470177280,9.84,9.4,9.43,25297891328,9720250368
2026-04-27T15:16:18.079798+02:00,0.20227171714250425,0.22333297956452425,0.09654039066313298,-3.004499180076879,1.417243769517347,-2.6474492331132646,0.8226337055297295,-0.595896849421938,-0.3128667538843293,0.06758780825676114,-0.8115684903812972,0.41580144710680145,50.0,51.0,51.0,41.0,43.0,26.0,29.0,28.0,52.0,95.68,3975442432,1591304192,1470177280,9.84,9.4,9.43,25297891328,9720250368
2026-04-27T15:16:18.134703+02:00,0.20227171714250425,0.22333297956452425,0.09654039066313298,-3.004499180076879,1.417243769517347,-2.6474492331132646,0.8226337055297295,-0.6004416867941312,-0.3128667538843293,0.06758780825676114,-0.8115684903812972,0.41580144710680145,50.0,51.0,51.0,41.0,43.0,26.0,29.0,28.0,52.0,95.68,3975442432,1591304192,1470177280,9.84,9.4,9.43,25297891328,9720250368
2026-04-27T15:16:18.186804+02:00,0.20227171714250425,0.22333297956452425,0.09654039066313298,-3.004499180076879,1.417243769517347,-2.6474492331132646,0.8226337055297295,-0.6004416867941312,-0.3128667538843293,0.06758780825676114,-0.8100345095934114,0.41580144710680145,50.0,51.0,51.0,41.0,43.0,26.0,29.0,28.0,52.0,95.68,3975442432,1591304192,1470177280,9.84,9.4,9.43,25297891328,9720250368
2026-04-27T15:16:18.239873+02:00,0.20190038275283012,0.22287459902608484,0.09215192350213865,-2.9894161193177036,1.4117366690085602,-2.6329335788828145,0.8226337055297295,-0.6004416867941312,-0.3128667538843293,0.06758780825676114,-0.8100345095934114,0.41580144710680145,50.0,51.0,51.0,41.0,43.0,26.0,29.0,28.0,52.0,95.68,3975442432,1591304192,1470177280,9.84,9.4,9.43,25297891328,9720250368
2026-04-27T15:16:18.293984+02:00,0.20190038275283012,0.22287459902608484,0.09215192350213865,-2.9894161193177036,1.4117366690085602,-2.6329335788828145,0.8226337055297295,-0.6004416867941312,-0.3128667538843293,0.06758780825676114,-0.8100345095934114,0.41580144710680145,50.0,51.0,51.0,41.0,43.0,26.0,29.0,28.0,52.0,95.68,3975442432,1591304192,1470177280,9.84,9.4,9.43,25297891328,9720250368
2026-04-27T15:16:18.344235+02:00,0.20190038275283012,0.22287459902608484,0.09215192350213865,-2.9894161193177036,1.4117366690085602,-2.6329335788828145,0.8226337055297295,-0.6004416867941312,-0.3128667538843293,0.06758780825676114,-0.8100345095934114,0.41580144710680145,50.0,51.0,51.0,41.0,43.0,26.0,29.0,28.0,52.0,95.68,3975442432,1591304192,1470177280,9.84,9.4,9.43,25297891328,9720250368
2026-04-27T15:16:18.399308+02:00,0.20190038275283012,0.22287459902608484,0.09215192350213865,-2.9894161193177036,1.4117366690085602,-2.6329335788828145,0.8226337055297295,-0.6004416867941312,-0.3128667538843293,0.06758780825676114,-0.8100345095934114,0.41580144710680145,50.0,51.0,51.0,41.0,43.0,26.0,29.0,28.0,52.0,95.68,3975442432,1591304192,1470177280,9.84,9.4,9.43,25297891328,9720250368
2026-04-27T15:16:18.450213+02:00,0.20190038275283012,0.22287459902608484,0.09215192350213865,-2.9894161193177036,1.4117366690085602,-2.6329335788828145,0.8226337055297295,-0.6004416867941312,-0.3128667538843293,0.06758780825676114,-0.8100345095934114,0.41580144710680145,50.0,51.0,51.0,41.0,43.0,26.0,29.0,28.0,52.0,95.68,3975442432,1591304192,1470177280,9.84,9.4,9.43,25297891328,9720250368
2026-04-27T15:16:18.502536+02:00,0.20190038275283012,0.22287459902608484,0.09215192350213865,-2.9894161193177036,1.4117366690085602,-2.6329335788828145,0.8226337055297295,-0.6004416867941312,-0.3128667538843293,0.06758780825676114,-0.8100345095934114,0.41580144710680145,50.0,51.0,51.0,41.0,43.0,26.0,29.0,28.0,52.0,95.68,3975442432,1591304192,1470177280,9.84,9.4,9.43,25297891328,9720250368
2026-04-27T15:16:18.558176+02:00,0.20190038275283012,0.22287459902608484,0.09215192350213865,-2.9894161193177036,1.4117366690085602,-2.6329335788828145,0.8226337055297295,-0.6004416867941312,-0.3128667538843293,0.06758780825676114,-0.8100345095934114,0.41580144710680145,50.0,51.0,51.0,41.0,43.0,26.0,29.0,28.0,52.0,95.68,3975442432,1591304192,1470177280,9.84,9.4,9.43,25297891328,9720250368
2026-04-27T15:16:18.612288+02:00,0.20190038275283012,0.22287459902608484,0.09215192350213865,-2.9894161193177036,1.4117366690085602,-2.6329335788828145,0.8226337055297295,-0.6004416867941312,-0.3128667538843293,0.06758780825676114,-0.8100345095934114,0.41580144710680145,50.0,51.0,51.0,41.0,43.0,26.0,29.0,28.0,52.0,95.68,3975442432,1591304192,1470177280,9.84,9.4,9.43,25297891328,9720250368
2026-04-27T15:16:18.662662+02:00,0.20190038275283012,0.22287459902608484,0.09215192350213865,-2.9894161193177036,1.4117366690085602,-2.6329335788828145,0.8226337055297295,-0.6004416867941312,-0.3128667538843293,0.06758780825676114,-0.8100345095934114,0.41580144710680145,50.0,51.0,51.0,41.0,43.0,26.0,29.0,28.0,52.0,95.35,3975442432,1553186816,1508302848,9.84,9.4,9.43,25297891328,9720254464
2026-04-27T15:16:18.713354+02:00,0.20190038275283012,0.22287459902608484,0.09215192350213865,-2.9894161193177036,1.4117366690085602,-2.6329335788828145,0.8226337055297295,-0.6004416867941312,-0.3128667538843293,0.06758780825676114,-0.8100345095934114,0.41580144710680145,50.0,51.0,51.0,41.0,43.0,26.0,29.0,28.0,52.0,95.35,3975442432,1553186816,1508302848,9.84,9.4,9.43,25297891328,9720254464
2026-04-27T15:16:18.763930+02:00,0.20190038275283012,0.22287459902608484,0.09215192350213865,-2.9894161193177036,1.4117366690085602,-2.6329335788828145,0.8226337055297295,-0.6004416867941312,-0.3128667538843293,0.06758780825676114,-0.8100345095934114,0.41580144710680145,50.0,51.0,51.0,41.0,43.0,26.0,29.0,28.0,52.0,95.35,3975442432,1553186816,1508302848,9.84,9.4,9.43,25297891328,9720254464
2026-04-27T15:16:18.815398+02:00,0.20190038275283012,0.22287459902608484,0.09215192350213865,-2.9894161193177036,1.4117366690085602,-2.6329335788828145,0.8226337055297295,-0.6004416867941312,-0.3128667538843293,0.06758780825676114,-0.8100345095934114,0.41580144710680145,50.0,51.0,51.0,41.0,43.0,26.0,29.0,28.0,52.0,95.35,3975442432,1553186816,1508302848,9.84,9.4,9.43,25297891328,9720254464
2026-04-27T15:16:18.866004+02:00,0.20190038275283012,0.22287459902608484,0.09215192350213865,-2.9894161193177036,1.4117366690085602,-2.6329335788828145,0.8226337055297295,-0.6004416867941312,-0.3128667538843293,0.06758780825676114,-0.8100345095934114,0.41580144710680145,50.0,51.0,51.0,41.0,43.0,26.0,29.0,28.0,52.0,95.35,3975442432,1553186816,1508302848,9.84,9.4,9.43,25297891328,9720254464
2026-04-27T15:16:18.919538+02:00,0.20190038275283012,0.22287459902608484,0.09215192350213865,-2.9894161193177036,1.4117366690085602,-2.6329335788828145,0.8226337055297295,-0.6004416867941312,-0.3128667538843293,0.06758780825676114,-0.8100345095934114,0.41580144710680145,50.0,51.0,51.0,41.0,43.0,26.0,29.0,28.0,52.0,95.35,3975442432,1553186816,1508302848,9.84,9.4,9.43,25297891328,9720254464
2026-04-27T15:16:18.969707+02:00,0.20190038275283012,0.22287459902608484,0.09215192350213865,-2.9894161193177036,1.4117366690085602,-2.6329335788828145,0.8226337055297295,-0.6004416867941312,-0.3128667538843293,0.06758780825676114,-0.8100345095934114,0.41580144710680145,50.0,51.0,51.0,41.0,43.0,26.0,29.0,28.0,52.0,95.35,3975442432,1553186816,1508302848,9.84,9.4,9.43,25297891328,9720254464
2026-04-27T15:16:19.020360+02:00,0.20190038275283012,0.22287459902608484,0.09215192350213865,-2.9894161193177036,1.4117366690085602,-2.6329335788828145,0.8226337055297295,-0.6004416867941312,-0.3128667538843293,0.06758780825676114,-0.8100345095934114,0.41580144710680145,50.0,51.0,51.0,41.0,43.0,26.0,29.0,28.0,53.0,95.35,3975442432,1553186816,1508302848,9.84,9.4,9.43,25297891328,9720254464
2026-04-27T15:16:19.072196+02:00,0.20190038275283012,0.22287459902608484,0.09215192350213865,-2.9894161193177036,1.4117366690085602,-2.6329335788828145,0.8226337055297295,-0.6004416867941312,-0.3128667538843293,0.06758780825676114,-0.8100345095934114,0.41580144710680145,50.0,51.0,51.0,41.0,43.0,26.0,29.0,28.0,53.0,95.35,3975442432,1553186816,1508302848,9.84,9.4,9.43,25297891328,9720254464
2026-04-27T15:16:19.122691+02:00,0.20190038275283012,0.22287459902608484,0.09215192350213865,-2.9894161193177036,1.4117366690085602,-2.6329335788828145,0.8226337055297295,-0.6004416867941312,-0.3128667538843293,0.06758780825676114,-0.8100345095934114,0.41580144710680145,50.0,51.0,51.0,41.0,43.0,26.0,29.0,28.0,53.0,95.35,3975442432,1553186816,1508302848,9.84,9.4,9.43,25297891328,9720254464
2026-04-27T15:16:19.173669+02:00,0.20190038275283012,0.22287459902608484,0.09215192350213865,-2.9894161193177036,1.4117366690085602,-2.6329335788828145,0.8226337055297295,-0.6004416867941312,-0.3128667538843293,0.06758780825676114,-0.8100345095934114,0.41580144710680145,50.0,51.0,51.0,41.0,43.0,26.0,29.0,28.0,53.0,95.35,3975442432,1553186816,1508302848,9.84,9.4,9.43,25297891328,9720254464
2026-04-27T15:16:19.228705+02:00,0.20190038275283012,0.22287459902608484,0.09215192350213865,-2.9894161193177036,1.4117366690085602,-2.6329335788828145,0.8226337055297295,-0.6004416867941312,-0.3128667538843293,0.06758780825676114,-0.8100345095934114,0.41580144710680145,50.0,51.0,51.0,41.0,43.0,26.0,29.0,28.0,53.0,95.35,3975442432,1553186816,1508302848,9.84,9.4,9.43,25297891328,9720254464
2026-04-27T15:16:19.283770+02:00,0.20190038275283012,0.22287459902608484,0.09215192350213865,-2.9894161193177036,1.4117366690085602,-2.6329335788828145,0.8226337055297295,-0.6004416867941312,-0.3128667538843293,0.06758780825676114,-0.8100345095934114,0.41580144710680145,50.0,51.0,51.0,41.0,43.0,26.0,29.0,28.0,53.0,95.35,3975442432,1553186816,1508302848,9.84,9.4,9.43,25297891328,9720254464
2026-04-27T15:16:19.338901+02:00,0.20190038275283012,0.22287459902608484,0.09215192350213865,-2.9894161193177036,1.4117366690085602,-2.6329335788828145,0.8226337055297295,-0.6004416867941312,-0.3128667538843293,0.06758780825676114,-0.8100345095934114,0.41580144710680145,50.0,51.0,51.0,41.0,43.0,26.0,29.0,28.0,53.0,95.35,3975442432,1553186816,1508302848,9.84,9.4,9.43,25297891328,9720254464
2026-04-27T15:16:19.388974+02:00,0.20190038275283012,0.22287459902608484,0.09215192350213865,-2.9894161193177036,1.4117366690085602,-2.6329335788828145,0.8226337055297295,-0.6004416867941312,-0.3128667538843293,0.06758780825676114,-0.8100345095934114,0.41580144710680145,50.0,51.0,51.0,41.0,43.0,26.0,29.0,28.0,53.0,95.35,3975442432,1553186816,1508302848,9.84,9.4,9.43,25297891328,9720254464
2026-04-27T15:16:19.443326+02:00,0.20190038275283012,0.22287459902608484,0.09215192350213865,-2.9894161193177036,1.4117366690085602,-2.6329335788828145,0.8226337055297295,-0.6004416867941312,-0.3128667538843293,0.06758780825676114,-0.8100345095934114,0.41580144710680145,50.0,51.0,51.0,41.0,43.0,26.0,29.0,28.0,53.0,95.35,3975442432,1553186816,1508302848,9.84,9.4,9.43,25297891328,9720254464
2026-04-27T15:16:19.496843+02:00,0.20190038275283012,0.22287459902608484,0.09215192350213865,-2.9894161193177036,1.4117366690085602,-2.6329335788828145,0.8226337055297295,-0.6004416867941312,-0.3128667538843293,0.06758780825676114,-0.8100345095934114,0.41580144710680145,50.0,51.0,51.0,41.0,43.0,26.0,29.0,28.0,53.0,95.35,3975442432,1553186816,1508302848,9.84,9.4,9.43,25297891328,9720254464
2026-04-27T15:16:19.549389+02:00,0.20190038275283012,0.22287459902608484,0.09215192350213865,-2.9894161193177036,1.4117366690085602,-2.6329335788828145,0.8226337055297295,-0.6004416867941312,-0.3128667538843293,0.06758780825676114,-0.8100345095934114,0.41580144710680145,50.0,51.0,51.0,41.0,43.0,26.0,29.0,28.0,53.0,95.35,3975442432,1553186816,1508302848,9.84,9.4,9.43,25297891328,9720254464
2026-04-27T15:16:19.602943+02:00,0.20190038275283012,0.22287459902608484,0.09215192350213865,-2.9894161193177036,1.4117366690085602,-2.6329335788828145,0.8226337055297295,-0.6004416867941312,-0.3128667538843293,0.06758780825676114,-0.8100345095934114,0.41580144710680145,50.0,51.0,51.0,41.0,43.0,26.0,29.0,28.0,53.0,95.35,3975442432,1553186816,1508302848,9.84,9.4,9.43,25297891328,9720254464
2026-04-27T15:16:19.653265+02:00,0.20190038275283012,0.22287459902608484,0.09215192350213865,-2.9894161193177036,1.4117366690085602,-2.6329335788828145,0.8226337055297295,-0.6004416867941312,-0.3128667538843293,0.06758780825676114,-0.8100345095934114,0.41580144710680145,50.0,51.0,51.0,41.0,43.0,26.0,29.0,28.0,53.0,95.35,3975442432,1553186816,1508302848,9.84,9.4,9.43,25297891328,9720254464
2026-04-27T15:16:19.704815+02:00,0.20190038275283012,0.22287459902608484,0.09215192350213865,-2.9894161193177036,1.4117366690085602,-2.6329335788828145,0.8226337055297295,-0.6004416867941312,-0.3128667538843293,0.06758780825676114,-0.8100345095934114,0.41580144710680145,50.0,51.0,51.0,41.0,43.0,26.0,29.0,28.0,53.0,93.02,3975442432,1553108992,1508372480,9.84,9.4,9.43,25297891328,9720254464
2026-04-27T15:16:19.755048+02:00,0.20190038275283012,0.22287459902608484,0.09215192350213865,-2.9894161193177036,1.4117366690085602,-2.6329335788828145,0.8226337055297295,-0.6004416867941312,-0.3128667538843293,0.06758780825676114,-0.8100345095934114,0.41580144710680145,50.0,51.0,51.0,41.0,43.0,26.0,29.0,28.0,53.0,93.02,3975442432,1553108992,1508372480,9.84,9.4,9.43,25297891328,9720254464
2026-04-27T15:16:19.805620+02:00,0.20190038275283012,0.22287459902608484,0.09215192350213865,-2.9894161193177036,1.4117366690085602,-2.6329335788828145,0.8226337055297295,-0.6004416867941312,-0.3128667538843293,0.06758780825676114,-0.8100345095934114,0.41580144710680145,50.0,51.0,51.0,41.0,43.0,26.0,29.0,28.0,53.0,93.02,3975442432,1553108992,1508372480,9.84,9.4,9.43,25297891328,9720254464
2026-04-27T15:16:19.857629+02:00,0.20190038275283012,0.22287459902608484,0.09215192350213865,-2.9894161193177036,1.4117366690085602,-2.6329335788828145,0.8226337055297295,-0.6004416867941312,-0.3128667538843293,0.06758780825676114,-0.8100345095934114,0.41580144710680145,50.0,51.0,51.0,41.0,43.0,26.0,29.0,28.0,53.0,93.02,3975442432,1553108992,1508372480,9.84,9.4,9.43,25297891328,9720254464
2026-04-27T15:16:19.912668+02:00,0.20190038275283012,0.22287459902608484,0.09215192350213865,-2.9894161193177036,1.4117366690085602,-2.6329335788828145,0.8226337055297295,-0.6004416867941312,-0.3128667538843293,0.06758780825676114,-0.8100345095934114,0.41580144710680145,50.0,51.0,51.0,41.0,43.0,26.0,29.0,28.0,53.0,93.02,3975442432,1553108992,1508372480,9.84,9.4,9.43,25297891328,9720254464
2026-04-27T15:16:19.968122+02:00,0.20190038275283012,0.22287459902608484,0.09215192350213865,-2.9894161193177036,1.4117366690085602,-2.6329335788828145,0.8226337055297295,-0.6004416867941312,-0.3128667538843293,0.06758780825676114,-0.8100345095934114,0.41580144710680145,50.0,51.0,51.0,41.0,43.0,26.0,29.0,28.0,53.0,93.02,3975442432,1553108992,1508372480,9.84,9.4,9.43,25297891328,9720254464
2026-04-27T15:16:20.021724+02:00,0.20190038275283012,0.22287459902608484,0.09215192350213865,-2.9894161193177036,1.4117366690085602,-2.6329335788828145,0.8226337055297295,-0.6004416867941312,-0.3128667538843293,0.06758780825676114,-0.8100345095934114,0.41580144710680145,50.0,51.0,51.0,41.0,43.0,26.0,29.0,28.0,53.0,93.02,3975442432,1553108992,1508372480,9.84,9.4,9.43,25297891328,9720254464
2026-04-27T15:16:20.072196+02:00,0.20190038275283012,0.22287459902608484,0.09215192350213865,-2.9894161193177036,1.4117366690085602,-2.6329335788828145,0.8226337055297295,-0.6004416867941312,-0.3128667538843293,0.06758780825676114,-0.8100345095934114,0.41580144710680145,50.0,51.0,51.0,41.0,43.0,26.0,29.0,28.0,53.0,93.02,3975442432,1553108992,1508372480,9.84,9.4,9.43,25297891328,9720254464
2026-04-27T15:16:20.125760+02:00,0.20190038275283012,0.22287459902608484,0.09215192350213865,-2.9894161193177036,1.4117366690085602,-2.6329335788828145,0.8226337055297295,-0.6004416867941312,-0.3128667538843293,0.06758780825676114,-0.8100345095934114,0.41580144710680145,50.0,51.0,51.0,41.0,43.0,26.0,29.0,28.0,53.0,93.02,3975442432,1553108992,1508372480,9.84,9.4,9.43,25297891328,9720254464
2026-04-27T15:16:20.179690+02:00,0.20190038275283012,0.22287459902608484,0.09215192350213865,-2.9894161193177036,1.4117366690085602,-2.6329335788828145,0.8226337055297295,-0.6004416867941312,-0.3128667538843293,0.06758780825676114,-0.8100345095934114,0.41580144710680145,50.0,51.0,51.0,41.0,43.0,26.0,29.0,28.0,53.0,93.02,3975442432,1553108992,1508372480,9.84,9.4,9.43,25297891328,9720254464
2026-04-27T15:16:20.230554+02:00,0.20190038275283012,0.22287459902608484,0.09215192350213865,-2.9894161193177036,1.4117366690085602,-2.6329335788828145,0.8226337055297295,-0.6004416867941312,-0.3128667538843293,0.06758780825676114,-0.8100345095934114,0.41580144710680145,50.0,51.0,51.0,41.0,43.0,26.0,29.0,28.0,53.0,93.02,3975442432,1553108992,1508372480,9.84,9.4,9.43,25297891328,9720254464
2026-04-27T15:16:20.280678+02:00,0.20190038275283012,0.22287459902608484,0.09215192350213865,-2.9894161193177036,1.4117366690085602,-2.6329335788828145,0.8226337055297295,-0.5943819036312069,-0.3113518080935982,0.06758780825676114,-0.8115684903812972,0.41580144710680145,50.0,51.0,51.0,41.0,43.0,26.0,29.0,28.0,53.0,93.02,3975442432,1553108992,1508372480,9.84,9.4,9.43,25297891328,9720254464
2026-04-27T15:16:20.335855+02:00,0.20190038275283012,0.22287459902608484,0.09215192350213865,-2.9894161193177036,1.4117366690085602,-2.6329335788828145,0.8226337055297295,-0.5913520120497447,-0.3113518080935982,0.06758780825676114,-0.8131024711691826,0.41580144710680145,50.0,51.0,51.0,41.0,43.0,26.0,29.0,28.0,53.0,93.02,3975442432,1553108992,1508372480,9.84,9.4,9.43,25297891328,9720254464
2026-04-27T15:16:20.389351+02:00,0.20190038275283012,0.22287459902608484,0.09215192350213865,-2.9894161193177036,1.4117366690085602,-2.6329335788828145,0.8226337055297295,-0.5868071746775517,-0.3098368623028671,0.06758780825676114,-0.8238403366843823,0.41580144710680145,50.0,51.0,51.0,41.0,43.0,26.0,29.0,28.0,53.0,93.02,3975442432,1553108992,1508372480,9.84,9.4,9.43,25297891328,9720254464
2026-04-27T15:16:20.439828+02:00,0.2023156431145878,0.22333303656404516,0.09845973985908826,-2.993006305364629,1.4129155718166202,-2.634386228962835,0.8226337055297295,-0.5777174999331652,-0.30680697072140495,0.06605382746887534,-0.8376461637753527,0.41580144710680145,50.0,51.0,51.0,41.0,43.0,26.0,29.0,28.0,53.0,93.02,3975442432,1553108992,1508372480,9.84,9.4,9.43,25297891328,9720254464
2026-04-27T15:16:20.493647+02:00,0.2023156431145878,0.22333303656404516,0.09845973985908826,-2.993006305364629,1.4129155718166202,-2.634386228962835,0.8226337055297295,-0.5746876083517031,-0.30680697072140495,0.06605382746887534,-0.8407141253511243,0.41580144710680145,50.0,51.0,51.0,41.0,43.0,26.0,29.0,28.0,53.0,93.02,3975442432,1553108992,1508372480,9.84,9.4,9.43,25297891328,9720254464
2026-04-27T15:16:20.544974+02:00,0.2023156431145878,0.22333303656404516,0.09845973985908826,-2.993006305364629,1.4129155718166202,-2.634386228962835,0.8226337055297295,-0.5686278251887787,-0.3037770791399428,0.06605382746887534,-0.8499180100784383,0.41580144710680145,50.0,51.0,51.0,41.0,43.0,26.0,29.0,28.0,53.0,93.02,3975442432,1553108992,1508372480,9.84,9.4,9.43,25297891328,9720254464
2026-04-27T15:16:20.597749+02:00,0.2023156431145878,0.22333303656404516,0.09845973985908826,-2.993006305364629,1.4129155718166202,-2.634386228962835,0.8226337055297295,-0.5625680420258544,-0.3022621333492117,0.06605382746887534,-0.8575879140178664,0.41580144710680145,50.0,51.0,51.0,41.0,43.0,26.0,29.0,28.0,53.0,93.02,3975442432,1553108992,1508372480,9.84,9.4,9.43,25297891328,9720254464
2026-04-27T15:16:20.649417+02:00,0.2025957501385867,0.22383766191125998,0.10719579894038091,-2.9980520780667317,1.4106143205472395,-2.6394546296765067,0.8226337055297295,-0.5534783672814679,-0.29923224176774954,0.06605382746887534,-0.8729277218967231,0.41733542789468725,50.0,51.0,51.0,41.0,43.0,26.0,29.0,28.0,53.0,93.02,3975442432,1553108992,1508372480,9.84,9.4,9.43,25297891328,9720254464
2026-04-27T15:16:20.701461+02:00,0.2025957501385867,0.22383766191125998,0.10719579894038091,-2.9980520780667317,1.4106143205472395,-2.6394546296765067,0.8226337055297295,-0.5428737467463504,-0.29771729597701846,0.06605382746887534,-0.8867335489876935,0.41733542789468725,50.0,51.0,51.0,41.0,43.0,26.0,29.0,28.0,53.0,88.19,3975442432,1553334272,1508134912,9.84,9.4,9.43,25297891328,9720283136
2026-04-27T15:16:20.754798+02:00,0.2025957501385867,0.22383766191125998,0.10719579894038091,-2.9980520780667317,1.4106143205472395,-2.6394546296765067,0.8226337055297295,-0.5322691262112328,-0.2946874043955563,0.06605382746887534,-0.8990053952907782,0.41733542789468725,50.0,51.0,51.0,41.0,43.0,26.0,29.0,28.0,53.0,88.19,3975442432,1553334272,1508134912,9.84,9.4,9.43,25297891328,9720283136
2026-04-27T15:16:20.810088+02:00,0.2025957501385867,0.22383766191125998,0.10719579894038091,-2.9980520780667317,1.4106143205472395,-2.6394546296765067,0.8226337055297295,-0.517119668303922,-0.29165751281409413,0.06605382746887534,-0.9158791839575202,0.41886940868257305,50.0,51.0,51.0,41.0,43.0,26.0,29.0,28.0,53.0,88.19,3975442432,1553334272,1508134912,9.84,9.4,9.43,25297891328,9720283136
2026-04-27T15:16:20.864025+02:00,0.202641654971602,0.22411865509244866,0.1187534670639847,-3.011919004229343,1.4110351865419404,-2.6513842037157502,0.8226337055297295,-0.517119668303922,-0.29165751281409413,0.06605382746887534,-0.9204811263211776,0.4204033894704584,50.0,51.0,51.0,41.0,43.0,26.0,29.0,28.0,53.0,88.19,3975442432,1553334272,1508134912,9.84,9.4,9.43,25297891328,9720283136
2026-04-27T15:16:20.915616+02:00,0.202641654971602,0.22411865509244866,0.1187534670639847,-3.011919004229343,1.4110351865419404,-2.6513842037157502,0.8226337055297295,-0.498940318815149,-0.2871126754419009,0.06298586589310418,-0.9388888957758055,0.4204033894704584,50.0,51.0,51.0,41.0,43.0,26.0,29.0,28.0,53.0,88.19,3975442432,1553334272,1508134912,9.84,9.4,9.43,25297891328,9720283136
2026-04-27T15:16:20.965658+02:00,0.202641654971602,0.22411865509244866,0.1187534670639847,-3.011919004229343,1.4110351865419404,-2.6513842037157502,0.8226337055297295,-0.4928805356522249,-0.2871126754419009,0.06145188510521837,-0.9450248189273478,0.4219373702583442,50.0,51.0,51.0,41.0,43.0,26.0,29.0,28.0,53.0,88.19,3975442432,1553334272,1508134912,9.84,9.4,9.43,25297891328,9720283136
2026-04-27T15:16:21.020345+02:00,0.202641654971602,0.22411865509244866,0.1187534670639847,-3.011919004229343,1.4110351865419404,-2.6513842037157502,0.8226337055297295,-0.48833569828003165,-0.2855977296511698,0.06145188510521837,-0.9496267612910043,0.4219373702583442,50.0,51.0,51.0,41.0,43.0,26.0,29.0,28.0,53.0,88.19,3975442432,1553334272,1508134912,9.84,9.4,9.43,25297891328,9720283136
2026-04-27T15:16:21.070776+02:00,0.20222337447829788,0.22351813782865002,0.13265960242398203,-3.000357754539225,1.4108720147330183,-2.6390409892611277,0.8226337055297295,-0.4747011861634519,-0.28256783806970764,0.06298586589310418,-0.960364626806204,0.4219373702583442,50.0,51.0,51.0,41.0,43.0,26.0,29.0,28.0,53.0,88.19,3975442432,1553334272,1508134912,9.84,9.4,9.43,25297891328,9720283136
2026-04-27T15:16:21.125849+02:00,0.20222337447829788,0.22351813782865002,0.13265960242398203,-3.000357754539225,1.4108720147330183,-2.6390409892611277,0.8226337055297295,-0.47167129458198975,-0.28256783806970764,0.06145188510521837,-0.9634325883819757,0.4219373702583442,50.0,51.0,51.0,41.0,43.0,26.0,29.0,28.0,53.0,88.19,3975442432,1553334272,1508134912,9.84,9.4,9.43,25297891328,9720283136
2026-04-27T15:16:21.182242+02:00,0.20222337447829788,0.22351813782865002,0.13265960242398203,-3.000357754539225,1.4108720147330183,-2.6390409892611277,0.8226337055297295,-0.46258161983760326,-0.28105289227897656,0.06145188510521837,-0.969568511533518,0.4219373702583442,50.0,51.0,51.0,41.0,43.0,26.0,29.0,28.0,53.0,88.19,3975442432,1553334272,1508134912,9.84,9.4,9.43,25297891328,9720283136
2026-04-27T15:16:21.234990+02:00,0.20236559073656835,0.22375533203367162,0.14043031839487694,-3.026752183040245,1.4204958555153049,-2.664364714609711,0.8226337055297295,-0.45803678246541,-0.28105289227897656,0.06145188510521837,-0.9711024923214038,0.42347135104623,50.0,51.0,51.0,41.0,43.0,26.0,29.0,28.0,53.0,88.19,3975442432,1553334272,1508134912,9.84,9.4,9.43,25297891328,9720283136
2026-04-27T15:16:21.287028+02:00,0.20236559073656835,0.22375533203367162,0.14043031839487694,-3.026752183040245,1.4204958555153049,-2.664364714609711,0.8226337055297295,-0.45652183667467894,-0.28105289227897656,0.06145188510521837,-0.9711024923214038,0.4250053318341154,50.0,51.0,51.0,41.0,43.0,26.0,29.0,28.0,53.0,88.19,3975442432,1553334272,1508134912,9.84,9.4,9.43,25297891328,9720283136
2026-04-27T15:16:21.338503+02:00,0.20236559073656835,0.22375533203367162,0.14043031839487694,-3.026752183040245,1.4204958555153049,-2.664364714609711,0.8226337055297295,-0.45652183667467894,-0.28105289227897656,0.06145188510521837,-0.9741704538971754,0.4250053318341154,50.0,51.0,51.0,41.0,43.0,26.0,29.0,28.0,53.0,88.19,3975442432,1553334272,1508134912,9.84,9.4,9.43,25297891328,9720283136
2026-04-27T15:16:21.389643+02:00,0.20236559073656835,0.22375533203367162,0.14043031839487694,-3.026752183040245,1.4204958555153049,-2.664364714609711,0.8226337055297295,-0.45652183667467894,-0.28105289227897656,0.06145188510521837,-0.9772384154729461,0.4250053318341154,50.0,51.0,51.0,41.0,43.0,26.0,29.0,28.0,53.0,88.19,3975442432,1553334272,1508134912,9.84,9.4,9.43,25297891328,9720283136
2026-04-27T15:16:21.441560+02:00,0.20207944405806308,0.22347717302411252,0.14181759860344018,-3.0217308522223734,1.41892329882152,-2.6621552841494043,0.8226337055297295,-0.45652183667467894,-0.28105289227897656,0.06145188510521837,-0.9772384154729461,0.4250053318341154,50.0,51.0,51.0,41.0,43.0,26.0,29.0,28.0,53.0,88.19,3975442432,1553334272,1508134912,9.84,9.4,9.43,25297891328,9720283136
2026-04-27T15:16:21.496577+02:00,0.20207944405806308,0.22347717302411252,0.14181759860344018,-3.0217308522223734,1.41892329882152,-2.6621552841494043,0.8226337055297295,-0.45652183667467894,-0.28105289227897656,0.06145188510521837,-0.9772384154729461,0.4250053318341154,50.0,51.0,51.0,41.0,43.0,26.0,29.0,28.0,53.0,88.19,3975442432,1553334272,1508134912,9.84,9.4,9.43,25297891328,9720283136
2026-04-27T15:16:21.550549+02:00,0.20207944405806308,0.22347717302411252,0.14181759860344018,-3.0217308522223734,1.41892329882152,-2.6621552841494043,0.8226337055297295,-0.45652183667467894,-0.28105289227897656,0.06145188510521837,-0.9772384154729461,0.4250053318341154,50.0,51.0,51.0,41.0,43.0,26.0,29.0,28.0,53.0,88.19,3975442432,1553334272,1508134912,9.84,9.4,9.43,25297891328,9720283136
2026-04-27T15:16:21.602705+02:00,0.20207944405806308,0.22347717302411252,0.14181759860344018,-3.0217308522223734,1.41892329882152,-2.6621552841494043,0.8226337055297295,-0.45652183667467894,-0.28105289227897656,0.059917904317333015,-0.9772384154729461,0.4250053318341154,50.0,51.0,51.0,41.0,43.0,26.0,29.0,28.0,53.0,88.19,3975442432,1553334272,1508134912,9.84,9.4,9.43,25297891328,9720283136
2026-04-27T15:16:21.653988+02:00,0.2021483230531691,0.22340779600154348,0.14181320606861628,-3.0146454689824687,1.4193010302952525,-2.6541196600673693,0.8256775597452077,-0.4534919450932168,-0.28105289227897656,0.05838392352944721,-0.9772384154729461,0.4250053318341154,50.0,51.0,51.0,41.0,43.0,26.0,29.0,28.0,53.0,88.19,3975442432,1553334272,1508134912,9.84,9.4,9.43,25297891328,9720283136
2026-04-27T15:16:21.706508+02:00,0.2021483230531691,0.22340779600154348,0.14181320606861628,-3.0146454689824687,1.4193010302952525,-2.6541196600673693,0.8317652681761638,-0.44894710772102353,-0.28105289227897656,0.059917904317333015,-0.9772384154729461,0.4250053318341154,50.0,51.0,51.0,41.0,43.0,26.0,29.0,28.0,53.0,88.19,3975442432,1553334272,1508134912,9.84,9.4,9.43,25297891328,9720283136
2026-04-27T15:16:21.760978+02:00,0.2021483230531691,0.22340779600154348,0.14181320606861628,-3.0146454689824687,1.4193010302952525,-2.6541196600673693,0.836331049499381,-0.44591721613956137,-0.28105289227897656,0.06298586589310418,-0.9772384154729461,0.4250053318341154,50.0,51.0,51.0,41.0,43.0,26.0,29.0,28.0,53.0,96.32,3975442432,1552719872,1508749312,9.84,9.4,9.43,25297891328,9720299520
2026-04-27T15:16:21.812788+02:00,0.2021483230531691,0.22340779600154348,0.14181320606861628,-3.0146454689824687,1.4193010302952525,-2.6541196600673693,0.8408968308225981,-0.4428873245580992,-0.28105289227897656,0.06451984668098998,-0.9772384154729461,0.4250053318341154,50.0,51.0,51.0,41.0,43.0,26.0,29.0,28.0,53.0,96.32,3975442432,1552719872,1508749312,9.84,9.4,9.43,25297891328,9720299520
2026-04-27T15:16:21.868165+02:00,0.19802835029512134,0.2274945196836037,0.14593662782546407,-3.070142859486158,1.4308253231744015,-2.6938384115443044,0.8500283934690325,-0.4353125956044438,-0.28105289227897656,0.06451984668098998,-0.9787723962608319,0.4250053318341154,50.0,51.0,51.0,41.0,43.0,26.0,29.0,28.0,53.0,96.32,3975442432,1552719872,1508749312,9.84,9.4,9.43,25297891328,9720299520
2026-04-27T15:16:21.918962+02:00,0.19802835029512134,0.2274945196836037,0.14593662782546407,-3.070142859486158,1.4308253231744015,-2.6938384115443044,0.8561161018999885,-0.42925281244151947,-0.2795379464882455,0.0706557698325323,-0.9818403578366035,0.4250053318341154,50.0,51.0,51.0,41.0,43.0,26.0,29.0,28.0,53.0,96.32,3975442432,1552719872,1508749312,9.84,9.4,9.43,25297891328,9720299520
2026-04-27T15:16:21.970025+02:00,0.19802835029512134,0.2274945196836037,0.14593662782546407,-3.070142859486158,1.4308253231744015,-2.6938384115443044,0.8622038103309451,-0.4247079750693262,-0.2795379464882455,0.0706557698325323,-0.98644230020026,0.4250053318341154,50.0,51.0,51.0,41.0,43.0,26.0,29.0,28.0,53.0,96.32,3975442432,1552719872,1508749312,9.84,9.4,9.43,25297891328,9720299520
2026-04-27T15:16:22.021887+02:00,0.19802835029512134,0.2274945196836037,0.14593662782546407,-3.070142859486158,1.4308253231744015,-2.6938384115443044,0.8728573000851183,-0.41561830032493974,-0.2795379464882455,0.07372373140830346,-0.9895102617760316,0.4250053318341154,50.0,51.0,51.0,41.0,43.0,26.0,29.0,28.0,53.0,96.32,3975442432,1552719872,1508749312,9.84,9.4,9.43,25297891328,9720299520
2026-04-27T15:16:22.076841+02:00,0.19802835029512134,0.2274945196836037,0.14593662782546407,-3.070142859486158,1.4308253231744015,-2.6938384115443044,0.8728573000851183,-0.41561830032493974,-0.2795379464882455,0.07372373140830346,-0.9895102617760316,0.4250053318341154,50.0,51.0,51.0,41.0,43.0,26.0,29.0,28.0,53.0,96.32,3975442432,1552719872,1508749312,9.84,9.4,9.43,25297891328,9720299520
2026-04-27T15:16:22.131407+02:00,0.19121912126487842,0.2330586574859463,0.15358311626618107,3.1227915468439154,1.4417647213233733,-2.760332004542614,0.8941642795934652,-0.39895389662689784,-0.2795379464882455,0.07985965455984623,-0.9987141465033456,0.4250053318341154,50.0,51.0,51.0,41.0,43.0,26.0,29.0,28.0,53.0,96.32,3975442432,1552719872,1508749312,9.84,9.4,9.43,25297891328,9720299520
2026-04-27T15:16:22.183299+02:00,0.19121912126487842,0.2330586574859463,0.15358311626618107,3.1227915468439154,1.4417647213233733,-2.760332004542614,0.9109054777785945,-0.3853193845103182,-0.2795379464882455,0.08446159692350319,-1.0048500696548879,0.4250053318341154,50.0,51.0,51.0,41.0,43.0,26.0,29.0,28.0,53.0,96.32,3975442432,1552719872,1508749312,9.84,9.4,9.43,25297891328,9720299520
2026-04-27T15:16:22.237364+02:00,0.17838983420861113,0.2418812009462335,0.16487873538140316,2.9659689733181622,1.4526286001385007,-2.873852388037891,0.9276466759637243,-0.37319981818446957,-0.2780230006975144,0.08752955849927435,-1.0109859928064302,0.4250053318341154,50.0,51.0,51.0,41.0,43.0,26.0,29.0,28.0,53.0,96.32,3975442432,1552719872,1508749312,9.84,9.4,9.43,25297891328,9720299520
2026-04-27T15:16:22.289624+02:00,0.17838983420861113,0.2418812009462335,0.16487873538140316,2.9659689733181622,1.4526286001385007,-2.873852388037891,0.9337343843946804,-0.36714003502154535,-0.2780230006975144,0.09059752007504551,-1.012519973594316,0.4250053318341154,50.0,51.0,51.0,41.0,43.0,26.0,29.0,28.0,53.0,96.32,3975442432,1552719872,1508749312,9.84,9.4,9.43,25297891328,9720299520
2026-04-27T15:16:22.344551+02:00,0.17838983420861113,0.2418812009462335,0.16487873538140316,2.9659689733181622,1.4526286001385007,-2.873852388037891,0.9580852181185056,-0.3474457397420413,-0.2780230006975144,0.09980140480235944,-1.02172385832163,0.4250053318341154,50.0,51.0,51.0,41.0,43.0,26.0,29.0,28.0,53.0,96.32,3975442432,1552719872,1508749312,9.84,9.4,9.43,25297891328,9720299520
2026-04-27T15:16:22.397578+02:00,0.17838983420861113,0.2418812009462335,0.16487873538140316,2.9659689733181622,1.4526286001385007,-2.873852388037891,0.9763483434113742,-0.3322962818347305,-0.2765080549067833,0.10133538559024524,-1.029393762261058,0.4250053318341154,50.0,51.0,51.0,41.0,43.0,26.0,29.0,28.0,53.0,96.32,3975442432,1552719872,1508749312,9.84,9.4,9.43,25297891328,9720299520
2026-04-27T15:16:22.450964+02:00,0.1616675659593929,0.25116530554686545,0.18020906048294472,2.6931233290891456,1.4623261115921233,-3.0939020216765427,0.9976553229197207,-0.3141169323459576,-0.2765080549067833,0.10900528952967337,-1.038597646988372,0.4265393126220012,50.0,51.0,51.0,41.0,43.0,26.0,29.0,28.0,53.0,96.32,3975442432,1552719872,1508749312,9.84,9.4,9.43,25297891328,9720299520
2026-04-27T15:16:22.505992+02:00,0.1616675659593929,0.25116530554686545,0.18020906048294472,2.6931233290891456,1.4623261115921233,-3.0939020216765427,1.0113526668893722,-0.3004824202293779,-0.2765080549067833,0.11207325110544453,-1.0401316277762578,0.4265393126220012,50.0,51.0,51.0,41.0,43.0,26.0,29.0,28.0,53.0,96.32,3975442432,1552719872,1508749312,9.84,9.4,9.43,25297891328,9720299520
2026-04-27T15:16:22.557187+02:00,0.1616675659593929,0.25116530554686545,0.18020906048294472,2.6931233290891456,1.4623261115921233,-3.0939020216765427,1.0357035006131974,-0.2807881249498738,-0.2765080549067833,0.11820917425698729,-1.047801531715686,0.4265393126220012,50.0,51.0,51.0,41.0,43.0,26.0,29.0,28.0,53.0,96.32,3975442432,1552719872,1508749312,9.84,9.4,9.43,25297891328,9720299520
2026-04-27T15:16:22.610363+02:00,0.1616675659593929,0.25116530554686545,0.18020906048294472,2.6931233290891456,1.4623261115921233,-3.0939020216765427,1.053966625906066,-0.26412372125183203,-0.27499310911605224,0.12587907819641542,-1.055471435655114,0.42807329340988653,50.0,51.0,51.0,41.0,43.0,26.0,29.0,28.0,53.0,96.32,3975442432,1552719872,1508749312,9.84,9.4,9.43,25297891328,9720299520
2026-04-27T15:16:22.663990+02:00,0.14218021635194064,0.2596285299024763,0.19768849563216512,2.3031732723422516,1.461038686110639,2.855764363089149,1.0691858969834565,-0.2520041549259834,-0.27499310911605224,0.13048102056007238,-1.0600733780187706,0.42807329340988653,50.0,51.0,51.0,41.0,43.0,26.0,29.0,28.0,53.0,96.32,3975442432,1552719872,1508749312,9.84,9.4,9.43,25297891328,9720299520
2026-04-27T15:16:22.714766+02:00,0.14218021635194064,0.2596285299024763,0.19768849563216512,2.3031732723422516,1.461038686110639,2.855764363089149,1.081361313845369,-0.2413995343908658,-0.27499310911605224,0.13048102056007238,-1.0631413395945422,0.42807329340988653,50.0,51.0,51.0,41.0,43.0,26.0,29.0,28.0,53.0,94.66,3975442432,1553580032,1507872768,10.25,9.5,9.46,25297891328,9720299520
2026-04-27T15:16:22.766243+02:00,0.14218021635194064,0.2596285299024763,0.19768849563216512,2.3031732723422516,1.461038686110639,2.855764363089149,1.0981025120304984,-0.2262500764835551,-0.27499310911605224,0.13508296292372934,-1.0677432819581987,0.42807329340988653,50.0,51.0,51.0,41.0,43.0,26.0,29.0,28.0,53.0,94.66,3975442432,1553580032,1507872768,10.25,9.5,9.46,25297891328,9720299520
2026-04-27T15:16:22.819994+02:00,0.14218021635194064,0.2596285299024763,0.19768849563216512,2.3031732723422516,1.461038686110639,2.855764363089149,1.1194094915388448,-0.20807072699478213,-0.27347816332532116,0.1396849052873863,-1.0769471666855126,0.42960727419777234,50.0,51.0,51.0,41.0,43.0,26.0,29.0,28.0,53.0,94.66,3975442432,1553580032,1507872768,10.25,9.5,9.46,25297891328,9720299520
2026-04-27T15:16:22.871754+02:00,0.12178297660831666,0.2657115008526121,0.2145889119588407,1.9549937740053809,1.4490107096145548,2.569745535154986,1.1331068355084963,-0.19595116066893348,-0.27347816332532116,0.14275286686315747,-1.0784811474733984,0.42960727419777234,50.0,51.0,51.0,41.0,43.0,26.0,29.0,28.0,53.0,94.66,3975442432,1553580032,1507872768,10.25,9.5,9.46,25297891328,9720299520
2026-04-27T15:16:22.922231+02:00,0.12178297660831666,0.2657115008526121,0.2145889119588407,1.9549937740053809,1.4490107096145548,2.569745535154986,1.1422383981549307,-0.186861485924547,-0.27347816332532116,0.14428684765104327,-1.08154910904917,0.42960727419777234,50.0,51.0,51.0,41.0,43.0,26.0,29.0,28.0,53.0,94.66,3975442432,1553580032,1507872768,10.25,9.5,9.46,25297891328,9720299520
2026-04-27T15:16:22.974747+02:00,0.12178297660831666,0.2657115008526121,0.2145889119588407,1.9549937740053809,1.4490107096145548,2.569745535154986,1.151369960801365,-0.17625686538942953,-0.27347816332532116,0.14582082843892863,-1.0846170706249407,0.42960727419777234,50.0,51.0,51.0,41.0,43.0,26.0,29.0,28.0,53.0,94.66,3975442432,1553580032,1507872768,10.25,9.5,9.46,25297891328,9720299520
2026-04-27T15:16:23.027073+02:00,0.12178297660831666,0.2657115008526121,0.2145889119588407,1.9549937740053809,1.4490107096145548,2.569745535154986,1.1544138150168437,-0.17322697380796737,-0.27347816332532116,0.14888879001470023,-1.0846170706249407,0.42960727419777234,50.0,51.0,51.0,41.0,43.0,26.0,29.0,28.0,53.0,94.66,3975442432,1553580032,1507872768,10.25,9.5,9.46,25297891328,9720299520
2026-04-27T15:16:23.081883+02:00,0.12178297660831666,0.2657115008526121,0.2145889119588407,1.9549937740053809,1.4490107096145548,2.569745535154986,1.1605015234477993,-0.16716719064504304,-0.27347816332532116,0.14888879001470023,-1.0846170706249407,0.42960727419777234,50.0,51.0,51.0,41.0,43.0,26.0,29.0,28.0,53.0,94.66,3975442432,1553580032,1507872768,10.25,9.5,9.46,25297891328,9720299520
2026-04-27T15:16:23.132720+02:00,0.12178297660831666,0.2657115008526121,0.2145889119588407,1.9549937740053809,1.4490107096145548,2.569745535154986,1.1605015234477993,-0.16716719064504304,-0.27347816332532116,0.14888879001470023,-1.0846170706249407,0.42960727419777234,50.0,51.0,51.0,41.0,43.0,26.0,29.0,28.0,53.0,94.66,3975442432,1553580032,1507872768,10.25,9.5,9.46,25297891328,9720299520
2026-04-27T15:16:23.185367+02:00,0.10939733431939495,0.26789151017105933,0.22541964054238228,1.7932733359097448,1.4369780689153955,2.4458204838682893,1.1757207945251902,-0.15050278694700114,-0.27347816332532116,0.1519567515904714,-1.090752993776484,0.42960727419777234,50.0,51.0,51.0,41.0,43.0,26.0,29.0,28.0,52.0,94.66,3975442432,1553580032,1507872768,10.25,9.5,9.46,25297891328,9720299520
2026-04-27T15:16:23.239397+02:00,0.10011889012955828,0.2685977949719409,0.23497479887208145,1.6360947705787023,1.4223901132228665,2.3175405362131545,1.1802865758484073,-0.1459579495748079,-0.27347816332532116,0.1534907323783572,-1.0922869745643697,0.42960727419777234,50.0,51.0,51.0,41.0,43.0,26.0,29.0,28.0,52.0,94.66,3975442432,1553580032,1507872768,10.25,9.5,9.46,25297891328,9720299520
2026-04-27T15:16:23.292634+02:00,0.10011889012955828,0.2685977949719409,0.23497479887208145,1.6360947705787023,1.4223901132228665,2.3175405362131545,1.1818085029561467,-0.14141311220261465,-0.27347816332532116,0.1534907323783572,-1.0922869745643697,0.42960727419777234,50.0,51.0,51.0,41.0,43.0,26.0,29.0,28.0,52.0,94.66,3975442432,1553580032,1507872768,10.25,9.5,9.46,25297891328,9720299520
2026-04-27T15:16:23.346887+02:00,0.10011889012955828,0.2685977949719409,0.23497479887208145,1.6360947705787023,1.4223901132228665,2.3175405362131545,1.1818085029561467,-0.13989816641188357,-0.27347816332532116,0.1534907323783572,-1.0938209553522547,0.42960727419777234,50.0,51.0,51.0,41.0,43.0,26.0,29.0,28.0,52.0,94.66,3975442432,1553580032,1507872768,10.25,9.5,9.46,25297891328,9720299520
2026-04-27T15:16:23.399697+02:00,0.10011889012955828,0.2685977949719409,0.23497479887208145,1.6360947705787023,1.4223901132228665,2.3175405362131545,1.1833304300638852,-0.13989816641188357,-0.27347816332532116,0.1534907323783572,-1.0968889169280263,0.42960727419777234,50.0,51.0,51.0,41.0,43.0,26.0,29.0,28.0,52.0,94.66,3975442432,1553580032,1507872768,10.25,9.5,9.46,25297891328,9720299520
2026-04-27T15:16:23.450186+02:00,0.0980138224349169,0.2684209167063843,0.23709328667126695,1.622508294797715,1.4195811741694842,2.310212465846808,1.1833304300638852,-0.13989816641188357,-0.27347816332532116,0.1534907323783572,-1.0968889169280263,0.42960727419777234,50.0,51.0,51.0,41.0,43.0,26.0,29.0,28.0,52.0,94.66,3975442432,1553580032,1507872768,10.25,9.5,9.46,25297891328,9720299520
2026-04-27T15:16:23.500315+02:00,0.0980138224349169,0.2684209167063843,0.23709328667126695,1.622508294797715,1.4195811741694842,2.310212465846808,1.1833304300638852,-0.13989816641188357,-0.27347816332532116,0.1534907323783572,-1.0968889169280263,0.42960727419777234,50.0,51.0,51.0,41.0,43.0,26.0,29.0,28.0,52.0,94.66,3975442432,1553580032,1507872768,10.25,9.5,9.46,25297891328,9720299520
2026-04-27T15:16:23.550563+02:00,0.0980138224349169,0.2684209167063843,0.23709328667126695,1.622508294797715,1.4195811741694842,2.310212465846808,1.1833304300638852,-0.13989816641188357,-0.27347816332532116,0.1534907323783572,-1.0968889169280263,0.42960727419777234,50.0,51.0,51.0,41.0,43.0,26.0,29.0,28.0,52.0,94.66,3975442432,1553580032,1507872768,10.25,9.5,9.46,25297891328,9720299520
2026-04-27T15:16:23.604394+02:00,0.0980138224349169,0.2684209167063843,0.23709328667126695,1.622508294797715,1.4195811741694842,2.310212465846808,1.1833304300638852,-0.13989816641188357,-0.27347816332532116,0.1534907323783572,-1.0968889169280263,0.42960727419777234,50.0,51.0,51.0,41.0,43.0,26.0,29.0,28.0,52.0,94.66,3975442432,1553580032,1507872768,10.25,9.5,9.46,25297891328,9720299520
2026-04-27T15:16:23.656602+02:00,0.0980138224349169,0.2684209167063843,0.23709328667126695,1.622508294797715,1.4195811741694842,2.310212465846808,1.1833304300638852,-0.13989816641188357,-0.27347816332532116,0.1534907323783572,-1.0968889169280263,0.42960727419777234,50.0,51.0,51.0,41.0,43.0,26.0,29.0,28.0,52.0,94.66,3975442432,1553580032,1507872768,10.25,9.5,9.46,25297891328,9720299520
2026-04-27T15:16:23.710735+02:00,0.0980138224349169,0.2684209167063843,0.23709328667126695,1.622508294797715,1.4195811741694842,2.310212465846808,1.1833304300638852,-0.13989816641188357,-0.27347816332532116,0.1534907323783572,-1.0968889169280263,0.42960727419777234,50.0,51.0,51.0,41.0,43.0,26.0,29.0,28.0,52.0,94.66,3975442432,1553580032,1507872768,10.25,9.5,9.46,25297891328,9720299520
2026-04-27T15:16:23.764539+02:00,0.0980138224349169,0.2684209167063843,0.23709328667126695,1.622508294797715,1.4195811741694842,2.310212465846808,1.1833304300638852,-0.13989816641188357,-0.27347816332532116,0.1534907323783572,-1.0968889169280263,0.42960727419777234,50.0,51.0,51.0,41.0,43.0,26.0,29.0,28.0,52.0,94.66,3975442432,1553580032,1507872768,10.25,9.5,9.46,25297891328,9720299520
2026-04-27T15:16:23.818360+02:00,0.0980138224349169,0.2684209167063843,0.23709328667126695,1.622508294797715,1.4195811741694842,2.310212465846808,1.1833304300638852,-0.13989816641188357,-0.27347816332532116,0.1534907323783572,-1.0968889169280263,0.42960727419777234,50.0,51.0,51.0,41.0,43.0,26.0,29.0,28.0,52.0,94.66,3975442432,1553580032,1507872768,10.25,9.5,9.46,25297891328,9720299520
2026-04-27T15:16:23.869369+02:00,0.0980138224349169,0.2684209167063843,0.23709328667126695,1.622508294797715,1.4195811741694842,2.310212465846808,1.1833304300638852,-0.13989816641188357,-0.27347816332532116,0.1534907323783572,-1.0968889169280263,0.42960727419777234,50.0,51.0,51.0,41.0,43.0,26.0,29.0,28.0,52.0,99.32,3975442432,1554423808,1507024896,10.25,9.5,9.46,25297891328,9720311808
2026-04-27T15:16:23.924316+02:00,0.0980138224349169,0.2684209167063843,0.23709328667126695,1.622508294797715,1.4195811741694842,2.310212465846808,1.1833304300638852,-0.13989816641188357,-0.27347816332532116,0.1534907323783572,-1.0968889169280263,0.42960727419777234,50.0,51.0,51.0,41.0,43.0,26.0,29.0,28.0,52.0,99.32,3975442432,1554423808,1507024896,10.25,9.5,9.46,25297891328,9720311808
2026-04-27T15:16:23.976938+02:00,0.0980138224349169,0.2684209167063843,0.23709328667126695,1.622508294797715,1.4195811741694842,2.310212465846808,1.1833304300638852,-0.13989816641188357,-0.27347816332532116,0.1534907323783572,-1.0968889169280263,0.42960727419777234,50.0,51.0,51.0,41.0,43.0,26.0,29.0,28.0,52.0,99.32,3975442432,1554423808,1507024896,10.25,9.5,9.46,25297891328,9720311808
2026-04-27T15:16:24.029239+02:00,0.0980138224349169,0.2684209167063843,0.23709328667126695,1.622508294797715,1.4195811741694842,2.310212465846808,1.1833304300638852,-0.13989816641188357,-0.27347816332532116,0.1534907323783572,-1.0968889169280263,0.42960727419777234,50.0,51.0,51.0,41.0,43.0,26.0,29.0,28.0,52.0,99.32,3975442432,1554423808,1507024896,10.25,9.5,9.46,25297891328,9720311808
2026-04-27T15:16:24.080431+02:00,0.0980138224349169,0.2684209167063843,0.23709328667126695,1.622508294797715,1.4195811741694842,2.310212465846808,1.1833304300638852,-0.13989816641188357,-0.27347816332532116,0.1534907323783572,-1.0968889169280263,0.42960727419777234,50.0,51.0,51.0,41.0,43.0,26.0,29.0,28.0,52.0,99.32,3975442432,1554423808,1507024896,10.25,9.5,9.46,25297891328,9720311808
2026-04-27T15:16:24.130638+02:00,0.0980138224349169,0.2684209167063843,0.23709328667126695,1.622508294797715,1.4195811741694842,2.310212465846808,1.1833304300638852,-0.13989816641188357,-0.27347816332532116,0.1534907323783572,-1.0968889169280263,0.42960727419777234,50.0,51.0,51.0,41.0,43.0,26.0,29.0,28.0,52.0,99.32,3975442432,1554423808,1507024896,10.25,9.5,9.46,25297891328,9720311808
2026-04-27T15:16:24.182020+02:00,0.0980138224349169,0.2684209167063843,0.23709328667126695,1.622508294797715,1.4195811741694842,2.310212465846808,1.1833304300638852,-0.13989816641188357,-0.27347816332532116,0.1534907323783572,-1.0968889169280263,0.42960727419777234,50.0,51.0,51.0,41.0,43.0,26.0,29.0,28.0,52.0,99.32,3975442432,1554423808,1507024896,10.25,9.5,9.46,25297891328,9720311808
2026-04-27T15:16:24.232126+02:00,0.0980138224349169,0.2684209167063843,0.23709328667126695,1.622508294797715,1.4195811741694842,2.310212465846808,1.1833304300638852,-0.13989816641188357,-0.27347816332532116,0.1534907323783572,-1.0968889169280263,0.42960727419777234,50.0,51.0,51.0,41.0,43.0,26.0,29.0,28.0,52.0,99.32,3975442432,1554423808,1507024896,10.25,9.5,9.46,25297891328,9720311808
2026-04-27T15:16:24.286031+02:00,0.0980138224349169,0.2684209167063843,0.23709328667126695,1.622508294797715,1.4195811741694842,2.310212465846808,1.1833304300638852,-0.13989816641188357,-0.27347816332532116,0.1534907323783572,-1.0968889169280263,0.42960727419777234,50.0,51.0,51.0,41.0,43.0,26.0,29.0,28.0,52.0,99.32,3975442432,1554423808,1507024896,10.25,9.5,9.46,25297891328,9720311808
2026-04-27T15:16:24.339342+02:00,0.0980138224349169,0.2684209167063843,0.23709328667126695,1.622508294797715,1.4195811741694842,2.310212465846808,1.1833304300638852,-0.13989816641188357,-0.27347816332532116,0.1534907323783572,-1.0968889169280263,0.42960727419777234,50.0,51.0,51.0,41.0,43.0,26.0,29.0,28.0,52.0,99.32,3975442432,1554423808,1507024896,10.25,9.5,9.46,25297891328,9720311808
2026-04-27T15:16:24.392292+02:00,0.0980138224349169,0.2684209167063843,0.23709328667126695,1.622508294797715,1.4195811741694842,2.310212465846808,1.1833304300638852,-0.13989816641188357,-0.27347816332532116,0.1534907323783572,-1.0968889169280263,0.42960727419777234,50.0,51.0,51.0,41.0,43.0,26.0,29.0,28.0,52.0,99.32,3975442432,1554423808,1507024896,10.25,9.5,9.46,25297891328,9720311808
2026-04-27T15:16:24.445547+02:00,0.0980138224349169,0.2684209167063843,0.23709328667126695,1.622508294797715,1.4195811741694842,2.310212465846808,1.1833304300638852,-0.13989816641188357,-0.27347816332532116,0.1534907323783572,-1.0968889169280263,0.42960727419777234,50.0,51.0,51.0,41.0,43.0,26.0,29.0,28.0,52.0,99.32,3975442432,1554423808,1507024896,10.25,9.5,9.46,25297891328,9720311808
2026-04-27T15:16:24.495699+02:00,0.0980138224349169,0.2684209167063843,0.23709328667126695,1.622508294797715,1.4195811741694842,2.310212465846808,1.1833304300638852,-0.13989816641188357,-0.27347816332532116,0.1534907323783572,-1.0968889169280263,0.42960727419777234,50.0,51.0,51.0,41.0,43.0,26.0,29.0,28.0,52.0,99.32,3975442432,1554423808,1507024896,10.25,9.5,9.46,25297891328,9720311808
2026-04-27T15:16:24.548297+02:00,0.0980138224349169,0.2684209167063843,0.23709328667126695,1.622508294797715,1.4195811741694842,2.310212465846808,1.1833304300638852,-0.13989816641188357,-0.27347816332532116,0.1534907323783572,-1.0968889169280263,0.42960727419777234,50.0,51.0,51.0,41.0,43.0,26.0,29.0,28.0,52.0,99.32,3975442432,1554423808,1507024896,10.25,9.5,9.46,25297891328,9720311808
2026-04-27T15:16:24.602623+02:00,0.0980138224349169,0.2684209167063843,0.23709328667126695,1.622508294797715,1.4195811741694842,2.310212465846808,1.1833304300638852,-0.13989816641188357,-0.27347816332532116,0.1534907323783572,-1.0968889169280263,0.42960727419777234,50.0,51.0,51.0,41.0,43.0,26.0,29.0,28.0,52.0,99.32,3975442432,1554423808,1507024896,10.25,9.5,9.46,25297891328,9720311808
2026-04-27T15:16:24.653431+02:00,0.0980138224349169,0.2684209167063843,0.23709328667126695,1.622508294797715,1.4195811741694842,2.310212465846808,1.1833304300638852,-0.13989816641188357,-0.27347816332532116,0.1534907323783572,-1.0968889169280263,0.42960727419777234,50.0,51.0,51.0,41.0,43.0,26.0,29.0,28.0,52.0,99.32,3975442432,1554423808,1507024896,10.25,9.5,9.46,25297891328,9720311808
2026-04-27T15:16:24.706526+02:00,0.0980138224349169,0.2684209167063843,0.23709328667126695,1.622508294797715,1.4195811741694842,2.310212465846808,1.1833304300638852,-0.13989816641188357,-0.27347816332532116,0.1534907323783572,-1.0968889169280263,0.42960727419777234,50.0,51.0,51.0,41.0,43.0,26.0,29.0,28.0,52.0,99.32,3975442432,1554423808,1507024896,10.25,9.5,9.46,25297891328,9720311808
2026-04-27T15:16:24.761454+02:00,0.0980138224349169,0.2684209167063843,0.23709328667126695,1.622508294797715,1.4195811741694842,2.310212465846808,1.1833304300638852,-0.13989816641188357,-0.27347816332532116,0.1534907323783572,-1.0968889169280263,0.42960727419777234,50.0,51.0,51.0,41.0,43.0,26.0,29.0,28.0,52.0,99.32,3975442432,1554423808,1507024896,10.25,9.5,9.46,25297891328,9720311808
2026-04-27T15:16:24.812204+02:00,0.0980138224349169,0.2684209167063843,0.23709328667126695,1.622508294797715,1.4195811741694842,2.310212465846808,1.1833304300638852,-0.13989816641188357,-0.27347816332532116,0.1534907323783572,-1.0968889169280263,0.42960727419777234,50.0,51.0,51.0,41.0,43.0,26.0,29.0,28.0,52.0,99.32,3975442432,1554423808,1507024896,10.25,9.5,9.46,25297891328,9720311808
2026-04-27T15:16:24.863548+02:00,0.0980138224349169,0.2684209167063843,0.23709328667126695,1.622508294797715,1.4195811741694842,2.310212465846808,1.1833304300638852,-0.13989816641188357,-0.27347816332532116,0.1534907323783572,-1.0968889169280263,0.42960727419777234,50.0,51.0,51.0,41.0,43.0,26.0,29.0,28.0,52.0,99.32,3975442432,1554423808,1507024896,10.25,9.5,9.46,25297891328,9720311808
2026-04-27T15:16:24.914534+02:00,0.0980138224349169,0.2684209167063843,0.23709328667126695,1.622508294797715,1.4195811741694842,2.310212465846808,1.1939839198180588,-0.1308084916674972,-0.2840827838604387,0.1504227708025856,-1.0968889169280263,0.42960727419777234,50.0,51.0,51.0,41.0,43.0,26.0,29.0,28.0,52.0,99.32,3975442432,1554423808,1507024896,10.25,9.5,9.46,25297891328,9720311808
2026-04-27T15:16:24.968608+02:00,0.0980138224349169,0.2684209167063843,0.23709328667126695,1.622508294797715,1.4195811741694842,2.310212465846808,1.1970277740335367,-0.12777860008603503,-0.29014256702336305,0.14888879001470023,-1.0968889169280263,0.42960727419777234,50.0,51.0,51.0,41.0,43.0,26.0,29.0,28.0,52.0,99.32,3975442432,1554423808,1507024896,10.25,9.5,9.46,25297891328,9720311808
2026-04-27T15:16:25.020690+02:00,0.0980138224349169,0.2684209167063843,0.23709328667126695,1.622508294797715,1.4195811741694842,2.310212465846808,1.2015935553567538,-0.1217188169231107,-0.2946874043955563,0.14888879001470023,-1.0999568785037979,0.42960727419777234,50.0,51.0,51.0,41.0,43.0,26.0,29.0,28.0,52.0,99.32,3975442432,1586442240,1474994176,10.25,9.5,9.46,25297891328,9720332288
2026-04-27T15:16:25.071706+02:00,0.09341064514102954,0.2665292108225537,0.23644837217074374,1.6383848939073258,1.4253149297225285,2.3414702970353725,1.2122470451109275,-0.1141440879694553,-0.3037770791399428,0.14582082843892863,-1.1030248400795686,0.42960727419777234,50.0,51.0,51.0,41.0,43.0,26.0,29.0,28.0,52.0,99.32,3975442432,1586442240,1474994176,10.25,9.5,9.46,25297891328,9720332288
2026-04-27T15:16:25.124986+02:00,0.09341064514102954,0.2665292108225537,0.23644837217074374,1.6383848939073258,1.4253149297225285,2.3414702970353725,1.2229005348651012,-0.10505441322506881,-0.31589664546579144,0.1396849052873863,-1.1091607632311118,0.42960727419777234,50.0,51.0,51.0,41.0,43.0,26.0,29.0,28.0,52.0,99.32,3975442432,1586442240,1474994176,10.25,9.5,9.46,25297891328,9720332288
2026-04-27T15:16:25.175541+02:00,0.09341064514102954,0.2665292108225537,0.23644837217074374,1.6383848939073258,1.4253149297225285,2.3414702970353725,1.225944389080579,-0.10353946743433773,-0.3189265370472536,0.1366169437116147,-1.1091607632311118,0.42960727419777234,50.0,51.0,51.0,41.0,43.0,26.0,29.0,28.0,52.0,99.32,3975442432,1586442240,1474994176,10.25,9.5,9.46,25297891328,9720332288
2026-04-27T15:16:25.227178+02:00,0.09341064514102954,0.2665292108225537,0.23644837217074374,1.6383848939073258,1.4253149297225285,2.3414702970353725,1.225944389080579,-0.10353946743433773,-0.3189265370472536,0.1366169437116147,-1.1091607632311118,0.42960727419777234,50.0,51.0,51.0,41.0,43.0,26.0,29.0,28.0,52.0,99.32,3975442432,1586442240,1474994176,10.25,9.5,9.46,25297891328,9720332288
2026-04-27T15:16:25.278614+02:00,0.08087009002726091,0.26034790425623044,0.23540448960542443,1.797834096403533,1.4466665038991096,2.5463764849623134,1.2502952228044042,-0.08384517215483378,-0.34619556128041296,0.12741305898430122,-1.1229665903220822,0.42960727419777234,50.0,51.0,51.0,41.0,43.0,26.0,29.0,28.0,52.0,99.32,3975442432,1586442240,1474994176,10.25,9.5,9.46,25297891328,9720332288
2026-04-27T15:16:25.330436+02:00,0.08087009002726091,0.26034790425623044,0.23540448960542443,1.797834096403533,1.4466665038991096,2.5463764849623134,1.2579048583430992,-0.07627044320117837,-0.35377029023406836,0.12434509740852961,-1.1260345518978538,0.42960727419777234,50.0,51.0,51.0,41.0,43.0,26.0,29.0,28.0,52.0,99.32,3975442432,1586442240,1474994176,10.25,9.5,9.46,25297891328,9720332288
2026-04-27T15:16:25.385419+02:00,0.08087009002726091,0.26034790425623044,0.23540448960542443,1.797834096403533,1.4466665038991096,2.5463764849623134,1.2700802752050113,-0.0656658226660608,-0.36891974814137907,0.11667519346910149,-1.133704455837282,0.42960727419777234,50.0,51.0,51.0,41.0,43.0,26.0,29.0,28.0,52.0,99.32,3975442432,1586442240,1474994176,10.25,9.5,9.46,25297891328,9720332288
2026-04-27T15:16:25.440439+02:00,0.08087009002726091,0.26034790425623044,0.23540448960542443,1.797834096403533,1.4466665038991096,2.5463764849623134,1.2913872547133587,-0.047486473177287825,-0.3916439350023453,0.10747130874178756,-1.1444423213524808,0.42960727419777234,50.0,51.0,51.0,41.0,43.0,26.0,29.0,28.0,52.0,99.32,3975442432,1586442240,1474994176,10.25,9.5,9.46,25297891328,9720332288
2026-04-27T15:16:25.494031+02:00,0.06726246937595849,0.2519841283237239,0.2335974285631754,2.0594636123284484,1.4690726157165208,2.8618702497892725,1.3111723071139658,-0.03082206947924604,-0.41133823028184924,0.09826742401447408,-1.1582481484434521,0.42960727419777234,50.0,51.0,51.0,41.0,43.0,26.0,29.0,28.0,52.0,99.32,3975442432,1586442240,1474994176,10.25,9.5,9.46,25297891328,9720332288
2026-04-27T15:16:25.544168+02:00,0.06726246937595849,0.2519841283237239,0.2335974285631754,2.0594636123284484,1.4690726157165208,2.8618702497892725,1.3218257968681395,-0.02173239473485955,-0.4234577966076979,0.09366548165081712,-1.1643840715949945,0.43114125498565814,50.0,51.0,51.0,41.0,43.0,26.0,29.0,28.0,52.0,99.32,3975442432,1586442240,1474994176,10.25,9.5,9.46,25297891328,9720332288
2026-04-27T15:16:25.597705+02:00,0.06726246937595849,0.2519841283237239,0.2335974285631754,2.0594636123284484,1.4690726157165208,2.8618702497892725,1.3324792866223132,-0.012642719990473061,-0.43557736293354654,0.08906353928716015,-1.168986013958651,0.43114125498565814,50.0,51.0,51.0,41.0,43.0,26.0,29.0,28.0,52.0,99.32,3975442432,1586442240,1474994176,10.25,9.5,9.46,25297891328,9720332288
2026-04-27T15:16:25.651941+02:00,0.05180688568570893,0.2407436933233422,0.23130122466081995,2.5395474802707683,1.4773357403053473,-2.8790538294198433,1.3613959016693546,0.016141250033417376,-0.4689061703296302,0.07525771219618926,-1.185859802625393,0.4326752357735435,50.0,51.0,51.0,41.0,43.0,26.0,29.0,28.0,52.0,99.32,3975442432,1586442240,1474994176,10.25,9.5,9.46,25297891328,9720332288
2026-04-27T15:16:25.702488+02:00,0.05180688568570893,0.2407436933233422,0.23130122466081995,2.5395474802707683,1.4773357403053473,-2.8790538294198433,1.3735713185312677,0.026745870568534946,-0.4810257366554789,0.0691217890446465,-1.1904617449890504,0.4326752357735435,50.0,51.0,51.0,41.0,43.0,26.0,29.0,28.0,52.0,99.32,3975442432,1586442240,1474994176,10.25,9.5,9.46,25297891328,9720332288
2026-04-27T15:16:25.753781+02:00,0.05180688568570893,0.2407436933233422,0.23130122466081995,2.5395474802707683,1.4773357403053473,-2.8790538294198433,1.3948782980396142,0.046440165848039006,-0.503749923516445,0.059917904317333015,-1.1996656297163644,0.4326752357735435,50.0,51.0,51.0,41.0,43.0,26.0,29.0,28.0,52.0,99.32,3975442432,1586442240,1474994176,10.25,9.5,9.46,25297891328,9720332288
2026-04-27T15:16:25.808842+02:00,0.05180688568570893,0.2407436933233422,0.23130122466081995,2.5395474802707683,1.4773357403053473,-2.8790538294198433,1.4085756420092657,0.06007467796461863,-0.5188993814237558,0.05684994274156141,-1.2058015528679067,0.4326752357735435,50.0,51.0,51.0,41.0,43.0,26.0,29.0,28.0,52.0,99.32,3975442432,1586442240,1474994176,10.25,9.5,9.46,25297891328,9720332288
2026-04-27T15:16:25.863030+02:00,0.029499211931522325,0.21971304111173934,0.22834163047775222,-3.101638248513084,1.455544805993526,-2.1331437802701663,1.4329264757330908,0.08279886482558485,-0.5446534598661842,0.043044115650590964,-1.221141360746763,0.4326752357735435,50.0,51.0,51.0,41.0,43.0,26.0,29.0,28.0,52.0,93.48,3975442432,1590431744,1470996480,10.25,9.5,9.46,25297891328,9720332288
2026-04-27T15:16:25.916730+02:00,0.029499211931522325,0.21971304111173934,0.22834163047775222,-3.101638248513084,1.455544805993526,-2.1331437802701663,1.4557553823491767,0.10400810589581999,-0.5704075383086125,0.038442173286934,-1.2272772838983061,0.43114125498565814,50.0,51.0,51.0,41.0,43.0,26.0,29.0,28.0,52.0,93.48,3975442432,1590431744,1470996480,10.25,9.5,9.46,25297891328,9720332288
2026-04-27T15:16:25.971573+02:00,0.029499211931522325,0.21971304111173934,0.22834163047775222,-3.101638248513084,1.455544805993526,-2.1331437802701663,1.472496580534306,0.1191575638031307,-0.5901018335881165,0.030772269347505876,-1.2364811686256192,0.43114125498565814,50.0,51.0,51.0,41.0,43.0,26.0,29.0,28.0,52.0,93.48,3975442432,1590431744,1470996480,10.25,9.5,9.46,25297891328,9720332288
2026-04-27T15:16:26.022629+02:00,0.029499211931522325,0.21971304111173934,0.22834163047775222,-3.101638248513084,1.455544805993526,-2.1331437802701663,1.4907597058271747,0.13733691329190367,-0.6097961288676205,0.02156838462019195,-1.2456850533529331,0.4326752357735435,50.0,51.0,51.0,41.0,43.0,26.0,29.0,28.0,52.0,93.48,3975442432,1590431744,1470996480,10.25,9.5,9.46,25297891328,9720332288
2026-04-27T15:16:26.077232+02:00,0.01616121836187278,0.20391695804702717,0.22534376033659015,-2.8509424272413915,1.42496024787513,-1.80949468824107,1.499891268473609,0.14491164224555902,-0.620400749402738,0.020034403832306147,-1.247219034140819,0.4326752357735435,50.0,51.0,51.0,41.0,43.0,26.0,29.0,28.0,52.0,93.48,3975442432,1590431744,1470996480,10.25,9.5,9.46,25297891328,9720332288
2026-04-27T15:16:26.127354+02:00,0.01616121836187278,0.20391695804702717,0.22534376033659015,-2.8509424272413915,1.42496024787513,-1.80949468824107,1.5257640293051726,0.16915077489725627,-0.6491847194266285,0.01083051910499222,-1.2610248612317903,0.4326752357735435,50.0,51.0,51.0,41.0,43.0,26.0,29.0,28.0,52.0,93.48,3975442432,1590431744,1470996480,10.25,9.5,9.46,25297891328,9720332288
2026-04-27T15:16:26.180615+02:00,0.01616121836187278,0.20391695804702717,0.22534376033659015,-2.8509424272413915,1.42496024787513,-1.80949468824107,1.5303298106283898,0.17218066647871844,-0.6537295567988217,0.009296538317106862,-1.2625588420196752,0.4326752357735435,50.0,51.0,51.0,41.0,43.0,26.0,29.0,28.0,52.0,93.48,3975442432,1590431744,1470996480,10.25,9.5,9.46,25297891328,9720332288
2026-04-27T15:16:26.233635+02:00,0.01616121836187278,0.20391695804702717,0.22534376033659015,-2.8509424272413915,1.42496024787513,-1.80949468824107,1.5440271545980413,0.18733012438602925,-0.6703939604968636,0.004694595953449898,-1.2656268035954468,0.4326752357735435,50.0,51.0,51.0,41.0,43.0,26.0,29.0,28.0,52.0,93.48,3975442432,1590431744,1470996480,10.25,9.5,9.46,25297891328,9720332288
2026-04-27T15:16:26.283714+02:00,0.01616121836187278,0.20391695804702717,0.22534376033659015,-2.8509424272413915,1.42496024787513,-1.80949468824107,1.5440271545980413,0.18733012438602925,-0.6703939604968636,0.004694595953449898,-1.2656268035954468,0.4326752357735435,50.0,51.0,51.0,41.0,43.0,26.0,29.0,28.0,52.0,93.48,3975442432,1590431744,1470996480,10.25,9.5,9.46,25297891328,9720332288
2026-04-27T15:16:26.338755+02:00,0.007059210199543629,0.1919233638345444,0.22250559845784776,-2.7566566130664265,1.3972734262295956,-1.6625919981083042,1.5638122069986493,0.20853936545626434,-0.6916032015670988,-0.0014413271980928677,-1.2763646691106465,0.4326752357735435,50.0,51.0,51.0,41.0,43.0,26.0,29.0,28.0,52.0,93.48,3975442432,1590431744,1470996480,10.25,9.5,9.46,25297891328,9720332288
2026-04-27T15:16:26.391492+02:00,0.007059210199543629,0.1919233638345444,0.22250559845784776,-2.7566566130664265,1.3972734262295956,-1.6625919981083042,1.5729437696450836,0.22065893178211293,-0.7037227678929473,-0.006043269561749831,-1.2778986498985323,0.4326752357735435,50.0,51.0,51.0,41.0,43.0,26.0,29.0,28.0,52.0,93.48,3975442432,1590431744,1470996480,10.25,9.5,9.46,25297891328,9720332288
2026-04-27T15:16:26.446370+02:00,-0.0003117627622353747,0.17957103302175745,0.22068927381142117,-2.6877947230025585,1.3805845695823722,-1.544290564553244,1.5759876238605615,0.2236888233635751,-0.7067526594744095,-0.004509288773864029,-1.2778986498985323,0.4326752357735435,50.0,51.0,51.0,41.0,43.0,26.0,29.0,28.0,52.0,93.48,3975442432,1590431744,1470996480,10.25,9.5,9.46,25297891328,9720332288
2026-04-27T15:16:26.497082+02:00,-0.0003117627622353747,0.17957103302175745,0.22068927381142117,-2.6877947230025585,1.3805845695823722,-1.544290564553244,1.582075332291518,0.2312635523172305,-0.7128124426373338,-0.006043269561749831,-1.2794326306864172,0.4326752357735435,50.0,51.0,51.0,41.0,43.0,26.0,29.0,28.0,52.0,93.48,3975442432,1590431744,1470996480,10.25,9.5,9.46,25297891328,9720332288
2026-04-27T15:16:26.551982+02:00,-0.0003117627622353747,0.17957103302175745,0.22068927381142117,-2.6877947230025585,1.3805845695823722,-1.544290564553244,1.5851191865069958,0.23580838968942375,-0.717357280009527,-0.009111231137520992,-1.2840345730500746,0.4326752357735435,50.0,51.0,51.0,41.0,43.0,26.0,29.0,28.0,52.0,93.48,3975442432,1590431744,1470996480,10.25,9.5,9.46,25297891328,9720332288
2026-04-27T15:16:26.606962+02:00,-0.0003117627622353747,0.17957103302175745,0.22068927381142117,-2.6877947230025585,1.3805845695823722,-1.544290564553244,1.5866411136147351,0.23883828127088585,-0.7188722258002581,-0.010645211925406795,-1.2840345730500746,0.4326752357735435,50.0,51.0,51.0,41.0,43.0,26.0,29.0,28.0,52.0,93.48,3975442432,1590431744,1470996480,10.25,9.5,9.46,25297891328,9720332288
2026-04-27T15:16:26.657156+02:00,-0.0018223755098135416,0.17632835336405064,0.22053660699562055,-2.66722512452493,1.3758269795992957,-1.5113502220305066,1.5866411136147351,0.23883828127088585,-0.7188722258002581,-0.009111231137520992,-1.2840345730500746,0.4326752357735435,50.0,51.0,51.0,41.0,43.0,26.0,29.0,28.0,52.0,93.48,3975442432,1590431744,1470996480,10.25,9.5,9.46,25297891328,9720332288
2026-04-27T15:16:26.709981+02:00,-0.0018223755098135416,0.17632835336405064,0.22053660699562055,-2.66722512452493,1.3758269795992957,-1.5113502220305066,1.5866411136147351,0.23883828127088585,-0.7188722258002581,-0.009111231137520992,-1.2840345730500746,0.4326752357735435,50.0,51.0,51.0,41.0,43.0,26.0,29.0,28.0,52.0,93.48,3975442432,1590431744,1470996480,10.25,9.5,9.46,25297891328,9720332288
2026-04-27T15:16:26.764438+02:00,-0.0018223755098135416,0.17632835336405064,0.22053660699562055,-2.66722512452493,1.3758269795992957,-1.5113502220305066,1.5866411136147351,0.23883828127088585,-0.7188722258002581,-0.009111231137520992,-1.2840345730500746,0.4326752357735435,50.0,51.0,51.0,41.0,43.0,26.0,29.0,28.0,52.0,93.48,3975442432,1590431744,1470996480,10.25,9.5,9.46,25297891328,9720332288
2026-04-27T15:16:26.818480+02:00,-0.0018223755098135416,0.17632835336405064,0.22053660699562055,-2.66722512452493,1.3758269795992957,-1.5113502220305066,1.5866411136147351,0.23883828127088585,-0.7188722258002581,-0.009111231137520992,-1.2840345730500746,0.4326752357735435,50.0,51.0,51.0,41.0,43.0,26.0,29.0,28.0,52.0,93.13,3975442432,1590280192,1471111168,10.25,9.5,9.46,25297891328,9720336384
2026-04-27T15:16:26.870040+02:00,-0.0020842041922907585,0.1759134131360082,0.22074239197639542,-2.6668696732448374,1.3773403714394952,-1.5094795260526008,1.5866411136147351,0.23883828127088585,-0.7188722258002581,-0.009111231137520992,-1.2840345730500746,0.4326752357735435,50.0,51.0,51.0,41.0,43.0,26.0,29.0,28.0,52.0,93.13,3975442432,1590280192,1471111168,10.25,9.5,9.46,25297891328,9720336384
2026-04-27T15:16:26.920267+02:00,-0.0020842041922907585,0.1759134131360082,0.22074239197639542,-2.6668696732448374,1.3773403714394952,-1.5094795260526008,1.5866411136147351,0.23883828127088585,-0.7188722258002581,-0.009111231137520992,-1.2840345730500746,0.4326752357735435,50.0,51.0,51.0,41.0,43.0,26.0,29.0,28.0,52.0,93.13,3975442432,1590280192,1471111168,10.25,9.5,9.46,25297891328,9720336384
2026-04-27T15:16:26.972968+02:00,-0.0020842041922907585,0.1759134131360082,0.22074239197639542,-2.6668696732448374,1.3773403714394952,-1.5094795260526008,1.5866411136147351,0.23883828127088585,-0.7188722258002581,-0.009111231137520992,-1.2840345730500746,0.4326752357735435,50.0,51.0,51.0,41.0,43.0,26.0,29.0,28.0,52.0,93.13,3975442432,1590280192,1471111168,10.25,9.5,9.46,25297891328,9720336384
2026-04-27T15:16:27.025766+02:00,-0.0020842041922907585,0.1759134131360082,0.22074239197639542,-2.6668696732448374,1.3773403714394952,-1.5094795260526008,1.5866411136147351,0.23883828127088585,-0.7188722258002581,-0.009111231137520992,-1.2840345730500746,0.4326752357735435,50.0,51.0,51.0,41.0,43.0,26.0,29.0,28.0,52.0,93.13,3975442432,1590280192,1471111168,10.25,9.5,9.46,25297891328,9720336384
2026-04-27T15:16:27.075903+02:00,-0.0020842041922907585,0.1759134131360082,0.22074239197639542,-2.6668696732448374,1.3773403714394952,-1.5094795260526008,1.5866411136147351,0.23883828127088585,-0.7188722258002581,-0.009111231137520992,-1.2840345730500746,0.4326752357735435,50.0,51.0,51.0,41.0,43.0,26.0,29.0,28.0,53.0,93.13,3975442432,1590280192,1471111168,10.25,9.5,9.46,25297891328,9720336384
2026-04-27T15:16:27.130924+02:00,-0.0020842041922907585,0.1759134131360082,0.22074239197639542,-2.6668696732448374,1.3773403714394952,-1.5094795260526008,1.5866411136147351,0.23883828127088585,-0.7188722258002581,-0.009111231137520992,-1.2840345730500746,0.4326752357735435,50.0,51.0,51.0,41.0,43.0,26.0,29.0,28.0,53.0,93.13,3975442432,1590280192,1471111168,10.25,9.5,9.46,25297891328,9720336384
2026-04-27T15:16:27.181283+02:00,-0.0020842041922907585,0.1759134131360082,0.22074239197639542,-2.6668696732448374,1.3773403714394952,-1.5094795260526008,1.5866411136147351,0.23883828127088585,-0.7188722258002581,-0.009111231137520992,-1.2840345730500746,0.4326752357735435,50.0,51.0,51.0,41.0,43.0,26.0,29.0,28.0,53.0,93.13,3975442432,1590280192,1471111168,10.25,9.5,9.46,25297891328,9720336384
2026-04-27T15:16:27.234938+02:00,-0.0020842041922907585,0.1759134131360082,0.22074239197639542,-2.6668696732448374,1.3773403714394952,-1.5094795260526008,1.5866411136147351,0.23883828127088585,-0.7188722258002581,-0.009111231137520992,-1.2840345730500746,0.4326752357735435,50.0,51.0,51.0,41.0,43.0,26.0,29.0,28.0,53.0,93.13,3975442432,1590280192,1471111168,10.25,9.5,9.46,25297891328,9720336384
2026-04-27T15:16:27.287647+02:00,-0.0020842041922907585,0.1759134131360082,0.22074239197639542,-2.6668696732448374,1.3773403714394952,-1.5094795260526008,1.5866411136147351,0.23883828127088585,-0.7188722258002581,-0.009111231137520992,-1.2840345730500746,0.4326752357735435,50.0,51.0,51.0,41.0,43.0,26.0,29.0,28.0,53.0,93.13,3975442432,1590280192,1471111168,10.25,9.5,9.46,25297891328,9720336384
2026-04-27T15:16:27.337778+02:00,-0.0020842041922907585,0.1759134131360082,0.22074239197639542,-2.6668696732448374,1.3773403714394952,-1.5094795260526008,1.5866411136147351,0.23883828127088585,-0.7188722258002581,-0.009111231137520992,-1.2840345730500746,0.4326752357735435,50.0,51.0,51.0,41.0,43.0,26.0,29.0,28.0,53.0,93.13,3975442432,1590280192,1471111168,10.25,9.5,9.46,25297891328,9720336384
2026-04-27T15:16:27.392856+02:00,-0.0020842041922907585,0.1759134131360082,0.22074239197639542,-2.6668696732448374,1.3773403714394952,-1.5094795260526008,1.5866411136147351,0.23883828127088585,-0.7188722258002581,-0.010645211925406795,-1.2840345730500746,0.4326752357735435,50.0,51.0,51.0,41.0,43.0,26.0,29.0,28.0,53.0,93.13,3975442432,1590280192,1471111168,10.25,9.5,9.46,25297891328,9720336384
2026-04-27T15:16:27.443886+02:00,-0.0019658312939392526,0.17591582907846615,0.22074342937233316,-2.6598022307109184,1.377273328324023,-1.5018355596246573,1.5866411136147351,0.23883828127088585,-0.7188722258002581,-0.010645211925406795,-1.2840345730500746,0.4326752357735435,50.0,51.0,51.0,41.0,43.0,26.0,29.0,28.0,53.0,93.13,3975442432,1590280192,1471111168,10.25,9.5,9.46,25297891328,9720336384
2026-04-27T15:16:27.494642+02:00,-0.0019658312939392526,0.17591582907846615,0.22074342937233316,-2.6598022307109184,1.377273328324023,-1.5018355596246573,1.5866411136147351,0.23883828127088585,-0.7188722258002581,-0.010645211925406795,-1.2840345730500746,0.4326752357735435,50.0,51.0,51.0,41.0,43.0,26.0,29.0,28.0,53.0,93.13,3975442432,1590280192,1471111168,10.25,9.5,9.46,25297891328,9720336384
2026-04-27T15:16:27.546976+02:00,-0.0019658312939392526,0.17591582907846615,0.22074342937233316,-2.6598022307109184,1.377273328324023,-1.5018355596246573,1.5866411136147351,0.23883828127088585,-0.7188722258002581,-0.010645211925406795,-1.2840345730500746,0.43114125498565814,50.0,51.0,51.0,41.0,43.0,26.0,29.0,28.0,53.0,93.13,3975442432,1590280192,1471111168,10.25,9.5,9.46,25297891328,9720336384
2026-04-27T15:16:27.600244+02:00,-0.0019658312939392526,0.17591582907846615,0.22074342937233316,-2.6598022307109184,1.377273328324023,-1.5018355596246573,1.5866411136147351,0.23883828127088585,-0.7188722258002581,-0.010645211925406795,-1.2840345730500746,0.4326752357735435,50.0,51.0,51.0,41.0,43.0,26.0,29.0,28.0,53.0,93.13,3975442432,1590280192,1471111168,10.25,9.5,9.46,25297891328,9720336384
2026-04-27T15:16:27.654448+02:00,-0.001963275652906794,0.17578788670976567,0.22075411839472475,-2.6601834826304365,1.3757411830193467,-1.5022241221680517,1.5866411136147351,0.23883828127088585,-0.7188722258002581,-0.010645211925406795,-1.2840345730500746,0.4326752357735435,50.0,51.0,51.0,41.0,43.0,26.0,29.0,28.0,53.0,93.13,3975442432,1590280192,1471111168,10.25,9.5,9.46,25297891328,9720336384
2026-04-27T15:16:27.707024+02:00,-0.001963275652906794,0.17578788670976567,0.22075411839472475,-2.6601834826304365,1.3757411830193467,-1.5022241221680517,1.5866411136147351,0.23883828127088585,-0.7188722258002581,-0.010645211925406795,-1.2840345730500746,0.4326752357735435,50.0,51.0,51.0,41.0,43.0,26.0,29.0,28.0,53.0,93.13,3975442432,1590280192,1471111168,10.25,9.5,9.46,25297891328,9720336384
2026-04-27T15:16:27.757917+02:00,-0.001963275652906794,0.17578788670976567,0.22075411839472475,-2.6601834826304365,1.3757411830193467,-1.5022241221680517,1.5866411136147351,0.23883828127088585,-0.7188722258002581,-0.010645211925406795,-1.2840345730500746,0.4326752357735435,50.0,51.0,51.0,41.0,43.0,26.0,29.0,28.0,53.0,93.13,3975442432,1590280192,1471111168,10.25,9.5,9.46,25297891328,9720336384
2026-04-27T15:16:27.808306+02:00,-0.001963275652906794,0.17578788670976567,0.22075411839472475,-2.6601834826304365,1.3757411830193467,-1.5022241221680517,1.5866411136147351,0.23883828127088585,-0.7188722258002581,-0.010645211925406795,-1.2840345730500746,0.4326752357735435,50.0,51.0,51.0,41.0,43.0,26.0,29.0,28.0,53.0,97.73,3975442432,1574297600,1487110144,10.39,9.54,9.47,25297891328,9720344576
2026-04-27T15:16:27.862202+02:00,-0.0019658312939392526,0.17591582907846615,0.22074342937233316,-2.6598022307109184,1.377273328324023,-1.5018355596246573,1.5866411136147351,0.23883828127088585,-0.7188722258002581,-0.010645211925406795,-1.2840345730500746,0.4326752357735435,50.0,51.0,51.0,41.0,43.0,26.0,29.0,28.0,53.0,97.73,3975442432,1574297600,1487110144,10.39,9.54,9.47,25297891328,9720344576
2026-04-27T15:16:27.914152+02:00,-0.0019658312939392526,0.17591582907846615,0.22074342937233316,-2.6598022307109184,1.377273328324023,-1.5018355596246573,1.5835972593992573,0.23580838968942375,-0.7219021173817203,-0.012179192713292153,-1.2840345730500746,0.43114125498565814,50.0,51.0,51.0,41.0,43.0,26.0,29.0,28.0,53.0,97.73,3975442432,1574297600,1487110144,10.39,9.54,9.47,25297891328,9720344576
2026-04-27T15:16:27.965606+02:00,-0.0019658312939392526,0.17591582907846615,0.22074342937233316,-2.6598022307109184,1.377273328324023,-1.5018355596246573,1.5790314780760402,0.22974860652649942,-0.7234170631724514,-0.012179192713292153,-1.2748306883227607,0.4265393126220012,50.0,51.0,51.0,41.0,43.0,26.0,29.0,28.0,53.0,97.73,3975442432,1574297600,1487110144,10.39,9.54,9.47,25297891328,9720344576
2026-04-27T15:16:28.017863+02:00,-0.0019658312939392526,0.17591582907846615,0.22074342937233316,-2.6598022307109184,1.377273328324023,-1.5018355596246573,1.5729437696450836,0.2236888233635751,-0.7279619005446446,-0.013713173501177955,-1.2625588420196752,0.4142674663189161,50.0,51.0,51.0,41.0,43.0,26.0,29.0,28.0,53.0,97.73,3975442432,1574297600,1487110144,10.39,9.54,9.47,25297891328,9720344576
2026-04-27T15:16:28.068464+02:00,-0.0005165557030490015,0.1764296039653262,0.21809711972604442,-2.665112963747413,1.3727757109687413,-1.5033112284909766,1.5668560612141271,0.21308420282845758,-0.7309917921261068,-0.01831511586483492,-1.2303452454740769,0.39432571607640243,50.0,51.0,51.0,41.0,43.0,26.0,29.0,28.0,53.0,97.73,3975442432,1574297600,1487110144,10.39,9.54,9.47,25297891328,9720344576
2026-04-27T15:16:28.119497+02:00,-0.0005165557030490015,0.1764296039653262,0.21809711972604442,-2.665112963747413,1.3727757109687413,-1.5033112284909766,1.56229027989091,0.20702441966553325,-0.7340216837075689,-0.01831511586483492,-1.2150054375952206,0.38512183134908895,50.0,51.0,51.0,41.0,43.0,26.0,29.0,28.0,53.0,97.73,3975442432,1574297600,1487110144,10.39,9.54,9.47,25297891328,9720344576
2026-04-27T15:16:28.171443+02:00,-0.0005165557030490015,0.1764296039653262,0.21809711972604442,-2.665112963747413,1.3727757109687413,-1.5033112284909766,1.554680644352215,0.19187496175822244,-0.7370515752890311,-0.019849096652720277,-1.195063687352707,0.37284998504600386,50.0,51.0,51.0,41.0,43.0,26.0,29.0,28.0,53.0,97.73,3975442432,1574297600,1487110144,10.39,9.54,9.47,25297891328,9720344576
2026-04-27T15:16:28.222878+02:00,-0.0005165557030490015,0.1764296039653262,0.21809711972604442,-2.665112963747413,1.3727757109687413,-1.5033112284909766,1.5531587172444756,0.18733012438602925,-0.7385665210797622,-0.019849096652720277,-1.1812578602617365,0.36364610031868994,50.0,51.0,51.0,41.0,43.0,26.0,29.0,28.0,53.0,97.73,3975442432,1574297600,1487110144,10.39,9.54,9.47,25297891328,9720344576
2026-04-27T15:16:28.276519+02:00,0.005368922410344295,0.18380976326435472,0.20550869341818678,-2.6698114250177776,1.4065413570591239,-1.4704487690862538,1.5440271545980413,0.17066572068798735,-0.7415964126612242,-0.02445103901637724,-1.1613161100192229,0.34984027322771905,50.0,51.0,51.0,41.0,43.0,26.0,29.0,28.0,53.0,97.73,3975442432,1574297600,1487110144,10.39,9.54,9.47,25297891328,9720344576
2026-04-27T15:16:28.330966+02:00,0.005368922410344295,0.18380976326435472,0.20550869341818678,-2.6698114250177776,1.4065413570591239,-1.4704487690862538,1.5394613732748241,0.163090991734332,-0.7431113584519553,-0.025985019804263043,-1.1444423213524808,0.3314325037730912,50.0,51.0,51.0,41.0,43.0,26.0,29.0,28.0,53.0,97.73,3975442432,1574297600,1487110144,10.39,9.54,9.47,25297891328,9720344576
2026-04-27T15:16:28.382751+02:00,0.005368922410344295,0.18380976326435472,0.20550869341818678,-2.6698114250177776,1.4065413570591239,-1.4704487690862538,1.5394613732748241,0.163090991734332,-0.7431113584519553,-0.025985019804263043,-1.1444423213524808,0.3314325037730912,50.0,51.0,51.0,41.0,43.0,26.0,29.0,28.0,53.0,97.73,3975442432,1574297600,1487110144,10.39,9.54,9.47,25297891328,9720344576
2026-04-27T15:16:28.435196+02:00,0.00970856983385578,0.18925554401211753,0.1963300804711194,-2.6682626087762333,1.4260013325706908,-1.4300221528085681,1.5242421021974342,0.12976218433824827,-0.7491711416148796,-0.029052981380034204,-1.090752993776484,0.2930829840759501,50.0,51.0,51.0,41.0,43.0,26.0,29.0,28.0,53.0,97.73,3975442432,1574297600,1487110144,10.39,9.54,9.47,25297891328,9720344576
2026-04-27T15:16:28.485935+02:00,0.00970856983385578,0.18925554401211753,0.1963300804711194,-2.6682626087762333,1.4260013325706908,-1.4300221528085681,1.5135886124432605,0.10855294326801312,-0.7491711416148796,-0.03212094295580581,-1.0570054164429998,0.2731412338334369,50.0,51.0,51.0,41.0,43.0,26.0,29.0,28.0,53.0,97.73,3975442432,1574297600,1487110144,10.39,9.54,9.47,25297891328,9720344576
2026-04-27T15:16:28.539400+02:00,0.00970856983385578,0.18925554401211753,0.1963300804711194,-2.6682626087762333,1.4260013325706908,-1.4300221528085681,1.5090228311200433,0.09794832273289567,-0.7506860874056107,-0.03212094295580581,-1.047801531715686,0.2670053106818946,50.0,51.0,51.0,41.0,43.0,26.0,29.0,28.0,53.0,97.73,3975442432,1574297600,1487110144,10.39,9.54,9.47,25297891328,9720344576
2026-04-27T15:16:28.593052+02:00,0.00970856983385578,0.18925554401211753,0.1963300804711194,-2.6682626087762333,1.4260013325706908,-1.4300221528085681,1.5014131955813483,0.07976897324412269,-0.7522010331963418,-0.03672288531946233,-1.0186558967458583,0.24246161807572397,50.0,51.0,51.0,41.0,43.0,26.0,29.0,28.0,53.0,97.73,3975442432,1574297600,1487110144,10.39,9.54,9.47,25297891328,9720344576
2026-04-27T15:16:28.645864+02:00,0.01538386818223473,0.19632840804908194,0.1841248101131584,-2.671352604099425,1.445517892974095,-1.3938941515176506,1.4938035600426525,0.06007467796461863,-0.7522010331963418,-0.03672288531946233,-0.9941122041396881,0.22712181019686772,50.0,51.0,51.0,41.0,43.0,26.0,29.0,28.0,53.0,97.73,3975442432,1574297600,1487110144,10.39,9.54,9.47,25297891328,9720344576
2026-04-27T15:16:28.700109+02:00,0.01538386818223473,0.19632840804908194,0.1841248101131584,-2.671352604099425,1.445517892974095,-1.3938941515176506,1.4861939245039575,0.04038038268511468,-0.7506860874056107,-0.03825686610734813,-0.9649665691698615,0.21178200231801148,50.0,51.0,51.0,41.0,43.0,26.0,29.0,28.0,53.0,97.73,3975442432,1574297600,1487110144,10.39,9.54,9.47,25297891328,9720344576
2026-04-27T15:16:28.755122+02:00,0.01538386818223473,0.19632840804908194,0.1841248101131584,-2.671352604099425,1.445517892974095,-1.3938941515176506,1.4785842889652625,0.02068608740561062,-0.7506860874056107,-0.03979084689523393,-0.9373549149879197,0.18263636734818434,50.0,51.0,51.0,41.0,43.0,26.0,29.0,28.0,53.0,97.73,3975442432,1574297600,1487110144,10.39,9.54,9.47,25297891328,9720344576
2026-04-27T15:16:28.806859+02:00,0.01538386818223473,0.19632840804908194,0.1841248101131584,-2.671352604099425,1.445517892974095,-1.3938941515176506,1.4664088721033495,-0.012642719990473061,-0.7476561958241486,-0.0443927892588909,-0.8944034529271216,0.15655869395412836,50.0,51.0,51.0,41.0,43.0,26.0,29.0,28.0,53.0,97.73,3975442432,1574297600,1487110144,10.39,9.54,9.47,25297891328,9720344576
2026-04-27T15:16:28.858906+02:00,0.01538386818223473,0.19632840804908194,0.1841248101131584,-2.671352604099425,1.445517892974095,-1.3938941515176506,1.4664088721033495,-0.012642719990473061,-0.7476561958241486,-0.0443927892588909,-0.8944034529271216,0.15655869395412836,50.0,51.0,51.0,41.0,43.0,26.0,29.0,28.0,53.0,93.71,3975442432,1552707584,1508614144,10.39,9.54,9.47,25297891328,9720348672
2026-04-27T15:16:28.912074+02:00,0.024464985365443465,0.2083477636254184,0.16509332447555666,-2.620424718644528,1.4804907841609267,-1.2813294119594454,1.4511896010259595,-0.056576147921674314,-0.7415964126612242,-0.045926770046776255,-0.8575879140178664,0.12741305898430122,50.0,51.0,51.0,41.0,43.0,26.0,29.0,28.0,53.0,93.71,3975442432,1552707584,1508614144,10.39,9.54,9.47,25297891328,9720348672
2026-04-27T15:16:28.965171+02:00,0.024464985365443465,0.2083477636254184,0.16509332447555666,-2.620424718644528,1.4804907841609267,-1.2813294119594454,1.445101892595003,-0.07627044320117837,-0.7370515752890311,-0.045926770046776255,-0.8238403366843823,0.09826742401447408,50.0,51.0,51.0,41.0,43.0,26.0,29.0,28.0,53.0,93.71,3975442432,1552707584,1508614144,10.39,9.54,9.47,25297891328,9720348672
2026-04-27T15:16:29.016183+02:00,0.024464985365443465,0.2083477636254184,0.16509332447555666,-2.620424718644528,1.4804907841609267,-1.2813294119594454,1.437492257056308,-0.09899463006214448,-0.7325067379168378,-0.04899473162254786,-0.7885587785630124,0.07525771219618926,50.0,51.0,51.0,41.0,43.0,26.0,29.0,28.0,53.0,93.71,3975442432,1552707584,1508614144,10.39,9.54,9.47,25297891328,9720348672
2026-04-27T15:16:29.069445+02:00,0.03151584451663874,0.21793887371377538,0.15110063520993322,-2.5111687804179015,1.5069426309936231,-1.1199716036997387,1.4268387673021343,-0.13232343745822828,-0.7264469547539135,-0.05052871241043322,-0.7563451820174141,0.06145188510521837,50.0,51.0,51.0,41.0,43.0,26.0,29.0,28.0,53.0,93.71,3975442432,1552707584,1508614144,10.39,9.54,9.47,25297891328,9720348672
2026-04-27T15:16:29.123205+02:00,0.03151584451663874,0.21793887371377538,0.15110063520993322,-2.5111687804179015,1.5069426309936231,-1.1199716036997387,1.4268387673021343,-0.13232343745822828,-0.7264469547539135,-0.05052871241043322,-0.7563451820174141,0.05071401959001909,50.0,51.0,51.0,41.0,43.0,26.0,29.0,28.0,53.0,93.71,3975442432,1552707584,1508614144,10.39,9.54,9.47,25297891328,9720348672
2026-04-27T15:16:29.173958+02:00,0.03151584451663874,0.21793887371377538,0.15110063520993322,-2.5111687804179015,1.5069426309936231,-1.1199716036997387,1.4161852775479606,-0.17625686538942953,-0.7188722258002581,-0.05052871241043322,-0.7241315854718153,0.02770430777173427,50.0,51.0,51.0,41.0,43.0,26.0,29.0,28.0,53.0,93.71,3975442432,1552707584,1508614144,10.39,9.54,9.47,25297891328,9720348672
2026-04-27T15:16:29.227565+02:00,0.03151584451663874,0.21793887371377538,0.15110063520993322,-2.5111687804179015,1.5069426309936231,-1.1199716036997387,1.4146633504402222,-0.18383159434308483,-0.715842334218796,-0.05052871241043322,-0.717995662320273,0.020034403832306147,50.0,51.0,51.0,41.0,43.0,26.0,29.0,28.0,53.0,93.71,3975442432,1552707584,1508614144,10.39,9.54,9.47,25297891328,9720348672
2026-04-27T15:16:29.279785+02:00,0.03924191670089881,0.2272117463945092,0.131420806043668,-2.5654722511087678,1.5129149233784522,-1.1270490366791102,1.4040098606860485,-0.22473513069282403,-0.7037227678929473,-0.05052871241043322,-0.670442257895818,-0.015247154289063758,50.0,51.0,51.0,41.0,43.0,26.0,29.0,28.0,53.0,93.71,3975442432,1552707584,1508614144,10.39,9.54,9.47,25297891328,9720348672
2026-04-27T15:16:29.330313+02:00,0.03924191670089881,0.2272117463945092,0.131420806043668,-2.5654722511087678,1.5129149233784522,-1.1270490366791102,1.397922152255092,-0.24745931755379014,-0.6961480389392919,-0.05052871241043322,-0.653568469229076,-0.030586962167920007,50.0,51.0,51.0,41.0,43.0,26.0,29.0,28.0,53.0,93.71,3975442432,1552707584,1508614144,10.39,9.54,9.47,25297891328,9720348672
2026-04-27T15:16:29.380693+02:00,0.03924191670089881,0.2272117463945092,0.131420806043668,-2.5654722511087678,1.5129149233784522,-1.1270490366791102,1.3933563709318748,-0.26260877546110095,-0.6916032015670988,-0.05052871241043322,-0.6474325460775336,-0.03518890453157697,50.0,51.0,51.0,41.0,43.0,26.0,29.0,28.0,53.0,93.71,3975442432,1552707584,1508614144,10.39,9.54,9.47,25297891328,9720348672
2026-04-27T15:16:29.433787+02:00,0.03924191670089881,0.2272117463945092,0.131420806043668,-2.5654722511087678,1.5129149233784522,-1.1270490366791102,1.3933563709318748,-0.26260877546110095,-0.6916032015670988,-0.05052871241043322,-0.6474325460775336,-0.03518890453157697,50.0,51.0,51.0,41.0,43.0,26.0,29.0,28.0,53.0,93.71,3975442432,1552707584,1508614144,10.39,9.54,9.47,25297891328,9720348672
2026-04-27T15:16:29.487706+02:00,0.044308755792633554,0.23462875384613496,0.1187631387382141,-2.3963733414947495,1.5285758676796952,-0.921001798096135,1.3842248082854405,-0.3065422033923022,-0.677968689450519,-0.05206269319831902,-0.6152189495319349,-0.07353842422871804,50.0,51.0,51.0,41.0,43.0,26.0,29.0,28.0,53.0,93.71,3975442432,1552707584,1508614144,10.39,9.54,9.47,25297891328,9720348672
2026-04-27T15:16:29.538678+02:00,0.044308755792633554,0.23462875384613496,0.1187631387382141,-2.3963733414947495,1.5285758676796952,-0.921001798096135,1.3781370998544848,-0.3307813360439994,-0.6688790147061325,-0.05206269319831902,-0.596811180077307,-0.08427628974391732,50.0,51.0,51.0,41.0,43.0,26.0,29.0,28.0,53.0,93.71,3975442432,1552707584,1508614144,10.39,9.54,9.47,25297891328,9720348672
2026-04-27T15:16:29.593178+02:00,0.044308755792633554,0.23462875384613496,0.1187631387382141,-2.3963733414947495,1.5285758676796952,-0.921001798096135,1.3766151727467455,-0.35047563132350346,-0.6658491231246704,-0.05206269319831902,-0.579937391410565,-0.09194619368334545,50.0,51.0,51.0,41.0,43.0,26.0,29.0,28.0,53.0,93.71,3975442432,1552707584,1508614144,10.39,9.54,9.47,25297891328,9720348672
2026-04-27T15:16:29.645119+02:00,0.049336854623866014,0.24054304431794993,0.10512762071370159,-2.4197755434674777,1.5327257772289742,-0.9074690890265557,1.3766151727467455,-0.3625951976493521,-0.6658491231246704,-0.05206269319831902,-0.5676655451074799,-0.09194619368334545,50.0,51.0,51.0,41.0,43.0,26.0,29.0,28.0,53.0,93.71,3975442432,1552707584,1508614144,10.39,9.54,9.47,25297891328,9720348672
2026-04-27T15:16:29.698408+02:00,0.049336854623866014,0.24054304431794993,0.10512762071370159,-2.4197755434674777,1.5327257772289742,-0.9074690890265557,1.3766151727467455,-0.37622970976593173,-0.6688790147061325,-0.05206269319831902,-0.5538597180165095,-0.09194619368334545,50.0,51.0,51.0,41.0,43.0,26.0,29.0,28.0,53.0,93.71,3975442432,1552707584,1508614144,10.39,9.54,9.47,25297891328,9720348672
2026-04-27T15:16:29.753257+02:00,0.049336854623866014,0.24054304431794993,0.10512762071370159,-2.4197755434674777,1.5327257772289742,-0.9074690890265557,1.3766151727467455,-0.40198378820836,-0.6734238520783258,-0.05359667398620438,-0.5247140830466823,-0.09194619368334545,50.0,51.0,51.0,41.0,43.0,26.0,29.0,28.0,53.0,93.89,3975442432,1552535552,1508798464,10.39,9.54,9.47,25297891328,9720348672
2026-04-27T15:16:29.804477+02:00,0.049336854623866014,0.24054304431794993,0.10512762071370159,-2.4197755434674777,1.5327257772289742,-0.9074690890265557,1.3750932456390061,-0.420163137697133,-0.6734238520783258,-0.056664635561975985,-0.5032383520162833,-0.09194619368334545,50.0,51.0,51.0,41.0,43.0,26.0,29.0,28.0,53.0,93.89,3975442432,1552535552,1508798464,10.39,9.54,9.47,25297891328,9720348672
2026-04-27T15:16:29.855328+02:00,0.049336854623866014,0.24054304431794993,0.10512762071370159,-2.4197755434674777,1.5327257772289742,-0.9074690890265557,1.3750932456390061,-0.4277378666507884,-0.6734238520783258,-0.056664635561975985,-0.49710242886474054,-0.09041221289546009,50.0,51.0,51.0,41.0,43.0,26.0,29.0,28.0,53.0,93.89,3975442432,1552535552,1508798464,10.39,9.54,9.47,25297891328,9720348672
2026-04-27T15:16:29.905985+02:00,0.048965281099905236,0.2397673564561398,0.0888350676015194,-2.532488164813206,1.5317486318104956,-1.016985609977609,1.3750932456390061,-0.4368275413951749,-0.6734238520783258,-0.05819861634986134,-0.4878985441374266,-0.09041221289546009,50.0,51.0,51.0,41.0,43.0,26.0,29.0,28.0,53.0,93.89,3975442432,1552535552,1508798464,10.39,9.54,9.47,25297891328,9720348672
2026-04-27T15:16:29.956421+02:00,0.048965281099905236,0.2397673564561398,0.0888350676015194,-2.532488164813206,1.5317486318104956,-1.016985609977609,1.3735713185312677,-0.4686414030005276,-0.6734238520783258,-0.0628005587135183,-0.4587529091675995,-0.08734425131968848,50.0,51.0,51.0,41.0,43.0,26.0,29.0,28.0,53.0,93.89,3975442432,1552535552,1508798464,10.39,9.54,9.47,25297891328,9720348672
2026-04-27T15:16:30.008489+02:00,0.048965281099905236,0.2397673564561398,0.0888350676015194,-2.532488164813206,1.5317486318104956,-1.016985609977609,1.3735713185312677,-0.48076096932637624,-0.6734238520783258,-0.0628005587135183,-0.44954902444028555,-0.08581027053180312,50.0,51.0,51.0,41.0,43.0,26.0,29.0,28.0,53.0,93.89,3975442432,1552535552,1508798464,10.39,9.54,9.47,25297891328,9720348672
2026-04-27T15:16:30.060338+02:00,0.04953055481491031,0.2388833511731435,0.07149426553043503,-2.6237920740730263,1.5261387159174151,-1.1059018079399083,1.3735713185312677,-0.5004552646058801,-0.6734238520783258,-0.06433453950140411,-0.4357431973493151,-0.08427628974391732,50.0,51.0,51.0,41.0,43.0,26.0,29.0,28.0,53.0,93.89,3975442432,1552535552,1508798464,10.39,9.54,9.47,25297891328,9720348672
2026-04-27T15:16:30.111794+02:00,0.04953055481491031,0.2388833511731435,0.07149426553043503,-2.6237920740730263,1.5261387159174151,-1.1059018079399083,1.3735713185312677,-0.5095449393502666,-0.6734238520783258,-0.06433453950140411,-0.42807329340988653,-0.08274230895603196,50.0,51.0,51.0,41.0,43.0,26.0,29.0,28.0,53.0,93.89,3975442432,1552535552,1508798464,10.39,9.54,9.47,25297891328,9720348672
2026-04-27T15:16:30.165312+02:00,0.04953055481491031,0.2388833511731435,0.07149426553043503,-2.6237920740730263,1.5261387159174151,-1.1059018079399083,1.3735713185312677,-0.517119668303922,-0.6734238520783258,-0.06740250107717527,-0.4219373702583442,-0.08274230895603196,50.0,51.0,51.0,41.0,43.0,26.0,29.0,28.0,53.0,93.89,3975442432,1552535552,1508798464,10.39,9.54,9.47,25297891328,9720348672
2026-04-27T15:16:30.219608+02:00,0.04953055481491031,0.2388833511731435,0.07149426553043503,-2.6237920740730263,1.5261387159174151,-1.1059018079399083,1.3720493914235283,-0.536813963583426,-0.6719089062875947,-0.06893648186506107,-0.4081315431673733,-0.08120832816814616,50.0,51.0,51.0,41.0,43.0,26.0,29.0,28.0,53.0,93.89,3975442432,1552535552,1508798464,10.39,9.54,9.47,25297891328,9720348672
2026-04-27T15:16:30.270524+02:00,0.04953055481491031,0.2388833511731435,0.07149426553043503,-2.6237920740730263,1.5261387159174151,-1.1059018079399083,1.3720493914235283,-0.5413588009556193,-0.6719089062875947,-0.06893648186506107,-0.40506358159160216,-0.07967434738026036,50.0,51.0,51.0,41.0,43.0,26.0,29.0,28.0,53.0,93.89,3975442432,1552535552,1508798464,10.39,9.54,9.47,25297891328,9720348672
2026-04-27T15:16:30.323218+02:00,0.04958441177080135,0.23754758283677488,0.05939491931246219,-2.725723137094241,1.519139968804527,-1.207123429252031,1.3720493914235283,-0.554993313072199,-0.6703939604968636,-0.07047046265294643,-0.39585969686428824,-0.078140366592375,50.0,51.0,51.0,41.0,43.0,26.0,29.0,28.0,53.0,93.89,3975442432,1552535552,1508798464,10.39,9.54,9.47,25297891328,9720348672
2026-04-27T15:16:30.378243+02:00,0.04958441177080135,0.23754758283677488,0.05939491931246219,-2.725723137094241,1.519139968804527,-1.207123429252031,1.3720493914235283,-0.5640829878165855,-0.6688790147061325,-0.07353842422871804,-0.3927917352885171,-0.0766063858044892,50.0,51.0,51.0,41.0,43.0,26.0,29.0,28.0,53.0,93.89,3975442432,1552535552,1508798464,10.39,9.54,9.47,25297891328,9720348672
2026-04-27T15:16:30.428659+02:00,0.04958441177080135,0.23754758283677488,0.05939491931246219,-2.725723137094241,1.519139968804527,-1.207123429252031,1.3720493914235283,-0.5655979336073166,-0.6688790147061325,-0.07353842422871804,-0.3897237737127459,-0.0766063858044892,50.0,51.0,51.0,41.0,43.0,26.0,29.0,28.0,53.0,93.89,3975442432,1552535552,1508798464,10.39,9.54,9.47,25297891328,9720348672
2026-04-27T15:16:30.482972+02:00,0.04958441177080135,0.23754758283677488,0.05939491931246219,-2.725723137094241,1.519139968804527,-1.207123429252031,1.3720493914235283,-0.5655979336073166,-0.6688790147061325,-0.07353842422871804,-0.3897237737127459,-0.0766063858044892,50.0,51.0,51.0,41.0,43.0,26.0,29.0,28.0,53.0,93.89,3975442432,1552535552,1508798464,10.39,9.54,9.47,25297891328,9720348672
2026-04-27T15:16:30.537494+02:00,0.04930301807700638,0.23613071259642515,0.05034076262971431,-2.8162241552667835,1.5085885467772768,-1.2972356483826912,1.3720493914235283,-0.5837772830960896,-0.6673640689154015,-0.0750724050166034,-0.380519888985432,-0.0766063858044892,50.0,51.0,51.0,41.0,43.0,26.0,29.0,28.0,53.0,93.89,3975442432,1552535552,1508798464,10.39,9.54,9.47,25297891328,9720348672
2026-04-27T15:16:30.592560+02:00,0.04930301807700638,0.23613071259642515,0.05034076262971431,-2.8162241552667835,1.5085885467772768,-1.2972356483826912,1.3720493914235283,-0.5852922288868206,-0.6673640689154015,-0.0750724050166034,-0.3789859081975462,-0.0766063858044892,50.0,51.0,51.0,41.0,43.0,26.0,29.0,28.0,53.0,93.89,3975442432,1552535552,1508798464,10.39,9.54,9.47,25297891328,9720348672
2026-04-27T15:16:30.643794+02:00,0.04915603401417899,0.23563585025578404,0.047255004383381434,-2.854450614706869,1.5048070218545015,-1.3352004443865122,1.3720493914235283,-0.5852922288868206,-0.6673640689154015,-0.0750724050166034,-0.3789859081975462,-0.0766063858044892,50.0,51.0,51.0,41.0,43.0,26.0,29.0,28.0,53.0,93.89,3975442432,1552535552,1508798464,10.39,9.54,9.47,25297891328,9720348672
2026-04-27T15:16:30.698795+02:00,0.04915603401417899,0.23563585025578404,0.047255004383381434,-2.854450614706869,1.5048070218545015,-1.3352004443865122,1.3720493914235283,-0.5852922288868206,-0.6673640689154015,-0.0750724050166034,-0.3789859081975462,-0.0766063858044892,50.0,51.0,51.0,41.0,43.0,26.0,29.0,28.0,53.0,93.89,3975442432,1552535552,1508798464,10.39,9.54,9.47,25297891328,9720348672
2026-04-27T15:16:30.753251+02:00,0.04915603401417899,0.23563585025578404,0.047255004383381434,-2.854450614706869,1.5048070218545015,-1.3352004443865122,1.3720493914235283,-0.5852922288868206,-0.6673640689154015,-0.0766063858044892,-0.3789859081975462,-0.0766063858044892,50.0,51.0,51.0,41.0,43.0,26.0,29.0,28.0,53.0,92.14,3975442432,1552244736,1509089280,10.39,9.54,9.47,25297891328,9720356864
2026-04-27T15:16:30.806356+02:00,0.04915603401417899,0.23563585025578404,0.047255004383381434,-2.854450614706869,1.5048070218545015,-1.3352004443865122,1.3720493914235283,-0.5852922288868206,-0.6673640689154015,-0.0766063858044892,-0.3789859081975462,-0.0766063858044892,50.0,51.0,51.0,41.0,43.0,26.0,29.0,28.0,53.0,92.14,3975442432,1552244736,1509089280,10.39,9.54,9.47,25297891328,9720356864
2026-04-27T15:16:30.857409+02:00,0.049189788570273965,0.23563155052986948,0.047255811052545844,-2.8478721222873244,1.504603357395133,-1.3271793102424803,1.3720493914235283,-0.5852922288868206,-0.6673640689154015,-0.0766063858044892,-0.3789859081975462,-0.0766063858044892,50.0,51.0,51.0,41.0,43.0,26.0,29.0,28.0,53.0,92.14,3975442432,1552244736,1509089280,10.39,9.54,9.47,25297891328,9720356864
2026-04-27T15:16:30.909745+02:00,0.049189788570273965,0.23563155052986948,0.047255811052545844,-2.8478721222873244,1.504603357395133,-1.3271793102424803,1.3720493914235283,-0.5852922288868206,-0.6673640689154015,-0.0766063858044892,-0.3789859081975462,-0.0766063858044892,50.0,51.0,51.0,41.0,43.0,26.0,29.0,28.0,53.0,92.14,3975442432,1552244736,1509089280,10.39,9.54,9.47,25297891328,9720356864
2026-04-27T15:16:30.959759+02:00,0.049189788570273965,0.23563155052986948,0.047255811052545844,-2.8478721222873244,1.504603357395133,-1.3271793102424803,1.3720493914235283,-0.5852922288868206,-0.6673640689154015,-0.0766063858044892,-0.3789859081975462,-0.0766063858044892,50.0,51.0,51.0,41.0,43.0,26.0,29.0,28.0,53.0,92.14,3975442432,1552244736,1509089280,10.39,9.54,9.47,25297891328,9720356864
2026-04-27T15:16:31.013725+02:00,0.049189788570273965,0.23563155052986948,0.047255811052545844,-2.8478721222873244,1.504603357395133,-1.3271793102424803,1.3720493914235283,-0.5852922288868206,-0.6673640689154015,-0.0766063858044892,-0.3789859081975462,-0.0766063858044892,50.0,51.0,51.0,41.0,43.0,26.0,29.0,28.0,53.0,92.14,3975442432,1552244736,1509089280,10.39,9.54,9.47,25297891328,9720356864
2026-04-27T15:16:31.068526+02:00,0.049189788570273965,0.23563155052986948,0.047255811052545844,-2.8478721222873244,1.504603357395133,-1.3271793102424803,1.3720493914235283,-0.5852922288868206,-0.6673640689154015,-0.0766063858044892,-0.3789859081975462,-0.0766063858044892,50.0,51.0,51.0,41.0,43.0,26.0,29.0,28.0,53.0,92.14,3975442432,1552244736,1509089280,10.39,9.54,9.47,25297891328,9720356864
2026-04-27T15:16:31.119340+02:00,0.049189788570273965,0.23563155052986948,0.047255811052545844,-2.8478721222873244,1.504603357395133,-1.3271793102424803,1.3720493914235283,-0.5852922288868206,-0.6673640689154015,-0.0766063858044892,-0.3789859081975462,-0.0766063858044892,50.0,51.0,51.0,41.0,43.0,26.0,29.0,28.0,53.0,92.14,3975442432,1552244736,1509089280,10.39,9.54,9.47,25297891328,9720356864
2026-04-27T15:16:31.172353+02:00,0.049189788570273965,0.23563155052986948,0.047255811052545844,-2.8478721222873244,1.504603357395133,-1.3271793102424803,1.3720493914235283,-0.5852922288868206,-0.6673640689154015,-0.0766063858044892,-0.3789859081975462,-0.0766063858044892,50.0,51.0,51.0,41.0,43.0,26.0,29.0,28.0,53.0,92.14,3975442432,1552244736,1509089280,10.39,9.54,9.47,25297891328,9720356864
2026-04-27T15:16:31.222720+02:00,0.049189788570273965,0.23563155052986948,0.047255811052545844,-2.8478721222873244,1.504603357395133,-1.3271793102424803,1.3720493914235283,-0.5852922288868206,-0.6673640689154015,-0.0766063858044892,-0.3789859081975462,-0.0766063858044892,50.0,51.0,51.0,41.0,43.0,26.0,29.0,28.0,53.0,92.14,3975442432,1552244736,1509089280,10.39,9.54,9.47,25297891328,9720356864
2026-04-27T15:16:31.277599+02:00,0.049189788570273965,0.23563155052986948,0.047255811052545844,-2.8478721222873244,1.504603357395133,-1.3271793102424803,1.3720493914235283,-0.5852922288868206,-0.6673640689154015,-0.0766063858044892,-0.3789859081975462,-0.0766063858044892,50.0,51.0,51.0,41.0,43.0,26.0,29.0,28.0,53.0,92.14,3975442432,1552244736,1509089280,10.39,9.54,9.47,25297891328,9720356864
2026-04-27T15:16:31.329936+02:00,0.049189788570273965,0.23563155052986948,0.047255811052545844,-2.8478721222873244,1.504603357395133,-1.3271793102424803,1.3720493914235283,-0.5852922288868206,-0.6673640689154015,-0.0766063858044892,-0.3789859081975462,-0.0766063858044892,50.0,51.0,51.0,41.0,43.0,26.0,29.0,28.0,53.0,92.14,3975442432,1552244736,1509089280,10.39,9.54,9.47,25297891328,9720356864
2026-04-27T15:16:31.380143+02:00,0.049189788570273965,0.23563155052986948,0.047255811052545844,-2.8478721222873244,1.504603357395133,-1.3271793102424803,1.3720493914235283,-0.5852922288868206,-0.6673640689154015,-0.0766063858044892,-0.3789859081975462,-0.0766063858044892,50.0,51.0,51.0,41.0,43.0,26.0,29.0,28.0,53.0,92.14,3975442432,1552244736,1509089280,10.39,9.54,9.47,25297891328,9720356864
2026-04-27T15:16:31.431080+02:00,0.049189788570273965,0.23563155052986948,0.047255811052545844,-2.8478721222873244,1.504603357395133,-1.3271793102424803,1.3720493914235283,-0.5852922288868206,-0.6673640689154015,-0.0766063858044892,-0.3789859081975462,-0.0766063858044892,50.0,51.0,51.0,41.0,43.0,26.0,29.0,28.0,53.0,92.14,3975442432,1552244736,1509089280,10.39,9.54,9.47,25297891328,9720356864
2026-04-27T15:16:31.482006+02:00,0.049189788570273965,0.23563155052986948,0.047255811052545844,-2.8478721222873244,1.504603357395133,-1.3271793102424803,1.3720493914235283,-0.5852922288868206,-0.6673640689154015,-0.0766063858044892,-0.3789859081975462,-0.0766063858044892,50.0,51.0,51.0,41.0,43.0,26.0,29.0,28.0,53.0,92.14,3975442432,1552244736,1509089280,10.39,9.54,9.47,25297891328,9720356864
2026-04-27T15:16:31.534771+02:00,0.049189788570273965,0.23563155052986948,0.047255811052545844,-2.8478721222873244,1.504603357395133,-1.3271793102424803,1.3720493914235283,-0.5852922288868206,-0.6673640689154015,-0.0766063858044892,-0.3789859081975462,-0.0766063858044892,50.0,51.0,51.0,41.0,43.0,26.0,29.0,28.0,53.0,92.14,3975442432,1552244736,1509089280,10.39,9.54,9.47,25297891328,9720356864
2026-04-27T15:16:31.589821+02:00,0.049189788570273965,0.23563155052986948,0.047255811052545844,-2.8478721222873244,1.504603357395133,-1.3271793102424803,1.3720493914235283,-0.5852922288868206,-0.6673640689154015,-0.0766063858044892,-0.3789859081975462,-0.0766063858044892,50.0,51.0,51.0,41.0,43.0,26.0,29.0,28.0,53.0,92.14,3975442432,1552244736,1509089280,10.39,9.54,9.47,25297891328,9720356864
2026-04-27T15:16:31.641361+02:00,0.049189788570273965,0.23563155052986948,0.047255811052545844,-2.8478721222873244,1.504603357395133,-1.3271793102424803,1.3720493914235283,-0.5852922288868206,-0.6673640689154015,-0.0766063858044892,-0.3774519274096604,-0.0766063858044892,50.0,51.0,51.0,41.0,43.0,26.0,29.0,28.0,53.0,92.14,3975442432,1552244736,1509089280,10.39,9.54,9.47,25297891328,9720356864
2026-04-27T15:16:31.692440+02:00,0.049189788570273965,0.23563155052986948,0.047255811052545844,-2.8478721222873244,1.504603357395133,-1.3271793102424803,1.3720493914235283,-0.5852922288868206,-0.6673640689154015,-0.0766063858044892,-0.3774519274096604,-0.0766063858044892,50.0,51.0,51.0,41.0,43.0,26.0,29.0,28.0,53.0,92.14,3975442432,1552244736,1509089280,10.39,9.54,9.47,25297891328,9720356864
2026-04-27T15:16:31.747501+02:00,0.049189788570273965,0.23563155052986948,0.047255811052545844,-2.8478721222873244,1.504603357395133,-1.3271793102424803,1.3720493914235283,-0.5852922288868206,-0.6673640689154015,-0.0766063858044892,-0.3774519274096604,-0.0766063858044892,50.0,51.0,51.0,41.0,43.0,26.0,29.0,28.0,53.0,92.14,3975442432,1552244736,1509089280,10.39,9.54,9.47,25297891328,9720356864
2026-04-27T15:16:31.798395+02:00,0.049189788570273965,0.23563155052986948,0.047255811052545844,-2.8478721222873244,1.504603357395133,-1.3271793102424803,1.3720493914235283,-0.5852922288868206,-0.6673640689154015,-0.0766063858044892,-0.3774519274096604,-0.0766063858044892,50.0,51.0,51.0,41.0,43.0,26.0,29.0,28.0,53.0,96.88,3975442432,1552805888,1508511744,10.39,9.54,9.47,25297891328,9720356864
2026-04-27T15:16:31.851811+02:00,0.049205750469899626,0.23575880798538684,0.04726219806945966,-2.839312250771239,1.5060309721043759,-1.3186010579845,1.3720493914235283,-0.5852922288868206,-0.6673640689154015,-0.0766063858044892,-0.3774519274096604,-0.0766063858044892,50.0,51.0,51.0,41.0,43.0,26.0,29.0,28.0,53.0,96.88,3975442432,1552805888,1508511744,10.39,9.54,9.47,25297891328,9720356864
2026-04-27T15:16:31.902703+02:00,0.049205750469899626,0.23575880798538684,0.04726219806945966,-2.839312250771239,1.5060309721043759,-1.3186010579845,1.3720493914235283,-0.5852922288868206,-0.6673640689154015,-0.0766063858044892,-0.3774519274096604,-0.0766063858044892,50.0,51.0,51.0,41.0,43.0,26.0,29.0,28.0,53.0,96.88,3975442432,1552805888,1508511744,10.39,9.54,9.47,25297891328,9720356864
2026-04-27T15:16:31.953616+02:00,0.049205750469899626,0.23575880798538684,0.04726219806945966,-2.839312250771239,1.5060309721043759,-1.3186010579845,1.3720493914235283,-0.5852922288868206,-0.6673640689154015,-0.0766063858044892,-0.3774519274096604,-0.0766063858044892,50.0,51.0,51.0,41.0,43.0,26.0,29.0,28.0,53.0,96.88,3975442432,1552805888,1508511744,10.39,9.54,9.47,25297891328,9720356864
2026-04-27T15:16:32.006064+02:00,0.049205750469899626,0.23575880798538684,0.04726219806945966,-2.839312250771239,1.5060309721043759,-1.3186010579845,1.3720493914235283,-0.5852922288868206,-0.6673640689154015,-0.0766063858044892,-0.3774519274096604,-0.0766063858044892,50.0,51.0,51.0,41.0,43.0,26.0,29.0,28.0,53.0,96.88,3975442432,1552805888,1508511744,10.39,9.54,9.47,25297891328,9720356864
2026-04-27T15:16:32.058309+02:00,0.049205750469899626,0.23575880798538684,0.04726219806945966,-2.839312250771239,1.5060309721043759,-1.3186010579845,1.3720493914235283,-0.5852922288868206,-0.6673640689154015,-0.0766063858044892,-0.3774519274096604,-0.0766063858044892,50.0,51.0,51.0,41.0,43.0,26.0,29.0,28.0,53.0,96.88,3975442432,1552805888,1508511744,10.39,9.54,9.47,25297891328,9720356864
2026-04-27T15:16:32.108983+02:00,0.049205750469899626,0.23575880798538684,0.04726219806945966,-2.839312250771239,1.5060309721043759,-1.3186010579845,1.3720493914235283,-0.5852922288868206,-0.6673640689154015,-0.0766063858044892,-0.3774519274096604,-0.0766063858044892,50.0,51.0,51.0,41.0,43.0,26.0,29.0,28.0,53.0,96.88,3975442432,1552805888,1508511744,10.39,9.54,9.47,25297891328,9720356864
2026-04-27T15:16:32.161086+02:00,0.049205750469899626,0.23575880798538684,0.04726219806945966,-2.839312250771239,1.5060309721043759,-1.3186010579845,1.3720493914235283,-0.5852922288868206,-0.6673640689154015,-0.0766063858044892,-0.3774519274096604,-0.0766063858044892,50.0,51.0,51.0,41.0,43.0,26.0,29.0,28.0,53.0,96.88,3975442432,1552805888,1508511744,10.39,9.54,9.47,25297891328,9720356864
2026-04-27T15:16:32.213421+02:00,0.049205750469899626,0.23575880798538684,0.04726219806945966,-2.839312250771239,1.5060309721043759,-1.3186010579845,1.3720493914235283,-0.5852922288868206,-0.6673640689154015,-0.0766063858044892,-0.3774519274096604,-0.0766063858044892,50.0,51.0,51.0,41.0,43.0,26.0,29.0,28.0,53.0,96.88,3975442432,1552805888,1508511744,10.39,9.54,9.47,25297891328,9720356864
2026-04-27T15:16:32.264316+02:00,0.049205750469899626,0.23575880798538684,0.04726219806945966,-2.839312250771239,1.5060309721043759,-1.3186010579845,1.3720493914235283,-0.5852922288868206,-0.6673640689154015,-0.0766063858044892,-0.3774519274096604,-0.0766063858044892,50.0,51.0,51.0,41.0,43.0,26.0,29.0,28.0,53.0,96.88,3975442432,1552805888,1508511744,10.39,9.54,9.47,25297891328,9720356864
2026-04-27T15:16:32.319332+02:00,0.049205750469899626,0.23575880798538684,0.04726219806945966,-2.839312250771239,1.5060309721043759,-1.3186010579845,1.3720493914235283,-0.5852922288868206,-0.6673640689154015,-0.0766063858044892,-0.3774519274096604,-0.0766063858044892,50.0,51.0,51.0,41.0,43.0,26.0,29.0,28.0,53.0,96.88,3975442432,1552805888,1508511744,10.39,9.54,9.47,25297891328,9720356864
2026-04-27T15:16:32.372050+02:00,0.049205750469899626,0.23575880798538684,0.04726219806945966,-2.839312250771239,1.5060309721043759,-1.3186010579845,1.3720493914235283,-0.5852922288868206,-0.6673640689154015,-0.0766063858044892,-0.3774519274096604,-0.0766063858044892,50.0,51.0,51.0,41.0,43.0,26.0,29.0,28.0,53.0,96.88,3975442432,1552805888,1508511744,10.39,9.54,9.47,25297891328,9720356864
2026-04-27T15:16:32.427661+02:00,0.049205750469899626,0.23575880798538684,0.04726219806945966,-2.839312250771239,1.5060309721043759,-1.3186010579845,1.3720493914235283,-0.5852922288868206,-0.6673640689154015,-0.0766063858044892,-0.3774519274096604,-0.0766063858044892,50.0,51.0,51.0,41.0,43.0,26.0,29.0,28.0,53.0,96.88,3975442432,1552805888,1508511744,10.39,9.54,9.47,25297891328,9720356864
2026-04-27T15:16:32.478735+02:00,0.049205750469899626,0.23575880798538684,0.04726219806945966,-2.839312250771239,1.5060309721043759,-1.3186010579845,1.3720493914235283,-0.5852922288868206,-0.6673640689154015,-0.0766063858044892,-0.3774519274096604,-0.0766063858044892,50.0,51.0,51.0,41.0,43.0,26.0,29.0,28.0,53.0,96.88,3975442432,1552805888,1508511744,10.39,9.54,9.47,25297891328,9720356864
2026-04-27T15:16:32.530493+02:00,0.049205750469899626,0.23575880798538684,0.04726219806945966,-2.839312250771239,1.5060309721043759,-1.3186010579845,1.3720493914235283,-0.5852922288868206,-0.6673640689154015,-0.0766063858044892,-0.3774519274096604,-0.0766063858044892,50.0,51.0,51.0,41.0,43.0,26.0,29.0,28.0,53.0,96.88,3975442432,1552805888,1508511744,10.39,9.54,9.47,25297891328,9720356864
2026-04-27T15:16:32.583717+02:00,0.049205750469899626,0.23575880798538684,0.04726219806945966,-2.839312250771239,1.5060309721043759,-1.3186010579845,1.3720493914235283,-0.5852922288868206,-0.6673640689154015,-0.0766063858044892,-0.3774519274096604,-0.0766063858044892,50.0,51.0,51.0,41.0,43.0,26.0,29.0,28.0,53.0,96.88,3975442432,1552805888,1508511744,10.39,9.54,9.47,25297891328,9720356864
2026-04-27T15:16:32.635007+02:00,0.049205750469899626,0.23575880798538684,0.04726219806945966,-2.839312250771239,1.5060309721043759,-1.3186010579845,1.3720493914235283,-0.5852922288868206,-0.6673640689154015,-0.0766063858044892,-0.3774519274096604,-0.0766063858044892,50.0,51.0,51.0,41.0,43.0,26.0,29.0,28.0,53.0,96.88,3975442432,1552805888,1508511744,10.39,9.54,9.47,25297891328,9720356864
2026-04-27T15:16:32.689488+02:00,0.049205750469899626,0.23575880798538684,0.04726219806945966,-2.839312250771239,1.5060309721043759,-1.3186010579845,1.3720493914235283,-0.5852922288868206,-0.6673640689154015,-0.0766063858044892,-0.3774519274096604,-0.0766063858044892,50.0,51.0,51.0,41.0,43.0,26.0,29.0,28.0,53.0,96.88,3975442432,1552805888,1508511744,10.39,9.54,9.47,25297891328,9720356864
2026-04-27T15:16:32.742206+02:00,0.049205750469899626,0.23575880798538684,0.04726219806945966,-2.839312250771239,1.5060309721043759,-1.3186010579845,1.3720493914235283,-0.5852922288868206,-0.6673640689154015,-0.0766063858044892,-0.3774519274096604,-0.0766063858044892,50.0,51.0,51.0,41.0,43.0,26.0,29.0,28.0,53.0,96.88,3975442432,1552805888,1508511744,10.39,9.54,9.47,25297891328,9720356864
2026-04-27T15:16:32.796842+02:00,0.049205750469899626,0.23575880798538684,0.04726219806945966,-2.839312250771239,1.5060309721043759,-1.3186010579845,1.3720493914235283,-0.5852922288868206,-0.6673640689154015,-0.0766063858044892,-0.3774519274096604,-0.0766063858044892,50.0,51.0,51.0,41.0,43.0,26.0,29.0,28.0,53.0,97.87,3975442432,1553154048,1508179968,10.2,9.51,9.46,25297891328,9720365056
2026-04-27T15:16:32.847226+02:00,0.049205750469899626,0.23575880798538684,0.04726219806945966,-2.839312250771239,1.5060309721043759,-1.3186010579845,1.3720493914235283,-0.5852922288868206,-0.6673640689154015,-0.0766063858044892,-0.3774519274096604,-0.0766063858044892,50.0,51.0,51.0,41.0,43.0,26.0,29.0,28.0,53.0,97.87,3975442432,1553154048,1508179968,10.2,9.51,9.46,25297891328,9720365056
2026-04-27T15:16:32.898344+02:00,0.049205750469899626,0.23575880798538684,0.04726219806945966,-2.839312250771239,1.5060309721043759,-1.3186010579845,1.3720493914235283,-0.5852922288868206,-0.6673640689154015,-0.0766063858044892,-0.3774519274096604,-0.0766063858044892,50.0,51.0,51.0,41.0,43.0,26.0,29.0,28.0,53.0,97.87,3975442432,1553154048,1508179968,10.2,9.51,9.46,25297891328,9720365056
2026-04-27T15:16:32.948455+02:00,0.049205750469899626,0.23575880798538684,0.04726219806945966,-2.839312250771239,1.5060309721043759,-1.3186010579845,1.3720493914235283,-0.5852922288868206,-0.6673640689154015,-0.0766063858044892,-0.3774519274096604,-0.0766063858044892,50.0,51.0,51.0,41.0,43.0,26.0,29.0,28.0,53.0,97.87,3975442432,1553154048,1508179968,10.2,9.51,9.46,25297891328,9720365056
2026-04-27T15:16:32.998824+02:00,0.049205750469899626,0.23575880798538684,0.04726219806945966,-2.839312250771239,1.5060309721043759,-1.3186010579845,1.3720493914235283,-0.5837772830960896,-0.6673640689154015,-0.0766063858044892,-0.3774519274096604,-0.0766063858044892,50.0,51.0,51.0,41.0,43.0,26.0,29.0,28.0,53.0,97.87,3975442432,1553154048,1508179968,10.2,9.51,9.46,25297891328,9720365056
2026-04-27T15:16:33.053872+02:00,0.049205750469899626,0.23575880798538684,0.04726219806945966,-2.839312250771239,1.5060309721043759,-1.3186010579845,1.3720493914235283,-0.5837772830960896,-0.6673640689154015,-0.0766063858044892,-0.3774519274096604,-0.0766063858044892,50.0,51.0,51.0,41.0,43.0,26.0,29.0,28.0,53.0,97.87,3975442432,1553154048,1508179968,10.2,9.51,9.46,25297891328,9720365056
2026-04-27T15:16:33.108220+02:00,0.049205750469899626,0.23575880798538684,0.04726219806945966,-2.839312250771239,1.5060309721043759,-1.3186010579845,1.3720493914235283,-0.5792324457238963,-0.6673640689154015,-0.0766063858044892,-0.3774519274096604,-0.0766063858044892,50.0,51.0,51.0,41.0,43.0,26.0,29.0,28.0,53.0,97.87,3975442432,1553154048,1508179968,10.2,9.51,9.46,25297891328,9720365056
2026-04-27T15:16:33.163420+02:00,0.049205750469899626,0.23575880798538684,0.04726219806945966,-2.839312250771239,1.5060309721043759,-1.3186010579845,1.3720493914235283,-0.573172662560972,-0.6673640689154015,-0.0766063858044892,-0.38205386977331734,-0.0766063858044892,50.0,51.0,51.0,41.0,43.0,26.0,29.0,28.0,53.0,97.87,3975442432,1553154048,1508179968,10.2,9.51,9.46,25297891328,9720365056
2026-04-27T15:16:33.216791+02:00,0.049205750469899626,0.23575880798538684,0.04726219806945966,-2.839312250771239,1.5060309721043759,-1.3186010579845,1.3720493914235283,-0.5686278251887787,-0.6673640689154015,-0.0766063858044892,-0.3881897929248601,-0.0766063858044892,50.0,51.0,51.0,41.0,43.0,26.0,29.0,28.0,53.0,97.87,3975442432,1553154048,1508179968,10.2,9.51,9.46,25297891328,9720365056
2026-04-27T15:16:33.269400+02:00,0.049205750469899626,0.23575880798538684,0.04726219806945966,-2.839312250771239,1.5060309721043759,-1.3186010579845,1.3720493914235283,-0.5655979336073166,-0.6673640689154015,-0.0766063858044892,-0.39739367765217404,-0.0766063858044892,50.0,51.0,51.0,41.0,43.0,26.0,29.0,28.0,53.0,97.87,3975442432,1553154048,1508179968,10.2,9.51,9.46,25297891328,9720365056
2026-04-27T15:16:33.320853+02:00,0.04947657356236463,0.23686365010484625,0.050884554669895575,-2.774660762863411,1.5124194255209726,-1.2542594935195241,1.3735713185312677,-0.5565082588629301,-0.6673640689154015,-0.0750724050166034,-0.4111995047431445,-0.0766063858044892,50.0,51.0,51.0,41.0,43.0,26.0,29.0,28.0,53.0,97.87,3975442432,1553154048,1508179968,10.2,9.51,9.46,25297891328,9720365056
2026-04-27T15:16:33.373404+02:00,0.04947657356236463,0.23686365010484625,0.050884554669895575,-2.774660762863411,1.5124194255209726,-1.2542594935195241,1.3735713185312677,-0.5565082588629301,-0.6673640689154015,-0.0750724050166034,-0.4111995047431445,-0.0766063858044892,50.0,51.0,51.0,41.0,43.0,26.0,29.0,28.0,53.0,97.87,3975442432,1553154048,1508179968,10.2,9.51,9.46,25297891328,9720365056
2026-04-27T15:16:33.424270+02:00,0.04947657356236463,0.23686365010484625,0.050884554669895575,-2.774660762863411,1.5124194255209726,-1.2542594935195241,1.3735713185312677,-0.5565082588629301,-0.6673640689154015,-0.0750724050166034,-0.4111995047431445,-0.0766063858044892,50.0,51.0,51.0,41.0,43.0,26.0,29.0,28.0,53.0,97.87,3975442432,1553154048,1508179968,10.2,9.51,9.46,25297891328,9720365056
2026-04-27T15:16:33.479622+02:00,0.04922504421463554,0.23664043160585307,0.057305217018355135,-2.840173016812135,1.5005090129036296,-1.322017251876606,1.3735713185312677,-0.535299017792695,-0.6673640689154015,-0.07200444344083223,-0.4326752357735435,-0.078140366592375,50.0,51.0,51.0,41.0,43.0,26.0,29.0,28.0,53.0,97.87,3975442432,1553154048,1508179968,10.2,9.51,9.46,25297891328,9720365056
2026-04-27T15:16:33.530623+02:00,0.04922504421463554,0.23664043160585307,0.057305217018355135,-2.840173016812135,1.5005090129036296,-1.322017251876606,1.3735713185312677,-0.5292392346297706,-0.6673640689154015,-0.06893648186506107,-0.44034513971297207,-0.078140366592375,50.0,51.0,51.0,41.0,43.0,26.0,29.0,28.0,53.0,97.87,3975442432,1553154048,1508179968,10.2,9.51,9.46,25297891328,9720365056
2026-04-27T15:16:33.581306+02:00,0.04922504421463554,0.23664043160585307,0.057305217018355135,-2.840173016812135,1.5005090129036296,-1.322017251876606,1.3735713185312677,-0.5156047225131909,-0.6673640689154015,-0.06740250107717527,-0.4602868899554853,-0.08274230895603196,50.0,51.0,51.0,41.0,43.0,26.0,29.0,28.0,53.0,97.87,3975442432,1553154048,1508179968,10.2,9.51,9.46,25297891328,9720365056
2026-04-27T15:16:33.631817+02:00,0.04922504421463554,0.23664043160585307,0.057305217018355135,-2.840173016812135,1.5005090129036296,-1.322017251876606,1.3735713185312677,-0.5156047225131909,-0.6673640689154015,-0.06740250107717527,-0.4602868899554853,-0.08274230895603196,50.0,51.0,51.0,41.0,43.0,26.0,29.0,28.0,53.0,97.87,3975442432,1553154048,1508179968,10.2,9.51,9.46,25297891328,9720365056
2026-04-27T15:16:33.685237+02:00,0.04887527139295247,0.23671842341778765,0.06485174529391693,-2.893138483988304,1.4933182927953996,-1.37535003249736,1.3750932456390061,-0.4928805356522249,-0.6673640689154015,-0.06433453950140411,-0.4878985441374266,-0.08427628974391732,50.0,51.0,51.0,41.0,43.0,26.0,29.0,28.0,53.0,97.87,3975442432,1553154048,1508179968,10.2,9.51,9.46,25297891328,9720365056
2026-04-27T15:16:33.740399+02:00,0.04887527139295247,0.23671842341778765,0.06485174529391693,-2.893138483988304,1.4933182927953996,-1.37535003249736,1.3750932456390061,-0.47318624037272083,-0.6673640689154015,-0.06126657792563295,-0.5047723328041687,-0.08427628974391732,50.0,51.0,51.0,41.0,43.0,26.0,29.0,28.0,53.0,97.87,3975442432,1553154048,1508179968,10.2,9.51,9.46,25297891328,9720365056
2026-04-27T15:16:33.794662+02:00,0.04887527139295247,0.23671842341778765,0.06485174529391693,-2.893138483988304,1.4933182927953996,-1.37535003249736,1.3766151727467455,-0.46258161983760326,-0.6673640689154015,-0.059732597137747145,-0.5155101983193684,-0.08581027053180312,50.0,51.0,51.0,41.0,43.0,26.0,29.0,28.0,53.0,99.33,3975442432,1583681536,1477640192,10.2,9.51,9.46,25297891328,9720369152
2026-04-27T15:16:33.847454+02:00,0.04887527139295247,0.23671842341778765,0.06485174529391693,-2.893138483988304,1.4933182927953996,-1.37535003249736,1.3766151727467455,-0.45652183667467894,-0.6673640689154015,-0.056664635561975985,-0.5201121406830254,-0.08734425131968848,50.0,51.0,51.0,41.0,43.0,26.0,29.0,28.0,53.0,99.33,3975442432,1583681536,1477640192,10.2,9.51,9.46,25297891328,9720369152
2026-04-27T15:16:33.897817+02:00,0.048597678812277535,0.23733642167386063,0.07787315698152962,-2.9084455985609114,1.493023514568223,-1.3942806067440392,1.3766151727467455,-0.4504620535117546,-0.6673640689154015,-0.056664635561975985,-0.5247140830466823,-0.08887823210757428,50.0,51.0,51.0,41.0,43.0,26.0,29.0,28.0,53.0,99.33,3975442432,1583681536,1477640192,10.2,9.51,9.46,25297891328,9720369152
2026-04-27T15:16:33.949405+02:00,0.048597678812277535,0.23733642167386063,0.07787315698152962,-2.9084455985609114,1.493023514568223,-1.3942806067440392,1.3766151727467455,-0.4504620535117546,-0.6673640689154015,-0.056664635561975985,-0.5247140830466823,-0.08887823210757428,50.0,51.0,51.0,41.0,43.0,26.0,29.0,28.0,53.0,99.33,3975442432,1583681536,1477640192,10.2,9.51,9.46,25297891328,9720369152
2026-04-27T15:16:34.000397+02:00,0.048597678812277535,0.23733642167386063,0.07787315698152962,-2.9084455985609114,1.493023514568223,-1.3942806067440392,1.3766151727467455,-0.41561830032493974,-0.6673640689154015,-0.05359667398620438,-0.5492577756528525,-0.09194619368334545,50.0,51.0,51.0,41.0,43.0,26.0,29.0,28.0,53.0,99.33,3975442432,1583681536,1477640192,10.2,9.51,9.46,25297891328,9720369152
2026-04-27T15:16:34.055040+02:00,0.048802818602548655,0.23829115939556914,0.08769655893460804,-2.84863332471232,1.5038744293255963,-1.333496087589239,1.3766151727467455,-0.40652862558055325,-0.6673640689154015,-0.05206269319831902,-0.5523257372286237,-0.09194619368334545,50.0,51.0,51.0,41.0,43.0,26.0,29.0,28.0,53.0,99.33,3975442432,1583681536,1477640192,10.2,9.51,9.46,25297891328,9720369152
2026-04-27T15:16:34.109929+02:00,0.048802818602548655,0.23829115939556914,0.08769655893460804,-2.84863332471232,1.5038744293255963,-1.333496087589239,1.3781370998544848,-0.39743895083616676,-0.6673640689154015,-0.05052871241043322,-0.5615296219559376,-0.09194619368334545,50.0,51.0,51.0,41.0,43.0,26.0,29.0,28.0,53.0,99.33,3975442432,1583681536,1477640192,10.2,9.51,9.46,25297891328,9720369152
2026-04-27T15:16:34.163437+02:00,0.048802818602548655,0.23829115939556914,0.08769655893460804,-2.84863332471232,1.5038744293255963,-1.333496087589239,1.3781370998544848,-0.39137916767324266,-0.6673640689154015,-0.04746075083466206,-0.5676655451074799,-0.09194619368334545,50.0,51.0,51.0,41.0,43.0,26.0,29.0,28.0,53.0,99.33,3975442432,1583681536,1477640192,10.2,9.51,9.46,25297891328,9720369152
2026-04-27T15:16:34.218478+02:00,0.048802818602548655,0.23829115939556914,0.08769655893460804,-2.84863332471232,1.5038744293255963,-1.333496087589239,1.3781370998544848,-0.3883492760917804,-0.6673640689154015,-0.04746075083466206,-0.5691995258953657,-0.09194619368334545,50.0,51.0,51.0,41.0,43.0,26.0,29.0,28.0,53.0,99.33,3975442432,1583681536,1477640192,10.2,9.51,9.46,25297891328,9720369152
2026-04-27T15:16:34.268997+02:00,0.04846832315490683,0.23894883016289015,0.09534353245055548,-2.793002665364658,1.5137354603422752,-1.2810112985360076,1.3781370998544848,-0.3792596013473939,-0.6673640689154015,-0.04746075083466206,-0.5753354490469085,-0.09348017447123125,50.0,51.0,51.0,41.0,43.0,26.0,29.0,28.0,53.0,99.33,3975442432,1583681536,1477640192,10.2,9.51,9.46,25297891328,9720369152
2026-04-27T15:16:34.319207+02:00,0.04846832315490683,0.23894883016289015,0.09534353245055548,-2.793002665364658,1.5137354603422752,-1.2810112985360076,1.3781370998544848,-0.37622970976593173,-0.6673640689154015,-0.04746075083466206,-0.5753354490469085,-0.09348017447123125,50.0,51.0,51.0,41.0,43.0,26.0,29.0,28.0,53.0,99.33,3975442432,1583681536,1477640192,10.2,9.51,9.46,25297891328,9720369152
2026-04-27T15:16:34.372281+02:00,0.04846832315490683,0.23894883016289015,0.09534353245055548,-2.793002665364658,1.5137354603422752,-1.2810112985360076,1.3781370998544848,-0.37622970976593173,-0.6673640689154015,-0.04746075083466206,-0.5753354490469085,-0.09348017447123125,50.0,51.0,51.0,41.0,43.0,26.0,29.0,28.0,53.0,99.33,3975442432,1583681536,1477640192,10.2,9.51,9.46,25297891328,9720369152
2026-04-27T15:16:34.422308+02:00,0.04846832315490683,0.23894883016289015,0.09534353245055548,-2.793002665364658,1.5137354603422752,-1.2810112985360076,1.3781370998544848,-0.37622970976593173,-0.6673640689154015,-0.04746075083466206,-0.5753354490469085,-0.09348017447123125,50.0,51.0,51.0,41.0,43.0,26.0,29.0,28.0,53.0,99.33,3975442432,1583681536,1477640192,10.2,9.51,9.46,25297891328,9720369152
2026-04-27T15:16:34.476781+02:00,0.048456061511860014,0.239097944021087,0.0971661623566,-2.7784543858674504,1.516633899101894,-1.2663933798657856,1.3781370998544848,-0.37622970976593173,-0.6673640689154015,-0.04746075083466206,-0.5753354490469085,-0.09348017447123125,50.0,51.0,51.0,41.0,43.0,26.0,29.0,28.0,53.0,99.33,3975442432,1583681536,1477640192,10.2,9.51,9.46,25297891328,9720369152
2026-04-27T15:16:34.529187+02:00,0.048456061511860014,0.239097944021087,0.0971661623566,-2.7784543858674504,1.516633899101894,-1.2663933798657856,1.3781370998544848,-0.37622970976593173,-0.6673640689154015,-0.04746075083466206,-0.5753354490469085,-0.09348017447123125,50.0,51.0,51.0,41.0,43.0,26.0,29.0,28.0,53.0,99.33,3975442432,1583681536,1477640192,10.2,9.51,9.46,25297891328,9720369152
2026-04-27T15:16:34.579617+02:00,0.048456061511860014,0.239097944021087,0.0971661623566,-2.7784543858674504,1.516633899101894,-1.2663933798657856,1.3781370998544848,-0.37622970976593173,-0.6673640689154015,-0.04746075083466206,-0.5753354490469085,-0.09348017447123125,50.0,51.0,51.0,41.0,43.0,26.0,29.0,28.0,53.0,99.33,3975442432,1583681536,1477640192,10.2,9.51,9.46,25297891328,9720369152
2026-04-27T15:16:34.632310+02:00,0.048456061511860014,0.239097944021087,0.0971661623566,-2.7784543858674504,1.516633899101894,-1.2663933798657856,1.3781370998544848,-0.37622970976593173,-0.6673640689154015,-0.04746075083466206,-0.5753354490469085,-0.09348017447123125,50.0,51.0,51.0,41.0,43.0,26.0,29.0,28.0,53.0,99.33,3975442432,1583681536,1477640192,10.2,9.51,9.46,25297891328,9720369152
2026-04-27T15:16:34.682413+02:00,0.048456061511860014,0.239097944021087,0.0971661623566,-2.7784543858674504,1.516633899101894,-1.2663933798657856,1.3781370998544848,-0.37622970976593173,-0.6673640689154015,-0.04746075083466206,-0.5753354490469085,-0.09348017447123125,50.0,51.0,51.0,41.0,43.0,26.0,29.0,28.0,53.0,99.33,3975442432,1583681536,1477640192,10.2,9.51,9.46,25297891328,9720369152
2026-04-27T15:16:34.737429+02:00,0.048456061511860014,0.239097944021087,0.0971661623566,-2.7784543858674504,1.516633899101894,-1.2663933798657856,1.3781370998544848,-0.37622970976593173,-0.6673640689154015,-0.04746075083466206,-0.5753354490469085,-0.09348017447123125,50.0,51.0,51.0,41.0,43.0,26.0,29.0,28.0,53.0,99.33,3975442432,1583681536,1477640192,10.2,9.51,9.46,25297891328,9720369152
2026-04-27T15:16:34.788284+02:00,0.048456061511860014,0.239097944021087,0.0971661623566,-2.7784543858674504,1.516633899101894,-1.2663933798657856,1.3613959016693546,-0.3792596013473939,-0.6537295567988217,-0.0443927892588909,-0.5891412761378789,-0.0750724050166034,50.0,51.0,51.0,41.0,43.0,26.0,29.0,28.0,53.0,99.33,3975442432,1583681536,1477640192,10.2,9.51,9.46,25297891328,9720369152
2026-04-27T15:16:34.843290+02:00,0.052864234057932474,0.24052686227642545,0.09842940111094761,-2.802624644656677,1.5142604796414258,-1.3286123505760652,1.3507424119151819,-0.380774547138125,-0.6461548278451663,-0.04132482768311929,-0.596811180077307,-0.06433453950140411,50.0,51.0,51.0,41.0,43.0,26.0,29.0,28.0,53.0,99.33,3975442432,1583681536,1477640192,10.2,9.51,9.46,25297891328,9720369152
2026-04-27T15:16:34.897671+02:00,0.052864234057932474,0.24052686227642545,0.09842940111094761,-2.802624644656677,1.5142604796414258,-1.3286123505760652,1.3385669950532688,-0.38228949292885606,-0.638580098891511,-0.04132482768311929,-0.5998791416530787,-0.05513065477409018,50.0,51.0,51.0,41.0,43.0,26.0,29.0,28.0,53.0,99.35,3975442432,1590108160,1471205376,10.2,9.51,9.46,25297891328,9720389632
2026-04-27T15:16:34.951429+02:00,0.052864234057932474,0.24052686227642545,0.09842940111094761,-2.802624644656677,1.5142604796414258,-1.3286123505760652,1.3294354324068345,-0.38380443871958714,-0.6325203157285867,-0.03979084689523393,-0.6090830263803926,-0.05052871241043322,50.0,51.0,51.0,41.0,43.0,26.0,29.0,28.0,53.0,99.35,3975442432,1590108160,1471205376,10.2,9.51,9.46,25297891328,9720389632
2026-04-27T15:16:35.004368+02:00,0.052864234057932474,0.24052686227642545,0.09842940111094761,-2.802624644656677,1.5142604796414258,-1.3286123505760652,1.308128452898488,-0.3883492760917804,-0.6158559120305448,-0.030586962167920007,-0.6412966229259909,-0.006043269561749831,50.0,51.0,51.0,41.0,43.0,26.0,29.0,28.0,53.0,99.35,3975442432,1590108160,1471205376,10.2,9.51,9.46,25297891328,9720389632
2026-04-27T15:16:35.058305+02:00,0.06652423496599681,0.2424229082332699,0.10181849558492487,-2.931709172487293,1.4941048044157457,-1.5923430454488368,1.3020407444675315,-0.38986422188251146,-0.6113110746583515,-0.027519000592148846,-0.6474325460775336,0.0016266343776782932,50.0,51.0,51.0,41.0,43.0,26.0,29.0,28.0,53.0,99.35,3975442432,1590108160,1471205376,10.2,9.51,9.46,25297891328,9720389632
2026-04-27T15:16:35.111000+02:00,0.06652423496599681,0.2424229082332699,0.10181849558492487,-2.931709172487293,1.4941048044157457,-1.5923430454488368,1.280733764959185,-0.3944090592547048,-0.5946466709603098,-0.025985019804263043,-0.6627723539563899,0.012364499892878023,50.0,51.0,51.0,41.0,43.0,26.0,29.0,28.0,53.0,99.35,3975442432,1590108160,1471205376,10.2,9.51,9.46,25297891328,9720389632
2026-04-27T15:16:35.163349+02:00,0.06652423496599681,0.2424229082332699,0.10181849558492487,-2.931709172487293,1.4941048044157457,-1.5923430454488368,1.2579048583430992,-0.39743895083616676,-0.5779822672622679,-0.02138307744060608,-0.6796461426231319,0.043044115650590964,50.0,51.0,51.0,41.0,43.0,26.0,29.0,28.0,52.0,99.35,3975442432,1590108160,1471205376,10.2,9.51,9.46,25297891328,9720389632
2026-04-27T15:16:35.216785+02:00,0.06652423496599681,0.2424229082332699,0.10181849558492487,-2.931709172487293,1.4941048044157457,-1.5923430454488368,1.2168128264341447,-0.4034987339990911,-0.5476833514476463,-0.010645211925406795,-0.7103257583808449,0.08446159692350319,50.0,51.0,51.0,41.0,43.0,26.0,29.0,28.0,52.0,99.35,3975442432,1590108160,1471205376,10.2,9.51,9.46,25297891328,9720389632
2026-04-27T15:16:35.268252+02:00,0.09143429546129682,0.24597033256076994,0.10870550539635868,-2.989014122671607,1.4798482654053258,-1.8482771462693985,1.198549701141276,-0.40804357137128433,-0.5340488393310666,-0.009111231137520992,-0.7348694509870151,0.1028693663781306,50.0,51.0,51.0,41.0,43.0,26.0,29.0,28.0,52.0,99.35,3975442432,1590108160,1471205376,10.2,9.51,9.46,25297891328,9720389632
2026-04-27T15:16:35.318806+02:00,0.09143429546129682,0.24597033256076994,0.10870550539635868,-2.989014122671607,1.4798482654053258,-1.8482771462693985,1.1772427216329295,-0.4110734629527465,-0.5173844356330247,-0.004509288773864029,-0.7456073165022143,0.12587907819641542,50.0,51.0,51.0,41.0,43.0,26.0,29.0,28.0,52.0,99.35,3975442432,1590108160,1471205376,10.2,9.51,9.46,25297891328,9720389632
2026-04-27T15:16:35.373199+02:00,0.09143429546129682,0.24597033256076994,0.10870550539635868,-2.989014122671607,1.4798482654053258,-1.8482771462693985,1.1407164710471922,-0.4171332461156708,-0.49011541139986536,0.006228576741335257,-0.78242285541147,0.17496646340875577,50.0,51.0,51.0,41.0,43.0,26.0,29.0,28.0,52.0,99.35,3975442432,1590108160,1471205376,10.2,9.51,9.46,25297891328,9720389632
2026-04-27T15:16:35.427823+02:00,0.12078190995560312,0.24440979231497387,0.11708452899629963,-3.012108561329149,1.4374959484598469,-2.117282690946388,1.0965805849227594,-0.42319302927859515,-0.45981649558524373,0.018500423044420344,-0.8253743174722676,0.21484996389378264,50.0,51.0,51.0,41.0,43.0,26.0,29.0,28.0,52.0,99.35,3975442432,1590108160,1471205376,10.2,9.51,9.46,25297891328,9720389632
2026-04-27T15:16:35.478895+02:00,0.12078190995560312,0.24440979231497387,0.11708452899629963,-3.012108561329149,1.4374959484598469,-2.117282690946388,1.0859270951685862,-0.4262229208600573,-0.45072682084085736,0.02156838462019195,-0.8330442214116962,0.23785967571206745,50.0,51.0,51.0,41.0,43.0,26.0,29.0,28.0,52.0,99.35,3975442432,1590108160,1471205376,10.2,9.51,9.46,25297891328,9720389632
2026-04-27T15:16:35.529261+02:00,0.12078190995560312,0.24440979231497387,0.11708452899629963,-3.012108561329149,1.4374959484598469,-2.117282690946388,1.0433131361518924,-0.43228270402298163,-0.4204279050262357,0.029238288559620074,-0.8606558755936375,0.2762091954092081,50.0,51.0,51.0,41.0,43.0,26.0,29.0,28.0,52.0,99.35,3975442432,1590108160,1471205376,10.2,9.51,9.46,25297891328,9720389632
2026-04-27T15:16:35.580298+02:00,0.12078190995560312,0.24440979231497387,0.11708452899629963,-3.012108561329149,1.4374959484598469,-2.117282690946388,1.0220061566435459,-0.4353125956044438,-0.4052784471189249,0.030772269347505876,-0.874461702684608,0.2930829840759501,50.0,51.0,51.0,41.0,43.0,26.0,29.0,28.0,52.0,99.35,3975442432,1590108160,1471205376,10.2,9.51,9.46,25297891328,9720389632
2026-04-27T15:16:35.633066+02:00,0.12078190995560312,0.24440979231497387,0.11708452899629963,-3.012108561329149,1.4374959484598469,-2.117282690946388,1.0037430313506772,-0.4368275413951749,-0.39315888079307637,0.032306250135391235,-0.8805976258361512,0.30228686880326405,50.0,51.0,51.0,41.0,43.0,26.0,29.0,28.0,52.0,99.35,3975442432,1590108160,1471205376,10.2,9.51,9.46,25297891328,9720389632
2026-04-27T15:16:35.687846+02:00,0.1539155638237804,0.23993146969834517,0.1268811673242038,-2.991502454897986,1.4195356702645647,-2.3325743727987804,0.9930895415965035,-0.43985743297663704,-0.38558415183942096,0.035374211711162395,-0.8944034529271216,0.31762667668212075,50.0,51.0,51.0,41.0,43.0,26.0,29.0,28.0,52.0,99.35,3975442432,1590108160,1471205376,10.2,9.51,9.46,25297891328,9720389632
2026-04-27T15:16:35.739380+02:00,0.1539155638237804,0.23993146969834517,0.1268811673242038,-2.991502454897986,1.4195356702645647,-2.3325743727987804,0.9930895415965035,-0.43985743297663704,-0.38558415183942096,0.035374211711162395,-0.8944034529271216,0.31762667668212075,50.0,51.0,51.0,41.0,43.0,26.0,29.0,28.0,52.0,99.35,3975442432,1590108160,1471205376,10.2,9.51,9.46,25297891328,9720389632
2026-04-27T15:16:35.794539+02:00,0.1539155638237804,0.23993146969834517,0.1268811673242038,-2.991502454897986,1.4195356702645647,-2.3325743727987804,0.9078616235631167,-0.44894710772102353,-0.3280162117916401,0.049180038802133286,-0.943490838139462,0.380519888985432,50.0,51.0,51.0,41.0,43.0,26.0,29.0,28.0,52.0,99.35,3975442432,1590108160,1471205376,10.2,9.51,9.46,25297891328,9720389632
2026-04-27T15:16:35.849346+02:00,0.1539155638237804,0.23993146969834517,0.1268811673242038,-2.991502454897986,1.4195356702645647,-2.3325743727987804,0.8850327169470309,-0.4519769993024857,-0.3128667538843293,0.05224800037790445,-0.9496267612910043,0.39125775450063127,50.0,51.0,51.0,41.0,43.0,26.0,29.0,28.0,52.0,90.21,3975442432,1590665216,1470590976,10.2,9.51,9.46,25297891328,9720393728
2026-04-27T15:16:35.904416+02:00,0.17846046013081693,0.23350269379449556,0.13500733201353443,-2.991226585695563,1.4165275597399725,-2.4957405765444696,0.8652476645464229,-0.4534919450932168,-0.3022621333492117,0.05224800037790445,-0.9618986075940898,0.40506358159160216,50.0,51.0,51.0,41.0,43.0,26.0,29.0,28.0,52.0,90.21,3975442432,1590665216,1470590976,10.2,9.51,9.46,25297891328,9720393728
2026-04-27T15:16:35.958358+02:00,0.17846046013081693,0.23350269379449556,0.13500733201353443,-2.991226585695563,1.4165275597399725,-2.4957405765444696,0.8500283934690325,-0.4534919450932168,-0.29165751281409413,0.05531596195367605,-0.9665005499577464,0.4096655239552591,50.0,51.0,51.0,41.0,43.0,26.0,29.0,28.0,52.0,90.21,3975442432,1590665216,1470590976,10.2,9.51,9.46,25297891328,9720393728
2026-04-27T15:16:36.010647+02:00,0.17846046013081693,0.23350269379449556,0.13500733201353443,-2.991226585695563,1.4165275597399725,-2.4957405765444696,0.8393749037148592,-0.45500689088394786,-0.2871126754419009,0.05531596195367605,-0.969568511533518,0.41886940868257305,50.0,51.0,51.0,41.0,43.0,26.0,29.0,28.0,52.0,90.21,3975442432,1590665216,1470590976,10.2,9.51,9.46,25297891328,9720393728
2026-04-27T15:16:36.064109+02:00,0.1981788276594022,0.22606294141736774,0.14106690987869874,-3.003938481128443,1.4234320731798658,-2.6179469092762306,0.8256775597452077,-0.45652183667467894,-0.28105289227897656,0.05684994274156141,-0.9741704538971754,0.4250053318341154,50.0,51.0,51.0,41.0,43.0,26.0,29.0,28.0,52.0,90.21,3975442432,1590665216,1470590976,10.2,9.51,9.46,25297891328,9720393728
